pitcher_id,pitch_type,n_pitches,velo,ivb,hb,extension,release_height,release_side,spin_rate,spin_axis_sin,spin_axis_cos,throws,usage_pct,year,pitcher_name,level
434378,CH,31,83.2290322580645,8.136774193548387,-12.948387096774193,5.82258064516129,6.910322580645161,-1.9864516129032257,1722.1935483870968,-0.7875254838027614,-0.6034315743245334,R,0.13304721030042918,2026,Justin Verlander,MLB
434378,CU,36,78.48888888888888,-10.693333333333333,6.633333333333334,5.763888888888889,6.977222222222222,-1.8427777777777778,2749.0555555555557,0.6611037706427414,0.6953552875778541,R,0.15450643776824036,2026,Justin Verlander,MLB
434378,FF,108,92.84722222222223,17.247777777777777,-9.17888888888889,5.818518518518518,7.0125925925925925,-1.7137037037037037,2356.5185185185187,-0.5244466171941521,-0.843875112464355,R,0.463519313304721,2026,Justin Verlander,MLB
434378,SL,58,87.2344827586207,5.993793103448276,2.3689655172413793,5.817241379310344,7.025344827586207,-1.7367241379310345,2408.2586206896553,-0.026300033779450206,-0.9347389065848455,R,0.24892703862660945,2026,Justin Verlander,MLB
445276,FC,600,92.5155,16.4902,4.97,6.9355,6.37615,-1.7669000000000001,2660.335,0.0654292664133408,-0.9881205434486404,R,0.8275862068965517,2026,Kenley Jansen,MLB
445276,SI,49,93.88979591836735,19.322448979591837,-6.347755102040817,6.997959183673469,6.487551020408163,-1.33,2360.7551020408164,-0.15585163109174507,-0.9822868130402633,R,0.06758620689655172,2026,Kenley Jansen,MLB
445276,SL,76,84.48552631578947,-2.9842105263157896,5.11578947368421,6.8236842105263165,6.403157894736842,-1.8107894736842105,2515.3947368421054,0.95410480730151,0.1587673039631222,R,0.10482758620689656,2026,Kenley Jansen,MLB
453286,CH,240,83.89291666666666,4.118,-14.263499999999999,6.471666666666667,5.453291666666667,-3.196458333333333,1363.4333333333334,-0.911508538468836,-0.4044390237679378,R,0.15645371577574968,2026,Max Scherzer,MLB
453286,CU,220,74.43545454545455,-7.368545454545454,13.124727272727274,6.280454545454545,5.795545454545454,-2.975772727272727,2707.1,0.8397927115004643,0.5374096997046965,R,0.14341590612777053,2026,Max Scherzer,MLB
453286,FC,83,87.70120481927711,7.695903614457831,3.2501204819277105,6.219277108433736,5.486506024096386,-3.1825301204819274,2563.2048192771085,-0.06490977798664953,-0.9538666140169706,R,0.05410691003911343,2026,Max Scherzer,MLB
453286,FF,730,92.96561643835615,16.37868493150685,-8.947232876712329,6.196438356164383,5.656095890410959,-3.0788082191780823,2336.854794520548,-0.6262720378802032,-0.7764311699093253,R,0.4758800521512386,2026,Max Scherzer,MLB
453286,SL,261,85.30574712643678,3.3264367816091958,3.5475862068965514,6.162835249042145,5.518965517241379,-3.2082375478927205,2429.5019157088122,0.38584945518254865,-0.6322020905116159,R,0.17014341590612778,2026,Max Scherzer,MLB
455119,CU,14,83.86428571428571,-6.154285714285714,3.6514285714285717,6.492857142857143,6.227142857142858,-2.5949999999999998,2485.714285714286,0.7488630475547131,0.6527082583689773,R,0.05263157894736842,2026,Chris Martin,MLB
455119,FC,111,91.38468468468469,8.455135135135135,2.077837837837838,6.4324324324324325,6.254504504504505,-2.8092792792792793,2249.6306306306305,-0.22000054246715647,-0.9622113551437083,R,0.41729323308270677,2026,Chris Martin,MLB
455119,FF,71,94.52394366197183,15.780845070422536,-9.021971830985917,6.494366197183099,6.3112676056338035,-2.5690140845070424,2193.7323943661972,-0.5437503345375231,-0.836838404772594,R,0.2669172932330827,2026,Chris Martin,MLB
455119,FS,27,87.78148148148148,3.7066666666666666,-11.631111111111112,6.62962962962963,6.167407407407408,-2.8355555555555556,1520.1851851851852,-0.719768246701745,-0.6897221507046657,R,0.10150375939849623,2026,Chris Martin,MLB
455119,SI,30,93.93,10.408,-15.008000000000001,6.6033333333333335,6.087000000000001,-2.877666666666667,2135.6,-0.5486919427454954,-0.8320875815205346,R,0.11278195488721804,2026,Chris Martin,MLB
455119,ST,13,84.12307692307692,-4.070769230769231,14.27076923076923,6.392307692307692,6.085384615384616,-3.0492307692307694,2565.230769230769,0.6300979736268117,0.767755899452686,R,0.04887218045112782,2026,Chris Martin,MLB
471911,CH,76,85.72894736842105,2.404736842105263,-7.919999999999999,6.811842105263159,5.7231578947368416,-2.3219736842105263,1339.8026315789473,-0.7867362331873737,-0.6016802533275213,R,0.3089430894308943,2026,Carlos Carrasco,MLB
471911,FC,38,89.47368421052632,9.757894736842106,0.5494736842105263,6.786842105263157,5.741315789473684,-2.2560526315789473,2378.184210526316,-0.4611574670080852,-0.8726042043561351,R,0.15447154471544716,2026,Carlos Carrasco,MLB
471911,FF,31,91.76129032258065,13.033548387096776,-3.7316129032258067,6.767741935483872,5.824516129032258,-2.204516129032258,2281.7419354838707,-0.624876192929576,-0.7753038346890005,R,0.12601626016260162,2026,Carlos Carrasco,MLB
471911,SI,67,90.82089552238806,5.335522388059702,-12.865074626865672,6.776119402985074,5.740746268656716,-2.2459701492537314,2173.0746268656717,-0.6747050294294796,-0.7313128641340588,R,0.27235772357723576,2026,Carlos Carrasco,MLB
471911,SL,34,86.23235294117647,6.5188235294117645,1.8352941176470587,6.847058823529412,5.728823529411764,-2.2641176470588236,2412.0588235294117,-0.2392831555240603,-0.9234510817701479,R,0.13821138211382114,2026,Carlos Carrasco,MLB
472610,FS,83,87.6144578313253,4.160963855421687,-10.769638554216867,6.5843373493975905,6.321807228915663,-1.7801204819277108,1430.313253012048,-0.6929002430385566,-0.7160123594348964,R,0.3192307692307692,2026,Luis García,MLB
472610,SI,124,94.95725806451614,11.21516129032258,-15.384193548387097,6.563709677419355,6.319516129032258,-1.7730645161290324,2184.2419354838707,-0.5329213914950682,-0.8419698796709612,R,0.47692307692307695,2026,Luis García,MLB
472610,ST,53,81.81320754716982,2.4815094339622643,11.438490566037736,6.528301886792453,6.127924528301886,-2.0564150943396227,2414.3207547169814,0.9425302779401776,0.31197186821094525,R,0.20384615384615384,2026,Luis García,MLB
476594,CH,48,80.91666666666667,5.3225,-14.037500000000001,6.29375,4.947291666666667,-4.106875,1579.2291666666667,-0.9743925149122137,0.20819650836061324,R,0.08711433756805807,2026,Robert Stock,MLB
476594,FC,176,91.10113636363636,8.243863636363637,-0.8065909090909091,6.20625,4.952102272727273,-4.118579545454545,2391.278409090909,-0.7567500838846399,-0.6146957344510037,R,0.3194192377495463,2026,Robert Stock,MLB
476594,FF,134,95.77089552238806,10.822388059701494,-12.472835820895522,6.261940298507463,4.875,-4.266641791044776,2285.5522388059703,-0.8992847997911013,-0.43033109704243516,R,0.24319419237749546,2026,Robert Stock,MLB
476594,SI,125,94.1168,2.14368,-16.645439999999997,6.2328,4.87368,-4.17696,2192.96,-0.8932597404099915,-0.4398171287839179,R,0.22686025408348456,2026,Robert Stock,MLB
476594,ST,68,80.91029411764706,4.565294117647059,16.459411764705884,6.261764705882353,4.602205882352941,-4.224117647058824,2500.176470588235,0.9472753118254618,0.3017333120273479,R,0.12341197822141561,2026,Robert Stock,MLB
489446,FF,477,90.79224318658281,13.265157232704404,-14.391949685534591,6.039832285115304,5.102473794549266,-2.370691823899371,2317.8909853249475,-0.7945285956824151,-0.5837711797862517,R,0.6570247933884298,2026,Kirby Yates,MLB
489446,FS,236,84.37966101694914,-1.3347457627118644,-11.402033898305085,6.134745762711864,5.110338983050847,-2.3760593220338984,1244.0805084745762,-0.9896819647464443,-0.09356469047218466,R,0.325068870523416,2026,Kirby Yates,MLB
489446,ST,13,74.84615384615384,-1.9846153846153847,12.756923076923076,6.084615384615384,5.144615384615384,-2.3607692307692307,2413.6923076923076,0.8479680580685763,0.5140625561392678,R,0.01790633608815427,2026,Kirby Yates,MLB
500743,EP,43,47.188372093023254,16.995348837209303,-4.068837209302326,4.620930232558139,6.619302325581395,-1.5044186046511627,1296.3255813953488,-0.5454326967061378,-0.825804555630424,R,1.0,2026,Miguel Rojas,MLB
500779,CH,165,85.00787878787878,4.658909090909091,-13.262545454545455,6.406060606060606,5.760969696969696,-2.497757575757576,1354.460606060606,0.8256510391601062,-0.5594453303048256,L,0.20220588235294118,2026,Jose Quintana,MLB
500779,CU,126,78.86984126984127,-5.010476190476191,4.174285714285714,6.352380952380952,5.78468253968254,-2.4642857142857144,2207.1507936507937,-0.8626715132864458,0.49327942400717334,L,0.15441176470588236,2026,Jose Quintana,MLB
500779,FF,231,89.6835497835498,14.502337662337663,-3.7184415584415587,6.496969696969697,5.774199134199134,-2.4285281385281388,2134.5281385281387,0.4551101552616869,-0.8831858202490662,L,0.28308823529411764,2026,Jose Quintana,MLB
500779,SI,165,89.72666666666666,11.469090909090909,-12.810909090909092,6.4751515151515155,5.750424242424243,-2.486666666666667,2127.539393939394,0.5012699453577683,-0.8558286250902623,L,0.20220588235294118,2026,Jose Quintana,MLB
500779,SV,129,80.03488372093024,0.46511627906976744,6.310697674418605,6.382945736434109,5.7082945736434105,-2.556124031007752,2265.6434108527133,-0.9454529551857845,0.2636130109262881,L,0.15808823529411764,2026,Jose Quintana,MLB
518585,FF,301,93.16112956810632,17.124119601328903,-5.356943521594685,6.866445182724253,5.913222591362127,-2.0822259136212624,2240.65780730897,-0.4937220236324931,-0.866588009118005,R,0.31751054852320676,2026,Fernando Cruz,MLB
518585,FS,488,79.99672131147541,1.4707377049180328,-4.195327868852459,6.924180327868853,6.059159836065573,-1.8101229508196721,722.4016393442623,-0.7720619060801012,-0.4353199530727871,R,0.5147679324894515,2026,Fernando Cruz,MLB
518585,SI,28,92.60714285714286,13.491428571428571,-13.564285714285715,6.914285714285714,5.957142857142857,-1.9942857142857142,2079.6785714285716,-0.4489943822429823,-0.892161193693706,R,0.029535864978902954,2026,Fernando Cruz,MLB
518585,ST,131,82.1763358778626,4.199083969465649,12.724580152671756,6.789312977099237,5.81557251908397,-2.2289312977099236,2562.687022900763,0.9441477135038241,0.24152843672780105,R,0.13818565400843882,2026,Fernando Cruz,MLB
518876,CH,740,88.47472972972973,0.11432432432432434,-14.831027027027027,6.13027027027027,5.454310810810811,-1.8504189189189189,2164.158108108108,-0.8986677350158945,-0.43039176207939195,R,0.2773613193403298,2026,Merrill Kelly,MLB
518876,CU,303,82.50957095709572,-8.616237623762375,7.52,6.064356435643564,5.603201320132013,-1.8620132013201323,2576.089108910891,0.8386212266550287,0.5294098120094066,R,0.11356821589205397,2026,Merrill Kelly,MLB
518876,FC,367,90.96321525885558,12.481307901907359,-3.9802724795640327,6.086648501362398,5.351961852861035,-1.89425068119891,2367.207084468665,-0.658997268350866,-0.7464564300673164,R,0.13755622188905547,2026,Merrill Kelly,MLB
518876,FF,741,92.1246963562753,14.449554655870447,-9.461214574898786,6.110796221322538,5.344979757085021,-1.8632118758434548,2363.5263157894738,-0.7526760325198705,-0.6525509543828307,R,0.27773613193403296,2026,Merrill Kelly,MLB
518876,SI,249,92.35863453815261,6.482409638554216,-16.544578313253012,6.148192771084338,5.349799196787148,-1.8026907630522089,2239.248995983936,-0.763299685612956,-0.6425298631842461,R,0.09332833583208396,2026,Merrill Kelly,MLB
518876,SL,268,86.28582089552238,3.7813432835820895,1.8367164179104478,6.148507462686567,5.431529850746269,-1.8155597014925373,2317.981343283582,0.18489622872631784,-0.8447369276221878,R,0.10044977511244378,2026,Merrill Kelly,MLB
518886,CH,24,88.53750000000001,2.555,-16.455000000000002,6.704166666666667,4.7612499999999995,-3.2229166666666664,1629.75,-0.9236802767819102,-0.37865820110799553,R,0.030927835051546393,2026,Craig Kimbrel,MLB
518886,FF,508,93.61653543307087,14.959606299212599,-11.677086614173229,6.751968503937008,4.708169291338582,-3.1706102362204724,2275.029527559055,-0.7259192184698605,-0.6835490373630132,R,0.654639175257732,2026,Craig Kimbrel,MLB
518886,KC,75,84.20400000000001,-7.504,11.0016,6.6,4.9316,-3.0852000000000004,2585.4933333333333,0.8364790455578645,0.5399380327698023,R,0.09664948453608248,2026,Craig Kimbrel,MLB
518886,SI,62,93.8225806451613,9.468387096774192,-17.15032258064516,6.788709677419354,4.751612903225807,-3.216290322580645,2092.7741935483873,-0.7122323411339004,-0.6674111906079532,R,0.07989690721649484,2026,Craig Kimbrel,MLB
518886,ST,107,85.6373831775701,0.22654205607476635,13.219065420560748,6.649532710280374,4.772056074766355,-3.172523364485981,2591.233644859813,0.8552134482087308,0.4860169108678088,R,0.13788659793814434,2026,Craig Kimbrel,MLB
519141,FF,357,92.15266106442577,18.593949579831932,-3.484033613445378,5.796638655462185,6.071064425770308,-2.030420168067227,2583.450980392157,0.383657730411487,-0.907038679337443,L,0.7315573770491803,2026,Drew Pomeranz,MLB
519141,KC,131,84.31526717557252,-9.564274809160306,4.041526717557252,5.7236641221374045,6.061297709923664,-2.0484732824427483,2244.641221374046,-0.4713713693246343,0.8662832090491561,L,0.26844262295081966,2026,Drew Pomeranz,MLB
519242,CH,291,88.44398625429554,-0.24247422680412373,-16.296082474226804,6.665172413793104,4.626666666666666,-3.0452233676975946,1854.0,0.9911115610562143,-0.10726383319858242,L,0.10482708933717579,2026,Chris Sale,MLB
519242,FF,1131,96.12926613616268,9.874376657824934,-14.524244031830237,6.6177876106194695,4.947966401414677,-2.9758267020335984,2346.5773011617516,0.9184732471904603,-0.38413401815345205,L,0.4074207492795389,2026,Chris Sale,MLB
519242,SI,231,95.51298701298701,2.551168831168831,-17.99168831168831,6.63939393939394,4.798744588744588,-3.007922077922078,2206.870535714286,0.9239615598454289,-0.37690509341670353,L,0.08321325648414986,2026,Chris Sale,MLB
519242,SL,1123,79.66357969723954,-4.193695458593055,12.600961709706144,6.41406945681211,4.811674087266251,-2.974719501335708,2524.835874439462,-0.8022645208405174,0.5916111136200026,L,0.40453890489913547,2026,Chris Sale,MLB
527048,CH,696,81.68204022988505,8.317586206896552,-14.557413793103446,6.077011494252874,5.533764367816092,-1.2523563218390805,1635.896551724138,0.8363755026563146,-0.5443179714591568,L,0.31016042780748665,2026,Martín Pérez,MLB
527048,CU,162,76.72901234567901,-3.8118518518518516,4.999259259259259,5.9753086419753085,5.752098765432099,-1.1439506172839506,2412.9691358024693,-0.8502387225454633,0.49739359879939943,L,0.07219251336898395,2026,Martín Pérez,MLB
527048,FC,494,84.96417004048584,8.717004048582995,1.4210526315789473,6.020647773279352,5.553582995951417,-1.2742712550607287,2241.769230769231,0.35721538822784216,-0.9167181486039669,L,0.22014260249554368,2026,Martín Pérez,MLB
527048,FF,98,89.88571428571427,15.964897959183673,-10.143673469387755,6.035714285714286,5.695918367346939,-0.8568367346938776,2106.785714285714,0.6932221632664457,-0.7183605390648361,L,0.04367201426024955,2026,Martín Pérez,MLB
527048,SI,794,89.17405541561712,8.830125944584383,-16.1672040302267,6.021032745591939,5.607329974811083,-1.045088161209068,1993.8765743073047,0.7466554915909034,-0.6616878417264463,L,0.3538324420677362,2026,Martín Pérez,MLB
529017,FF,21,92.94761904761906,17.417142857142856,-8.765714285714287,6.2714285714285705,5.305714285714286,-0.8166666666666667,2412.4285714285716,-0.477290109664673,-0.8730219061534735,R,1.0,2026,Alexander Cornielle,MLB
542888,FC,156,90.00833333333333,7.518461538461539,3.96,6.510897435897436,5.8573076923076925,-1.594294871794872,2433.8205128205127,0.17422947234673292,-0.9643707229954904,R,0.24,2026,Shawn Armstrong,MLB
542888,FF,201,93.47960199004976,14.939701492537313,-6.000597014925374,6.5731343283582095,5.793383084577115,-1.6254726368159205,2223.5373134328356,-0.5394618943166452,-0.838448324580229,R,0.30923076923076925,2026,Shawn Armstrong,MLB
542888,SI,109,93.72385321100917,10.338715596330276,-15.195963302752295,6.601834862385322,5.711834862385321,-1.6655963302752295,2044.7339449541284,-0.6107264608158172,-0.7891870002745632,R,0.1676923076923077,2026,Shawn Armstrong,MLB
542888,ST,184,84.50923913043479,9.809347826086958,12.195,6.539673913043478,5.869673913043478,-1.5326086956521738,2582.8858695652175,0.962374988774924,-0.15573803863123972,R,0.28307692307692306,2026,Shawn Armstrong,MLB
543037,CH,254,85.98149606299212,8.54456692913386,-14.908818897637795,6.407086614173228,5.608267716535433,-2.3097637795275587,1924.8031496062993,-0.8416641336825781,-0.5352915898265574,R,0.12549407114624506,2026,Gerrit Cole,MLB
543037,FF,1007,96.78003972194638,16.861847070506457,-9.789235352532275,6.246061814556331,5.884816285998014,-2.131300893743793,2322.6663346613545,-0.596416858151403,-0.7986740345112499,R,0.4975296442687747,2026,Gerrit Cole,MLB
543037,KC,293,83.30341296928329,-14.024846416382251,11.767781569965871,6.036860068259386,5.878361774744027,-2.280307167235495,2815.1706484641636,0.6648652400658256,0.744018093515147,R,0.14476284584980237,2026,Gerrit Cole,MLB
543037,SI,76,96.01184210526316,11.679473684210526,-16.03421052631579,6.310526315789474,5.724736842105263,-2.4536842105263155,2310.7631578947367,-0.6485574723501931,-0.7576602083697895,R,0.037549407114624504,2026,Gerrit Cole,MLB
543037,SL,394,89.45329949238578,2.5486294416243656,4.438172588832487,6.126649746192894,5.836218274111674,-2.252258883248731,2498.4137055837564,0.5490309820691441,-0.6762699643097304,R,0.19466403162055335,2026,Gerrit Cole,MLB
543056,FC,152,85.14736842105263,5.381052631578947,4.370526315789474,5.896052631578947,6.016776315789474,0.20105263157894737,2497.434210526316,-0.28748671378144514,-0.8858323172784462,L,0.37530864197530867,2026,Danny Coulombe,MLB
543056,FF,41,89.83658536585367,16.106341463414633,-0.14634146341463414,6.014634146341463,6.022926829268292,0.3858536585365854,2367.5853658536585,0.2790972277943152,-0.9560475576333961,L,0.10123456790123457,2026,Danny Coulombe,MLB
543056,KC,25,78.4,-19.2912,5.836799999999999,5.8839999999999995,6.17,0.584,2749.08,-0.2705487294378026,0.9612071973106291,L,0.06172839506172839,2026,Danny Coulombe,MLB
543056,SI,117,89.94615384615385,13.016410256410257,-11.877948717948717,6.039316239316239,6.067948717948719,0.4153846153846154,2217.3162393162393,0.24289956692827858,-0.9646872235291709,L,0.28888888888888886,2026,Danny Coulombe,MLB
543056,ST,70,80.97857142857143,-2.468571428571429,12.728571428571428,5.775714285714286,6.153142857142858,0.42100000000000004,2642.5285714285715,-0.7643174293852981,0.6178249881888812,L,0.1728395061728395,2026,Danny Coulombe,MLB
543135,CU,500,76.2962,-8.28432,8.228879999999998,6.7266,5.80822,-2.1855,1892.316,0.6462179516329172,0.7601251658909696,R,0.22163120567375885,2026,Nathan Eovaldi,MLB
543135,FC,427,90.27096018735362,10.218829039812645,1.837377049180328,6.775117370892018,5.6792037470726,-2.3299531615925058,2243.4272300469484,-0.28163796595300594,-0.9491660521550956,R,0.18927304964539007,2026,Nathan Eovaldi,MLB
543135,FF,314,94.38566878980892,13.472101910828025,-11.871592356687897,6.792993630573249,5.616910828025478,-2.2803821656050953,2180.1146496815286,-0.723305679738431,-0.6872988916367838,R,0.13918439716312056,2026,Nathan Eovaldi,MLB
543135,FS,840,88.40726190476191,0.9777142857142856,-13.000571428571428,6.759166666666666,5.725178571428571,-2.267642857142857,1555.3869047619048,-0.8448942727759018,-0.53144137832405,R,0.3723404255319149,2026,Nathan Eovaldi,MLB
543135,SI,157,93.4751592356688,10.040254777070063,-16.091464968152867,6.831847133757961,5.6628025477707,-2.191273885350318,2125.3694267515925,-0.6765780104682929,-0.7332181438986395,R,0.06959219858156028,2026,Nathan Eovaldi,MLB
543135,SL,18,86.48888888888888,5.02,4.12,6.822222222222222,5.771111111111111,-2.2372222222222224,2089.5555555555557,0.23957498717375086,-0.8939551923810001,R,0.007978723404255319,2026,Nathan Eovaldi,MLB
543238,CH,10,86.03,15.264000000000001,-8.184000000000001,5.970000000000001,5.8229999999999995,-0.8200000000000001,1673.2,0.25941641866258375,-0.9611582221288322,L,0.050505050505050504,2026,Anthony Gose,MLB
543238,FF,120,95.6675,18.921,-3.865,5.809166666666667,5.884916666666667,-0.8785833333333333,2425.508333333333,0.30787700630380316,-0.947251018397371,L,0.6060606060606061,2026,Anthony Gose,MLB
543238,SL,68,86.05588235294118,0.6970588235294117,2.3823529411764706,5.751470588235295,5.906323529411765,-0.8130882352941177,2259.4411764705883,-0.7371382977180956,-0.36474087725317006,L,0.3434343434343434,2026,Anthony Gose,MLB
543243,CH,149,86.23825503355705,3.620939597315436,-13.841073825503356,6.446979865771812,5.3913422818791945,-0.833020134228188,1743.0402684563758,-0.7668328770455379,-0.6330199598689541,R,0.05691367456073339,2026,Sonny Gray,MLB
543243,CU,416,79.65817307692308,-14.425961538461538,12.812884615384615,6.397836538461538,5.621370192307692,-0.5910576923076923,2602.829326923077,0.45752239657093763,0.8861891991255746,R,0.15889992360580596,2026,Sonny Gray,MLB
543243,FC,480,88.35062500000001,3.74975,4.0805,6.430416666666667,5.557958333333334,-0.7150833333333334,2631.8375,0.38067868000821237,-0.8125826903789436,R,0.18334606569900688,2026,Sonny Gray,MLB
543243,FF,456,91.55592105263158,11.434736842105263,0.6773684210526316,6.399561403508772,5.555109649122807,-0.7144078947368421,2476.9802631578946,-0.37269841084370686,-0.9184299329291464,R,0.17417876241405653,2026,Sonny Gray,MLB
543243,SI,583,92.02710120068612,7.13557461406518,-11.802607204116638,6.451114922813036,5.525420240137222,-0.6217838765008576,2357.9862778730703,-0.49261622551179335,-0.8406617563589347,R,0.22268907563025211,2026,Sonny Gray,MLB
543243,ST,534,84.83614232209737,-4.5116853932584275,13.696629213483146,6.384269662921348,5.588389513108614,-0.6653183520599251,2677.265917602996,0.6437412231576161,0.7303801728274839,R,0.20397249809014514,2026,Sonny Gray,MLB
543309,EP,45,41.14666666666666,20.421333333333333,-0.21066666666666675,3.8755555555555556,7.239555555555555,-1.7937777777777777,1139.2,-0.27699657928737403,-0.957503170623503,R,1.0,2026,Kyle Higashioka,MLB
543510,EP,55,37.99636363636364,22.983272727272727,-2.794909090909091,4.447272727272727,6.965454545454546,-0.7125454545454545,870.3454545454546,-0.4202790137539557,-0.9027885022909614,R,1.0,2026,James McCann,MLB
544150,CH,156,84.90641025641025,8.280000000000001,-16.966153846153844,6.69102564102564,6.014679487179487,-1.6619230769230768,2026.8333333333333,-0.8001896141187888,-0.5962687462144317,R,0.1609907120743034,2026,Albert Suárez,MLB
544150,CU,91,77.75604395604395,-6.853186813186813,5.444835164835165,6.557142857142858,6.2821978021978016,-1.302857142857143,2266.802197802198,0.7272511434495483,0.6695319485444451,R,0.09391124871001032,2026,Albert Suárez,MLB
544150,FC,204,85.65098039215685,9.098235294117647,1.8758823529411766,6.677450980392157,6.178921568627451,-1.4412254901960784,2172.9117647058824,-0.30343561590463153,-0.9397995015301429,R,0.21052631578947367,2026,Albert Suárez,MLB
544150,FF,518,93.59073359073359,16.94316602316602,-5.7984555984555985,6.565250965250965,6.482316602316603,-1.2072586872586872,2317.1679536679535,-0.488770768812475,-0.8666587412640057,R,0.5345717234262126,2026,Albert Suárez,MLB
545121,EP,18,41.47222222222222,18.186666666666667,-1.1,5.161111111111111,6.07,-0.9283333333333333,909.0555555555555,-0.42206505638807607,-0.876745306827074,R,1.0,2026,Ildemaro Vargas,MLB
547179,CH,498,84.64999999999999,8.277831325301204,-14.479759036144578,5.807831325301205,5.741827309236948,-1.7365461847389558,2086.730923694779,-0.8718211350860805,-0.48024117406797084,R,0.20145631067961164,2026,Michael Lorenzen,MLB
547179,CU,264,82.70606060606062,-9.503181818181819,0.4081818181818182,5.854166666666667,5.719507575757576,-1.740340909090909,2530.9545454545455,0.4432493682605615,0.8824732765194541,R,0.10679611650485436,2026,Michael Lorenzen,MLB
547179,FC,354,90.14915254237287,6.828474576271187,-0.45322033898305086,5.8240112994350275,5.7136440677966105,-1.940056497175141,2513.1129943502824,-0.4786766411248819,-0.8499036489190587,R,0.14320388349514562,2026,Michael Lorenzen,MLB
547179,FF,460,94.0454347826087,13.786695652173913,-10.19295652173913,5.839782608695653,5.6728695652173915,-1.7979130434782609,2403.2869565217393,-0.7049920313210515,-0.701375195162692,R,0.18608414239482202,2026,Michael Lorenzen,MLB
547179,SI,505,93.41168316831684,7.949227722772277,-15.304633663366337,5.8401980198019805,5.66429702970297,-1.9368910891089108,2252.0039603960395,-0.7410280211726102,-0.6599459117617484,R,0.20428802588996764,2026,Michael Lorenzen,MLB
547179,SL,185,86.28648648648648,0.8918918918918919,1.6462702702702703,5.847567567567567,5.731351351351351,-1.8431351351351353,2538.6648648648647,0.5625060855246706,-0.0995557811942406,R,0.07483818770226537,2026,Michael Lorenzen,MLB
547179,ST,206,82.72038834951456,0.024466019417475768,9.166019417475729,5.849029126213592,5.688203883495145,-1.961019417475728,2566.8009708737864,0.802258445517272,0.5497003576122311,R,0.08333333333333333,2026,Michael Lorenzen,MLB
547184,FF,33,95.77575757575757,13.76,-6.643636363636364,5.824242424242424,5.969090909090909,-1.7342424242424241,2310.060606060606,-0.6143646231936654,-0.7828739063596182,R,0.21428571428571427,2026,Michael Kelly,MLB
547184,SI,11,95.5090909090909,5.694545454545454,-16.069090909090907,5.763636363636364,5.861818181818182,-1.7172727272727273,2295.909090909091,-0.6912830125370466,-0.7204062099070467,R,0.07142857142857142,2026,Michael Kelly,MLB
547184,SL,39,90.03076923076922,5.766153846153846,4.415384615384615,5.656410256410256,5.977435897435898,-1.9471794871794872,2633.4615384615386,0.048273572166064524,-0.9289175038105839,R,0.2532467532467532,2026,Michael Kelly,MLB
547184,ST,71,83.9338028169014,1.1340845070422534,14.298591549295775,5.725352112676056,5.836760563380282,-1.8271830985915491,2768.3521126760565,0.8631348178878243,0.47603659754689964,R,0.461038961038961,2026,Michael Kelly,MLB
547973,FF,326,96.92269938650307,17.76993865030675,-2.1688343558282206,7.0996932515337425,6.178680981595092,-0.4055828220858896,2427.2852760736196,0.28012712013427077,-0.9546217846265277,L,0.3742824339839265,2026,Aroldis Chapman,MLB
547973,FS,107,90.29532710280374,3.105420560747664,-5.805981308411215,7.337383177570094,6.10588785046729,-0.3844859813084112,1222.5700934579438,0.3984339897315982,-0.840295376094673,L,0.12284730195177956,2026,Aroldis Chapman,MLB
547973,SI,279,98.00537634408602,16.080860215053765,-10.771612903225806,7.123655913978495,6.175483870967742,-0.3617921146953405,2456.0,0.2293496064556125,-0.9644499299107718,L,0.3203214695752009,2026,Aroldis Chapman,MLB
547973,SL,159,85.9691823899371,5.23245283018868,10.33811320754717,7.238993710691824,6.184716981132076,-0.43402515723270446,2322.937106918239,-0.9520146302245944,0.12750531047985045,L,0.182548794489093,2026,Aroldis Chapman,MLB
548384,CH,112,84.40714285714286,-0.1253571428571429,-16.758214285714285,5.676785714285714,5.701875,-2.9672321428571427,1969.9454545454546,0.9522191530648833,-0.2939135945775477,L,0.12933025404157045,2026,Brooks Raley,MLB
548384,FC,253,86.74901185770752,6.517944664031621,3.8091699604743083,5.811857707509882,5.778656126482214,-3.0307114624505926,2581.0198412698414,-0.07640476976274278,-0.9257915674573188,L,0.2921478060046189,2026,Brooks Raley,MLB
548384,SI,188,90.30053191489361,4.81595744680851,-16.47191489361702,5.868085106382979,5.655531914893617,-3.0097340425531915,2413.2688172043013,0.7563955750080615,-0.6397462918821222,L,0.21709006928406466,2026,Brooks Raley,MLB
548384,ST,313,80.82747603833866,4.296996805111821,17.17993610223642,5.822044728434505,5.447188498402556,-3.2944408945686905,2924.2451612903224,-0.9512554244472726,0.29259075765319864,L,0.36143187066974597,2026,Brooks Raley,MLB
552640,FF,87,94.19195402298851,15.761379310344827,-2.023448275862069,6.549425287356321,5.991379310344827,-1.543448275862069,2498.3333333333335,-0.401505420289613,-0.9101742680618612,R,0.12236286919831224,2026,Andrew Kittredge,MLB
552640,SI,281,94.92740213523132,10.048398576512454,-15.493665480427047,6.533096085409253,5.900925266903915,-1.5724199288256229,2308.4839857651245,-0.5458691355512783,-0.8342747934491019,R,0.3952180028129395,2026,Andrew Kittredge,MLB
552640,SL,343,88.86239067055394,1.801399416909621,5.749154518950437,6.536734693877551,5.924985422740525,-1.5669387755102042,2619.7696793002915,0.6210226528832692,-0.6736554263627309,R,0.48241912798874825,2026,Andrew Kittredge,MLB
554430,CU,235,80.0272340425532,-11.064510638297872,12.92936170212766,6.832340425531915,5.062127659574467,-1.8980425531914895,2826.6170212765956,0.8065197475721653,0.587346519407338,R,0.08649245491350754,2026,Zack Wheeler,MLB
554430,FC,290,90.94931034482758,8.502206896551725,0.32441379310344826,7.026551724137931,4.94651724137931,-1.9355517241379308,2529.4206896551723,-0.4352449147842931,-0.8590658031591323,R,0.10673536989326463,2026,Zack Wheeler,MLB
554430,FF,970,95.21917525773196,14.120659793814434,-11.308453608247424,7.248453608247423,4.989628865979381,-1.8447938144329898,2430.580412371134,-0.769361360556869,-0.635153636646759,R,0.3570114096429886,2026,Zack Wheeler,MLB
554430,FS,448,87.434375,1.992589285714286,-14.726517857142856,7.2274553571428575,5.003928571428572,-1.8166741071428572,1565.9754464285713,-0.9098470188828599,-0.4094856579028296,R,0.16488774383511226,2026,Zack Wheeler,MLB
554430,SI,417,94.79952038369305,7.067338129496402,-17.472230215827338,7.220863309352517,4.915347721822542,-1.8295203836930456,2291.9640287769785,-0.7709662215560422,-0.6342141365880293,R,0.1534781008465219,2026,Zack Wheeler,MLB
554430,ST,357,81.35014005602241,-0.7932773109243697,16.940168067226892,6.851260504201681,4.917703081232493,-1.9565546218487395,2761.4621848739494,0.8314706568128437,0.5493972582960513,R,0.13139492086860508,2026,Zack Wheeler,MLB
571510,CH,586,78.82201365187713,3.658566552901024,-15.826894197952218,6.188907849829351,5.304112627986348,-2.437935153583618,1776.8276450511946,0.9269042948987902,-0.3692876881028215,L,0.2787821122740247,2026,Matthew Boyd,MLB
571510,CU,257,73.13657587548637,-8.744124513618676,11.290272373540855,5.992607003891051,5.639727626459145,-2.335836575875486,2419.7859922178986,-0.7797600453606901,0.6197682596007199,L,0.12226450999048526,2026,Matthew Boyd,MLB
571510,FF,925,92.87286486486485,11.570854054054054,-13.854227027027028,6.287999999999999,5.420043243243243,-2.2478054054054053,2301.610810810811,0.8286120444255288,-0.5542607826670248,L,0.4400570884871551,2026,Matthew Boyd,MLB
571510,SI,33,92.06060606060606,8.894545454545455,-16.96363636363636,6.175757575757576,5.343939393939394,-2.2818181818181817,2311.090909090909,0.8181792216033702,-0.5715898748777722,L,0.01569933396764986,2026,Matthew Boyd,MLB
571510,SL,301,83.19335548172758,1.6413289036544851,1.0931561461794022,6.153820598006645,5.003720930232558,-2.741328903654485,2536.671096345515,-0.18086773632151357,0.19504030519741428,L,0.14319695528068507,2026,Matthew Boyd,MLB
571578,CH,247,78.37004048582996,8.33004048582996,-10.783481781376517,6.668979591836735,6.3160323886639675,-2.5208906882591093,1203.726530612245,0.8163671423392499,-0.5676933243395805,L,0.17505315379163713,2026,Patrick Corbin,MLB
571578,CU,21,68.54285714285714,-2.3885714285714283,3.394285714285714,6.5,6.489999999999999,-2.5542857142857143,1906.7142857142858,-0.8138539018957318,0.5419869004849034,L,0.014883061658398299,2026,Patrick Corbin,MLB
571578,FC,214,86.26682242990654,6.136261682242991,2.439252336448598,6.6373831775700936,6.140887850467291,-2.746355140186916,2261.0,0.2856437841759927,-0.9109953741148046,L,0.15166548547129696,2026,Patrick Corbin,MLB
571578,FF,159,91.26415094339623,15.022641509433962,-7.249811320754717,6.61741935483871,6.304779874213836,-2.515911949685534,2137.393548387097,0.6171220686418564,-0.7846056261202383,L,0.11268603827072998,2026,Patrick Corbin,MLB
571578,SI,383,91.37624020887728,11.169712793733682,-14.529712793733681,6.661111111111111,6.242767624020888,-2.4857963446475195,2049.0714285714284,0.6076757352539682,-0.7915502754388696,L,0.27143869596031184,2026,Patrick Corbin,MLB
571578,SL,387,79.01912144702843,-0.9035658914728683,3.092713178294574,6.663185378590079,6.281059431524548,-2.6875710594315243,2199.3133159268928,-0.8168955142012116,0.42718732486940414,L,0.2742735648476258,2026,Patrick Corbin,MLB
571882,CH,13,84.38461538461539,7.68923076923077,-15.526153846153846,6.346153846153846,6.391538461538461,-1.3900000000000001,1825.6923076923076,-0.8794531514961187,-0.47369864511878135,R,0.08904109589041095,2026,Derek Law,MLB
571882,FC,58,89.89310344827587,8.323448275862068,2.8448275862068964,6.391379310344828,6.483620689655172,-1.1525862068965516,2260.4655172413795,-0.17232241816034907,-0.9740020605273981,R,0.3972602739726027,2026,Derek Law,MLB
571882,FF,26,93.16538461538462,16.65230769230769,-3.936923076923077,6.426923076923076,6.5307692307692315,-0.9553846153846154,2068.846153846154,-0.3991974793099314,-0.9147431525054126,R,0.1780821917808219,2026,Derek Law,MLB
571882,SL,49,85.9734693877551,1.550204081632653,3.2889795918367346,6.485416666666667,6.490204081632653,-1.0602040816326532,2218.265306122449,0.42678591071115485,-0.5375341741853934,R,0.3356164383561644,2026,Derek Law,MLB
571927,CH,403,83.05186104218363,0.7247642679900744,-15.16406947890819,6.557071960297767,5.6307444168734495,-2.375682382133995,2346.1910669975186,0.9906076471718807,-0.08314845668257903,L,0.28520877565463554,2026,Steven Matz,MLB
571927,CU,185,78.78324324324325,-10.735783783783782,11.25145945945946,6.585945945945946,5.7211891891891895,-2.3113513513513513,2266.6324324324323,-0.619302157921967,0.77859364399037,L,0.13092710544939845,2026,Steven Matz,MLB
571927,SI,707,93.62956152758134,11.293408769448373,-16.116831683168318,6.512871287128713,5.733422913719943,-2.302390381895332,2192.748231966054,0.8408863314904601,-0.5378993597774858,L,0.5003538570417552,2026,Steven Matz,MLB
571927,SL,118,82.63474576271186,-2.0898305084745763,9.181016949152541,6.606779661016949,5.705677966101695,-2.2534745762711865,2299.5254237288136,-0.6444311101655487,0.721747895710649,L,0.0835102618542109,2026,Steven Matz,MLB
571945,CH,146,85.56575342465754,1.9380821917808218,-12.911506849315067,6.233561643835617,6.377534246575342,-1.6962328767123287,1567.8150684931506,-0.8748499731778172,-0.4758099269866329,R,0.08,2026,Miles Mikolas,MLB
571945,CU,272,76.84264705882353,-13.872794117647059,6.345,6.115073529411765,6.74735294117647,-1.4215808823529412,2519.389705882353,0.5431683137608235,0.8327781747074205,R,0.14904109589041095,2026,Miles Mikolas,MLB
571945,FF,450,93.20555555555555,15.348533333333334,-7.599733333333334,6.175777777777777,6.601244444444444,-1.5375333333333332,2220.3340757238307,-0.6011602183321002,-0.7936476438375493,R,0.2465753424657534,2026,Miles Mikolas,MLB
571945,SI,436,92.82316513761468,9.699908256880734,-14.938899082568806,6.169495412844037,6.500206422018349,-1.6173165137614678,2136.72247706422,-0.6244342429008616,-0.7748148587586112,R,0.2389041095890411,2026,Miles Mikolas,MLB
571945,SL,424,87.87028301886792,6.384905660377358,2.6804716981132075,6.092924528301887,6.643679245283019,-1.590801886792453,2232.735849056604,-0.15218780483483504,-0.9192295721922685,R,0.23232876712328768,2026,Miles Mikolas,MLB
571945,ST,97,81.98556701030928,-1.9187628865979383,8.104329896907217,6.141237113402062,6.644020618556701,-1.5290721649484535,2402.257731958763,0.7690537625685576,0.5722281628512844,R,0.05315068493150685,2026,Miles Mikolas,MLB
571948,CH,126,80.46666666666665,-3.1295238095238096,-14.977142857142857,6.813492063492063,4.053412698412698,-4.406269841269841,1549.547619047619,0.9833311236460374,0.0728484176291817,L,0.1826086956521739,2026,Hoby Milner,MLB
571948,FF,105,87.08857142857143,6.492571428571429,-14.310857142857143,6.8133333333333335,4.267142857142857,-4.247142857142857,1930.1904761904761,0.983611056636502,-0.14991323549508717,L,0.15217391304347827,2026,Hoby Milner,MLB
571948,SI,270,86.85518518518519,0.30488888888888893,-16.925333333333334,6.841263940520446,4.226555555555556,-4.310185185185185,1900.2453531598512,0.9692816369307343,-0.19196843606714994,L,0.391304347826087,2026,Hoby Milner,MLB
571948,ST,189,78.21005291005291,-0.34031746031746035,14.316825396825397,6.7518518518518515,4.167724867724868,-4.233227513227513,1820.063492063492,-0.8541834355845254,0.4906552702451884,L,0.27391304347826084,2026,Hoby Milner,MLB
572143,CH,28,84.35357142857143,3.454285714285714,-8.751428571428571,6.675,5.705357142857143,-2.4314285714285715,1717.2857142857142,-0.6267002726525012,-0.7677814218715974,R,0.0958904109589041,2026,Burch Smith,MLB
572143,CU,74,82.17567567567568,-13.34918918918919,9.21081081081081,6.566216216216216,5.716621621621622,-2.4191891891891895,2467.2027027027025,0.6478480388018544,0.7592506796780047,R,0.2534246575342466,2026,Burch Smith,MLB
572143,FC,63,87.80952380952381,4.552380952380952,4.369523809523809,6.722222222222222,5.407142857142857,-2.658412698412698,2396.4761904761904,0.32934207595492127,-0.8213605326590198,R,0.21575342465753425,2026,Burch Smith,MLB
572143,FF,127,93.87874015748032,17.308346456692913,-5.008818897637795,6.7708661417322835,5.56007874015748,-2.4379527559055116,2340.259842519685,-0.40589887264292696,-0.910323459908911,R,0.4349315068493151,2026,Burch Smith,MLB
572955,CU,539,86.57792207792208,-4.456029684601114,5.988645640074211,5.655658627087199,6.194860853432282,-1.283339517625232,2834.5951492537315,0.6911804147832787,0.6951889807037024,R,0.6371158392434988,2026,Pierce Johnson,MLB
572955,FF,307,95.74495114006515,15.84742671009772,-9.722345276872964,5.7371335504886,6.104951140065147,-1.307785016286645,2334.267973856209,-0.6561471150613551,-0.7514095307370466,R,0.3628841607565012,2026,Pierce Johnson,MLB
573009,CH,102,80.44117647058823,-2.274117647058824,-15.52235294117647,6.207843137254902,5.145098039215686,-3.350294117647059,1586.3039215686274,0.9503035388294067,0.262136915182228,L,0.24817518248175183,2026,Joe Mantiply,MLB
573009,CU,108,80.11851851851851,-3.376666666666667,7.432222222222223,6.181481481481482,5.212685185185186,-3.4330555555555553,2392.1481481481483,-0.42296790276148966,0.8771286926645926,L,0.26277372262773724,2026,Joe Mantiply,MLB
573009,SI,201,88.24975124378109,2.1934328358208957,-18.577313432835822,6.161194029850747,5.212039800995024,-3.3829850746268657,2167.6915422885572,0.94579678499322,-0.30193310668676765,L,0.48905109489051096,2026,Joe Mantiply,MLB
573124,FC,166,88.07831325301204,5.21855421686747,-0.3939759036144579,5.740963855421687,5.575602409638554,-1.8647590361445783,2338.2168674698796,0.2916557233016762,-0.89071445791649,L,0.1483467381590706,2026,Taylor Rogers,MLB
573124,SI,403,92.01563275434243,8.668585607940447,-16.811315136476427,5.846898263027295,5.589106699751861,-1.7259305210918112,2159.3225806451615,0.7776421886134877,-0.6262483689379813,L,0.36014298480786416,2026,Taylor Rogers,MLB
573124,ST,550,77.86690909090909,-0.01352727272727273,16.4256,5.733272727272728,5.5237454545454545,-1.8977636363636363,2817.4327272727273,-0.926950238021827,0.36362816809630005,L,0.4915102770330652,2026,Taylor Rogers,MLB
573204,CU,218,76.33990825688073,-14.293761467889908,6.776697247706422,6.274311926605504,6.1307339449541285,0.08788990825688073,2588.1009174311926,-0.5485980359720724,0.8322646886983802,L,0.2540792540792541,2026,Caleb Thielbar,MLB
573204,FF,334,93.30299401197605,18.77497005988024,-4.229820359281437,6.196407185628742,6.137694610778443,0.03853293413173653,2308.9790419161677,0.2984189440506921,-0.9518318904858762,L,0.38927738927738925,2026,Caleb Thielbar,MLB
573204,SL,182,87.50879120879121,5.166593406593407,4.815824175824176,6.190109890109889,6.098241758241759,-0.04994505494505495,2311.0714285714284,-0.2558050149480851,-0.9227708092637527,L,0.21212121212121213,2026,Caleb Thielbar,MLB
573204,ST,124,80.26290322580645,-1.2754838709677419,14.859677419354838,6.106451612903226,5.980645161290322,-0.24975806451612903,2484.451612903226,-0.8671266488416397,0.4495406088921678,L,0.1445221445221445,2026,Caleb Thielbar,MLB
579328,CU,136,79.87720588235294,-6.674117647058823,7.769117647058823,6.783333333333333,5.749191176470588,-1.9798529411764705,2574.4962962962964,-0.6569388277148813,0.7216814809808008,L,0.11314475873544093,2026,Yusei Kikuchi,MLB
579328,FC,66,90.26212121212122,9.303636363636363,1.7563636363636363,6.863492063492063,5.6896969696969695,-2.1542424242424243,2301.590909090909,0.26708981750474026,-0.9093401717682953,L,0.05490848585690516,2026,Yusei Kikuchi,MLB
579328,FF,487,95.45954825462013,14.936427104722792,-6.463737166324435,6.822594142259414,5.606919917864476,-2.2955852156057497,2239.644490644491,0.581010348361989,-0.8036753478943169,L,0.4051580698835274,2026,Yusei Kikuchi,MLB
579328,FS,208,86.55576923076923,8.412692307692307,-8.942884615384616,6.93125,5.852884615384616,-1.7903365384615384,1592.0628019323672,0.5217385710299561,-0.8450973232347485,L,0.17304492512479203,2026,Yusei Kikuchi,MLB
579328,SL,305,87.36918032786885,1.917639344262295,2.3335081967213114,6.809931506849315,5.585344262295082,-2.2874426229508193,2388.8552631578946,-0.5978409456149147,-0.4054158580790694,L,0.25374376039933444,2026,Yusei Kikuchi,MLB
592094,CH,202,88.1519801980198,3.2572277227722775,-15.917227722772278,6.286633663366337,6.204207920792079,-1.1502475247524753,2046.5742574257426,-0.8467437899576904,-0.5026730700785745,R,0.3201267828843106,2026,Jason Adam,MLB
592094,FF,148,93.49324324324324,17.117027027027028,-9.615405405405404,6.434459459459459,6.3468243243243245,-0.9800675675675676,2505.1689189189187,-0.6113856105646607,-0.7831077236401403,R,0.23454833597464342,2026,Jason Adam,MLB
592094,SL,240,84.56625000000001,0.7615000000000001,-0.226,6.252083333333333,6.329916666666667,-1.0645416666666667,2516.9583333333335,-0.033681744980384586,0.3396437402312605,R,0.3803486529318542,2026,Jason Adam,MLB
592094,ST,41,78.11707317073171,-2.142439024390244,14.168780487804877,6.1414634146341465,6.100731707317073,-1.3802439024390243,2654.9268292682927,0.7202937092486731,0.6672874265061847,R,0.06497622820919176,2026,Jason Adam,MLB
592155,CH,14,87.38571428571429,4.4314285714285715,-15.959999999999999,6.614285714285714,5.5600000000000005,-2.6914285714285713,1707.142857142857,0.7371955393582305,-0.540153321120629,L,0.022257551669316374,2026,Cam Booser,MLB
592155,FC,274,88.22299270072992,3.982335766423358,3.4160583941605838,6.508394160583942,5.465693430656934,-2.7774087591240875,2121.4489051094893,-0.317484995540376,-0.8091724848319869,L,0.4356120826709062,2026,Cam Booser,MLB
592155,FF,274,95.70693430656935,15.748029197080292,-8.917226277372263,6.568613138686131,5.658284671532846,-2.5425547445255474,1975.8832116788321,0.5889840849176928,-0.794806852671846,L,0.4356120826709062,2026,Cam Booser,MLB
592155,ST,67,81.92835820895522,-2.54865671641791,13.687164179104476,6.508955223880597,5.352537313432836,-2.8250746268656717,2086.10447761194,-0.8035834902019195,0.584395160347396,L,0.10651828298887123,2026,Cam Booser,MLB
592288,CH,23,82.3391304347826,4.090434782608695,-15.239999999999998,5.930434782608696,5.85695652173913,-2.3904347826086956,1723.391304347826,0.922646028332536,-0.38258692494155944,L,0.23958333333333334,2026,Kent Emanuel,MLB
592288,SI,27,89.90370370370371,5.128888888888889,-16.0,5.818518518518518,6.101481481481482,-2.2196296296296296,2132.4814814814813,0.8166323456080039,-0.5749533546232004,L,0.28125,2026,Kent Emanuel,MLB
592288,SL,20,85.595,9.468,-1.17,5.6450000000000005,6.096,-2.2975000000000003,2362.5,0.7416305262676299,-0.6641884782340016,L,0.20833333333333334,2026,Kent Emanuel,MLB
592288,ST,26,78.1923076923077,-1.6984615384615382,16.596923076923076,5.673076923076923,5.878076923076923,-2.455,2613.846153846154,-0.8387153199553988,0.5349851878062423,L,0.2708333333333333,2026,Kent Emanuel,MLB
592332,CH,35,83.9342857142857,14.931428571428572,-4.985142857142858,6.774285714285714,5.643714285714286,-2.592,1441.6,-0.8161427384333322,-0.5700105950460435,R,0.011164274322169059,2026,Kevin Gausman,MLB
592332,FF,1591,93.84563167818982,16.92203645505971,-10.472357008170961,6.723507228158391,5.841571338780642,-2.3771338780641105,2293.1678189817726,-0.5993365688184182,-0.7975100456711871,R,0.5074960127591707,2026,Kevin Gausman,MLB
592332,FS,1229,83.99056143205858,4.301545972335232,-13.766997558991049,6.761757526444264,5.693669650122051,-2.554231082180635,1566.3319772172497,-0.8013293763126061,-0.5776589422956849,R,0.39202551834130783,2026,Kevin Gausman,MLB
592332,SL,256,84.006640625,3.40078125,1.10765625,6.680859375,5.7068359375,-2.4909765625,2271.3203125,-0.0889089600904349,-0.5198249247363061,R,0.08165869218500797,2026,Kevin Gausman,MLB
592332,ST,24,79.24166666666666,2.015,12.685,6.595833333333334,5.909166666666667,-2.5187500000000003,2462.5833333333335,0.9144356166513262,0.26320363787419804,R,0.007655502392344498,2026,Kevin Gausman,MLB
592454,CH,128,88.0265625,2.0371875,-11.43375,6.74765625,5.57390625,-1.772421875,1258.3515625,-0.9079072060371756,-0.4091400168494543,R,0.6153846153846154,2026,Tommy Kahnle,MLB
592454,FF,64,93.728125,16.53375,-5.109375,6.7109375,5.83953125,-1.45578125,2199.515625,-0.396080069479768,-0.9151848051929825,R,0.3076923076923077,2026,Tommy Kahnle,MLB
592454,SL,16,85.16875,3.6075,5.9475,6.59375,5.685625,-1.675625,2278.75,0.5223459403413225,-0.7611616529430869,R,0.07692307692307693,2026,Tommy Kahnle,MLB
592662,CH,542,86.20018450184502,10.649446494464945,-11.12590405904059,6.2365313653136525,6.081125461254612,-2.7951845018450183,1621.7416974169741,0.5010239577758613,-0.8571899588621029,L,0.18157453936348408,2026,Robbie Ray,MLB
592662,FF,941,93.16833156216791,17.386865037194475,-9.21028692879915,6.198405951115834,6.1511264612114775,-2.604378320935175,2330.094680851064,0.5839751307032228,-0.8069294777499486,L,0.3152428810720268,2026,Robbie Ray,MLB
592662,KC,335,79.59044776119403,-7.040597014925373,4.0574328358208955,6.101492537313433,6.084119402985075,-2.793044776119403,2175.35223880597,-0.6189014202477553,0.7740195697147704,L,0.11222780569514237,2026,Robbie Ray,MLB
592662,SI,463,92.71447084233262,11.72656587473002,-14.532699784017279,6.2747300215982715,5.966263498920086,-2.722548596112311,2240.6889848812093,0.6328682463002177,-0.76872903114591,L,0.15510887772194304,2026,Robbie Ray,MLB
592662,SL,704,86.08494318181819,6.400568181818182,1.293068181818182,6.181534090909091,6.031874999999999,-2.735142045454545,2210.1988636363635,0.39062467968106396,-0.8476865300003962,L,0.23584589614740367,2026,Robbie Ray,MLB
592773,FF,556,98.02625899280575,17.584964028776977,-8.61410071942446,5.955755395683453,6.4480575539568346,-0.5156115107913669,2330.4424460431655,-0.5044967734279985,-0.8598711516123394,R,0.5162488393686165,2026,Ryne Stanek,MLB
592773,FS,170,90.04823529411765,4.991294117647059,-11.62164705882353,6.129411764705883,6.240882352941177,-0.629,1225.0176470588235,-0.7994585310315694,-0.5941416862294341,R,0.15784586815227483,2026,Ryne Stanek,MLB
592773,SI,100,96.944,10.768799999999999,-15.058800000000002,6.0,6.197100000000001,-0.8489,2163.68,-0.6279584166453103,-0.7746117694577237,R,0.09285051067780872,2026,Ryne Stanek,MLB
592773,SL,251,88.53067729083665,0.5431075697211155,3.160159362549801,6.081274900398407,6.323625498007968,-0.7060956175298805,2456.4183266932273,0.7390406558793318,0.2781140010310736,R,0.2330547818012999,2026,Ryne Stanek,MLB
592779,CH,58,89.29137931034482,-1.1917241379310346,-14.888275862068966,6.25,5.127931034482759,-1.8424137931034483,1662.8103448275863,-0.9417127115326639,-0.3312374104357863,R,0.14609571788413098,2026,Brock Stewart,MLB
592779,FC,36,92.27222222222223,7.543333333333333,1.8466666666666667,6.391666666666667,5.160833333333333,-1.735,2460.5555555555557,-0.3414060950609483,-0.9171888509853177,R,0.0906801007556675,2026,Brock Stewart,MLB
592779,FF,145,95.89655172413794,14.114482758620689,-9.163034482758622,6.397931034482759,5.19296551724138,-1.7199310344827585,2585.8137931034485,-0.7109147366141416,-0.6983311617667994,R,0.36523929471032746,2026,Brock Stewart,MLB
592779,SI,59,94.71694915254237,3.433220338983051,-15.22372881355932,6.410169491525424,5.156271186440678,-1.7854237288135595,2232.186440677966,-0.813419212207027,-0.5792947444234963,R,0.1486146095717884,2026,Brock Stewart,MLB
592779,ST,99,83.83232323232323,2.561212121212121,15.379393939393939,6.366666666666666,5.203737373737373,-1.6795959595959595,2515.8585858585857,0.8935390772239213,0.44203295059658804,R,0.24937027707808565,2026,Brock Stewart,MLB
592791,CH,240,84.45458333333333,6.7385,-15.661,6.730833333333334,6.049708333333333,-1.2615,1822.2,-0.7698302680006333,-0.6327746677123113,R,0.15779092702169625,2026,Jameson Taillon,MLB
592791,CU,169,79.0792899408284,-9.748402366863905,8.651360946745562,6.741420118343195,6.131597633136095,-1.2065680473372782,2571.8639053254437,0.6604365156042667,0.7445653915581268,R,0.1111111111111111,2026,Jameson Taillon,MLB
592791,FC,289,86.2840830449827,8.864636678200693,6.130795847750865,6.782698961937716,6.019273356401384,-1.3096539792387543,2522.806228373702,0.20235219203324703,-0.9517384372403257,R,0.19000657462195925,2026,Jameson Taillon,MLB
592791,FF,413,91.80242130750605,18.387893462469734,-5.52319612590799,6.905569007263923,5.976053268765133,-1.2574818401937047,2342.365617433414,-0.4417941631113865,-0.8938381991368597,R,0.2715318869165023,2026,Jameson Taillon,MLB
592791,SI,151,91.88145695364238,14.426225165562915,-12.823311258278146,6.949006622516556,5.933112582781456,-1.1409933774834438,2242.099337748344,-0.4272943536505897,-0.9016516683088153,R,0.0992767915844839,2026,Jameson Taillon,MLB
592791,SL,16,83.0625,-1.275,4.6575,6.84375,6.091875,-1.141875,2456.0625,0.8997324687017891,-0.20338652963272297,R,0.01051939513477975,2026,Jameson Taillon,MLB
592791,ST,243,80.16584362139918,-0.9535802469135802,15.386172839506173,6.844855967078189,6.00872427983539,-1.229753086419753,2745.0495867768595,0.8362772942100026,0.5113019428502708,R,0.15976331360946747,2026,Jameson Taillon,MLB
592826,FF,21,92.22380952380952,17.268571428571427,-3.9085714285714284,6.642857142857143,5.5304761904761905,-2.0876190476190475,2427.0,-0.4139402977379245,-0.9072866427569308,R,1.0,2026,Vince Velasquez,MLB
592836,CU,54,74.41296296296296,-9.315555555555555,5.848888888888888,5.770370370370371,6.5996296296296295,-1.7562962962962965,2323.537037037037,0.6807873856726652,0.7028633633413681,R,0.12735849056603774,2026,Taijuan Walker,MLB
592836,FC,84,86.59285714285714,11.824285714285715,3.2885714285714287,5.913095238095238,6.564761904761905,-1.821904761904762,2398.6428571428573,-0.10738959017276876,-0.9769723624522968,R,0.19811320754716982,2026,Taijuan Walker,MLB
592836,FF,42,91.9,17.017142857142858,-8.35142857142857,6.030952380952381,6.573809523809524,-1.6783333333333332,2082.785714285714,-0.5399168109016186,-0.8335042026857211,R,0.09905660377358491,2026,Taijuan Walker,MLB
592836,FS,98,86.78469387755102,4.077551020408164,-11.715918367346939,6.055102040816326,6.475102040816326,-1.85765306122449,1402.5204081632653,-0.6729693623216947,-0.7353384736639172,R,0.23113207547169812,2026,Taijuan Walker,MLB
592836,SI,96,91.79062499999999,12.799999999999999,-15.26375,6.060416666666666,6.5652083333333335,-1.6554166666666665,1948.1041666666667,-0.5385332849273182,-0.8171565246603101,R,0.22641509433962265,2026,Taijuan Walker,MLB
592836,SL,50,81.11,3.7536,7.6272,5.858,6.5476,-1.7802,2390.3,0.938404608378027,-0.1572840771071265,R,0.1179245283018868,2026,Taijuan Walker,MLB
592866,CH,59,81.32033898305085,-0.08745762711864405,-13.177627118644068,6.8338983050847455,4.909322033898305,-2.323559322033898,1452.5254237288136,-0.9551805966893097,-0.2889369867981825,R,0.11478599221789883,2026,Trevor Williams,MLB
592866,FF,202,89.81138613861387,10.928316831683167,-4.393663366336634,6.69009900990099,4.944653465346535,-2.2348019801980197,2236.8217821782177,-0.6326249883162569,-0.7666761804907171,R,0.39299610894941633,2026,Trevor Williams,MLB
592866,SI,83,88.42650602409638,3.2284337349397587,-14.64144578313253,6.742168674698796,4.808674698795181,-2.3248192771084337,1991.2289156626507,-0.7505968517787419,-0.6549943084629672,R,0.1614785992217899,2026,Trevor Williams,MLB
592866,SL,34,82.69411764705882,4.072941176470588,5.354117647058823,6.647058823529412,4.919411764705882,-2.4411764705882355,2231.9117647058824,0.40353060157215553,-0.8528391876209078,R,0.06614785992217899,2026,Trevor Williams,MLB
592866,ST,136,78.42573529411764,7.885588235294118,8.452058823529413,6.701470588235294,4.84235294117647,-2.4347794117647057,2285.6029411764707,0.9867554450816349,-0.0987152144227976,R,0.26459143968871596,2026,Trevor Williams,MLB
593833,FC,12,89.94166666666666,14.200000000000001,-1.09,6.416666666666667,5.239166666666667,-3.7424999999999997,2455.0833333333335,-0.4725302644380626,-0.8762389940664578,R,1.0,2026,Wander Suero,MLB
593958,CH,811,85.39136868064118,6.403649815043156,-15.39639950678175,6.43358024691358,5.999482120838471,-1.2791122071516645,1868.7777777777778,0.740788608675744,-0.6679922385418646,L,0.2645140247879974,2026,Eduardo Rodriguez,MLB
593958,CU,375,79.55066666666667,-5.9616,4.76256,6.432533333333333,6.065893333333333,-1.1957333333333333,2309.928,-0.8497262258150128,0.5068606580611648,L,0.1223091976516634,2026,Eduardo Rodriguez,MLB
593958,FC,411,88.88248175182481,8.702773722627738,1.6236496350364964,6.421654501216546,5.947372262773722,-1.258807785888078,2282.6812652068124,0.22268388880305068,-0.9633531253137089,L,0.13405088062622308,2026,Eduardo Rodriguez,MLB
593958,FF,1225,92.05477551020408,15.855477551020407,-6.305338775510204,6.344326530612245,5.967061224489796,-1.2803673469387755,2297.7575510204083,0.4522737441119391,-0.8882776028544984,L,0.3995433789954338,2026,Eduardo Rodriguez,MLB
593958,SI,244,91.56352459016394,13.22360655737705,-12.105245901639343,6.417213114754098,6.044139344262295,-1.1469672131147541,2240.6967213114754,0.39544702150627414,-0.9156824529238685,L,0.07958251793868232,2026,Eduardo Rodriguez,MLB
593974,CH,421,89.51425178147268,3.789833729216152,-16.143277909738718,5.748693586698337,5.76479809976247,-0.5736104513064133,2169.5296912114013,0.8384298219632982,-0.5406268020946972,L,0.34144363341443634,2026,Wandy Peralta,MLB
593974,FF,114,96.35526315789474,14.451578947368422,-9.892631578947368,5.6535087719298245,6.218245614035087,-0.21447368421052632,2133.0877192982457,0.7503311785692334,-0.655864451501591,L,0.09245742092457421,2026,Wandy Peralta,MLB
593974,SI,515,96.03553398058253,9.198757281553398,-15.395184466019419,5.694563106796116,6.180873786407767,-0.28780582524271847,2061.518446601942,0.7467823596256791,-0.6595483775491041,L,0.41768045417680455,2026,Wandy Peralta,MLB
593974,SL,183,89.30983606557378,5.984918032786886,0.3849180327868853,5.9579234972677595,5.876885245901639,-0.6387978142076502,2164.1420765027324,0.6194703469121017,-0.7421578036880586,L,0.14841849148418493,2026,Wandy Peralta,MLB
594027,FS,26,92.04230769230769,3.5446153846153843,-8.967692307692307,7.2153846153846155,6.193846153846153,-1.8142307692307693,1373.2692307692307,-0.7339445104443889,-0.6761727263442322,R,0.042833607907743,2026,Tyron Guerrero,MLB
594027,SI,523,100.17858508604206,12.901261950286806,-14.274952198852773,7.081835564053538,6.318623326959846,-1.835831739961759,2219.2045889101337,-0.6482863557155634,-0.7585630207124247,R,0.8616144975288303,2026,Tyron Guerrero,MLB
594027,SL,58,91.53448275862068,3.893793103448276,1.6675862068965517,7.094827586206897,6.216551724137931,-1.8115517241379309,2118.7413793103447,0.10510198594600023,-0.8968100732432916,R,0.09555189456342669,2026,Tyron Guerrero,MLB
594580,CH,183,84.51967213114754,-6.8806557377049185,-12.511475409836065,4.586338797814207,4.86568306010929,-1.95879781420765,1693.6448087431695,0.9862947015114133,0.14448473588656735,L,0.16576086956521738,2026,Sam Moll,MLB
594580,FF,131,92.5969465648855,9.763969465648854,-10.828396946564885,4.583206106870229,4.982671755725191,-1.8521374045801526,2606.1450381679388,0.9126440460802819,-0.32764446895521765,L,0.11865942028985507,2026,Sam Moll,MLB
594580,SI,398,91.45879396984924,-1.8690452261306532,-15.710050251256282,4.539447236180905,4.9437185929648235,-1.8412311557788943,2458.452261306533,0.9426941371805211,-0.27366469565906537,L,0.3605072463768116,2026,Sam Moll,MLB
594580,ST,392,81.23239795918367,-2.043673469387755,14.525816326530611,4.428571428571429,4.7507142857142854,-2.0886224489795917,2844.701530612245,-0.7600708943743696,0.6192366992319314,L,0.35507246376811596,2026,Sam Moll,MLB
594798,CH,373,89.73083109919571,3.0308847184986596,-13.346702412868632,6.77372654155496,5.6231099195710454,-1.3714745308310992,1594.8954423592493,-0.811474421900358,-0.5800629246037611,R,0.13638025594149908,2026,Jacob deGrom,MLB
594798,CU,182,80.8587912087912,-5.038021978021979,11.972967032967032,6.60054945054945,5.77412087912088,-1.406978021978022,2743.032967032967,0.9449796394965434,0.31285540292818453,R,0.06654478976234003,2026,Jacob deGrom,MLB
594798,FF,1152,97.33576388888889,16.778229166666666,-8.461041666666667,6.713975694444445,5.611380208333333,-1.4950347222222222,2477.9852430555557,-0.6177702741938149,-0.7839437884171224,R,0.4212065813528336,2026,Jacob deGrom,MLB
594798,SI,91,96.56263736263737,11.472527472527473,-15.02901098901099,6.764835164835165,5.6086813186813185,-1.4623076923076923,2329.076923076923,-0.5887313871053395,-0.8057498841696682,R,0.033272394881170016,2026,Jacob deGrom,MLB
594798,SL,937,91.35570971184632,3.2355176093916755,4.539252934898612,6.62059765208111,5.6984525080042685,-1.5143649946638207,2649.1152614727853,0.4316179297331793,-0.8468871812973437,R,0.34259597806215725,2026,Jacob deGrom,MLB
594835,CH,47,81.38297872340425,5.629787234042554,-16.891914893617024,6.442553191489362,5.178510638297872,-2.435744680851064,2060.9148936170213,0.9537963977848412,-0.2895092343047441,L,0.24352331606217617,2026,Marco Gonzales,MLB
594835,CU,14,81.35000000000001,-4.697142857142857,-0.4628571428571429,6.335714285714286,5.343571428571429,-2.1735714285714285,2251.5714285714284,-0.24576662966631727,0.9461711181246031,L,0.07253886010362694,2026,Marco Gonzales,MLB
594835,FC,40,87.6,10.392,-2.121,6.42,5.4037500000000005,-2.1375,2125.7,0.6737984459213977,-0.7327440997788548,L,0.20725388601036268,2026,Marco Gonzales,MLB
594835,FF,52,90.29615384615384,16.13769230769231,-11.875384615384615,6.501923076923077,5.485192307692308,-2.018653846153846,2082.1153846153848,0.6950552388005146,-0.7164141519093745,L,0.2694300518134715,2026,Marco Gonzales,MLB
594835,SV,40,81.5925,-9.426,8.661,6.35,5.3155,-2.19325,2238.3,-0.28419537930723593,0.9420700315369276,L,0.20725388601036268,2026,Marco Gonzales,MLB
595014,FC,56,91.33035714285714,8.802857142857142,0.7757142857142857,5.757142857142857,6.241428571428571,-2.950357142857143,2509.4285714285716,-0.5399376475789176,-0.8193189609059435,R,0.1095890410958904,2026,Blake Treinen,MLB
595014,FF,62,94.81612903225808,14.187096774193549,-9.985161290322582,5.758064516129032,6.26016129032258,-2.8182258064516126,2342.3387096774195,-0.7768892836278141,-0.6222197133144832,R,0.12133072407045009,2026,Blake Treinen,MLB
595014,SI,186,95.1752688172043,5.1574193548387095,-17.556129032258063,5.759677419354839,6.221397849462366,-2.825268817204301,2293.7150537634407,-0.7966831975367699,-0.5950797180819485,R,0.3639921722113503,2026,Blake Treinen,MLB
595014,ST,207,84.00338164251208,-0.8481159420289855,13.027246376811593,5.694685990338164,6.173574879227053,-3.0642995169082123,2563.4927536231885,0.7391694711618411,0.6626521011553629,R,0.4050880626223092,2026,Blake Treinen,MLB
595345,FF,299,91.1391304347826,15.910234113712374,-6.937926421404683,6.307046979865772,5.916053511705686,-3.1033110367892975,2239.809364548495,0.6252921871156429,-0.7769556672144581,L,0.2765957446808511,2026,Steven Okert,MLB
595345,SI,57,90.3719298245614,9.814736842105264,-14.80842105263158,6.359649122807017,5.8419298245614035,-3.1457894736842107,2244.8596491228072,0.6368106946432058,-0.7456941956184301,L,0.05272895467160037,2026,Steven Okert,MLB
595345,SL,725,80.84855172413793,7.233931034482759,7.737765517241379,6.324343015214384,5.859324137931035,-3.1230344827586203,2416.753103448276,-0.9748697929207848,-0.05213502458478539,L,0.6706753006475485,2026,Steven Okert,MLB
595928,FC,12,88.27499999999999,8.51,1.9800000000000002,6.258333333333333,6.25,-2.751666666666667,2504.8333333333335,-0.40950422123174607,-0.8977581220752745,R,0.46153846153846156,2026,John Curtiss,MLB
595928,FF,14,92.35000000000001,16.954285714285714,-6.257142857142857,6.421428571428572,6.413571428571429,-2.335,2288.214285714286,-0.5015067532175301,-0.8636237281523511,R,0.5384615384615384,2026,John Curtiss,MLB
595978,CH,15,70.42666666666668,4.056,-15.72,5.239999999999999,5.301333333333333,-4.334666666666666,1719.5333333333333,-0.9051497695281058,-0.4220755325551994,R,1.0,2026,Austin Hedges,MLB
596001,CH,171,86.82456140350877,2.2259649122807015,-13.416842105263159,6.000584795321637,5.725263157894736,-1.8885380116959065,1336.654970760234,-0.7490023465701681,-0.6559106816851634,R,0.20236686390532543,2026,Jakob Junis,MLB
596001,FF,163,92.34723926380369,12.80760736196319,-4.373742331288343,6.124539877300613,5.564233128834356,-1.8912269938650306,2116.4846625766872,-0.6205175060840621,-0.7796270472661317,R,0.19289940828402366,2026,Jakob Junis,MLB
596001,SI,151,91.94834437086094,6.4712582781456955,-14.810066225165563,6.148344370860927,5.51476821192053,-1.8820529801324504,2094.1721854304637,-0.6306031182369387,-0.7712060932353957,R,0.178698224852071,2026,Jakob Junis,MLB
596001,ST,360,82.06472222222222,-0.4993333333333333,16.388666666666666,5.898333333333333,5.648722222222222,-2.059861111111111,2451.838440111421,0.8619826495554107,0.4987446869434416,R,0.4260355029585799,2026,Jakob Junis,MLB
596117,EP,40,41.260000000000005,17.666999999999998,-2.391,4.49,6.25875,-1.341,1019.15,-0.46440793246910994,-0.8809467992015204,R,1.0,2026,Garrett Stubbs,MLB
596133,CH,317,88.03753943217666,5.453375394321767,-12.85552050473186,6.155835962145111,5.4916719242902206,-1.4749842271293374,1899.6270096463022,-0.6241805976149235,-0.7738642608782574,R,0.3372340425531915,2026,Luke Weaver,MLB
596133,FC,141,90.48652482269503,9.757446808510638,2.72936170212766,6.077304964539007,5.546099290780142,-1.3599290780141844,2406.4598540145985,-0.05127550081477212,-0.9854936103219158,R,0.15,2026,Luke Weaver,MLB
596133,FF,482,95.25539419087137,18.7650622406639,-6.140663900414938,6.105197505197505,5.569190871369295,-1.39649377593361,2438.8755274261603,-0.400071926814551,-0.913634520954744,R,0.5127659574468085,2026,Luke Weaver,MLB
596142,EP,16,40.375,0.9899999999999999,8.7225,3.775,7.620625,-0.543125,1334.2,0.802187489922684,0.5885623393628586,R,1.0,2026,Gary Sánchez,MLB
596295,FC,23,87.47826086956522,12.860869565217392,1.4034782608695653,6.48695652173913,6.745652173913044,-1.6930434782608694,2255.608695652174,0.23632976912784653,-0.9668757941769925,L,0.4107142857142857,2026,Austin Gomber,MLB
596295,FF,17,90.57058823529412,16.087058823529414,-7.411764705882353,6.417647058823529,6.7570588235294125,-1.6511764705882352,2032.9411764705883,0.47220937247796935,-0.8793829854339537,L,0.30357142857142855,2026,Austin Gomber,MLB
596295,SL,16,82.1875,-0.8925000000000001,1.095,6.5375,6.64125,-1.721875,2080.375,-0.3323696735812625,0.7819516909602734,L,0.2857142857142857,2026,Austin Gomber,MLB
601713,CU,156,79.28589743589744,-14.618461538461538,6.835384615384615,6.768589743589744,6.679807692307692,-0.7760256410256411,2729.224358974359,0.4530217009725583,0.8869712696514045,R,0.2225392296718973,2026,Nick Pivetta,MLB
601713,FC,94,91.18404255319147,13.305957446808511,2.890212765957447,6.804255319148936,6.653191489361702,-0.9068085106382978,2363.5851063829787,0.03722816170917847,-0.9839658172369714,R,0.1340941512125535,2026,Nick Pivetta,MLB
601713,FF,370,94.03513513513514,20.065297297297295,-3.145945945945946,6.9105405405405405,6.684486486486487,-0.6424864864864864,2348.59891598916,-0.20497670732092366,-0.9739223294889587,R,0.5278174037089871,2026,Nick Pivetta,MLB
601713,ST,81,81.80987654320988,3.2325925925925922,12.242962962962963,6.722222222222222,6.604197530864198,-0.9808641975308642,2365.8395061728397,0.9328170160436311,0.22887064737383955,R,0.11554921540656206,2026,Nick Pivetta,MLB
605130,CU,206,76.21407766990292,-7.208155339805826,14.781553398058252,6.534951456310679,5.341796116504855,-2.4089320388349513,2509.893203883495,0.9131809827882618,0.3954156306274849,R,0.3360522022838499,2026,Scott Barlow,MLB
605130,FF,78,88.99102564102564,11.481538461538463,-3.806153846153846,6.737179487179487,5.187820512820513,-2.43525641025641,2317.102564102564,-0.6561080987735908,-0.7450152402721375,R,0.1272430668841762,2026,Scott Barlow,MLB
605130,SI,91,89.12307692307692,7.207912087912088,-13.875164835164837,6.752747252747253,5.213626373626374,-2.3815384615384616,2144.4615384615386,-0.6492848836722817,-0.707599278026596,R,0.14845024469820556,2026,Scott Barlow,MLB
605130,SL,23,82.4608695652174,1.6121739130434782,5.055652173913043,6.604347826086957,5.058695652173912,-2.7065217391304346,2459.7391304347825,0.7865846650500822,-0.5497421872165493,R,0.037520391517128875,2026,Scott Barlow,MLB
605130,ST,215,79.16232558139535,7.588465116279069,10.958511627906976,6.6032558139534885,4.998511627906977,-2.6596279069767443,2396.3255813953488,0.9800519325465543,0.01109421689066313,R,0.35073409461663946,2026,Scott Barlow,MLB
605135,CH,88,85.29431818181818,1.8504545454545456,-16.61181818181818,6.2727272727272725,5.223977272727272,-1.720681818181818,1819.8620689655172,-0.9347292318498578,-0.3432399339491439,R,0.04983012457531144,2026,Chris Bassitt,MLB
605135,CU,381,71.29763779527559,-12.720629921259844,16.208503937007873,6.315748031496064,5.617270341207349,-1.4322047244094487,2328.160104986877,0.7228776811302717,0.6856587933509621,R,0.21574178935447338,2026,Chris Bassitt,MLB
605135,FC,353,89.96090651558075,9.946062322946176,-1.9492351274787536,6.260339943342776,5.282804532577903,-1.6320113314447593,2154.7393767705385,-0.5978568635496982,-0.7889729250637498,R,0.19988674971687428,2026,Chris Bassitt,MLB
605135,FF,141,92.48936170212765,11.686808510638297,-7.182978723404255,6.260283687943263,5.254326241134752,-1.6282978723404256,2151.404255319149,-0.7237931643273865,-0.6841696164177602,R,0.079841449603624,2026,Chris Bassitt,MLB
605135,SI,647,92.30262751159196,5.756661514683153,-16.68964451313756,6.277125193199382,5.303183925811437,-1.6006027820710973,2116.3972179289026,-0.746720514309181,-0.6551139393798342,R,0.3663646659116648,2026,Chris Bassitt,MLB
605135,SL,50,81.054,-3.3383999999999996,8.0184,6.222,5.4374,-1.4956,2451.74,0.951725091917223,0.08121887034586958,R,0.028312570781426953,2026,Chris Bassitt,MLB
605135,ST,106,73.41132075471698,-0.78,18.757358490566038,6.09622641509434,5.025471698113208,-1.845566037735849,2389.009433962264,0.9362438741745953,0.3425023268978248,R,0.06002265005662514,2026,Chris Bassitt,MLB
605154,FF,43,92.44651162790697,15.686511627906976,-7.12186046511628,6.5,5.700232558139534,-1.9209302325581394,2270.3488372093025,-0.5585088766020322,-0.8265288096752529,R,0.46236559139784944,2026,John Brebbia,MLB
605154,SL,50,84.488,4.2432,6.468,6.626,5.792999999999999,-1.9724000000000002,2515.76,0.34974904414367897,-0.9070520464227484,R,0.5376344086021505,2026,John Brebbia,MLB
605182,CH,14,88.57857142857142,3.66,-8.768571428571429,6.614285714285714,5.656428571428571,-1.7650000000000001,1516.2142857142858,-0.7737248559853976,-0.63135053747261,R,0.358974358974359,2026,Mike Clevinger,MLB
605182,FF,25,95.98,16.5552,-6.696000000000001,6.5520000000000005,5.6096,-1.8692,2368.52,-0.4970376180128341,-0.8651144078837517,R,0.6410256410256411,2026,Mike Clevinger,MLB
605218,CH,16,88.74375,11.557500000000001,-14.0025,6.8125,6.395625,-2.13625,1789.3125,-0.4511079063767042,-0.8900009888347581,R,0.16161616161616163,2026,Carl Edwards Jr.,MLB
605218,CU,30,79.80333333333333,-11.744,6.656000000000001,6.6866666666666665,6.494666666666666,-2.0393333333333334,2257.2,0.43685752071501954,0.8903566687237405,R,0.30303030303030304,2026,Carl Edwards Jr.,MLB
605218,FF,53,92.45283018867924,18.72679245283019,2.8166037735849057,6.850943396226415,6.426792452830189,-2.1809433962264153,2539.698113207547,-0.1159078967122143,-0.989680038899489,R,0.5353535353535354,2026,Carl Edwards Jr.,MLB
605242,CH,35,87.60857142857144,3.582857142857143,-14.78742857142857,6.445714285714286,5.790857142857143,-2.842571428571429,1812.8285714285714,-0.8290122709924995,-0.5543794645688068,R,0.11627906976744186,2026,Michael Fulmer,MLB
605242,CU,11,79.71818181818182,-5.192727272727272,16.701818181818183,6.509090909090909,5.778181818181818,-2.7654545454545456,2704.3636363636365,0.8218599760866564,0.5658253928667162,R,0.036544850498338874,2026,Michael Fulmer,MLB
605242,FC,119,88.3689075630252,3.2147899159663864,6.1119327731092445,6.598319327731093,6.089075630252101,-2.23672268907563,2585.1008403361343,0.6331269191557437,-0.6948044307872658,R,0.3953488372093023,2026,Michael Fulmer,MLB
605242,FF,31,93.04516129032258,15.363870967741935,-2.5587096774193547,6.674193548387097,6.048064516129033,-2.007741935483871,2401.2903225806454,-0.34333272091126527,-0.9270451351667275,R,0.10299003322259136,2026,Michael Fulmer,MLB
605242,SI,29,93.57931034482759,10.204137931034483,-12.571034482758622,6.662068965517241,5.898620689655172,-2.4762068965517243,2348.8275862068967,-0.47566050321634873,-0.8766741218010595,R,0.09634551495016612,2026,Michael Fulmer,MLB
605242,ST,76,81.34342105263158,-3.126315789473684,17.71578947368421,6.473684210526316,5.947894736842105,-2.5161842105263155,2744.342105263158,0.8541969746752685,0.5151424898873048,R,0.25249169435215946,2026,Michael Fulmer,MLB
605280,CH,230,87.97652173913043,-1.3554782608695652,-8.997913043478261,5.859565217391305,6.311913043478261,-1.1532608695652173,842.7248908296943,-0.9730017913328557,-0.15390563438418534,R,0.1425914445133292,2026,Clay Holmes,MLB
605280,CU,111,81.1063063063063,-14.352432432432431,10.065945945945945,5.7342342342342345,6.427567567567568,-1.160990990990991,2950.090909090909,0.6713496220991674,0.7360368869335916,R,0.06881587104773713,2026,Clay Holmes,MLB
605280,FC,170,85.9735294117647,-1.2818823529411765,1.5550588235294118,5.810588235294118,6.443823529411765,-1.0388823529411764,2600.923529411765,0.40486170597120985,0.15584314573204083,R,0.10539367637941724,2026,Clay Holmes,MLB
605280,FF,17,92.9470588235294,10.567058823529411,-8.251764705882353,5.770588235294118,6.313529411764706,-1.0411764705882351,2217.0,-0.7648411493565179,-0.6377525891097493,R,0.010539367637941723,2026,Clay Holmes,MLB
605280,SI,789,93.05158428390367,2.20745247148289,-16.10250950570342,5.8,6.323447401774398,-1.1325475285171103,2119.939163498099,-0.8052351112452523,-0.5848223682070814,R,0.48915065096094235,2026,Clay Holmes,MLB
605280,ST,296,81.23412162162163,-3.7962162162162163,16.77891891891892,5.694594594594594,6.3643581081081075,-1.3658783783783783,2815.989864864865,0.6998960963895094,0.7027514980999061,R,0.18350898946063235,2026,Clay Holmes,MLB
605288,CH,282,85.31560283687944,4.4902127659574465,-13.263829787234043,6.716666666666667,5.712056737588652,-1.5201418439716312,1539.3510638297873,-0.8034560229682003,-0.5697600875978025,R,0.1558872305140962,2026,Adrian Houser,MLB
605288,CU,125,82.24239999999999,-9.44448,8.45088,6.6232,5.939439999999999,-1.256,1942.544,0.43161327924632487,0.8951672097390216,R,0.06909894969596463,2026,Adrian Houser,MLB
605288,FF,379,95.7250659630607,14.580158311345647,-8.830606860158312,6.679419525065963,5.893007915567281,-1.2649604221635884,2280.549071618037,-0.6336640100139238,-0.7605369943753838,R,0.20950801547816472,2026,Adrian Houser,MLB
605288,SI,837,94.87658303464755,7.5215770609319,-16.101075268817205,6.723775388291518,5.747921146953405,-1.3962724014336918,2201.4814814814813,-0.6917080089687253,-0.7163490299151435,R,0.4626865671641791,2026,Adrian Houser,MLB
605288,SL,186,88.40752688172043,4.34,2.1606451612903226,6.773118279569892,5.710591397849463,-1.493279569892473,2401.1129032258063,0.302936934653774,-0.8612134359622856,R,0.10281923714759536,2026,Adrian Houser,MLB
605335,CH,27,79.74814814814815,7.328888888888889,-10.76,6.525925925925925,6.165925925925926,-0.8737037037037036,1441.5185185185185,0.6689099916047612,-0.73818568965403,L,0.313953488372093,2026,Brandon Leibrandt,MLB
605335,FF,23,87.8913043478261,17.95826086956522,-4.8365217391304345,6.391304347826087,6.152608695652174,-0.9400000000000001,2196.391304347826,0.3867346597114276,-0.9171846397770856,L,0.26744186046511625,2026,Brandon Leibrandt,MLB
605335,SI,14,87.86428571428571,15.54857142857143,-10.637142857142857,6.464285714285714,6.136428571428572,-0.9707142857142858,2116.6428571428573,0.384095889111017,-0.9208777306071116,L,0.16279069767441862,2026,Brandon Leibrandt,MLB
605335,SL,22,83.94545454545454,6.141818181818182,4.821818181818181,6.390909090909091,6.027727272727273,-1.1527272727272726,2350.909090909091,-0.008608173279019525,-0.953994390259006,L,0.2558139534883721,2026,Brandon Leibrandt,MLB
605397,FF,10,95.61999999999999,15.672,-6.0600000000000005,5.99,6.327,-1.159,2731.8,-0.5952823172599175,-0.8015758695139057,R,1.0,2026,Joe Musgrove,MLB
605400,CH,502,85.61155378486056,2.986613545816733,-14.56804780876494,6.893227091633467,4.820856573705179,-1.9791434262948207,1557.4820717131474,-0.9417189565784152,-0.3241299609462231,R,0.16389160953313744,2026,Aaron Nola,MLB
605400,FC,235,86.21531914893616,7.706553191489362,0.6209361702127659,6.87531914893617,4.9812765957446805,-1.8928510638297873,2293.4851063829788,-0.41856960894089806,-0.8818313400333769,R,0.07672216780933726,2026,Aaron Nola,MLB
605400,FF,733,92.26780354706685,14.629849931787176,-12.745047748976809,6.932332878581173,4.949549795361528,-1.8790859481582536,2353.130968622101,-0.742327974799005,-0.666739653772995,R,0.23930786810316684,2026,Aaron Nola,MLB
605400,KC,1011,78.35845697329377,-10.330919881305638,14.776854599406528,6.748961424332344,5.103550939663699,-1.8358160237388723,2627.454005934718,0.8170162593575646,0.5728048941561339,R,0.33006856023506365,2026,Aaron Nola,MLB
605400,SI,561,91.59358288770053,8.235721925133689,-17.32620320855615,6.989126559714795,4.918288770053476,-1.852602495543672,2271.6773618538323,-0.7604746729311658,-0.6440218922283886,R,0.1831537708129285,2026,Aaron Nola,MLB
605400,SL,21,83.16190476190476,-0.5485714285714286,3.502857142857143,6.990476190476191,5.019047619047619,-1.8280952380952382,2312.1428571428573,0.9307685849387222,0.1693996829626792,R,0.0068560235063663075,2026,Aaron Nola,MLB
605447,FF,281,93.75622775800711,17.415373665480427,-2.8667615658362986,7.427046263345196,6.049217081850534,-1.6228469750889678,2306.491103202847,-0.2898072574951942,-0.9449147319738289,R,0.41384388807069217,2026,Jordan Romano,MLB
605447,FS,10,86.62,13.032,-11.352,7.55,5.828,-1.6969999999999998,1646.8,-0.34912881417337327,-0.7723826641588262,R,0.014727540500736377,2026,Jordan Romano,MLB
605447,SL,388,83.9311855670103,-4.115876288659794,2.7850515463917525,7.2069587628865985,6.031597938144331,-1.871262886597938,2144.569587628866,0.8491255564885964,0.43201997337212267,R,0.5714285714285714,2026,Jordan Romano,MLB
605452,CU,13,83.91538461538462,-4.0430769230769235,1.6707692307692308,6.6461538461538465,5.635384615384615,-2.8815384615384616,2099.6923076923076,0.7703189694665008,0.6307627711431845,R,0.06341463414634146,2026,Joe Ross,MLB
605452,FF,41,95.23658536585367,13.86439024390244,-6.474146341463414,6.580487804878049,5.709024390243902,-2.5168292682926827,2154.3658536585367,-0.6010742083726738,-0.7962760952423376,R,0.2,2026,Joe Ross,MLB
605452,FS,42,90.39761904761905,5.885714285714286,-13.605714285714285,6.742857142857143,5.671666666666667,-2.1142857142857143,1478.5,-0.8032788573878797,-0.5902908891955003,R,0.2048780487804878,2026,Joe Ross,MLB
605452,SI,50,95.46799999999999,9.7872,-14.292,6.586,5.76,-2.0132,2141.44,-0.6049231830175923,-0.793503768542417,R,0.24390243902439024,2026,Joe Ross,MLB
605452,SL,59,89.44406779661017,5.420338983050848,2.0908474576271185,6.603389830508475,5.592372881355932,-2.6559322033898303,1934.7627118644068,-0.311286063907358,-0.9338953205481003,R,0.28780487804878047,2026,Joe Ross,MLB
605483,CH,145,84.84413793103448,8.170758620689655,-13.097379310344829,6.715862068965517,6.428137931034483,-2.1851724137931035,1816.7379310344827,0.7640966191091472,-0.6422572872300667,L,0.17448856799037304,2026,Blake Snell,MLB
605483,CU,188,79.99787234042553,-8.924042553191489,13.549148936170212,6.629787234042554,6.606170212765957,-1.8492553191489363,2447.0478723404253,-0.561162109908552,0.8242257018701408,L,0.22623345367027678,2026,Blake Snell,MLB
605483,FF,405,96.12641975308641,18.598518518518517,-5.492444444444445,6.7518518518518515,6.588740740740741,-1.9360246913580248,2490.316049382716,0.4134333983784114,-0.9089070357910265,L,0.48736462093862815,2026,Blake Snell,MLB
605483,SL,93,88.90537634408602,6.901935483870968,3.793548387096774,6.648387096774193,6.568172043010753,-1.9647311827956988,2367.1720430107525,0.07329616869403775,-0.9840576591170352,L,0.11191335740072202,2026,Blake Snell,MLB
605488,CH,624,79.52564102564102,6.707692307692308,-12.829038461538461,6.171589085072231,6.233076923076923,-2.326394230769231,1380.3844911147012,0.8167836780122575,-0.5737021678633631,L,0.2501002004008016,2026,Jeffrey Springs,MLB
605488,FC,107,87.58691588785047,9.800747663551402,-1.392897196261682,6.275471698113208,6.149813084112149,-2.2465420560747664,2211.0096153846152,0.20566197677125378,-0.9683199677036629,L,0.04288577154308617,2026,Jeffrey Springs,MLB
605488,FF,1077,91.34428969359331,16.7091922005571,-9.844456824512534,6.575720930232558,6.044902506963788,-2.1225626740947074,2145.3520074696544,0.5726829451908043,-0.815309376983416,L,0.4316633266533066,2026,Jeffrey Springs,MLB
605488,SL,541,84.17393715341959,2.12007393715342,3.975083179297597,6.243333333333333,6.12460258780037,-2.323419593345656,2272.3752310536042,-0.5446623833907195,-0.6409333049423735,L,0.21683366733466933,2026,Jeffrey Springs,MLB
605488,ST,146,77.56301369863014,0.9394520547945205,12.526849315068494,6.162328767123288,5.942876712328767,-2.5955479452054795,2280.2602739726026,-0.8607975213122783,0.4340576777314102,L,0.05851703406813627,2026,Jeffrey Springs,MLB
605540,CH,136,82.35073529411765,8.205,-15.617647058823529,6.563970588235295,5.830808823529412,-1.6159558823529412,1774.0735294117646,-0.7075723661738919,-0.7043215486355385,R,0.21451104100946372,2026,Brandon Woodruff,MLB
605540,CU,28,76.15357142857144,-11.352857142857143,5.948571428571428,6.432142857142857,5.990714285714286,-1.5092857142857141,2563.9285714285716,0.7032959507518527,0.703123222162949,R,0.04416403785488959,2026,Brandon Woodruff,MLB
605540,FC,66,88.46363636363637,11.996363636363636,2.4254545454545458,6.431818181818182,5.964393939393939,-1.4507575757575757,2376.212121212121,-0.15117985971675846,-0.9769096504236546,R,0.10410094637223975,2026,Brandon Woodruff,MLB
605540,FF,281,91.82313167259787,17.97864768683274,-4.498505338078291,6.444128113879003,5.997544483985765,-1.442811387900356,2336.491103202847,-0.37672098896647876,-0.9231749212257646,R,0.443217665615142,2026,Brandon Woodruff,MLB
605540,SI,123,92.40162601626015,14.127804878048781,-14.317073170731707,6.5008130081300814,5.9070731707317075,-1.4790243902439024,2282.869918699187,-0.465570298666222,-0.882224116998316,R,0.19400630914826497,2026,Brandon Woodruff,MLB
606115,EP,11,48.14545454545455,14.323636363636364,-1.0472727272727271,3.8545454545454545,6.811818181818182,-1.8045454545454547,1302.4545454545455,-0.4329854968698419,-0.87823122581618,R,1.0,2026,Orlando Arcia,MLB
606303,FF,75,94.07733333333334,14.088,-4.5680000000000005,6.102666666666667,5.620266666666667,-2.408666666666667,2429.1066666666666,-0.603469528754384,-0.7864334010249167,R,0.39473684210526316,2026,Joel Payamps,MLB
606303,SI,24,93.53750000000001,8.57,-13.195,6.095833333333334,5.671250000000001,-2.2825,2322.5833333333335,-0.5245785926114421,-0.7787685767818867,R,0.12631578947368421,2026,Joel Payamps,MLB
606303,ST,91,84.13736263736264,1.1406593406593406,12.65010989010989,5.960439560439561,5.476043956043956,-2.606263736263736,2788.296703296703,0.738522569018503,0.6390911928861841,R,0.4789473684210526,2026,Joel Payamps,MLB
606965,CH,59,82.61864406779661,0.7342372881355932,-15.52271186440678,6.31864406779661,6.15135593220339,-0.09305084745762712,1596.457627118644,-0.8599775480427772,-0.5046704216439534,R,0.4645669291338583,2026,Chris Devenski,MLB
606965,FF,53,92.86603773584905,16.526037735849055,-10.743396226415094,6.235849056603773,6.200377358490566,-0.19056603773584904,2320.490566037736,-0.6376785106741533,-0.768134604033604,R,0.41732283464566927,2026,Chris Devenski,MLB
606965,ST,15,78.11999999999999,-0.9760000000000001,15.456,6.3133333333333335,6.078,-0.43533333333333335,2338.6,0.8535108465438604,0.5051869496671962,R,0.11811023622047244,2026,Chris Devenski,MLB
606996,FF,95,94.04526315789472,14.820631578947369,-8.242105263157894,6.432631578947369,5.634421052631579,-1.9669473684210528,2270.136842105263,0.6774935492335526,-0.7296519620645318,L,0.08707607699358387,2026,Kyle Hart,MLB
606996,FS,219,85.44794520547944,-2.25041095890411,-8.16054794520548,6.366666666666666,5.672648401826484,-1.9722374429223746,1119.1826484018266,0.956881453095849,0.06155022000293057,L,0.20073327222731438,2026,Kyle Hart,MLB
606996,SI,348,93.67816091954023,8.167586206896551,-16.070344827586208,6.429597701149425,5.615,-1.8279885057471263,2140.094827586207,0.6885544543755795,-0.7217455495839871,L,0.31897341888175984,2026,Kyle Hart,MLB
606996,SL,154,89.16298701298702,6.010909090909091,2.9657142857142857,6.242207792207792,5.70551948051948,-2.146103896103896,2426.0324675324673,-0.002930278059381553,-0.9035499426836487,L,0.14115490375802017,2026,Kyle Hart,MLB
606996,ST,275,83.21927272727272,1.2549818181818182,16.292945454545457,6.0876363636363635,5.587490909090909,-2.3539636363636363,2753.6459854014597,-0.8990527355185092,0.4041246207979228,L,0.2520623281393217,2026,Kyle Hart,MLB
607067,CH,419,87.75513126491647,-1.4010501193317422,-12.267780429594271,6.6181384248210025,5.489093078758949,-1.6202625298329356,1391.3245823389022,-0.9494462920103028,-0.30535004370104374,R,0.18193660442900564,2026,Colin Rea,MLB
607067,CU,130,80.05,-7.561846153846154,10.41323076923077,6.430769230769231,5.649538461538461,-1.5748461538461538,2191.3,0.8425374994762086,0.5330622634314587,R,0.05644811115935736,2026,Colin Rea,MLB
607067,FC,139,87.31294964028777,6.345323741007194,4.256115107913669,6.564492753623188,5.477697841726618,-1.5876258992805756,2189.6187050359713,0.1441434465973851,-0.9629564449615008,R,0.060356057316543636,2026,Colin Rea,MLB
607067,FF,965,93.84445595854922,13.424082901554405,-8.619854922279792,6.693672199170124,5.460155440414508,-1.5629326424870467,2174.8,-0.6314042676927087,-0.769768294036609,R,0.41901867129830656,2026,Colin Rea,MLB
607067,SI,196,92.54591836734694,8.984081632653062,-13.632857142857143,6.677040816326531,5.463826530612245,-1.5435714285714286,2132.423469387755,-0.5554005047795292,-0.8200710450766975,R,0.0851063829787234,2026,Colin Rea,MLB
607067,SL,252,86.21706349206349,-0.5085714285714286,3.3633333333333337,6.610714285714286,5.465,-1.5722619047619046,2129.2261904761904,0.9074944239067312,-0.20611064627343648,R,0.1094224924012158,2026,Colin Rea,MLB
607067,ST,202,82.92376237623762,1.8297029702970298,15.352277227722771,6.561194029850746,5.445841584158416,-1.6176237623762375,2438.831683168317,0.9268664764061765,0.34087992365612946,R,0.08771168041684758,2026,Colin Rea,MLB
607074,CH,209,85.23971291866027,5.398277511961722,-11.698564593301436,6.2564593301435405,6.2164593301435405,-2.4033971291866028,1634.267942583732,0.6120384914857016,-0.7851507989259493,L,0.14534075104311545,2026,Carlos Rodón,MLB
607074,CU,24,78.97083333333333,-13.79,7.36,6.166666666666667,6.44875,-2.06,2772.5416666666665,-0.5642107796947344,0.8235427326722999,L,0.016689847009735744,2026,Carlos Rodón,MLB
607074,FF,661,94.34523449319212,18.306989409984872,-8.412889561270802,6.155219364599092,6.43195158850227,-2.1625869894099847,2375.4720121028745,0.5197062669084652,-0.8520237512208237,L,0.45966620305980527,2026,Carlos Rodón,MLB
607074,SI,178,93.36235955056179,8.354831460674157,-14.267191011235955,6.116853932584269,6.304494382022472,-2.397865168539326,2262.129213483146,0.6255021814354391,-0.7640393388383058,L,0.12378303198887343,2026,Carlos Rodón,MLB
607074,SL,366,86.1379781420765,-1.258688524590164,5.555737704918033,5.9866120218579235,6.1847540983606555,-2.575,2644.1830601092897,-0.7412478964907834,0.3004911557485468,L,0.2545201668984701,2026,Carlos Rodón,MLB
607192,CU,62,83.79516129032258,-14.616774193548387,2.5219354838709678,7.245161290322581,6.233225806451612,-1.2851612903225809,2861.8064516129034,0.3478475018066312,0.9335718537421506,R,0.050121261115602264,2026,Tyler Glasnow,MLB
607192,FF,433,95.459584295612,16.11214780600462,-0.6146882217090069,7.493764434180139,6.051778290993072,-1.393556581986143,2515.35103926097,-0.1853115202313061,-0.978477076318173,R,0.35004042037186744,2026,Tyler Glasnow,MLB
607192,KC,276,80.63913043478261,-15.999130434782609,7.059130434782609,7.184420289855073,6.185652173913043,-1.3566304347826088,2811.4202898550725,0.32523543461933413,0.9430637400327401,R,0.2231204527081649,2026,Tyler Glasnow,MLB
607192,SI,247,95.75222672064777,14.284858299595141,-10.773765182186235,7.5234817813765185,6.021821862348179,-1.4264372469635627,2488.6315789473683,-0.211823301822216,-0.9658581332553516,R,0.19967663702506064,2026,Tyler Glasnow,MLB
607192,SL,219,89.81506849315069,2.185205479452055,4.17095890410959,7.3744292237442925,5.969041095890411,-1.6626940639269405,2629.054794520548,0.6189916503886302,-0.44378420520689893,R,0.17704122877930478,2026,Tyler Glasnow,MLB
607200,CH,273,88.7992673992674,3.3854945054945054,-10.465494505494505,6.557509157509157,5.825274725274725,-1.5417582417582416,1847.3076923076924,-0.7347289243810163,-0.6682083061134132,R,0.11156518185533307,2026,Erick Fedde,MLB
607200,FC,450,91.32400000000001,6.9256,2.0986666666666665,6.588641425389755,5.920355555555555,-1.2785111111111112,2149.5077951002227,-0.17073603688090505,-0.9622119227792494,R,0.18389865140988967,2026,Erick Fedde,MLB
607200,FF,29,94.4448275862069,11.097931034482759,-5.3999999999999995,6.572413793103448,5.886206896551724,-1.3024137931034483,2104.6206896551726,-0.5294659361899094,-0.8414747570339266,R,0.011851246424192888,2026,Erick Fedde,MLB
607200,SI,751,94.07243675099866,8.520319573901466,-8.807616511318242,6.640612516644475,5.990119840213049,-1.1403328894806923,2066.4926764314246,-0.4144905892888102,-0.9034714978051636,R,0.3069064160196159,2026,Erick Fedde,MLB
607200,ST,944,82.20444915254237,0.7288983050847458,15.504661016949152,6.559533898305085,5.769798728813559,-1.523675847457627,2529.4120762711864,0.8852791382737372,0.43873569367819915,R,0.38577850429096855,2026,Erick Fedde,MLB
607259,CH,671,78.24172876304023,3.174366616989568,-12.283636363636363,5.985650224215247,6.1941281669150525,-1.556661698956781,1856.9805680119582,-0.9441003577151778,-0.308637391236116,R,0.2576804915514593,2026,Nick Martinez,MLB
607259,CU,113,79.92654867256638,-14.463716814159293,0.9292035398230089,5.886725663716814,6.151681415929203,-1.4623008849557524,2508.4424778761063,0.2024605014874674,0.9760484691091714,R,0.043394777265745005,2026,Nick Martinez,MLB
607259,FC,577,89.1313691507799,11.143570190641247,1.1758752166377817,5.907986111111111,5.999445407279029,-1.7498093587521664,2322.456597222222,-0.36100249406101836,-0.9251784077256391,R,0.2215821812596006,2026,Nick Martinez,MLB
607259,FF,325,92.70123076923078,16.791138461538463,-6.1355076923076926,5.917230769230769,6.008307692307692,-1.6970461538461536,2264.273846153846,-0.4794547162313875,-0.8739201305972129,R,0.12480798771121351,2026,Nick Martinez,MLB
607259,SI,821,92.3747868453106,12.382509135200975,-15.278733252131547,5.953968253968254,5.984579780755177,-1.6874908647990257,2297.3015873015875,-0.473343164788237,-0.878627902523589,R,0.315284178187404,2026,Nick Martinez,MLB
607259,SL,97,85.14432989690722,3.0989690721649485,1.2865979381443298,5.938144329896907,6.0093814432989685,-1.6762886597938145,2398.278350515464,-0.10502151381294991,-0.6004972233062211,R,0.037250384024577574,2026,Nick Martinez,MLB
607455,CH,39,87.25897435897436,3.741538461538461,-14.24,6.446153846153846,5.42948717948718,-2.6999999999999997,1370.128205128205,0.968229059242571,-0.23635954273353668,L,0.061806656101426306,2026,Anthony Banda,MLB
607455,FF,172,94.53720930232558,14.873023255813953,-10.99953488372093,6.301162790697674,5.580290697674419,-2.523953488372093,2133.8488372093025,0.7221520942220262,-0.6873863927419852,L,0.27258320126782887,2026,Anthony Banda,MLB
607455,SI,162,94.61234567901235,10.345185185185185,-15.91851851851852,6.369135802469136,5.511604938271605,-2.5375308641975307,2076.5185185185187,0.714374261893121,-0.6878945398543368,L,0.25673534072900156,2026,Anthony Banda,MLB
607455,SL,258,84.53488372093024,-1.5893023255813954,8.915813953488373,6.258527131782946,5.417054263565891,-2.6725581395348836,2119.767441860465,-0.6727132406570563,0.6769015925536279,L,0.40887480190174325,2026,Anthony Banda,MLB
607481,CU,71,80.1830985915493,-7.434929577464788,12.292394366197183,6.529577464788733,5.27887323943662,-2.118732394366197,2299.2676056338028,-0.8742472237279947,0.479562156905381,L,0.2113095238095238,2026,Aaron Bummer,MLB
607481,FC,36,87.65,8.366666666666667,-0.9466666666666667,6.441666666666666,4.9925,-2.2416666666666667,2162.6111111111113,0.6439129158597037,-0.7434746365238136,L,0.10714285714285714,2026,Aaron Bummer,MLB
607481,FF,27,90.64444444444445,10.84888888888889,-8.662222222222223,6.488888888888888,4.9725925925925925,-2.14962962962963,2175.037037037037,0.8449541630744476,-0.529532164724806,L,0.08035714285714286,2026,Aaron Bummer,MLB
607481,SI,130,90.31538461538462,0.11723076923076922,-14.31230769230769,6.496153846153846,4.931692307692308,-2.153076923076923,1995.4923076923078,0.8918913525330326,-0.44347750858850365,L,0.3869047619047619,2026,Aaron Bummer,MLB
607481,ST,72,80.54444444444444,0.03166666666666664,13.536666666666667,6.455555555555556,5.049444444444444,-2.2094444444444443,2302.4861111111113,-0.8967706288146489,0.42604936054805415,L,0.21428571428571427,2026,Aaron Bummer,MLB
607536,CH,307,86.1869706840391,5.108794788273616,-12.586319218241043,6.488599348534202,5.79156351791531,-2.655732899022801,1648.1693811074917,0.8365503071630098,-0.5270310886406351,L,0.13644444444444445,2026,Kyle Freeland,MLB
607536,FC,469,87.67014925373135,8.707036247334754,1.0595309168443496,6.556716417910447,5.708422174840085,-2.7637526652452027,2372.914712153518,0.4687256119221987,-0.8568967047960118,L,0.20844444444444443,2026,Kyle Freeland,MLB
607536,FF,528,91.34488636363636,14.066590909090909,-7.196363636363636,6.596401515151515,5.8517613636363635,-2.575284090909091,2376.806818181818,0.6382508408882744,-0.7587182731243287,L,0.23466666666666666,2026,Kyle Freeland,MLB
607536,KC,497,82.4605633802817,-4.764989939637827,0.17915492957746476,6.5603621730382295,5.776197183098591,-2.6079476861167006,2361.4084507042253,-0.5101168184906679,0.8311145509984895,L,0.22088888888888888,2026,Kyle Freeland,MLB
607536,SI,224,91.13303571428571,7.151785714285714,-14.31,6.585714285714286,5.707276785714286,-2.707767857142857,2311.066964285714,0.6884874805282682,-0.7133618460317106,L,0.09955555555555555,2026,Kyle Freeland,MLB
607536,ST,225,82.71155555555555,-3.3269333333333337,8.581333333333333,6.5377777777777775,5.7354666666666665,-2.739111111111111,2315.5244444444443,-0.5767223845930034,0.7755647833120699,L,0.1,2026,Kyle Freeland,MLB
607625,CH,262,85.11793893129772,3.0123664122137406,-15.643053435114503,5.903435114503817,5.398664122137404,-1.910229007633588,1728.0229007633588,-0.9016440347624082,-0.41397941420311235,R,0.0891156462585034,2026,Seth Lugo,MLB
607625,CS,64,69.2125,-2.37375,15.339375,5.80625,5.2046875,-2.138125,2507.65625,0.8721892784788685,0.40787983633159125,R,0.021768707482993196,2026,Seth Lugo,MLB
607625,CU,438,77.29794520547945,-13.082465753424657,16.053424657534247,5.575570776255708,5.564041095890412,-1.9376027397260274,3197.8972602739727,0.7506476021233672,0.6501844594657407,R,0.1489795918367347,2026,Seth Lugo,MLB
607625,FC,466,89.8324034334764,11.88077253218884,-0.45373390557939913,5.87038626609442,5.618133047210301,-1.9559871244635194,2348.5536480686696,-0.44526994059459407,-0.8848054849975513,R,0.15850340136054422,2026,Seth Lugo,MLB
607625,FF,487,91.67597535934291,15.266611909650925,-8.94258726899384,5.95687885010267,5.511806981519507,-1.8256673511293635,2275.2895277207394,-0.6429280032218709,-0.7584388754470859,R,0.16564625850340137,2026,Seth Lugo,MLB
607625,SI,579,91.42953367875647,7.901761658031088,-16.409326424870468,6.007599309153713,5.290569948186528,-1.8734369602763385,2336.3512110726642,-0.7193023972617776,-0.6890044204746664,R,0.19693877551020408,2026,Seth Lugo,MLB
607625,SL,270,84.32703703703703,0.9973333333333334,4.990222222222222,5.796296296296297,5.645222222222222,-1.8456296296296295,2670.107407407407,0.8347732949021442,-0.30935366124621055,R,0.09183673469387756,2026,Seth Lugo,MLB
607625,ST,331,79.1679758308157,-0.2555891238670695,17.27238670694864,5.648036253776435,5.347069486404834,-2.1278851963746224,2907.6042296072505,0.8855764622761108,0.4414113897146416,R,0.11258503401360544,2026,Seth Lugo,MLB
607625,SV,43,77.38604651162791,-5.919069767441861,17.151627906976742,5.611627906976745,5.51906976744186,-2.1111627906976747,2921.3255813953488,0.8042379303048139,0.5783965959077679,R,0.014625850340136054,2026,Seth Lugo,MLB
608032,CH,14,81.55,4.92,-13.397142857142857,6.007142857142857,6.064285714285715,-2.450714285714286,1473.7857142857142,-0.8254447567516602,-0.5398682731414446,R,0.2153846153846154,2026,Carlos Estévez,MLB
608032,FF,35,90.32857142857142,16.44342857142857,-9.305142857142858,6.017142857142857,5.988857142857143,-2.482857142857143,2081.2571428571428,-0.5362909761031116,-0.8395165131778662,R,0.5384615384615384,2026,Carlos Estévez,MLB
608032,SL,16,82.5875,2.7375,5.2425,5.79375,6.155625,-2.35,2057.0625,0.4064373549361094,-0.8842695282443283,R,0.24615384615384617,2026,Carlos Estévez,MLB
608331,CH,216,85.55,4.670555555555556,-15.043888888888889,6.656018518518518,5.633194444444444,-1.5100462962962964,1639.412037037037,0.7721199286857838,-0.6292333645744499,L,0.12040133779264214,2026,Max Fried,MLB
608331,CU,242,73.6603305785124,-16.84512396694215,10.439008264462808,6.358677685950413,6.095495867768594,-1.118884297520661,2812.9586776859505,-0.5337423821840244,0.84266366904899,L,0.13489409141583056,2026,Max Fried,MLB
608331,FC,405,91.84666666666666,7.133629629629629,2.300740740740741,6.422716049382716,5.8599753086419755,-1.2483456790123457,2294.525925925926,0.24508867315818056,-0.9384965565743117,L,0.225752508361204,2026,Max Fried,MLB
608331,FF,320,94.87875,16.286250000000003,-3.4425,6.5703125,6.02946875,-0.8596875,2123.196875,0.4378590000080246,-0.8955416314634427,L,0.17837235228539577,2026,Max Fried,MLB
608331,SI,361,93.10581717451522,4.160775623268698,-10.297396121883656,6.521052631578947,5.829695290858726,-1.2893074792243768,2069.1662049861498,0.5335161911398028,-0.8390116035369474,L,0.20122630992196208,2026,Max Fried,MLB
608331,SL,16,85.86875,-0.045000000000000054,3.015,6.46875,5.734375,-1.320625,2309.125,-0.5072803832330772,-0.43230380959268094,L,0.008918617614269788,2026,Max Fried,MLB
608331,ST,234,79.82307692307691,-4.533846153846154,17.437948717948718,6.290170940170941,5.709957264957264,-1.5822649572649572,2773.068376068376,-0.7733606367778937,0.6041565114136966,L,0.13043478260869565,2026,Max Fried,MLB
608334,CH,10,85.0,2.4,-13.776000000000002,6.05,5.647,-2.3920000000000003,1364.4,-0.9095544086856503,-0.41065023112646754,R,0.5,2026,Carson Fulmer,MLB
608334,SI,10,90.41,8.184000000000001,-13.116,6.029999999999999,5.688,-2.3449999999999998,2161.1,-0.6516169360515858,-0.7549004761782508,R,0.5,2026,Carson Fulmer,MLB
608337,CH,191,78.9869109947644,13.843350785340315,-11.55455497382199,7.020942408376963,6.250942408376964,-1.3963874345549736,1541.3507853403141,-0.6614642100269281,-0.747164249582185,R,0.3466424682395644,2026,Lucas Giolito,MLB
608337,CU,37,76.88108108108108,-13.144864864864866,3.278918918918919,6.7405405405405405,6.412702702702703,-1.5135135135135136,2226.2432432432433,0.2569768221486983,0.9644142701536315,R,0.06715063520871144,2026,Lucas Giolito,MLB
608337,FF,229,90.79912663755458,17.85170305676856,-6.562270742358079,7.008333333333334,6.323056768558952,-1.3168558951965066,2143.7292576419213,-0.38666037241693624,-0.9206777090488458,R,0.41560798548094374,2026,Lucas Giolito,MLB
608337,SL,94,83.16595744680852,5.286382978723404,3.0906382978723403,6.841489361702128,6.286702127659575,-1.6320212765957447,1827.8829787234042,-0.12125824740441515,-0.9289697804612078,R,0.1705989110707804,2026,Lucas Giolito,MLB
608344,CH,22,82.04090909090908,6.48,-11.765454545454547,6.372727272727272,5.910454545454545,-1.7850000000000001,1419.9545454545455,0.852832794473938,-0.5162757078623159,L,0.23157894736842105,2026,Cole Irvin,MLB
608344,FC,29,84.9551724137931,5.110344827586206,1.2082758620689655,6.296551724137931,5.9272413793103444,-1.736551724137931,1981.2758620689656,0.3887577393143847,-0.8031057484543188,L,0.30526315789473685,2026,Cole Irvin,MLB
608344,FF,21,90.78095238095239,14.337142857142856,-9.754285714285714,6.323809523809524,6.06,-1.5495238095238095,1966.857142857143,0.6949711754109852,-0.716085902744951,L,0.22105263157894736,2026,Cole Irvin,MLB
608344,SI,23,89.93478260869566,10.888695652173913,-14.52,6.313043478260869,6.063478260869566,-1.587391304347826,1961.7391304347825,0.6568168054469703,-0.7510368318398196,L,0.24210526315789474,2026,Cole Irvin,MLB
608371,CU,13,82.3153846153846,-7.615384615384615,10.218461538461538,5.861538461538462,5.7700000000000005,-1.0346153846153847,3039.6923076923076,0.8100592217263581,0.5690206662895666,R,0.07262569832402235,2026,Lucas Sims,MLB
608371,FF,84,94.16428571428571,16.378571428571426,-6.27,5.896428571428571,5.763690476190476,-1.2566666666666666,2537.4166666666665,-0.38413793509692357,-0.9193294751313869,R,0.4692737430167598,2026,Lucas Sims,MLB
608371,SL,45,85.70222222222222,6.640000000000001,7.733333333333333,5.886666666666666,5.6675555555555555,-1.3786666666666667,2942.6222222222223,0.960411645604673,-0.02547714280023139,R,0.25139664804469275,2026,Lucas Sims,MLB
608371,ST,37,85.05135135135136,3.635675675675676,14.062702702702705,5.827027027027027,5.651351351351352,-1.4951351351351352,2993.5405405405404,0.9396709779528176,0.23340842386170044,R,0.20670391061452514,2026,Lucas Sims,MLB
608372,CU,209,79.86842105263158,-9.375502392344497,6.566124401913875,6.180382775119617,6.01578947368421,-2.4776076555023927,2702.444976076555,0.7328656910667465,0.6726572195646204,R,0.08026113671274962,2026,Tomoyuki Sugano,MLB
608372,FC,286,89.01608391608391,5.65972027972028,1.3166433566433566,6.1901754385964916,5.915454545454545,-2.6383216783216783,2489.157894736842,-0.11965577845090374,-0.9511725463665989,R,0.1098310291858679,2026,Tomoyuki Sugano,MLB
608372,FF,541,92.56765249537892,14.69079482439926,-5.627800369685767,6.222490706319702,5.923974121996303,-2.632144177449168,2415.5260223048326,-0.5222925164161928,-0.8487240131330736,R,0.20775729646697388,2026,Tomoyuki Sugano,MLB
608372,FS,550,86.88909090909091,5.562545454545455,-10.612145454545455,6.3095063985374775,5.961527272727273,-2.5315454545454545,1654.9890310786107,-0.6526022163734351,-0.7508260594879222,R,0.21121351766513058,2026,Tomoyuki Sugano,MLB
608372,SI,487,92.49979466119096,10.890924024640658,-13.066201232032853,6.2435950413223145,5.889774127310062,-2.6235728952772077,2300.619834710744,-0.5421322583158404,-0.8372351959854293,R,0.1870199692780338,2026,Tomoyuki Sugano,MLB
608372,SL,243,85.42345679012347,-0.17777777777777778,3.554074074074074,6.210288065843621,5.976131687242798,-2.5265432098765435,2596.9300411522636,0.8407176895574173,-0.11922033082381107,R,0.09331797235023041,2026,Tomoyuki Sugano,MLB
608372,ST,288,83.74375,2.0683333333333334,8.929583333333333,6.177777777777778,5.891631944444445,-2.668576388888889,2587.3333333333335,0.913815591497549,0.3183784725356103,R,0.11059907834101383,2026,Tomoyuki Sugano,MLB
608379,CH,774,80.65038759689922,7.09875968992248,-13.188527131782946,6.677390180878553,6.701886304909561,-1.992842377260982,1531.7015503875969,-0.8758857769272148,-0.4704054099281341,R,0.248395378690629,2026,Michael Wacha,MLB
608379,CU,304,75.92105263157895,-11.981052631578947,11.754868421052631,6.613157894736842,6.5649671052631575,-2.153815789473684,2262.217105263158,0.45418032752785764,0.8824556413972874,R,0.0975609756097561,2026,Michael Wacha,MLB
608379,FC,468,89.4361111111111,10.214615384615383,1.6684615384615384,6.769871794871795,6.410811965811966,-2.2409615384615384,2154.1111111111113,-0.2168314262223897,-0.9692329249115287,R,0.15019255455712452,2026,Michael Wacha,MLB
608379,FF,869,93.14660529344073,18.04446490218642,-5.589044879171461,6.705063291139241,6.619896432681243,-1.9296777905638665,2152.9689298043727,-0.38631840475514473,-0.919453670744037,R,0.2788831835686778,2026,Michael Wacha,MLB
608379,SI,428,93.175,15.502429906542057,-11.943084112149533,6.757009345794392,6.516822429906542,-1.9585981308411213,2066.607476635514,-0.45385981824267374,-0.8880311284883547,R,0.13735558408215662,2026,Michael Wacha,MLB
608379,SL,273,84.86739926739926,3.5402197802197803,3.163956043956044,6.7736263736263735,6.4879487179487185,-2.0672893772893772,2020.7728937728937,0.23001054301279594,-0.6789998802093015,R,0.08761232349165597,2026,Michael Wacha,MLB
608566,CH,29,86.9551724137931,6.790344827586207,-13.16689655172414,5.386206896551724,5.965862068965517,-1.6010344827586207,1610.4814814814815,-0.7212880785682245,-0.49403294591401914,R,0.02902902902902903,2026,Germán Márquez,MLB
608566,FF,370,94.66405405405405,14.713297297297297,-12.625945945945947,5.322432432432432,6.0612702702702705,-1.3704324324324324,2163.6890756302523,-0.6958972576892596,-0.7048073003547796,R,0.37037037037037035,2026,Germán Márquez,MLB
608566,KC,337,85.43086053412463,0.7727002967359051,1.0173293768545992,5.205637982195846,6.210919881305638,-1.2222255192878337,2584.8440366972477,0.045824559373670894,0.5822023810272615,R,0.33733733733733734,2026,Germán Márquez,MLB
608566,SI,141,94.14113475177305,11.496170212765957,-15.922553191489362,5.3872340425531915,5.972978723404256,-1.4389361702127659,2141.1459854014597,-0.7094217526813791,-0.6641551119059117,R,0.14114114114114115,2026,Germán Márquez,MLB
608566,SL,122,87.76229508196721,5.547540983606557,-2.7314754098360656,5.388524590163934,5.800819672131148,-1.6459016393442625,2326.5785123966944,-0.583474010651487,-0.5605212213292726,R,0.12212212212212212,2026,Germán Márquez,MLB
608650,CH,73,84.32054794520548,4.1786301369863015,-12.351780821917808,6.22054794520548,6.096986301369863,-1.8091780821917807,1068.3150684931506,0.8911805808404303,-0.43478485703167197,L,0.22324159021406728,2026,Dietrich Enns,MLB
608650,CU,16,77.79375,-10.785,0.5774999999999999,6.14375,6.31875,-1.566875,2143.4375,-0.27396219597420796,0.959259027792157,L,0.04892966360856269,2026,Dietrich Enns,MLB
608650,FC,31,86.09032258064516,2.8258064516129036,3.19741935483871,6.261290322580645,6.272258064516129,-1.8003225806451613,2165.483870967742,-0.509282255855022,-0.6798284701386907,L,0.09480122324159021,2026,Dietrich Enns,MLB
608650,FF,177,93.77966101694915,16.907118644067797,-5.31457627118644,6.293785310734464,6.218305084745763,-1.831129943502825,2174.9265536723165,0.44071727271534245,-0.8948529904797886,L,0.5412844036697247,2026,Dietrich Enns,MLB
608650,ST,30,80.45,-4.944,9.112,6.306666666666667,6.105,-1.7839999999999998,2117.733333333333,-0.4634286399992263,0.8178785275186683,L,0.09174311926605505,2026,Dietrich Enns,MLB
608718,CH,428,76.61518691588786,9.775514018691588,-10.072990654205608,7.1370023419203745,6.021401869158878,-3.46911214953271,1545.9595238095237,0.5587117055607238,-0.8199020967053254,L,0.26583850931677017,2026,Brent Suter,MLB
608718,FF,414,87.80990338164251,15.380289855072462,0.8501449275362318,7.423429951690822,6.044009661835748,-3.2669323671497583,2195.2888349514565,0.23409054761547973,-0.9643184727197427,L,0.2571428571428571,2026,Brent Suter,MLB
608718,SI,565,89.07575221238939,12.439008849557522,-11.559929203539822,7.428495575221239,5.986973451327433,-3.353238938053097,2133.4857142857145,0.4564051810420621,-0.8744421295680009,L,0.35093167701863354,2026,Brent Suter,MLB
608718,SL,203,78.07783251231527,1.5351724137931033,11.190738916256157,7.059113300492611,6.192118226600985,-3.5365517241379307,2238.37,-0.923216436543315,0.3106172953260002,L,0.12608695652173912,2026,Brent Suter,MLB
608723,CU,34,74.48235294117647,-12.956470588235293,16.17529411764706,6.197058823529411,5.756764705882353,-2.578529411764706,2842.1470588235293,0.7244887928950019,0.6833484522176508,R,0.1650485436893204,2026,Austin Voth,MLB
608723,FC,51,87.41372549019609,6.352941176470588,2.971764705882353,6.325490196078432,5.828823529411764,-2.487058823529412,2401.098039215686,0.2828715727503974,-0.9203143388969492,R,0.24757281553398058,2026,Austin Voth,MLB
608723,FF,53,92.11320754716981,17.284528301886795,-5.990943396226415,6.415094339622642,5.848113207547169,-2.402264150943396,2333.9622641509436,-0.4798357894574355,-0.8744981832742829,R,0.25728155339805825,2026,Austin Voth,MLB
608723,SI,28,91.18214285714285,11.858571428571429,-13.092857142857143,6.364285714285714,5.818571428571429,-2.442142857142857,2262.714285714286,-0.49105710121532725,-0.8690893927675417,R,0.13592233009708737,2026,Austin Voth,MLB
608723,ST,40,80.09,0.05999999999999996,17.7,6.2975,5.59975,-2.70975,2794.875,0.8568447726107081,0.4922931456640957,R,0.1941747572815534,2026,Austin Voth,MLB
615698,CU,72,79.16111111111111,-8.75,4.185,6.262499999999999,6.384166666666666,-1.2356944444444444,2406.9583333333335,0.704619736798353,0.6980305254457915,R,0.04285714285714286,2026,Cal Quantrill,MLB
615698,FC,332,88.69006024096385,6.819397590361445,2.9338554216867467,6.318674698795181,6.238644578313253,-1.4002409638554216,2271.1536144578313,-0.1828849034939851,-0.9352390740335582,R,0.1976190476190476,2026,Cal Quantrill,MLB
615698,FF,413,93.80096852300242,15.91089588377724,-9.509636803874091,6.398305084745763,6.33726392251816,-1.1779661016949152,2131.951573849879,-0.6159306415271268,-0.7856210235785531,R,0.24583333333333332,2026,Cal Quantrill,MLB
615698,FS,382,84.63115183246073,1.705759162303665,-9.504502617801046,6.417539267015707,6.288141361256545,-1.2996335078534031,1037.238219895288,-0.8862472353107111,-0.4435634177351724,R,0.22738095238095238,2026,Cal Quantrill,MLB
615698,SI,421,93.958432304038,11.473254156769595,-15.145938242280284,6.3928741092636585,6.165154394299288,-1.5728266033254157,2090.7529691211403,-0.685430406401984,-0.718238487303949,R,0.2505952380952381,2026,Cal Quantrill,MLB
615698,SL,60,85.85666666666665,0.894,2.348,6.291666666666667,6.264166666666667,-1.3795,2315.4333333333334,0.5937682049699403,-0.43896211069840074,R,0.03571428571428571,2026,Cal Quantrill,MLB
620443,EP,18,41.150000000000006,17.166666666666668,1.0933333333333333,3.1222222222222222,7.499444444444445,-0.8894444444444445,1041.7222222222222,-0.3263417493855488,-0.9420173558235712,R,1.0,2026,Luis Torrens,MLB
621016,FC,23,88.12608695652175,7.961739130434783,-3.271304347826087,6.182608695652173,4.053478260869565,-3.6982608695652175,2521.8695652173915,-0.8970586377042054,-0.3992978120281043,R,0.04883227176220807,2026,Jose Cuas,MLB
621016,FF,152,91.8046052631579,8.880789473684212,-10.492105263157894,6.261842105263158,4.0171052631578945,-3.7835526315789476,2371.5263157894738,-0.9368227374545085,-0.3381398994519278,R,0.3227176220806794,2026,Jose Cuas,MLB
621016,SI,174,91.99252873563219,0.08620689655172412,-16.32,6.285632183908047,4.001781609195402,-3.9424137931034484,2434.32183908046,-0.9529602748014294,-0.2953253401344624,R,0.36942675159235666,2026,Jose Cuas,MLB
621016,ST,122,82.82459016393443,6.081639344262295,6.323606557377049,6.198360655737705,4.218114754098361,-3.992704918032787,2744.0081967213114,0.8851751914670366,-0.12292977317130979,R,0.25902335456475584,2026,Jose Cuas,MLB
621053,CH,18,86.69444444444444,1.1466666666666667,-13.553333333333335,6.383333333333334,5.7716666666666665,-3.091666666666667,1601.111111111111,-0.8686034861660006,-0.49146034096367835,R,0.06143344709897611,2026,Tyler Ferguson,MLB
621053,FC,26,87.3153846153846,0.44307692307692303,4.518461538461539,6.261538461538462,5.824999999999999,-2.976153846153846,2564.0384615384614,0.762657586693548,-0.319183973502547,R,0.08873720136518772,2026,Tyler Ferguson,MLB
621053,FF,135,95.45185185185186,13.402666666666667,-7.249777777777778,6.282222222222223,5.842592592592593,-2.952074074074074,2337.1037037037036,-0.6573281946430558,-0.7481575567413787,R,0.46075085324232085,2026,Tyler Ferguson,MLB
621053,SI,28,95.55357142857143,6.325714285714286,-15.565714285714288,6.328571428571428,5.798571428571429,-3.0064285714285717,2200.285714285714,-0.7603222005177568,-0.638282027283682,R,0.09556313993174062,2026,Tyler Ferguson,MLB
621053,SL,24,83.34166666666667,-4.555,7.5249999999999995,6.245833333333334,5.859999999999999,-3.030416666666667,2651.2083333333335,0.8980029882814385,0.419413785872933,R,0.08191126279863481,2026,Tyler Ferguson,MLB
621053,ST,62,84.12741935483871,2.1212903225806454,13.203870967741935,6.264516129032257,5.752096774193548,-3.038870967741935,2670.048387096774,0.8859418139390755,0.4424463198309584,R,0.21160409556313994,2026,Tyler Ferguson,MLB
621074,CU,239,82.24435146443516,-10.374728033472802,15.604016736401674,6.236820083682008,5.339916317991632,-2.202635983263598,2785.196652719665,0.6646117307787256,0.743704577898544,R,0.3136482939632546,2026,Michael Rucker,MLB
621074,FC,167,89.64071856287426,1.8423952095808385,3.8558083832335326,6.27125748502994,5.4542514970059885,-2.132874251497006,2560.8323353293413,0.6571400309538018,-0.4089911128806504,R,0.21916010498687663,2026,Michael Rucker,MLB
621074,FF,253,96.15138339920948,15.886007905138339,-5.488695652173914,6.292490118577075,5.472292490118577,-2.0223715415019763,2337.2727272727275,-0.5255408714324238,-0.8469332636095845,R,0.3320209973753281,2026,Michael Rucker,MLB
621074,SI,93,95.77634408602151,7.686451612903226,-16.10709677419355,6.275268817204301,5.213440860215054,-2.2364516129032257,2275.3118279569894,-0.6374617531963572,-0.76460018798239,R,0.1220472440944882,2026,Michael Rucker,MLB
621074,SL,10,86.31,-4.247999999999999,5.279999999999999,6.18,5.333,-2.18,2705.9,0.8422181812870267,0.4618589360018671,R,0.013123359580052493,2026,Michael Rucker,MLB
621097,CH,133,84.47293233082706,9.463759398496242,-9.48812030075188,7.042857142857144,6.323233082706767,-0.2890225563909774,1582.6766917293232,-0.3910604583545564,-0.9172810397887076,R,0.19791666666666666,2026,Jacob Waguespack,MLB
621097,CU,40,76.44500000000001,-11.4,3.2670000000000003,6.8325000000000005,6.3395,-0.33025000000000004,2245.125,0.495248711921461,0.8647198537414844,R,0.05952380952380952,2026,Jacob Waguespack,MLB
621097,FC,220,86.84727272727274,5.166545454545455,4.374,6.998636363636364,6.279272727272727,-0.458,1946.4045454545455,0.23215257294672595,-0.9424565257909995,R,0.3273809523809524,2026,Jacob Waguespack,MLB
621097,FF,279,92.93655913978495,18.366881720430108,-2.8636559139784947,7.103942652329749,6.286559139784947,-0.10698924731182796,2134.6129032258063,-0.2211649625581703,-0.9706203617368812,R,0.41517857142857145,2026,Jacob Waguespack,MLB
621107,CH,26,87.74615384615385,-0.15692307692307697,-15.493846153846155,6.615384615384615,5.704615384615384,-2.129230769230769,1665.6190476190477,-0.9521394809515136,-0.30153255039245014,R,0.18055555555555555,2026,Zach Eflin,MLB
621107,CU,30,78.64333333333335,-7.808000000000001,12.584,6.326666666666667,5.753,-2.171,2453.5555555555557,0.913737137247964,0.40044362969798397,R,0.20833333333333334,2026,Zach Eflin,MLB
621107,FC,34,88.54411764705883,7.983529411764706,1.768235294117647,6.3088235294117645,5.655294117647059,-2.1852941176470586,2241.133333333333,-0.3981169805144044,-0.9021488226036553,R,0.2361111111111111,2026,Zach Eflin,MLB
621107,FF,15,92.38666666666667,11.967999999999998,-8.783999999999999,6.386666666666667,5.623333333333334,-2.0966666666666667,2140.6666666666665,-0.8198756983468163,-0.5693010577001331,R,0.10416666666666667,2026,Zach Eflin,MLB
621107,SI,28,92.01428571428572,2.1514285714285717,-15.955714285714285,6.442857142857143,5.619999999999999,-2.087142857142857,2056.5555555555557,-0.7957531530773693,-0.6008522456430376,R,0.19444444444444445,2026,Zach Eflin,MLB
621107,ST,11,79.11818181818181,0.41454545454545466,12.861818181818181,6.3090909090909095,5.724545454545455,-2.161818181818182,2398.125,0.9471695674465992,0.31691535126501913,R,0.0763888888888889,2026,Zach Eflin,MLB
621111,CH,263,89.13422053231939,3.4608365019011407,-12.355437262357414,6.5030769230769225,5.5467300380228135,-1.2895817490494297,1241.1340996168583,-0.8376100393015385,-0.521107865212734,R,0.09795158286778398,2026,Walker Buehler,MLB
621111,FC,645,90.41255813953488,9.875162790697674,4.815813953488372,6.4962616822429915,5.6,-1.1706666666666667,2369.367601246106,0.12587125757508943,-0.9728088170056249,R,0.24022346368715083,2026,Walker Buehler,MLB
621111,FF,549,93.95264116575592,15.815519125683059,-4.842404371584699,6.495063985374772,5.634444444444444,-1.0985245901639344,2178.018281535649,-0.4031846945834873,-0.909610206342022,R,0.20446927374301677,2026,Walker Buehler,MLB
621111,KC,232,78.06896551724138,-13.624655172413794,10.739482758620689,6.59304347826087,5.694137931034483,-0.9335344827586207,2474.7608695652175,0.5889278029207995,0.8027140528926535,R,0.08640595903165736,2026,Walker Buehler,MLB
621111,SI,522,94.21340996168583,12.545057471264368,-13.777471264367817,6.490403071017274,5.5183333333333335,-1.2147509578544062,2094.2380038387714,-0.5032161247212814,-0.8604846993903623,R,0.19441340782122904,2026,Walker Buehler,MLB
621111,SL,281,87.07758007117438,2.7262633451957297,8.179644128113878,6.585611510791367,5.6584697508896795,-1.0139501779359432,2456.755395683453,0.7435830812878876,-0.6018371012965975,R,0.10465549348230913,2026,Walker Buehler,MLB
621111,ST,193,82.36165803108808,4.009740932642487,13.569948186528498,6.5546875,5.436269430051814,-1.261658031088083,2656.5833333333335,0.9700202482783712,0.17869899493040184,R,0.07188081936685288,2026,Walker Buehler,MLB
621112,CH,281,87.50035587188611,6.5252669039145905,-13.115444839857652,6.238571428571428,6.000249110320285,-2.0404982206405693,1793.7892857142858,-0.619051541356133,-0.7813647499416061,R,0.21271763815291445,2026,Paul Blackburn,MLB
621112,CU,192,81.0703125,-17.179375,8.140625,6.139790575916231,6.053697916666667,-2.0357291666666666,2709.0418848167537,0.4183834255687912,0.9054301973939932,R,0.1453444360333081,2026,Paul Blackburn,MLB
621112,FC,249,91.7863453815261,8.523373493975905,3.5272289156626506,6.179032258064517,5.984979919678715,-2.104578313253012,2468.381526104418,-0.0375873848045241,-0.9854195426109915,R,0.18849356548069643,2026,Paul Blackburn,MLB
621112,FF,38,94.6842105263158,16.87578947368421,-5.336842105263158,6.234210526315789,6.023157894736842,-2.0207894736842107,2255.9736842105262,-0.467711466164929,-0.8427010028419866,R,0.028766086298258896,2026,Paul Blackburn,MLB
621112,SI,452,94.24911504424779,9.869203539823008,-13.662477876106195,6.244690265486725,5.9619469026548675,-1.9805973451327434,2031.5685840707965,-0.49513353008399946,-0.8655536073907554,R,0.34216502649507946,2026,Paul Blackburn,MLB
621112,SL,12,84.875,-0.71,5.88,6.2,5.989999999999999,-2.1425,2610.5,0.8628282455402762,-0.06700812221027297,R,0.009084027252081756,2026,Paul Blackburn,MLB
621112,ST,97,83.75051546391752,-2.836701030927835,15.371134020618557,6.161855670103093,5.860103092783505,-2.0970103092783505,2756.1649484536083,0.710899029169039,0.6943321621151873,R,0.07342922028766086,2026,Paul Blackburn,MLB
621121,CH,118,85.36949152542373,1.3576271186440676,-15.69762711864407,5.899152542372882,5.358474576271186,-1.5004237288135593,1709.8305084745762,-0.9695777564407477,-0.2271328474524028,R,0.14880201765447668,2026,Lance McCullers Jr.,MLB
621121,FC,219,88.9876712328767,8.243835616438357,2.718904109589041,5.992694063926941,5.4122374429223745,-1.3826940639269407,2335.511415525114,-0.23278189106441055,-0.9487600701312303,R,0.27616645649432536,2026,Lance McCullers Jr.,MLB
621121,FF,29,91.63793103448276,14.13103448275862,-8.201379310344828,6.082758620689655,5.5489655172413785,-1.19,2138.206896551724,-0.6879303072336466,-0.7217374285495712,R,0.03656998738965952,2026,Lance McCullers Jr.,MLB
621121,KC,116,81.62844827586207,-8.816896551724138,13.580689655172414,6.000862068965517,5.453448275862069,-1.315344827586207,2817.689655172414,0.8442216641105251,0.5287748711812261,R,0.14627994955863807,2026,Lance McCullers Jr.,MLB
621121,SI,174,91.23390804597702,5.718620689655173,-15.122758620689655,6.066666666666666,5.369080459770115,-1.2536781609195402,2069.9310344827586,-0.7346662061084845,-0.6744675215584014,R,0.21941992433795712,2026,Lance McCullers Jr.,MLB
621121,ST,137,82.25693430656935,6.043795620437956,17.065401459854016,6.022058823529412,5.253065693430656,-1.4305839416058395,2701.5255474452556,0.9717895298010252,0.2033147973371617,R,0.17276166456494324,2026,Lance McCullers Jr.,MLB
621139,FF,15,92.52666666666667,18.344,-7.128,5.906666666666666,6.172666666666667,-1.2106666666666668,2204.0666666666666,-0.4523617886372071,-0.8904359873135536,R,0.35714285714285715,2026,Brooks Kriske,MLB
621139,FS,27,81.8037037037037,1.3066666666666666,-9.76,5.97037037037037,6.160370370370371,-1.1048148148148147,1065.0,-0.8413973202041857,-0.526617014413387,R,0.6428571428571429,2026,Brooks Kriske,MLB
621199,FC,10,89.02000000000001,8.736,2.16,6.44,6.179,-3.2729999999999997,2197.3,-0.2989255281070519,-0.9426419429305254,R,1.0,2026,Matt Bowman,MLB
621237,CU,29,84.71724137931035,-3.976551724137931,0.5462068965517242,6.879310344827586,6.554137931034482,-1.322758620689655,2338.2758620689656,-0.5754970785799338,0.7293226588414987,L,0.025261324041811847,2026,José Alvarado,MLB
621237,FC,370,91.47567567567567,5.19372972972973,2.5702702702702704,6.904607046070462,6.561351351351351,-1.2822432432432433,2121.7405405405407,0.22713155806558402,-0.9170028121900755,L,0.32229965156794427,2026,José Alvarado,MLB
621237,FF,22,97.20454545454545,15.381818181818181,-7.723636363636363,6.890909090909091,6.444999999999999,-1.531818181818182,1991.4545454545455,0.6257367270922193,-0.7764470057412963,L,0.01916376306620209,2026,José Alvarado,MLB
621237,SI,727,97.84883081155434,12.468445667125172,-14.326877579092159,6.986914600550964,6.44060522696011,-1.442379642365887,2026.729023383769,0.5567777390487266,-0.8276239073022063,L,0.6332752613240418,2026,José Alvarado,MLB
621242,FF,240,96.55625,11.923,-12.338,7.1675,4.609958333333334,-2.1125416666666665,2335.1916666666666,-0.8272526722597355,-0.556075189339542,R,0.5581395348837209,2026,Edwin Díaz,MLB
621242,SL,190,89.35736842105264,3.8418947368421055,1.719157894736842,6.970526315789474,4.8972105263157895,-2.038842105263158,2298.878947368421,-0.1580741947065124,-0.7855840046591277,R,0.4418604651162791,2026,Edwin Díaz,MLB
621345,CH,87,86.47816091954023,6.433103448275862,-14.667586206896551,6.405747126436781,5.491494252873563,-2.7763218390804596,1581.7471264367816,0.8341686401991467,-0.5476900391778322,L,0.12850812407680945,2026,A.J. Minter,MLB
621345,FC,373,89.01394101876674,4.638176943699732,3.7930294906166218,6.35603217158177,5.604825737265415,-2.5323324396782843,2550.3351206434318,-0.2745512268339081,-0.9020024878412991,L,0.55096011816839,2026,A.J. Minter,MLB
621345,FF,187,93.46791443850267,14.83957219251337,-3.6089839572192512,6.3834224598930485,5.622192513368984,-2.4812299465240644,2446.6256684491977,0.5243965173986623,-0.8470487241581868,L,0.276218611521418,2026,A.J. Minter,MLB
621345,SI,30,93.39333333333335,9.479999999999999,-13.568000000000001,6.433333333333334,5.576333333333333,-2.481,2465.366666666667,0.4747962511274439,-0.8758241880988676,L,0.04431314623338257,2026,A.J. Minter,MLB
621366,FC,18,90.61111111111111,9.746666666666666,-5.906666666666666,6.416666666666667,5.602777777777778,-1.2005555555555556,2336.3888888888887,0.694770326462836,-0.6412584475418606,L,0.04736842105263158,2026,Ryan Borucki,MLB
621366,FS,50,83.014,0.5832,-13.092,6.581999999999999,5.5886000000000005,-1.1042,1402.86,0.963484360492437,-0.2520386417199047,L,0.13157894736842105,2026,Ryan Borucki,MLB
621366,SI,133,93.4984962406015,7.399398496240601,-18.307669172932332,6.4714285714285715,5.680601503759398,-1.2853383458646617,2270.3308270676694,0.7912168091763779,-0.5857932924392205,L,0.35,2026,Ryan Borucki,MLB
621366,SL,143,86.07132867132867,2.608951048951049,1.085034965034965,6.408391608391608,5.639160839160839,-1.3262237762237763,2289.972027972028,0.07218394854016165,-0.2927874792714467,L,0.3763157894736842,2026,Ryan Borucki,MLB
621366,ST,36,80.775,-1.3433333333333333,13.55,6.449999999999999,5.6025,-1.3855555555555557,2542.277777777778,-0.8363015083264539,0.5309429053216325,L,0.09473684210526316,2026,Ryan Borucki,MLB
621381,CH,76,82.24736842105263,-2.636842105263158,-13.915263157894737,6.235526315789474,5.185,-1.7496052631578947,1668.9342105263158,0.9098686709224725,-0.1493224883814002,L,0.11343283582089553,2026,Matt Strahm,MLB
621381,FC,53,87.52075471698114,9.42566037735849,-4.883773584905661,6.09433962264151,5.240943396226415,-1.7860377358490565,2604.377358490566,0.46605846113141874,-0.8722858170210187,L,0.0791044776119403,2026,Matt Strahm,MLB
621381,FF,257,91.26342412451362,16.74396887159533,-12.95626459143969,6.164591439688715,5.267821011673152,-2.010739299610895,2543.65625,0.7137728196133165,-0.6898711996576514,L,0.3835820895522388,2026,Matt Strahm,MLB
621381,SI,99,91.44646464646465,12.030303030303031,-16.643636363636364,6.2161616161616156,5.2432323232323235,-3.064747474747475,2447.5050505050503,0.7093175430737753,-0.7018543899188039,L,0.14776119402985075,2026,Matt Strahm,MLB
621381,SL,185,81.20216216216215,4.195459459459459,7.07027027027027,6.10972972972973,5.370648648648649,-2.403081081081081,2675.237837837838,-0.8539771394524914,0.009310342801304678,L,0.27611940298507465,2026,Matt Strahm,MLB
621383,CH,34,83.62352941176471,2.8870588235294115,-10.799999999999999,5.741176470588235,6.39,-2.578529411764706,1691.6470588235295,0.728313580776245,-0.6799362871014465,L,0.04892086330935252,2026,Tanner Banks,MLB
621383,FF,149,91.95838926174495,15.107919463087248,-2.4676510067114092,5.608053691275168,6.505302013422819,-2.4234899328859063,2136.7248322147652,0.4433441997380199,-0.8918856216454192,L,0.2143884892086331,2026,Tanner Banks,MLB
621383,SI,109,91.23577981651377,9.696880733944955,-13.285871559633028,5.588990825688073,6.510000000000001,-2.4202752293577983,1981.1467889908256,0.4543850812907341,-0.8870857474137261,L,0.15683453237410072,2026,Tanner Banks,MLB
621383,SL,248,86.8366935483871,4.7017741935483865,4.9799999999999995,5.643548387096774,6.4047580645161295,-2.605524193548387,2327.2258064516127,-0.295470328827546,-0.9111107792769529,L,0.35683453237410073,2026,Tanner Banks,MLB
621383,ST,155,81.51225806451613,2.281548387096774,13.896,5.643506493506494,6.3261290322580646,-2.7292258064516126,2310.7662337662337,-0.9218598580419733,0.31818886840222277,L,0.22302158273381295,2026,Tanner Banks,MLB
621389,SI,19,91.13684210526316,5.564210526315789,-17.513684210526314,5.257894736842105,5.6021052631578945,-1.756315789473684,,,,L,1.0,2026,Ty Blach,MLB
622088,CU,109,81.74587155963302,-11.316330275229358,12.966605504587157,6.171559633027523,5.715779816513761,-1.8310091743119268,2875.467889908257,0.7644466744842618,0.6292928864271485,R,0.11682743837084673,2026,Tejay Antone,MLB
622088,FC,167,90.23353293413173,7.261796407185629,1.237365269461078,6.140119760479043,5.773592814371257,-1.7877245508982036,2767.1736526946106,-0.0927972013916045,-0.8923066001397839,R,0.1789924973204716,2026,Tejay Antone,MLB
622088,FF,51,94.91372549019609,13.338823529411764,-7.658823529411765,6.1156862745098035,6.025490196078431,-1.518235294117647,2562.2549019607845,-0.6376771409261515,-0.7673962516397117,R,0.05466237942122187,2026,Tejay Antone,MLB
622088,SI,109,93.7954128440367,2.554128440366972,-12.965504587155964,6.171559633027523,5.650550458715596,-1.8618348623853211,2600.8990825688074,-0.7279614210926214,-0.6799383685062976,R,0.11682743837084673,2026,Tejay Antone,MLB
622088,SL,10,88.16,1.908,6.3839999999999995,6.21,5.699,-1.864,2728.7,0.7054943109812675,-0.4518547273504856,R,0.010718113612004287,2026,Tejay Antone,MLB
622088,ST,487,83.80266940451746,3.0894455852156057,14.755071868583162,6.2020533880903495,5.483572895277208,-1.967905544147844,2863.055441478439,0.8923699133645345,0.4318188868507833,R,0.5219721329046088,2026,Tejay Antone,MLB
622250,FF,15,93.38000000000001,18.136000000000003,-5.36,5.72,6.289333333333333,-0.618,2365.3333333333335,-0.43041044683050095,-0.9009945352560693,R,1.0,2026,Josh Sborz,MLB
622491,CH,360,87.36972222222222,-0.405,-17.205000000000002,5.569444444444445,4.854416666666666,-2.2336944444444446,1963.3777777777777,-0.9852797236714522,-0.14197175748354723,R,0.14766201804757997,2026,Luis Castillo,MLB
622491,FF,1034,95.18017408123791,12.411179883945842,-11.961237911025146,5.504863813229572,5.208239845261121,-2.234970986460348,2261.0359922178986,-0.811046678752578,-0.5746341416818708,R,0.42411812961443807,2026,Luis Castillo,MLB
622491,SI,448,95.36361607142858,3.8389285714285712,-17.99919642857143,5.586577181208053,5.067410714285714,-2.396875,2075.3982102908276,-0.8671075247819884,-0.4854538036800989,R,0.1837571780147662,2026,Luis Castillo,MLB
622491,SL,596,85.525,1.5789261744966443,0.7143624161073825,5.54097807757167,4.991677852348993,-2.348691275167785,2235.654300168634,0.18630793252694575,0.07866009537590882,R,0.24446267432321575,2026,Luis Castillo,MLB
622554,CU,15,83.36,-9.92,6.04,6.453333333333333,5.662000000000001,-1.6813333333333333,2318.266666666667,0.6694757156072285,0.7333542624702046,R,0.013204225352112676,2026,Seranthony Domínguez,MLB
622554,FF,489,97.28200408997955,14.195092024539877,-5.316564417177914,6.349897750511247,5.539734151329243,-1.8047443762781186,2330.911704312115,-0.5668061465946161,-0.8173103233434221,R,0.43045774647887325,2026,Seranthony Domínguez,MLB
622554,FS,128,85.878125,2.44125,-9.424687500000001,6.54296875,5.717578125,-1.590390625,977.9921875,-0.9811192368438231,-0.15687982579843437,R,0.11267605633802817,2026,Seranthony Domínguez,MLB
622554,SI,187,97.60374331550803,9.943957219251336,-15.103957219251336,6.357754010695188,5.532299465240642,-1.812566844919786,2248.1612903225805,-0.5910066568856334,-0.7850137590152271,R,0.16461267605633803,2026,Seranthony Domínguez,MLB
622554,ST,317,85.10567823343848,4.46006309148265,10.390410094637225,6.414826498422713,5.61006309148265,-1.7854574132492114,2457.3777777777777,0.9484324672045017,0.22770539379328503,R,0.2790492957746479,2026,Seranthony Domínguez,MLB
622608,CH,53,90.76037735849057,6.851320754716982,-11.773584905660377,6.354716981132076,5.767358490566038,-3.026415094339623,2255.0754716981132,-0.6025400043317741,-0.7811427464241564,R,0.04431438127090301,2026,Antonio Senzatela,MLB
622608,CU,100,83.521,-4.6056,5.232,6.091,6.0953,-2.5136000000000003,2500.28,0.9224667743613411,0.3481457606889608,R,0.08361204013377926,2026,Antonio Senzatela,MLB
622608,FC,399,92.265664160401,7.025263157894737,2.735338345864662,6.207268170426064,5.851478696741854,-2.652456140350877,2270.781954887218,-0.1953420404861247,-0.9588744873362974,R,0.33361204013377926,2026,Antonio Senzatela,MLB
622608,FF,364,97.34505494505494,13.326263736263737,-5.635384615384616,6.228846153846154,5.899862637362638,-2.759065934065934,2308.4258241758243,-0.5962280121236231,-0.7970783603452675,R,0.30434782608695654,2026,Antonio Senzatela,MLB
622608,SI,257,96.80817120622568,6.6546303501945525,-13.901322957198444,6.289105058365759,5.845953307392996,-2.292996108949416,2213.6653696498056,-0.6120671320048652,-0.7861926966057127,R,0.2148829431438127,2026,Antonio Senzatela,MLB
622608,SL,23,86.44782608695652,5.086956521739131,6.8191304347826085,6.060869565217391,5.925217391304348,-2.970434782608695,2412.0434782608695,0.8571018034120388,-0.25299480104255884,R,0.019230769230769232,2026,Antonio Senzatela,MLB
622663,CH,74,86.97972972972973,9.287027027027028,-13.696216216216216,6.763513513513513,5.794324324324324,-1.8577027027027027,1546.4324324324325,-0.8063615441529255,-0.5828225580903565,R,0.06351931330472103,2026,Luis Severino,MLB
622663,FC,244,94.1467213114754,10.580655737704918,1.059344262295082,6.5680327868852455,5.83983606557377,-2.0448360655737705,2298.6639344262294,-0.29789250838193654,-0.9422861361981487,R,0.2094420600858369,2026,Luis Severino,MLB
622663,FF,250,96.80839999999999,16.2048,-7.69104,6.5192,5.90372,-1.90596,2250.136,-0.5748602285576533,-0.8149157923279939,R,0.2145922746781116,2026,Luis Severino,MLB
622663,SI,271,96.31734317343174,11.970332103321033,-14.42169741697417,6.628782287822879,5.8776014760147595,-1.9530996309963098,2125.0,-0.5699807370701054,-0.8180764540881749,R,0.23261802575107296,2026,Luis Severino,MLB
622663,SL,38,86.85000000000001,1.7842105263157895,8.47578947368421,6.644736842105263,5.704473684210526,-2.060263157894737,2604.7894736842104,0.9347318007039626,-0.0481959020633902,R,0.03261802575107296,2026,Luis Severino,MLB
622663,ST,288,84.90416666666667,3.7716666666666665,17.004166666666666,6.614236111111111,5.659479166666667,-2.2348958333333333,2597.4861111111113,0.9639385563024556,0.21737806303708637,R,0.24721030042918454,2026,Luis Severino,MLB
622694,CH,50,83.604,9.6024,-16.8624,6.606,5.3888,-1.9642,2122.62,-0.7380199096702591,-0.6724884105202327,R,0.23923444976076555,2026,Elieser Hernández,MLB
622694,FF,81,92.20987654320987,17.284444444444443,-7.647407407407407,6.62962962962963,5.313703703703704,-2.053827160493827,2290.4814814814813,-0.52670161232575,-0.8481733592845689,R,0.3875598086124402,2026,Elieser Hernández,MLB
622694,ST,78,79.47820512820513,10.073846153846153,9.038461538461538,6.478205128205128,5.239871794871795,-2.179871794871795,2183.448717948718,0.9129861456181189,-0.30199461379698905,R,0.37320574162679426,2026,Elieser Hernández,MLB
623149,FC,18,88.79444444444444,7.760000000000001,-1.586666666666667,6.344444444444445,4.441666666666666,-3.625,2472.3888888888887,-0.4892659357982644,-0.8253174486903094,R,0.020361990950226245,2026,Paul Sewald,MLB
623149,FF,492,91.34715447154473,12.319999999999999,-10.641463414634147,6.341869918699187,4.38270325203252,-3.638028455284553,2570.979674796748,-0.8759735867220014,-0.4771716393831682,R,0.5565610859728507,2026,Paul Sewald,MLB
623149,ST,374,82.85401069518717,5.691016042780749,11.224491978609626,6.279144385026738,4.565614973262032,-3.6041711229946527,2479.6791443850266,0.9793658823929338,0.14059598910566867,R,0.4230769230769231,2026,Paul Sewald,MLB
623168,EP,38,47.626315789473686,21.489473684210527,-2.194736842105263,3.8552631578947367,7.009736842105263,-0.9626315789473684,1306.8157894736842,-0.2512192395125775,-0.9641478308249755,R,1.0,2026,Tyler Heineman,MLB
623211,CH,421,90.84513064133017,2.8985273159144893,-16.501282660332542,5.749406175771972,6.070712589073634,-1.3418052256532067,2056.4326923076924,-0.8560119056914121,-0.5105466278288492,R,0.40095238095238095,2026,Huascar Brazobán,MLB
623211,FC,30,91.17333333333333,8.636,-3.952,5.616666666666666,6.045333333333334,-1.4626666666666668,2292.6666666666665,-0.7263322350774263,-0.6742466531378988,R,0.02857142857142857,2026,Huascar Brazobán,MLB
623211,FF,77,96.7987012987013,14.071168831168832,-11.055584415584415,5.707792207792208,5.9575324675324675,-1.3540259740259741,2241.7922077922076,-0.7436750765752991,-0.6644404914802694,R,0.07333333333333333,2026,Huascar Brazobán,MLB
623211,SI,522,96.1683908045977,7.625517241379311,-17.601149425287353,5.711685823754789,5.928314176245211,-1.4023563218390804,2286.0193798449613,-0.758735481466066,-0.6467929444571371,R,0.49714285714285716,2026,Huascar Brazobán,MLB
623352,SI,458,95.12205240174673,18.59764192139738,-8.96227074235808,6.699781659388647,5.798995633187773,-2.849956331877729,2271.8799126637555,0.49262713041509804,-0.8672390016482893,L,0.6459802538787024,2026,Josh Hader,MLB
623352,SL,251,84.50557768924304,2.5104382470119524,0.8084462151394421,6.503585657370518,5.545378486055777,-3.1411155378486053,2494.577689243028,0.06695054809783255,0.2761192624192733,L,0.3540197461212976,2026,Josh Hader,MLB
623381,FC,25,88.03200000000001,12.196800000000001,0.3936,6.252000000000001,5.4632000000000005,-1.7436,2480.92,0.3947290920715421,-0.9118630291182538,L,0.7142857142857143,2026,Thomas Pannone,MLB
623381,SI,10,89.71000000000001,11.7,-13.331999999999999,6.33,5.515,-1.6620000000000001,2328.5,0.5686466587316041,-0.788762415132245,L,0.2857142857142857,2026,Thomas Pannone,MLB
623433,FF,25,94.5,17.0112,-5.2368,6.188,6.4568,-0.7012,2242.4,-0.43141228176302093,-0.9004679896513764,R,1.0,2026,Nick Anderson,MLB
623437,CH,57,86.1842105263158,-5.033684210526316,-14.83578947368421,5.96140350877193,4.930175438596491,-2.478421052631579,1831.9298245614036,-0.9972144573184947,-0.044609404910810495,R,0.12582781456953643,2026,Justin Topa,MLB
623437,FC,120,91.46666666666667,8.322,-3.6079999999999997,5.748333333333333,5.024666666666667,-2.455,2313.2166666666667,-0.8411533830140608,-0.5250788725821478,R,0.26490066225165565,2026,Justin Topa,MLB
623437,SI,184,93.52989130434783,0.9502173913043478,-18.09521739130435,5.798913043478261,4.942771739130435,-2.4157608695652173,2183.820652173913,-0.9416420896085375,-0.32936767851531107,R,0.40618101545253865,2026,Justin Topa,MLB
623437,ST,92,81.74891304347825,2.7730434782608695,14.513478260869565,5.6336956521739125,4.907826086956521,-2.553913043478261,2630.6521739130435,0.9178663876617491,0.38113372762085007,R,0.20309050772626933,2026,Justin Topa,MLB
623454,CH,552,89.83315217391305,-2.668913043478261,-11.642173913043477,6.524094202898551,5.677463768115942,-2.14820652173913,1516.4963768115942,-0.9309768487804365,-0.35020176199136094,R,0.30993823694553624,2026,Drew Anderson,MLB
623454,CU,392,80.07015306122449,-15.907346938775511,10.386122448979592,6.4089285714285715,5.748545918367347,-2.048877551020408,2709.4770408163267,0.4649808635667091,0.8836797615868267,R,0.2201010668163953,2026,Drew Anderson,MLB
623454,FF,722,95.30526315789473,15.37578947368421,-6.543157894736842,6.553739612188366,5.650554016620498,-2.0860387811634347,2260.0041551246536,-0.5178762825329861,-0.8517796673665238,R,0.40539023020774845,2026,Drew Anderson,MLB
623454,SI,28,94.74642857142858,7.757142857142857,-12.501428571428573,6.571428571428571,5.588571428571428,-2.1742857142857144,2096.285714285714,-0.5744127379953167,-0.8160049333743581,R,0.015721504772599662,2026,Drew Anderson,MLB
623454,SL,87,88.0632183908046,2.536551724137931,3.462068965517241,6.532183908045977,5.620919540229885,-2.1775862068965517,2575.402298850575,0.4944399086729395,-0.5523265990698678,R,0.04884896125772038,2026,Drew Anderson,MLB
623465,FC,43,92.42093023255813,6.2623255813953485,1.052093023255814,6.309756097560975,5.499767441860465,-2.9251162790697673,2473.2195121951218,-0.4884170640991557,-0.8357166813671003,R,0.0979498861047836,2026,Evan Phillips,MLB
623465,FF,197,96.88071065989848,15.448934010152284,-9.609137055837563,6.397448979591837,5.515634517766497,-2.7796954314720814,2438.3826530612246,-0.670149471154817,-0.7395096073708393,R,0.44874715261959,2026,Evan Phillips,MLB
623465,SI,32,96.6375,8.835,-16.32375,6.434375,5.5003125,-2.7646875,2252.03125,-0.7111923301175537,-0.695710634676312,R,0.07289293849658314,2026,Evan Phillips,MLB
623465,ST,167,86.30299401197605,-2.4689820359281436,16.046227544910177,6.2119760479041926,5.397125748502995,-2.953173652694611,2592.3532934131736,0.7480829713139153,0.6507712330993941,R,0.3804100227790433,2026,Evan Phillips,MLB
623474,CH,84,85.33571428571429,-0.24,-9.627142857142857,5.203571428571429,5.25202380952381,-2.4879761904761906,1585.202380952381,-0.9196563609581686,-0.38335821053907815,R,0.08713692946058091,2026,Jimmy Herget,MLB
623474,FC,268,86.24589552238807,7.585074626865672,0.14238805970149251,5.062686567164179,5.139291044776119,-2.5675000000000003,2623.8805970149256,-0.6101782828156899,-0.738727652158138,R,0.27800829875518673,2026,Jimmy Herget,MLB
623474,FF,80,92.0575,8.916,-12.858,5.0737499999999995,5.133375,-2.4103749999999997,2422.925,-0.9053246910939692,-0.40133245849235044,R,0.08298755186721991,2026,Jimmy Herget,MLB
623474,SI,216,90.82407407407408,-0.06777777777777774,-15.82388888888889,5.07037037037037,4.884814814814814,-2.527175925925926,2414.060185185185,-0.9297282728147775,-0.3027111295473894,R,0.22406639004149378,2026,Jimmy Herget,MLB
623474,SL,51,84.34313725490196,4.268235294117647,0.9905882352941177,5.025490196078431,5.115294117647059,-2.5433333333333334,2743.2156862745096,0.10202448126650561,-0.6883386333889138,R,0.052904564315352696,2026,Jimmy Herget,MLB
623474,ST,265,78.20943396226416,3.3409811320754716,14.27366037735849,5.082641509433962,4.896867924528302,-2.7750188679245285,2962.890566037736,0.9682046133900333,0.19453669821584696,R,0.274896265560166,2026,Jimmy Herget,MLB
624133,CH,308,81.02435064935065,2.6115584415584414,-10.162597402597402,6.039935064935065,5.835422077922078,-2.2375324675324673,1259.905844155844,0.8862710108070251,-0.4384822741599401,L,0.12556053811659193,2026,Ranger Suarez,MLB
624133,CU,408,75.64240196078431,-9.713823529411766,10.205882352941176,6.100980392156862,5.923504901960785,-2.141544117647059,2206.9803921568628,-0.7399519385842827,0.668730062237731,L,0.1663269465960049,2026,Ranger Suarez,MLB
624133,FC,463,87.83390928725701,7.95732181425486,1.5286393088552916,6.015334773218142,5.910259179265658,-2.3220518358531317,2106.403887688985,0.4190699082352683,-0.8917425008701161,L,0.18874847125968203,2026,Ranger Suarez,MLB
624133,FF,551,91.46805807622505,12.107150635208711,-4.725952813067151,6.043738656987296,5.866424682395644,-2.3399455535390197,2020.24500907441,0.6877780720809717,-0.721006940120647,L,0.22462291072156543,2026,Ranger Suarez,MLB
624133,SI,598,90.25367892976588,6.114782608695652,-14.219197324414715,6.093645484949833,5.895217391304348,-2.232240802675585,1989.14381270903,0.602290198248042,-0.7888178102152092,L,0.2437831227068895,2026,Ranger Suarez,MLB
624133,SL,125,78.9312,1.44672,12.74208,6.081600000000001,5.79072,-2.3098400000000003,2255.888,-0.8762952254124869,0.46714092341970137,L,0.050958010599266204,2026,Ranger Suarez,MLB
624428,EP,15,50.24,15.152,-3.952,4.466666666666667,6.8646666666666665,-1.7046666666666668,1290.6666666666667,-0.49010221022842,-0.8547088180304484,R,1.0,2026,Adam Frazier,MLB
624431,EP,67,38.61940298507463,19.70865671641791,2.127761194029851,3.687878787878788,7.251343283582089,-1.656865671641791,1012.8095238095239,-0.19419235570553123,-0.954587985503856,R,0.5775862068965517,2026,Jose Trevino,MLB
624431,KN,49,54.679591836734694,5.243265306122449,3.9379591836734695,4.242857142857143,6.450408163265306,-2.23,96.02941176470588,-0.05625093141737723,-0.01909767545648364,R,0.4224137931034483,2026,Jose Trevino,MLB
624522,CH,13,86.30000000000001,1.2092307692307693,-9.120000000000001,6.2153846153846155,5.57923076923077,-2.0784615384615384,1458.7692307692307,-0.9474829332765775,-0.300834840708109,R,0.06666666666666667,2026,Keegan Thompson,MLB
624522,CU,16,80.45,-10.5375,8.5875,6.1187499999999995,5.7625,-2.0225,2562.6875,0.6828950454174822,0.7259153377956916,R,0.08205128205128205,2026,Keegan Thompson,MLB
624522,FC,47,88.27234042553192,5.050212765957447,4.445106382978723,6.180851063829787,5.7274468085106385,-1.9380851063829787,2683.0425531914893,0.37925765475322976,-0.8883612828810277,R,0.24102564102564103,2026,Keegan Thompson,MLB
624522,FF,56,92.32857142857142,14.307857142857143,-4.465714285714286,6.255357142857143,5.7057142857142855,-1.9848214285714287,2445.4285714285716,-0.40050202141344665,-0.9125193424571217,R,0.28717948717948716,2026,Keegan Thompson,MLB
624522,SI,44,92.10454545454546,10.401818181818182,-12.430909090909092,6.229545454545455,5.682727272727273,-1.9252272727272726,2512.181818181818,-0.4637831326964609,-0.8822106263981874,R,0.22564102564102564,2026,Keegan Thompson,MLB
624522,ST,19,83.5,5.640000000000001,9.429473684210526,6.163157894736842,5.725789473684211,-1.9310526315789474,2817.8947368421054,0.9112795301786747,0.27769002582861146,R,0.09743589743589744,2026,Keegan Thompson,MLB
625643,CH,62,84.00322580645161,10.230967741935483,-11.094193548387098,6.65,5.699193548387097,-1.820483870967742,1586.467741935484,-0.6401799446859862,-0.762239140216674,R,0.04281767955801105,2026,Reynaldo López,MLB
625643,CU,157,74.32611464968153,-7.777070063694268,7.58828025477707,6.40828025477707,6.018025477707007,-1.6069426751592357,2278.6560509554142,0.7511791007274596,0.649159358220335,R,0.10842541436464088,2026,Reynaldo López,MLB
625643,FF,779,93.8854942233633,16.61191270860077,-6.954146341463415,6.54017971758665,5.689794608472401,-1.7549422336328626,2054.364569961489,-0.479781430155784,-0.8747912206322891,R,0.5379834254143646,2026,Reynaldo López,MLB
625643,SL,450,83.93222222222222,0.32239999999999996,5.327999999999999,6.523333333333333,5.649555555555556,-1.8928444444444443,2299.157777777778,0.7864114053110807,-0.43255561749896915,R,0.31077348066298344,2026,Reynaldo López,MLB
628452,CH,341,88.38328445747801,4.851730205278592,-15.316011730205279,6.172140762463343,5.436011730205279,-1.871407624633431,1911.865102639296,-0.8862032528333962,-0.4547633210772284,R,0.3559498956158664,2026,Raisel Iglesias,MLB
628452,FF,351,94.32507122507123,14.851282051282052,-8.873846153846154,6.194871794871795,5.395982905982906,-2.0301139601139604,2328.4131054131053,-0.7008937411277331,-0.6925385505362648,R,0.3663883089770355,2026,Raisel Iglesias,MLB
628452,SI,190,94.34842105263158,8.192210526315788,-17.021684210526317,6.2,5.400473684210526,-2.0696315789473685,2339.8684210526317,-0.716946319872629,-0.6823838700058953,R,0.19832985386221294,2026,Raisel Iglesias,MLB
628452,SL,76,82.69342105263158,3.776842105263158,11.308421052631578,6.027631578947369,5.484078947368421,-1.9214473684210527,2686.2763157894738,0.9168984497856157,0.3592164552602084,R,0.07933194154488518,2026,Raisel Iglesias,MLB
628708,SL,12,86.89999999999999,4.56,1.6900000000000002,6.108333333333333,5.4325,-1.695,2599.9166666666665,-0.07996299369132248,-0.8424296993123456,R,1.0,2026,Yunior Marte,MLB
640448,FF,549,96.1976320582878,17.7127868852459,-8.476939890710383,6.632786885245902,5.696539162112932,-1.7164663023679418,2221.2295081967213,-0.45457675871354125,-0.8883186217916633,R,0.5154929577464789,2026,Kyle Finnegan,MLB
640448,FS,337,87.15934718100891,6.7897922848664685,-8.844747774480712,6.68219584569733,5.582225519287834,-2.148724035608309,1068.4985163204747,-0.8019912708125596,-0.582217819509032,R,0.3164319248826291,2026,Kyle Finnegan,MLB
640448,SL,179,85.51005586592179,0.5644692737430168,3.0636871508379886,6.573184357541899,5.645586592178771,-2.0139106145251398,2178.1117318435754,0.8354870954500839,-0.15085633686826233,R,0.168075117370892,2026,Kyle Finnegan,MLB
640451,FF,54,96.9574074074074,17.29111111111111,-5.773333333333333,6.262962962962963,5.856111111111112,-1.853888888888889,2063.5555555555557,-0.4089920106216352,-0.9107030523566217,R,0.4954128440366973,2026,Hunter Harvey,MLB
640451,FS,35,88.98285714285714,2.9245714285714284,-10.241142857142856,6.265714285714286,5.667428571428571,-2.136285714285714,1065.6,-0.8245238927910109,-0.5579524115968892,R,0.3211009174311927,2026,Hunter Harvey,MLB
640451,SL,20,87.505,2.874,3.174,6.125,5.747999999999999,-2.0945,2330.15,0.6640179724801687,-0.6093882426667825,R,0.1834862385321101,2026,Hunter Harvey,MLB
640454,FC,11,87.16363636363636,4.985454545454545,-0.9490909090909091,6.027272727272727,6.094545454545455,-2.700909090909091,2445.181818181818,0.8284725454266465,-0.31700920471699306,L,0.05670103092783505,2026,Matt Krook,MLB
640454,SI,89,89.48426966292135,3.279101123595505,-15.970786516853934,5.978651685393259,6.204494382022473,-2.896404494382022,2015.6741573033707,0.8658034211697305,-0.4941882322525013,L,0.4587628865979381,2026,Matt Krook,MLB
640454,ST,94,82.13510638297872,0.2591489361702128,14.087234042553192,6.026595744680851,5.8615957446808515,-3.4388297872340425,2716.2659574468084,-0.7972004394492438,0.5878072991113331,L,0.4845360824742268,2026,Matt Krook,MLB
640455,CH,108,84.07777777777777,1.7422222222222221,-14.368888888888888,6.7064814814814815,5.26787037037037,-3.270185185185185,1572.5185185185185,0.9179467754245116,-0.3851288530530304,L,0.04332129963898917,2026,Sean Manaea,MLB
640455,FC,196,84.69438775510203,6.7365306122448985,2.3810204081632653,6.756632653061224,5.1337244897959184,-3.3698979591836733,2128.954081632653,0.3125900978415272,-0.8581325421745981,L,0.07862013638186924,2026,Sean Manaea,MLB
640455,FF,963,91.29013499480789,10.664174454828661,-13.20348909657321,6.941744548286604,5.140488058151609,-3.2283073727933544,2052.8068535825546,0.8701198700888386,-0.48581247442747455,L,0.3862815884476534,2026,Sean Manaea,MLB
640455,SI,474,90.31181434599156,4.34253164556962,-18.280759493670885,6.90084388185654,5.139894514767932,-3.298755274261603,2052.5105485232066,0.8926898617829112,-0.44179031785474265,L,0.1901323706377858,2026,Sean Manaea,MLB
640455,ST,752,75.77061170212765,1.438404255319149,12.724148936170213,6.640824468085106,5.178218085106383,-3.4084175531914895,2268.759308510638,-0.9457521097477075,0.292687780556938,L,0.3016446048937024,2026,Sean Manaea,MLB
640902,EP,12,58.71666666666667,16.61,6.52,5.108333333333333,5.975833333333333,-1.3116666666666668,1260.0,-0.37819485689750304,-0.9181114117882263,R,1.0,2026,Jhonny Pereda,MLB
641302,CH,284,84.73802816901409,1.89,-13.664366197183098,6.323239436619718,5.472781690140845,-2.5832394366197184,1479.8204225352113,0.8438418465934535,-0.521523398442927,L,0.23432343234323433,2026,Tyler Alexander,MLB
641302,FC,256,88.265625,9.8175,0.7940625,6.290234375,5.540625,-2.468046875,2367.59375,0.3658047802774635,-0.9168432977951572,L,0.21122112211221122,2026,Tyler Alexander,MLB
641302,FF,217,91.9373271889401,15.472811059907833,-10.024147465437789,6.273271889400921,5.55926267281106,-2.485898617511521,2238.2718894009217,0.6708227395743359,-0.7385252749867193,L,0.17904290429042904,2026,Tyler Alexander,MLB
641302,SI,232,91.38405172413792,9.041379310344826,-16.32,6.273706896551724,5.414698275862069,-2.566034482758621,2109.4094827586205,0.712260003677528,-0.6988256817048705,L,0.19141914191419143,2026,Tyler Alexander,MLB
641302,ST,223,80.23901345291479,1.7090582959641256,14.696502242152468,6.2959641255605385,5.455291479820628,-2.5370403587443944,2527.1973094170403,-0.9046840242563985,0.4075060893117924,L,0.183993399339934,2026,Tyler Alexander,MLB
641312,CH,101,86.70792079207921,5.512871287128712,-13.057425742574257,6.726,6.032079207920792,-2.1725742574257425,1552.039603960396,-0.6798355856541856,-0.6828541308653233,R,0.25,2026,Shaun Anderson,MLB
641312,FF,107,93.19158878504673,15.150280373831775,-2.0220560747663554,6.764423076923077,5.988317757009346,-1.9746728971962617,2546.6415094339623,-0.23685812342720236,-0.9622276022408939,R,0.26485148514851486,2026,Shaun Anderson,MLB
641312,SI,32,93.79375,13.31625,-9.9825,6.803125,6.1521875,-1.7703125,2427.21875,-0.1882729707895489,-0.9068792344710184,R,0.07920792079207921,2026,Shaun Anderson,MLB
641312,SL,111,89.21351351351352,5.177297297297297,5.511351351351351,6.668468468468469,5.951981981981982,-2.37990990990991,2749.6306306306305,0.4435423391815259,-0.8440656325000837,R,0.2747524752475248,2026,Shaun Anderson,MLB
641312,ST,53,82.03018867924528,-3.502641509433962,16.72301886792453,6.537999999999999,6.041509433962264,-2.2658490566037734,2914.6415094339623,0.7757861481617218,0.6194184163940265,R,0.1311881188118812,2026,Shaun Anderson,MLB
641329,CH,449,85.14008908685969,8.69879732739421,-14.83109131403118,6.3500000000000005,6.509977728285078,-0.9890645879732739,1843.9153674832962,-0.6467186379480415,-0.7601128724412048,R,0.44019607843137254,2026,Bryan Baker,MLB
641329,FF,534,96.27865168539326,19.21325842696629,-3.756179775280899,6.392843691148776,6.592284644194757,-0.6379588014981273,2279.4007490636704,-0.33336433920319053,-0.9350165032746859,R,0.5235294117647059,2026,Bryan Baker,MLB
641329,SL,37,87.69189189189188,2.254054054054054,7.258378378378379,6.348648648648648,6.6340540540540545,-0.697027027027027,2422.837837837838,0.7065208113748529,-0.5611270748952019,R,0.03627450980392157,2026,Bryan Baker,MLB
641386,FF,28,93.89999999999999,14.832857142857142,-12.381428571428572,5.825,5.727857142857142,-1.800357142857143,2406.8571428571427,0.7310501219417489,-0.6817178630118889,L,1.0,2026,Ben Bowden,MLB
641401,CH,117,83.87008547008547,7.856410256410257,-15.449230769230768,6.829059829059829,5.775555555555556,-2.7875213675213675,1988.017094017094,-0.9267917661087185,-0.3698134367741613,R,0.3993174061433447,2026,Connor Brogdon,MLB
641401,FC,30,87.70666666666666,8.864,3.472,6.783333333333333,5.749333333333333,-2.8013333333333335,2414.9666666666667,-0.0059899331039637675,-0.9567853416927155,R,0.10238907849829351,2026,Connor Brogdon,MLB
641401,FF,146,94.5458904109589,16.92082191780822,-9.398630136986302,6.793150684931507,5.888287671232877,-2.648082191780822,2312.27397260274,-0.57434733213314,-0.813990986835576,R,0.49829351535836175,2026,Connor Brogdon,MLB
641585,CH,18,86.13333333333334,8.686666666666667,-14.946666666666667,6.411111111111111,5.325555555555556,-1.5955555555555554,2015.5555555555557,-0.664748130796649,-0.7455089767246007,R,0.17307692307692307,2026,J.P. France,MLB
641585,CU,33,76.21515151515152,-17.44363636363636,10.207272727272727,6.378787878787879,5.4381818181818184,-1.4490909090909092,2591.5454545454545,0.45261467918832143,0.8906304801208453,R,0.3173076923076923,2026,J.P. France,MLB
641585,FC,27,87.19259259259259,6.853333333333333,4.915555555555556,6.207407407407407,5.423703703703704,-1.6937037037037035,2688.4814814814813,0.5376279083012347,-0.7589248718348356,R,0.25961538461538464,2026,J.P. France,MLB
641585,FF,26,92.33461538461538,14.483076923076924,-3.927692307692308,6.1692307692307695,5.488846153846154,-1.621923076923077,2357.346153846154,-0.4679249415993111,-0.8814964396014555,R,0.25,2026,J.P. France,MLB
641656,FF,25,94.648,13.6176,-11.5152,5.724,5.888,-2.48,2209.04,-0.6943480504966426,-0.716133916729076,R,0.2717391304347826,2026,Ian Hamilton,MLB
641656,SI,10,93.65,8.112,-16.428,5.74,5.743,-2.536,2123.3,-0.7216005590161221,-0.6894929404186997,R,0.10869565217391304,2026,Ian Hamilton,MLB
641656,SL,57,86.91052631578947,3.9326315789473685,0.6547368421052632,5.617543859649123,5.806140350877193,-2.5326315789473686,1517.3859649122808,-0.6464876164424299,-0.7277944241150521,R,0.6195652173913043,2026,Ian Hamilton,MLB
641743,CH,409,86.12591687041565,0.12498777506112473,-14.057017114914425,6.066503667481662,5.493251833740831,-2.525965770171149,1755.3007334963324,0.8869543069100801,-0.4540303604084918,L,0.14011647824597465,2026,Anthony Kay,MLB
641743,FC,485,91.69731958762885,6.715051546391753,1.2697731958762888,5.848453608247422,5.848103092783505,-2.218453608247423,2392.7603305785124,0.3152311079770301,-0.8983510887152212,L,0.16615279205207262,2026,Anthony Kay,MLB
641743,FF,639,95.88779342723005,14.830234741784038,-7.107981220657277,5.853051643192488,5.933896713615024,-2.0680438184663537,2348.112676056338,0.6616399201754215,-0.7443235049016326,L,0.21891058581706063,2026,Anthony Kay,MLB
641743,SI,535,95.32915887850467,5.222579439252336,-16.00014953271028,5.856822429906543,5.701495327102804,-2.330504672897196,2263.1607476635513,0.7213814970702142,-0.6798366990529241,L,0.18328194587187394,2026,Anthony Kay,MLB
641743,SL,170,86.29235294117647,-4.005176470588236,4.032705882352942,5.821764705882353,5.749470588235294,-2.3373529411764706,2562.7,-0.839170869921318,0.4283878590166057,L,0.05823912298732443,2026,Anthony Kay,MLB
641743,ST,681,82.68972099853157,0.09674008810572686,13.130220264317181,5.755212922173275,5.628428781204112,-2.5572980910425844,2447.7885462555064,-0.856529756316047,0.4833956723260493,L,0.23329907502569372,2026,Anthony Kay,MLB
641745,CH,77,92.7961038961039,6.914805194805194,-10.823376623376623,6.102702702702703,6.338961038961039,-1.3796103896103897,1747.2857142857142,-0.4157117173975238,-0.9064994415945032,R,0.13873873873873874,2026,Brad Keller,MLB
641745,FF,180,96.97611111111111,14.614,-0.24733333333333335,6.09593023255814,6.337166666666667,-1.3564444444444443,2398.9333333333334,-0.2674824338488006,-0.9593657084648661,R,0.32432432432432434,2026,Brad Keller,MLB
641745,SI,108,96.77037037037037,11.132222222222222,-13.31111111111111,6.093457943925234,6.276481481481482,-1.3539814814814815,2270.509259259259,-0.3139679247513949,-0.9452506928212623,R,0.1945945945945946,2026,Brad Keller,MLB
641745,SL,123,87.00813008130082,-6.131707317073171,6.465365853658537,5.974380165289256,6.356260162601626,-1.308048780487805,2692.6991869918697,0.9099393436720465,0.39190279600367317,R,0.22162162162162163,2026,Brad Keller,MLB
641745,ST,67,85.66716417910447,1.4865671641791043,15.642985074626864,5.964615384615384,6.297313432835821,-1.4479104477611942,2739.8507462686566,0.8719980148265302,0.4674676651398399,R,0.12072072072072072,2026,Brad Keller,MLB
641755,CU,156,83.04743589743589,-9.059999999999999,3.966923076923077,5.471153846153846,6.490833333333334,-0.6564743589743589,2729.051282051282,0.6092094073473431,0.785676101597053,R,0.16720257234726688,2026,Tyler Kinley,MLB
641755,FF,145,94.35241379310345,15.68441379310345,-3.096,5.506206896551724,6.453241379310345,-0.7442068965517241,2369.634482758621,-0.413827295946253,-0.9070269865970535,R,0.15541264737406216,2026,Tyler Kinley,MLB
641755,SI,11,94.2909090909091,10.963636363636363,-11.88,5.5,6.383636363636364,-0.8072727272727274,2365.090909090909,-0.40461348584406714,-0.912598006497241,R,0.011789924973204717,2026,Tyler Kinley,MLB
641755,SL,621,87.1024154589372,2.963864734299517,1.9142028985507247,5.51256038647343,6.432351046698872,-0.8138003220611917,2548.990338164251,0.3275485988513389,-0.643174517330805,R,0.6655948553054662,2026,Tyler Kinley,MLB
641778,CH,269,84.63048327137545,6.989442379182156,-12.550929368029738,5.841635687732342,5.995985130111524,-1.8113011152416356,1392.8401486988848,0.8181446299958017,-0.552616309245834,L,0.14829106945975745,2026,Eric Lauer,MLB
641778,CU,223,75.90986547085203,-9.028520179372197,8.659372197309416,5.662331838565023,6.208520179372197,-1.67542600896861,2432.3766816143498,-0.6790091194455293,0.7070680342956691,L,0.12293274531422271,2026,Eric Lauer,MLB
641778,FC,415,87.60746987951806,8.485012048192772,1.3295421686746989,5.823373493975903,6.032626506024096,-1.6948433734939758,2394.286746987952,0.2670797352276277,-0.9512151537036475,L,0.22877618522601983,2026,Eric Lauer,MLB
641778,FF,759,91.100395256917,15.301185770750989,-8.75098814229249,5.847167325428195,6.0862582345191045,-1.6260869565217393,2187.6534914361,0.6468365567220531,-0.7584326318904139,L,0.418412348401323,2026,Eric Lauer,MLB
641778,SL,148,82.8087837837838,3.141081081081081,5.558918918918919,5.798648648648649,6.116148648648649,-1.6806081081081081,2372.824324324324,-0.5235083741235057,-0.2575700583130276,L,0.08158765159867695,2026,Eric Lauer,MLB
641793,FF,503,91.6817097415507,16.37153081510934,-6.490497017892644,6.215109343936382,6.188528827037773,-0.5862624254473161,2016.0854870775347,-0.4869988863751042,-0.8698749910033752,R,0.25468354430379747,2026,Zack Littell,MLB
641793,FS,456,84.14232456140351,0.5776315789473684,-11.303157894736842,6.04780701754386,6.036732456140351,-0.7502631578947369,1145.594298245614,-0.8937020796478894,-0.4302858915100204,R,0.23088607594936708,2026,Zack Littell,MLB
641793,SI,286,91.36923076923077,11.247272727272726,-14.292587412587412,6.211888111888111,5.998181818181818,-0.7661888111888112,1957.6293706293707,-0.583184686381945,-0.8081309027517739,R,0.1448101265822785,2026,Zack Littell,MLB
641793,SL,559,88.19445438282646,10.216744186046512,1.4782110912343471,6.129874776386404,6.169874776386404,-0.7392307692307692,2111.1055456171734,-0.2791511402953199,-0.9508005893887108,R,0.2830379746835443,2026,Zack Littell,MLB
641793,ST,171,79.33684210526316,-4.319298245614036,12.22877192982456,6.0052631578947375,6.113567251461989,-0.8315204678362573,2181.6198830409357,0.6967040643500232,0.705437785563281,R,0.08658227848101266,2026,Zack Littell,MLB
641816,FC,364,87.76813186813186,10.128461538461538,-0.08175824175824176,6.588186813186813,5.4798901098901105,-1.9467857142857143,2431.285714285714,-0.16962146875056086,-0.9511957744542708,R,0.14577492991589908,2026,Tyler Mahle,MLB
641816,FF,1194,92.84447236180905,17.374070351758792,-11.362713567839196,6.662814070351758,5.5281323283082076,-1.769045226130653,2301.9731993299833,-0.6035277697656329,-0.7935392816765501,R,0.47817380857028435,2026,Tyler Mahle,MLB
641816,FS,768,86.368359375,4.425,-13.546875,6.609895833333333,5.450520833333333,-1.8775130208333335,1633.7578125,-0.8216312488255264,-0.5455520121172399,R,0.3075690828994794,2026,Tyler Mahle,MLB
641816,SI,17,91.94117647058823,14.28,-11.844705882352942,6.81764705882353,5.449411764705882,-1.9235294117647062,2294.4117647058824,-0.5920850970487329,-0.8044759726504653,R,0.006808169803764518,2026,Tyler Mahle,MLB
641816,SL,154,85.03441558441558,1.5607792207792208,5.138961038961039,6.57012987012987,5.624155844155844,-1.9934415584415586,2496.688311688312,0.6909256692210638,0.2063195959414558,R,0.06167400881057269,2026,Tyler Mahle,MLB
641835,FF,127,94.44173228346457,13.604409448818897,-8.339527559055119,6.893700787401575,6.150787401574803,-1.6761417322834646,2036.1259842519685,0.6895344491514582,-0.6926156408415698,L,0.11420863309352518,2026,Tim Mayza,MLB
641835,FS,23,91.39565217391304,7.168695652173913,-14.076521739130435,7.043478260869565,6.225217391304348,-1.5604347826086957,1589.0869565217392,0.6146936067605712,-0.7867854378204768,L,0.02068345323741007,2026,Tim Mayza,MLB
641835,SI,630,94.20666666666666,9.353904761904762,-15.067619047619049,6.922380952380953,6.2824285714285715,-1.5543650793650794,2044.9219745222929,0.6222372087958931,-0.7760179989645543,L,0.5665467625899281,2026,Tim Mayza,MLB
641835,SL,332,87.37289156626505,-1.0789156626506025,1.3225301204819278,6.945481927710843,6.173072289156627,-1.6790060240963853,2216.359516616314,-0.5040509107871884,0.6415058841136096,L,0.29856115107913667,2026,Tim Mayza,MLB
641927,CH,724,82.64088397790056,6.269171270718232,-18.357348066298343,7.081491712707182,5.9265193370165745,-1.411754143646409,2058.6256906077347,-0.9204294727278409,-0.38522146234747806,R,0.3321100917431193,2026,Bailey Ober,MLB
641927,CU,33,72.88484848484848,-8.200000000000001,10.18909090909091,7.03030303030303,6.044848484848485,-1.373939393939394,2114.787878787879,0.762007034405521,0.6422867512393522,R,0.015137614678899083,2026,Bailey Ober,MLB
641927,FF,682,88.09061583577713,16.11202346041056,-6.8841642228739,7.171994134897361,5.840073313782991,-1.3589882697947215,2243.5879765395894,-0.5136441792919161,-0.8539280870452717,R,0.3128440366972477,2026,Bailey Ober,MLB
641927,SI,77,88.84155844155845,9.774545454545454,-14.155324675324676,7.2038961038961045,5.865194805194805,-1.3914285714285715,2111.5714285714284,-0.6476103787219363,-0.7584073445481145,R,0.035321100917431195,2026,Bailey Ober,MLB
641927,SL,389,82.49203084832905,6.589203084832905,4.419023136246786,7.122365038560411,5.82185089974293,-1.3862210796915166,2083.642673521851,0.14858504123525615,-0.958425827373651,R,0.17844036697247706,2026,Bailey Ober,MLB
641927,ST,275,76.03854545454544,1.5857454545454546,12.514909090909091,7.0894545454545455,5.859709090909091,-1.3503636363636364,2197.9054545454546,0.8886757452414951,0.4382014271989597,R,0.12614678899082568,2026,Bailey Ober,MLB
641941,FC,133,85.8984962406015,4.020451127819549,4.241503759398496,6.886466165413534,5.4546616541353385,-1.3483458646616542,2292.93984962406,0.20133868666596477,-0.8957143409864848,R,0.19359534206695778,2026,Emilio Pagán,MLB
641941,FF,431,94.87911832946637,17.978839907192576,-8.54032482598608,6.772389791183295,5.526519721577726,-1.3214849187935034,2522.9605568445477,-0.5112991834015944,-0.8569295517070799,R,0.6273653566229985,2026,Emilio Pagán,MLB
641941,FS,123,82.7439024390244,2.43219512195122,-8.524878048780486,7.008943089430894,5.451951219512195,-1.343658536585366,868.0,-0.9437395166416696,-0.29602305467258644,R,0.17903930131004367,2026,Emilio Pagán,MLB
642048,CH,34,86.25294117647059,6.670588235294118,-16.88823529411765,6.764705882352941,5.412941176470588,-2.0658823529411765,2212.029411764706,0.8890025008166261,-0.30503507103363203,L,0.09912536443148688,2026,Tayler Saucedo,MLB
642048,FF,50,92.58200000000001,14.1096,-9.3336,6.627999999999999,5.5874,-2.0063999999999997,2435.08,0.7394165391172633,-0.6655975255516848,L,0.1457725947521866,2026,Tayler Saucedo,MLB
642048,SI,57,92.40877192982457,5.48,-17.023157894736844,6.591228070175438,5.479824561403509,-2.0757894736842104,2327.3508771929824,0.840913035334175,-0.5366099069203252,L,0.1661807580174927,2026,Tayler Saucedo,MLB
642048,SL,88,87.17954545454546,4.974545454545455,2.1504545454545454,6.572727272727272,5.4267045454545455,-2.1525,2375.4204545454545,0.16138223933299098,-0.887771232758531,L,0.2565597667638484,2026,Tayler Saucedo,MLB
642048,ST,114,82.15438596491228,4.565263157894737,9.757894736842106,6.543859649122807,5.390964912280702,-2.177456140350877,2390.8070175438597,-0.9320495693777693,0.31517608316700974,L,0.3323615160349854,2026,Tayler Saucedo,MLB
642100,FF,288,95.41493055555556,14.757916666666667,-9.4175,6.089236111111111,5.467881944444445,-1.9913194444444444,2249.1770833333335,0.7360421795531726,-0.6717915910756688,L,0.4050632911392405,2026,Gabe Speier,MLB
642100,SI,234,95.0559829059829,6.827179487179487,-17.224102564102566,6.091025641025641,5.477521367521367,-1.9815811965811965,2123.7735042735044,0.7391701873676244,-0.6704563646232458,L,0.3291139240506329,2026,Gabe Speier,MLB
642100,SL,189,84.22751322751323,-2.026666666666667,3.7758730158730156,6.173015873015873,5.374867724867725,-2.073915343915344,2226.7936507936506,-0.9386125080753863,0.18342416983181795,L,0.26582278481012656,2026,Gabe Speier,MLB
642121,CH,374,83.60668449197861,2.1718716577540107,-13.723636363636365,6.556451612903226,5.721497326203209,-1.803609625668449,1696.0401069518716,-0.8040164771294974,-0.5858994267871483,R,0.38636363636363635,2026,Cole Sulser,MLB
642121,FC,132,87.49545454545455,8.819090909090908,3.5454545454545454,6.588636363636364,5.618939393939394,-1.9340909090909089,2341.128787878788,-0.030160583496274235,-0.9749252040381722,R,0.13636363636363635,2026,Cole Sulser,MLB
642121,FF,426,92.25352112676056,18.860281690140845,-9.124788732394366,6.638061465721041,5.759906103286385,-1.5869718309859153,2380.056338028169,-0.5281744459422457,-0.845302503843009,R,0.44008264462809915,2026,Cole Sulser,MLB
642121,ST,36,83.07777777777778,8.51,11.446666666666665,6.5,5.58,-1.9847222222222223,2595.777777777778,0.947894040009735,-0.09097330631062461,R,0.0371900826446281,2026,Cole Sulser,MLB
642152,CH,27,86.4962962962963,2.1333333333333333,-15.613333333333333,6.5,6.073333333333333,-1.3788888888888888,1826.9259259259259,-0.9666169144308723,-0.24633323544560007,R,0.1569767441860465,2026,Lou Trivino III,MLB
642152,FC,52,91.71153846153847,9.443076923076923,-0.6115384615384616,6.324999999999999,6.193846153846153,-1.334230769230769,2325.5384615384614,-0.3833647549426761,-0.914992123487192,R,0.3023255813953488,2026,Lou Trivino III,MLB
642152,FF,12,94.60000000000001,14.090000000000002,-7.510000000000001,6.3999999999999995,6.129166666666666,-1.3791666666666667,2030.25,-0.6257527041324483,-0.7773910964676438,R,0.06976744186046512,2026,Lou Trivino III,MLB
642152,SI,49,95.08571428571429,9.340408163265307,-15.303673469387755,6.497959183673469,6.06734693877551,-1.3512244897959182,2087.8979591836733,-0.6419252587106187,-0.763875664765458,R,0.28488372093023256,2026,Lou Trivino III,MLB
642152,ST,32,79.471875,-3.9975,16.8375,6.25,6.185625,-1.385,2434.53125,0.7815313783000467,0.6129345606828265,R,0.18604651162790697,2026,Lou Trivino III,MLB
642207,CH,349,83.80401146131804,-1.9526647564469914,-20.679885386819482,7.180515759312321,5.136991404011461,-2.4212320916905443,2612.1545189504373,-0.9878049918860332,0.11830769112909162,R,0.4598155467720685,2026,Devin Williams,MLB
642207,FC,10,88.42999999999999,11.088,1.716,7.2700000000000005,5.394,-2.407,2377.5,-0.2673880690485356,-0.942488432814091,R,0.013175230566534914,2026,Devin Williams,MLB
642207,FF,400,93.8505,15.0174,-12.8151,7.4195,5.29445,-2.35035,2335.1198979591836,-0.7602967935113317,-0.6425749648941756,R,0.5270092226613966,2026,Devin Williams,MLB
642215,EP,43,46.10232558139535,21.005581395348838,0.4911627906976744,4.06046511627907,6.715813953488372,-1.2802325581395348,1322.6279069767443,-0.5906385416652179,-0.6991029432163081,R,1.0,2026,Weston Wilson,MLB
642232,CH,253,77.64071146245058,0.7939920948616601,-17.77802371541502,6.454150197628459,5.167470355731225,-3.024229249011858,1943.600790513834,0.9951670157256524,1.8803029624298995e-05,L,0.22690582959641256,2026,Ryan Yarbrough,MLB
642232,FC,322,84.89161490683229,9.40360248447205,-2.90944099378882,6.32639751552795,4.965962732919254,-3.2306521739130436,2057.968944099379,0.713551325120635,-0.6735664323183426,L,0.28878923766816145,2026,Ryan Yarbrough,MLB
642232,FF,175,87.37428571428572,12.17897142857143,-13.472228571428571,6.332,5.5476,-2.877542857142857,1921.3657142857144,0.860756080874216,-0.5022869521229169,L,0.15695067264573992,2026,Ryan Yarbrough,MLB
642232,SI,144,86.77916666666667,6.1275,-16.51833333333333,6.388111888111888,5.3585416666666665,-2.919722222222222,1870.6458333333333,0.8860101718168382,-0.4570579350720004,L,0.12914798206278028,2026,Ryan Yarbrough,MLB
642232,ST,221,71.64660633484162,7.177737556561086,14.578642533936652,6.260454545454545,4.829230769230769,-3.305022624434389,2236.7285067873304,-0.9967016045552659,-0.012177441524704536,L,0.19820627802690582,2026,Ryan Yarbrough,MLB
642376,CH,37,88.57837837837837,7.345945945945946,-12.450810810810811,6.2918918918918925,6.10027027027027,-1.9335135135135137,1514.4864864864865,0.6290279140904791,-0.7721594959557333,L,0.10109289617486339,2026,Jefry Yan,MLB
642376,FF,94,97.34148936170213,17.088510638297873,-4.249787234042554,6.213829787234043,6.063191489361703,-1.84468085106383,2478.308510638298,0.45772509380957216,-0.8834527331692417,L,0.2568306010928962,2026,Jefry Yan,MLB
642376,SI,162,97.56913580246913,11.648148148148149,-14.677037037037037,6.169135802469135,5.9390123456790125,-1.8727777777777777,2491.617283950617,0.46760018895421285,-0.8647276550216487,L,0.4426229508196721,2026,Jefry Yan,MLB
642376,SL,73,86.35068493150685,-3.5901369863013697,5.002191780821918,6.154794520547945,6.139041095890411,-1.7175342465753425,2578.945205479452,-0.17830113894055513,0.9449971087513683,L,0.1994535519125683,2026,Jefry Yan,MLB
642397,FF,189,97.07460317460317,13.845714285714287,-11.323174603174603,6.486243386243387,5.607460317460317,-2.1444444444444444,2327.6825396825398,0.7125346988476192,-0.695760946536115,L,0.1618150684931507,2026,Gregory Soto,MLB
642397,SI,460,96.4286956521739,8.072086956521739,-17.06113043478261,6.431304347826087,5.522695652173913,-2.2525652173913047,2311.5565217391304,0.7550756328448847,-0.6457876667788024,L,0.3938356164383562,2026,Gregory Soto,MLB
642397,SL,336,83.59880952380952,2.7817857142857143,4.742857142857143,6.35922619047619,5.582053571428571,-2.1579761904761905,2578.5565476190477,-0.8507667281638307,0.10123223070087262,L,0.2876712328767123,2026,Gregory Soto,MLB
642397,ST,183,82.66666666666667,0.8072131147540984,12.030819672131146,6.3224043715847,5.613497267759563,-2.144262295081967,2578.841530054645,-0.9145812216658854,0.293237703174888,L,0.1566780821917808,2026,Gregory Soto,MLB
642528,CH,266,91.04323308270676,5.205112781954887,-16.681804511278195,6.409398496240602,5.434661654135338,-1.8924060150375939,1774.5902255639098,-0.9050833300059151,-0.40289581457565404,R,0.2731006160164271,2026,Jonathan Loáisiga,MLB
642528,CU,143,89.44965034965034,0.7795804195804196,3.9348251748251744,6.403496503496504,5.463286713286713,-1.9904195804195803,2645.3496503496503,0.850684717068027,-0.1620313747268032,R,0.14681724845995894,2026,Jonathan Loáisiga,MLB
642528,FC,66,95.86515151515152,9.190909090909091,-2.409090909090909,6.410606060606061,5.327575757575758,-1.8146969696969697,2458.742424242424,-0.5400364018868726,-0.8280242155409729,R,0.06776180698151951,2026,Jonathan Loáisiga,MLB
642528,FF,160,97.59812500000001,13.263749999999998,-9.552,6.2975,5.3429375,-1.9556875000000002,2388.1625,-0.7345999557285444,-0.6703116144046117,R,0.16427104722792607,2026,Jonathan Loáisiga,MLB
642528,SI,339,97.88171091445429,7.266902654867256,-16.948672566371684,6.395575221238937,5.33858407079646,-1.895693215339233,2300.560471976401,-0.7502404422391439,-0.6568157062292566,R,0.3480492813141684,2026,Jonathan Loáisiga,MLB
642546,FF,71,97.3112676056338,12.861971830985917,-12.089577464788732,6.3394366197183105,5.631971830985916,-2.1795774647887325,2356.6901408450703,-0.8284050059656698,-0.5542855703006249,R,0.16210045662100456,2026,Jonathan Hernández,MLB
642546,SI,164,97.00792682926829,5.550731707317073,-17.468048780487806,6.38170731707317,5.491341463414634,-2.5257926829268293,2257.518292682927,-0.8345097455298911,-0.5469315309634565,R,0.3744292237442922,2026,Jonathan Hernández,MLB
642546,SL,203,88.94433497536946,1.7603940886699507,3.6561576354679803,6.320689655172413,5.60487684729064,-2.4067980295566502,2465.7389162561576,0.5663946710565431,-0.6648609209565692,R,0.4634703196347032,2026,Jonathan Hernández,MLB
642547,CH,713,87.40785413744742,3.4801683029453017,-17.7165778401122,6.470126227208976,4.993169705469846,-3.6948387096774193,1962.54698457223,-0.9406924884132545,-0.31730165926902887,R,0.23570247933884297,2026,Freddy Peralta,MLB
642547,CS,28,74.83571428571429,-8.974285714285715,8.1,6.364285714285714,5.346428571428571,-3.2967857142857144,2368.5,0.8241803396612294,0.5588389784852249,R,0.009256198347107438,2026,Freddy Peralta,MLB
642547,CU,386,79.51658031088083,-3.20860103626943,4.549740932642488,6.487823834196892,5.335906735751295,-3.401554404145078,2281.29274611399,0.902343241333402,0.3591383875686962,R,0.12760330578512397,2026,Freddy Peralta,MLB
642547,FF,1611,94.41123525760398,16.774823091247672,-7.068826815642457,6.569584109248914,5.285027932960894,-3.381651148355059,2430.989447548107,-0.5493110887900968,-0.8302164260131129,R,0.5325619834710744,2026,Freddy Peralta,MLB
642547,SL,118,83.12711864406779,3.5461016949152544,2.825084745762712,6.437288135593221,5.046186440677967,-3.526016949152542,2346.5338983050847,0.7716346250492632,-0.2697348891783272,R,0.039008264462809916,2026,Freddy Peralta,MLB
642547,ST,169,82.3792899408284,6.170414201183432,10.123313609467456,6.43905325443787,5.139230769230769,-3.521183431952663,2503.4437869822486,0.9494298762510374,0.0020793139827003037,R,0.05586776859504132,2026,Freddy Peralta,MLB
642575,FF,19,94.06842105263158,14.59578947368421,-7.9389473684210525,6.152631578947369,5.248947368421053,-2.495789473684211,2115.8947368421054,-0.6695027677150195,-0.7408047167196394,R,1.0,2026,Gerson Moreno,MLB
642585,FS,18,88.68333333333334,13.933333333333334,-7.213333333333334,6.794117647058823,6.888888888888889,-0.18,1270.8823529411766,-0.36249610708467594,-0.9300678978983199,R,0.5806451612903226,2026,Félix Bautista,MLB
642585,SI,13,95.28461538461539,20.16923076923077,-5.344615384615385,6.699999999999999,6.958461538461538,0.054615384615384614,2364.5384615384614,-0.059016947231329046,-0.9978922875982964,R,0.41935483870967744,2026,Félix Bautista,MLB
642701,CH,130,88.00230769230768,5.116615384615384,-17.316,6.099230769230769,5.560076923076923,-2.2113076923076926,2317.630769230769,-0.8557138829741582,-0.5116705072960303,R,0.1381509032943677,2026,Dennis Santana,MLB
642701,FC,101,89.88316831683169,9.93980198019802,0.17702970297029702,5.952475247524753,5.779306930693069,-2.0166336633663366,2549.108910891089,-0.4757924849037964,-0.8616740248549205,R,0.1073326248671626,2026,Dennis Santana,MLB
642701,FF,252,94.05992063492063,14.978095238095237,-11.85,6.006349206349206,5.670555555555556,-1.943531746031746,2429.1150793650795,-0.718032060688081,-0.6922310846206071,R,0.2678002125398512,2026,Dennis Santana,MLB
642701,SI,118,93.86101694915254,8.554576271186441,-17.01050847457627,5.972881355932203,5.560762711864406,-2.0718644067796608,2381.4406779661017,-0.7517565698612385,-0.6561937717979863,R,0.12539851222104145,2026,Dennis Santana,MLB
642701,SL,340,85.45117647058824,2.727529411764706,1.782,6.065882352941177,5.666,-2.036264705882353,2577.1323529411766,0.18365696174130214,-0.48004975146214063,R,0.361317747077577,2026,Dennis Santana,MLB
642759,CH,29,87.06551724137931,7.017931034482759,-1.7751724137931033,6.755172413793104,6.333448275862069,-2.1020689655172413,1672.8275862068965,0.07228600471874534,-0.9780747230438638,R,0.4084507042253521,2026,Julian Fernández,MLB
642759,FF,42,96.33571428571429,16.09714285714286,-2.5942857142857143,6.530952380952381,6.498571428571428,-1.9314285714285715,2375.714285714286,-0.34636409925668554,-0.9346995047705944,R,0.5915492957746479,2026,Julian Fernández,MLB
643377,CH,389,90.84652956298201,3.9004627249357324,-15.947660668380463,6.342416452442159,5.544601542416452,-0.9643701799485861,1886.2622107969153,-0.7563655306530864,-0.647297900206675,R,0.2253765932792584,2026,Griffin Jax,MLB
643377,CU,151,84.90728476821192,-14.249801324503313,4.994701986754968,6.243708609271523,5.6486092715231795,-0.8284105960264901,3017.4701986754967,0.5643795665845158,0.8193967754969816,R,0.08748551564310544,2026,Griffin Jax,MLB
643377,FC,50,92.8,8.8104,1.272,6.362,5.4412,-1.0708,2680.82,-0.2548326854533869,-0.9507974397029337,R,0.028968713789107765,2026,Griffin Jax,MLB
643377,FF,312,95.89711538461539,17.927692307692308,-7.932307692307693,6.333333333333333,5.537660256410256,-0.9893269230769232,2539.7596153846152,-0.5598991209716171,-0.8263698920824806,R,0.18076477404403243,2026,Griffin Jax,MLB
643377,SI,391,95.30588235294117,11.192225063938618,-16.65544757033248,6.344245524296675,5.504731457800511,-1.0084910485933503,2530.1329923273656,-0.5512681750924523,-0.8312826652556837,R,0.22653534183082272,2026,Griffin Jax,MLB
643377,ST,433,87.52424942263279,-1.066420323325635,12.875196304849885,6.288683602771362,5.41512702078522,-1.1648729792147805,3022.9284064665126,0.7510169191282884,0.636286115315529,R,0.2508690614136732,2026,Griffin Jax,MLB
643410,CU,113,73.92654867256638,-16.198938053097347,9.974867256637168,6.457522123893805,5.8798230088495576,-1.1037168141592921,2310.7699115044247,0.4581163846197228,0.8865452120168159,R,0.19686411149825783,2026,Mark Leiter Jr.,MLB
643410,FC,53,89.58867924528302,9.006792452830188,1.141132075471698,6.494339622641509,5.709056603773584,-1.3232075471698113,2120.396226415094,-0.3530421600855578,-0.9244868585118515,R,0.09233449477351917,2026,Mark Leiter Jr.,MLB
643410,FF,69,92.21884057971015,16.274782608695652,-7.448695652173914,6.54927536231884,5.858985507246376,-0.9978260869565216,1969.1159420289855,-0.5334884534492443,-0.8437605458890078,R,0.12020905923344948,2026,Mark Leiter Jr.,MLB
643410,FS,186,84.30322580645161,2.8303225806451615,-5.063225806451613,6.623118279569893,5.811559139784946,-1.066989247311828,740.6720430107526,-0.8778045079067979,-0.4684262931358292,R,0.3240418118466899,2026,Mark Leiter Jr.,MLB
643410,SI,153,92.13333333333333,11.431372549019608,-14.664313725490196,6.576470588235295,5.7290849673202615,-1.258562091503268,2012.6078431372548,-0.5789712837399159,-0.8123658454931043,R,0.2665505226480836,2026,Mark Leiter Jr.,MLB
643511,SI,773,83.22406209573091,-12.468978007761967,-1.8557309184993531,6.061060802069857,1.2498188874514877,-3.8410608020698573,1979.282749675746,-0.5317377121512977,0.8278324443219899,R,0.7593320235756386,2026,Tyler Rogers,MLB
643511,SL,245,73.53183673469387,13.619265306122449,11.93338775510204,6.046122448979592,1.3006122448979591,-3.8170204081632653,2440.0163265306123,0.8350855240380312,-0.5305978534654237,R,0.2406679764243615,2026,Tyler Rogers,MLB
644433,EP,14,37.81428571428571,17.185714285714287,-1.8599999999999999,3.314285714285714,7.252857142857143,-1.4692857142857143,1044.357142857143,-0.29451735505513277,-0.950731164940206,R,1.0,2026,Chadwick Tromp,MLB
645261,CH,696,90.79152298850575,2.2568965517241377,-16.667241379310344,6.139367816091954,5.871724137931034,-1.9456321839080462,2076.557471264368,-0.8759365551974527,-0.479542702667565,R,0.20597810002959455,2026,Sandy Alcantara,MLB
645261,CU,141,82.78794326241135,-2.7574468085106383,4.323404255319149,5.986524822695036,5.961914893617021,-1.8384397163120565,2400.1063829787236,0.8465749985972572,0.479948743381214,R,0.04172832198875407,2026,Sandy Alcantara,MLB
645261,FC,503,89.9337972166998,5.903856858846918,1.3462425447316102,6.009940357852883,5.915705765407554,-1.8946719681908548,2200.624254473161,-0.32764268553759773,-0.8765420749390723,R,0.1488606096478248,2026,Sandy Alcantara,MLB
645261,FF,608,97.45953947368422,13.37171052631579,-12.54296052631579,6.023355263157894,5.953684210526316,-1.875296052631579,2243.8042763157896,-0.7743792166518753,-0.6301811559077465,R,0.1799348919798757,2026,Sandy Alcantara,MLB
645261,SI,887,97.29966178128524,8.063269447576099,-17.02498308906426,6.046110484780157,5.892919954904172,-1.9168207440811724,2288.817361894025,-0.7760078612816753,-0.6287307331497283,R,0.26250369931932527,2026,Sandy Alcantara,MLB
645261,SL,249,84.92409638554216,2.9653012048192773,4.588433734939759,6.014859437751004,5.885020080321285,-1.8996787148594376,2327.8152610441766,0.8842513068031514,0.2691214111241468,R,0.07369044095886357,2026,Sandy Alcantara,MLB
645261,ST,295,84.1477966101695,1.0450169491525425,12.098440677966101,5.98135593220339,5.871152542372881,-1.93328813559322,2353.3627118644067,0.9019367005151508,0.3659314979855466,R,0.08730393607576206,2026,Sandy Alcantara,MLB
645302,CU,11,51.56363636363637,11.50909090909091,-2.509090909090909,3.872727272727273,6.224545454545455,-2.4481818181818182,1308.5454545454545,-0.7597548532051647,-0.6458090334908634,R,0.5,2026,Victor Robles,MLB
645302,FF,11,76.5,13.636363636363637,-9.850909090909092,4.090909090909091,6.161818181818182,-2.5054545454545454,1898.090909090909,-0.7878226150616306,-0.6134967929178112,R,0.5,2026,Victor Robles,MLB
646241,CH,153,87.6248366013072,7.816470588235295,-16.904313725490198,6.083006535947712,5.774117647058824,-2.952875816993464,2112.5424836601305,0.744871518691786,-0.653687384459328,L,0.21982758620689655,2026,Enmanuel De Jesus,MLB
646241,FC,109,85.57339449541284,1.2429357798165137,2.875596330275229,6.0238532110091745,5.669633027522936,-3.1391743119266056,2606.0091743119265,-0.7073741141648933,-0.12898729100102088,L,0.15660919540229884,2026,Enmanuel De Jesus,MLB
646241,FF,288,94.14756944444444,17.132916666666667,-9.805,5.945486111111111,5.990486111111111,-2.7928819444444444,2325.4861111111113,0.6014285812785451,-0.7961201780141036,L,0.41379310344827586,2026,Enmanuel De Jesus,MLB
646241,SI,99,94.1070707070707,13.139393939393939,-15.276363636363635,6.003030303030303,5.898585858585859,-2.877878787878788,2301.878787878788,0.6028977920112771,-0.7884208137195235,L,0.14224137931034483,2026,Enmanuel De Jesus,MLB
646241,SL,47,80.29148936170212,-6.939574468085107,4.511489361702128,5.876595744680851,5.959787234042554,-2.7506382978723405,2665.8297872340427,-0.6963486279649678,0.7016436983496692,L,0.06752873563218391,2026,Enmanuel De Jesus,MLB
646242,SI,15,88.72666666666667,4.216,-15.536000000000001,6.486666666666666,5.224666666666667,-2.715333333333333,2172.3333333333335,0.8329745215657737,-0.5437693779498134,L,1.0,2026,Jhonathan Díaz,MLB
647315,FC,17,95.42941176470588,12.6,-7.369411764705882,6.464705882352941,5.867058823529412,-1.9700000000000002,2167.176470588235,-0.657980570440556,-0.7476125268261062,R,0.11805555555555555,2026,Zach Pop,MLB
647315,SI,90,96.29,7.830666666666667,-17.929333333333336,6.552873563218391,5.775777777777778,-1.9355555555555555,2172.8888888888887,-0.7268840070671805,-0.6829090728698618,R,0.625,2026,Zach Pop,MLB
647315,SL,37,86.38648648648649,-0.49297297297297304,6.149189189189189,6.419444444444444,5.384324324324324,-2.321081081081081,2526.891891891892,0.9289676995556523,0.30525393117601557,R,0.2569444444444444,2026,Zach Pop,MLB
647336,CH,235,85.88936170212766,3.361531914893617,-16.632,6.17063829787234,5.508978723404255,-2.657404255319149,2223.059574468085,-0.9159238843528915,-0.3957953896820652,R,0.12252346193952034,2026,Michael Soroka,MLB
647336,FC,225,89.04133333333333,7.4992,1.4074666666666666,6.092444444444444,5.454533333333333,-2.6807999999999996,2609.8355555555554,-0.3263923565343743,-0.8824783060254129,R,0.1173096976016684,2026,Michael Soroka,MLB
647336,FF,619,93.56720516962844,13.857382875605815,-8.088659127625203,6.186106623586429,5.43707592891761,-2.6551373182552505,2528.3150242326333,-0.7451747495043548,-0.662055927952346,R,0.3227320125130344,2026,Michael Soroka,MLB
647336,SI,202,93.31980198019801,5.521188118811881,-16.414455445544554,6.147029702970297,5.494950495049505,-2.6159900990099008,2356.2425742574255,-0.7497888511893335,-0.65503346113411,R,0.10531803962460896,2026,Michael Soroka,MLB
647336,ST,13,83.16153846153846,2.9076923076923076,14.963076923076924,5.992307692307692,5.56076923076923,-2.6184615384615384,2883.6923076923076,0.9343803262804362,0.32639570768903414,R,0.006777893639207508,2026,Michael Soroka,MLB
647336,SV,624,80.60705128205129,-8.156923076923077,11.951538461538462,5.960096153846154,5.646314102564103,-2.570176282051282,2918.540064102564,0.8396323987337531,0.5322429013648456,R,0.32533889468196037,2026,Michael Soroka,MLB
650556,FC,139,93.11223021582734,11.059856115107912,-0.12,6.661870503597123,5.4453956834532375,-2.736402877697842,2440.589928057554,-0.3951638181561822,-0.9002028387833506,R,0.1184995737425405,2026,Bryan Abreu,MLB
650556,FF,514,95.74610894941634,16.640077821011673,-6.0761089494163425,6.618677042801556,5.614455252918288,-2.2263229571984433,2232.6673151750974,-0.5102777828967205,-0.8571589130403301,R,0.4381926683716965,2026,Bryan Abreu,MLB
650556,SL,520,86.56692307692309,-5.389615384615384,6.675461538461538,6.395961538461538,5.7694807692307695,-2.3622692307692303,2834.4846153846156,0.7632933042159035,0.6153700107917679,R,0.443307757885763,2026,Bryan Abreu,MLB
650633,CH,818,86.55048899755502,4.603276283618582,-16.646259168704155,5.9929095354523225,5.225330073349633,-3.2928606356968215,1868.4132029339853,-0.9221860594502743,-0.3779401102953053,R,0.2596825396825397,2026,Michael King,MLB
650633,FF,636,94.33380503144654,14.981509433962264,-7.516792452830189,5.87248427672956,5.694009433962264,-2.9522169811320755,2359.8899371069183,-0.6386132002652767,-0.7496388957021034,R,0.2019047619047619,2026,Michael King,MLB
650633,SI,876,93.25045662100456,5.205479452054795,-16.712191780821918,5.923401826484018,5.459977168949771,-3.0981621004566207,2261.828767123288,-0.7340101625197396,-0.6436451341525611,R,0.2780952380952381,2026,Michael King,MLB
650633,SL,212,85.66698113207548,1.7490566037735849,3.562075471698113,5.842924528301887,5.459622641509434,-3.1780188679245285,2548.4528301886794,0.6696071171374701,-0.2821272407881303,R,0.0673015873015873,2026,Michael King,MLB
650633,ST,608,82.20707236842105,3.005921052631579,13.317236842105263,5.850822368421053,5.421578947368421,-3.212105263157895,2836.8223684210525,0.90896288848889,0.39311461013245674,R,0.19301587301587303,2026,Michael King,MLB
650644,CU,490,77.4230612244898,-14.911836734693878,11.35738775510204,5.6873469387755105,6.420836734693878,-0.8299795918367346,3060.8714285714286,0.660748506130274,0.742981782155645,R,0.2552083333333333,2026,Aaron Civale,MLB
650644,FC,730,88.11561643835617,10.133589041095892,5.9612054794520555,5.794246575342466,6.279945205479452,-0.9687945205479452,2661.9301369863015,0.0944392856536005,-0.9810556163321605,R,0.3802083333333333,2026,Aaron Civale,MLB
650644,FF,196,91.52295918367346,18.504489795918367,-6.42734693877551,5.79234693877551,6.236938775510204,-0.8565306122448979,2403.816326530612,-0.4555972651272934,-0.8869318198093628,R,0.10208333333333333,2026,Aaron Civale,MLB
650644,FS,139,84.87050359712231,7.510791366906475,-14.491510791366906,5.795683453237411,6.07568345323741,-1.412158273381295,1932.841726618705,-0.7660035906652704,-0.6389991769017694,R,0.07239583333333334,2026,Aaron Civale,MLB
650644,SI,307,91.57068403908795,13.029967426710098,-13.761693811074919,5.760586319218241,6.1262214983713354,-0.9144625407166124,2283.5048859934855,-0.5313029907444589,-0.844234358203306,R,0.15989583333333332,2026,Aaron Civale,MLB
650644,SL,58,82.54310344827586,-3.544137931034483,8.451724137931034,5.755172413793104,6.256379310344828,-0.6467241379310344,2847.655172413793,0.9411705942810273,0.10854500022476736,R,0.030208333333333334,2026,Aaron Civale,MLB
650911,CH,1219,87.05537325676784,-0.48866283839212465,-16.88121410992617,6.9877768662838395,6.030344544708777,-1.9969401148482362,2048.661197703035,0.9489631041914511,-0.30374792819983826,L,0.3667268351383875,2026,Cristopher Sánchez,MLB
650911,SI,1484,95.09649595687333,4.377978436657682,-18.139245283018866,6.881805929919138,6.055121293800538,-1.904157681940701,2127.7735849056603,0.8439647042507593,-0.5327975105059818,L,0.4464500601684717,2026,Cristopher Sánchez,MLB
650911,SL,621,86.34589371980677,-3.5474396135265702,1.291207729468599,6.822866344605475,6.124041867954912,-1.889452495974235,2064.938808373591,-0.7190695429111011,0.656659099617597,L,0.18682310469314078,2026,Cristopher Sánchez,MLB
650960,CH,49,88.40612244897959,4.204897959183674,-14.466122448979592,6.087755102040816,5.482857142857143,-1.4546938775510205,1723.469387755102,-0.8987434597909166,-0.4328229422587459,R,0.1044776119402985,2026,Daniel Duarte,MLB
650960,FC,155,89.88516129032259,8.369806451612902,4.854193548387097,5.98258064516129,5.740322580645161,-1.2132903225806453,2509.341935483871,0.13457387697561593,-0.9690106678388489,R,0.3304904051172708,2026,Daniel Duarte,MLB
650960,FF,73,95.00136986301371,16.25917808219178,-7.499178082191782,5.921917808219178,5.788493150684932,-1.087123287671233,2344.945205479452,-0.5257918227524336,-0.8473282673435212,R,0.15565031982942432,2026,Daniel Duarte,MLB
650960,SI,70,93.32714285714285,9.384,-17.07257142857143,5.991428571428571,5.541428571428571,-1.314142857142857,2219.4714285714285,-0.7333338704135217,-0.6764047111180634,R,0.14925373134328357,2026,Daniel Duarte,MLB
650960,ST,122,81.52213114754099,2.3429508196721316,16.89934426229508,5.9311475409836065,5.605901639344262,-1.347950819672131,2676.2622950819673,0.9319352096518948,0.3477419754411792,R,0.2601279317697228,2026,Daniel Duarte,MLB
655316,SL,27,49.48888888888889,19.346666666666668,-0.4266666666666666,3.814814814814815,6.987037037037037,-0.4388888888888889,1255.7037037037037,-0.1599419810884815,-0.9691816957893541,R,1.0,2026,Andruw Monasterio,MLB
655889,FF,22,95.6,15.572727272727274,-4.8545454545454545,6.663636363636363,5.455454545454545,-1.1336363636363638,2279.909090909091,-0.494702768245018,-0.8648458990206419,R,0.15942028985507245,2026,Manuel Rodríguez,MLB
655889,SI,51,96.17647058823529,10.432941176470589,-14.868235294117646,6.70392156862745,5.387254901960785,-1.1433333333333333,2096.7843137254904,-0.5901108116828345,-0.8058330576324413,R,0.3695652173913043,2026,Manuel Rodríguez,MLB
655889,SL,65,88.91538461538461,1.6596923076923076,3.012923076923077,6.656923076923077,5.493076923076924,-1.0073846153846155,2247.107692307692,0.764684219135089,-0.3837420986823992,R,0.47101449275362317,2026,Manuel Rodríguez,MLB
656212,CH,36,82.35277777777777,3.41,-17.326666666666668,5.702777777777778,5.411666666666666,-1.9891666666666667,1693.9166666666667,0.9863187628428347,-0.15621530455502416,L,0.1791044776119403,2026,Charlie Barnes,MLB
656212,FF,67,89.344776119403,13.547462686567165,-10.986268656716419,5.655223880597014,5.5962686567164175,-1.843731343283582,2025.6567164179105,0.7915509257193906,-0.6082138956667944,L,0.3333333333333333,2026,Charlie Barnes,MLB
656212,SI,43,89.18139534883721,5.676279069767443,-16.81953488372093,5.66046511627907,5.468139534883721,-1.930232558139535,2005.046511627907,0.8024356412420881,-0.5925268800089332,L,0.21393034825870647,2026,Charlie Barnes,MLB
656212,SL,42,83.57142857142857,0.41714285714285715,5.202857142857143,5.485714285714286,5.594761904761905,-1.9464285714285714,2468.904761904762,-0.8237022990546069,0.5395028017788277,L,0.208955223880597,2026,Charlie Barnes,MLB
656212,ST,13,78.21538461538461,-2.5938461538461537,18.046153846153846,5.292307692307692,5.566923076923077,-2.0053846153846155,2489.769230769231,-0.8729722667949414,0.4823969864235477,L,0.06467661691542288,2026,Charlie Barnes,MLB
656222,CH,171,87.88304093567251,9.670877192982456,-15.635087719298244,6.311695906432749,5.922807017543859,-1.2128654970760235,2051.9824561403507,0.7807182986857918,-0.6209148102114579,L,0.3958333333333333,2026,Jalen Beeks,MLB
656222,FC,41,81.7439024390244,-0.26634146341463416,2.1570731707317075,6.2682926829268295,5.959024390243902,-1.2312195121951222,2378.243902439024,-0.6353665751940442,0.1801581962831945,L,0.09490740740740741,2026,Jalen Beeks,MLB
656222,FF,220,93.37909090909092,15.716181818181818,-6.859636363636363,6.615909090909091,5.902272727272727,-1.0645,2162.4772727272725,0.4912630723720091,-0.8684701625583946,L,0.5092592592592593,2026,Jalen Beeks,MLB
656234,CU,78,80.96538461538462,-9.236923076923077,16.32153846153846,6.073333333333333,5.516794871794872,-2.677051282051282,2855.371794871795,0.8774942080732026,0.4723136641418279,R,0.11386861313868613,2026,Jake Bird,MLB
656234,FF,114,93.46140350877194,11.638947368421052,-3.1789473684210523,6.069298245614035,5.525789473684211,-2.761052631578947,2486.3947368421054,-0.5858623114722272,-0.7948028395312425,R,0.16642335766423358,2026,Jake Bird,MLB
656234,SI,227,94.65991189427312,3.057092511013216,-15.679295154185022,5.908407079646017,5.295814977973569,-2.9398678414096917,2277.458149779736,-0.8364034194847736,-0.5325185898680669,R,0.33138686131386863,2026,Jake Bird,MLB
656234,ST,266,84.23157894736842,5.617894736842105,14.451879699248119,5.859302325581395,5.0855263157894735,-3.165714285714286,2717.4624060150377,0.9673024040904246,0.2251995575855249,R,0.3883211678832117,2026,Jake Bird,MLB
656240,FC,198,89.44040404040405,6.4781818181818185,3.632727272727273,6.98030303030303,6.0323232323232325,-2.0100000000000002,2322.510101010101,-0.11154137781688996,-0.958324659146504,R,0.32945091514143093,2026,Scott Blewett,MLB
656240,FF,153,95.63986928104575,15.20313725490196,-6.87843137254902,7.005228758169935,6.215751633986928,-1.7431372549019608,2305.169934640523,-0.5382464587671291,-0.8399067274359322,R,0.2545757071547421,2026,Scott Blewett,MLB
656240,FS,42,86.7452380952381,1.3914285714285715,-7.36,7.0214285714285705,6.083809523809524,-1.8992857142857142,1078.3095238095239,-0.9063272112754598,-0.40844912160848923,R,0.06988352745424292,2026,Scott Blewett,MLB
656240,SI,58,94.74137931034483,12.386896551724139,-13.303448275862069,7.027586206896552,6.12551724137931,-1.83,2127.103448275862,-0.5308608170856334,-0.8444012999997245,R,0.09650582362728785,2026,Scott Blewett,MLB
656240,SL,150,85.03533333333333,-1.0896,1.4232,6.978000000000001,6.1688,-1.7770666666666666,2172.72,0.7226246248793774,0.6545195982226168,R,0.24958402662229617,2026,Scott Blewett,MLB
656271,CH,215,87.55162790697673,6.967813953488371,-14.704744186046511,6.674418604651163,6.188186046511628,-1.8330697674418606,2099.8697674418604,0.7668035202527979,-0.6358517089552687,L,0.1768092105263158,2026,Brock Burke,MLB
656271,FF,494,96.20991902834008,15.252874493927125,-8.41263157894737,6.801619433198381,6.332631578947368,-1.6541295546558705,2312.574898785425,0.5930600642796666,-0.801761740702977,L,0.40625,2026,Brock Burke,MLB
656271,SI,166,93.48313253012049,11.19975903614458,-14.195421686746988,6.780722891566264,6.373132530120483,-1.700421686746988,2146.855421686747,0.579787721304599,-0.8106820166341363,L,0.13651315789473684,2026,Brock Burke,MLB
656271,SL,341,86.39941348973608,4.439648093841642,-0.08903225806451613,6.637536656891496,6.401700879765396,-1.7312316715542522,2270.5542521994134,0.2722511645651883,-0.9132662096367605,L,0.28042763157894735,2026,Brock Burke,MLB
656288,CH,386,90.32564766839377,0.7619689119170985,-15.671502590673574,5.752849740932643,5.578341968911917,-1.0189119170984455,1502.6528497409327,-0.9120338387849525,-0.39872472281005833,R,0.25,2026,Griffin Canning,MLB
656288,FC,85,90.17529411764706,7.5077647058823525,0.2696470588235294,5.875294117647059,5.582,-0.9925882352941177,2452.858823529412,-0.3578142473486014,-0.8650140236011008,R,0.05505181347150259,2026,Griffin Canning,MLB
656288,FF,377,94.60450928381964,15.402970822281167,-9.33867374005305,6.007957559681698,5.631061007957559,-0.8898673740053051,2189.9867374005307,-0.5985365597069433,-0.7982295694077569,R,0.24417098445595856,2026,Griffin Canning,MLB
656288,KC,133,82.10676691729324,-4.327218045112782,11.602105263157894,5.762406015037594,5.524135338345865,-1.0572180451127822,2552.7067669172934,0.6010842252394116,0.7885028466173296,R,0.086139896373057,2026,Griffin Canning,MLB
656288,SI,152,93.84013157894738,8.034473684210527,-16.37763157894737,5.9184210526315795,5.554736842105264,-0.8909868421052632,2120.9605263157896,-0.6832649357085383,-0.7274972598822851,R,0.09844559585492228,2026,Griffin Canning,MLB
656288,SL,366,87.96174863387978,-3.43344262295082,0.9042622950819672,5.829234972677596,5.699289617486339,-0.985327868852459,2786.6994535519125,0.45910660816287047,0.8050838027533112,R,0.23704663212435234,2026,Griffin Canning,MLB
656288,ST,45,86.31333333333333,-0.6613333333333333,9.589333333333332,5.793333333333333,5.598222222222222,-1.1706666666666667,2829.7555555555555,0.6576990368248858,0.7284002485596172,R,0.029145077720207253,2026,Griffin Canning,MLB
656302,CH,343,81.5997084548105,15.87533527696793,-8.240466472303208,6.553644314868805,6.145947521865889,-1.5147230320699707,1740.868804664723,-0.18611398198720872,-0.9754999658880147,R,0.11517797179314976,2026,Dylan Cease,MLB
656302,FF,1091,96.82740604949588,18.488249312557286,-3.154537121906508,6.416773602199816,6.212126489459212,-1.585948670944088,2455.910927456382,-0.2593989829550448,-0.96008516247926,R,0.3663532572196105,2026,Dylan Cease,MLB
656302,KC,300,81.67833333333333,-13.568,2.4172,6.370666666666667,6.1597333333333335,-1.5921,2662.2966666666666,0.3954576767715247,0.9136841218354228,R,0.10073875083948959,2026,Dylan Cease,MLB
656302,SI,240,95.82916666666667,13.868,-11.2805,6.417083333333333,6.194833333333333,-1.4444583333333334,2391.2092050209203,-0.1946800869874077,-0.9738469218774327,R,0.08059100067159167,2026,Dylan Cease,MLB
656302,SL,895,88.68703910614525,3.574659217877095,1.3091396648044693,6.363463687150838,6.100480446927374,-1.702804469273743,2705.2250839865624,0.6434264312096689,-0.58937061134539,R,0.3005372733378106,2026,Dylan Cease,MLB
656302,ST,109,83.4862385321101,-8.993394495412844,11.746788990825689,6.318348623853211,5.944036697247706,-1.8681651376146788,2830.1743119266057,0.5478695552002056,0.8315863106119411,R,0.036601746138347886,2026,Dylan Cease,MLB
656427,CH,48,85.46249999999999,8.235,-14.385,6.6937500000000005,5.158125,-2.6577083333333333,1814.25,-0.6661132320801445,-0.7407901536369822,R,0.027602070155261643,2026,Jack Flaherty,MLB
656427,FF,857,92.72508751458575,16.08294049008168,-5.780723453908985,6.57852975495916,5.380805134189032,-2.382648774795799,2252.9369894982497,-0.4845841951453504,-0.8714410028333354,R,0.4928119608970673,2026,Jack Flaherty,MLB
656427,KC,332,78.07168674698795,-9.295301204819276,10.939156626506024,6.481927710843373,5.315180722891567,-2.469487951807229,2399.10843373494,0.7781649940969289,0.6190437402496348,R,0.19091431857389304,2026,Jack Flaherty,MLB
656427,SI,76,90.92631578947368,9.467368421052631,-13.730526315789474,6.657894736842105,5.276710526315789,-2.3926315789473684,2060.1184210526317,-0.4782445210647616,-0.8718708116146785,R,0.04370327774583094,2026,Jack Flaherty,MLB
656427,SL,426,85.06173708920188,3.3549295774647887,5.839718309859155,6.514084507042254,5.404460093896714,-2.4358450704225354,2440.0516431924884,0.8052285542851702,-0.5328865602825794,R,0.2449683726279471,2026,Jack Flaherty,MLB
656457,FC,18,87.16111111111111,7.1066666666666665,1.14,6.288888888888889,5.4911111111111115,-3.243888888888889,2244.0,0.39290385710255465,-0.8793063216590327,L,0.13043478260869565,2026,Tyler Gilbert,MLB
656457,FF,12,91.125,10.81,-8.34,6.233333333333333,4.92,-3.1908333333333334,2166.9166666666665,0.7826503892238322,-0.6150710507095987,L,0.08695652173913043,2026,Tyler Gilbert,MLB
656457,SI,58,89.71724137931035,3.440689655172414,-16.717241379310344,6.144827586206896,4.7267241379310345,-3.546206896551724,2066.1724137931033,0.8433282425616546,-0.5173940059540385,L,0.42028985507246375,2026,Tyler Gilbert,MLB
656457,ST,50,79.182,0.26159999999999994,12.4488,5.996,4.5432,-3.7962000000000002,2520.94,-0.8233310360028137,0.5503672912761082,L,0.36231884057971014,2026,Tyler Gilbert,MLB
656464,FF,520,95.70423076923076,15.497769230769231,-8.836846153846153,6.809615384615385,6.487653846153846,-1.9439423076923077,2405.996153846154,-0.6531123221857076,-0.754265692097763,R,0.4647006255585344,2026,Kevin Ginkel,MLB
656464,SI,61,95.14262295081967,11.649836065573771,-14.95672131147541,6.911475409836066,6.4347540983606555,-1.938688524590164,2269.27868852459,-0.626350769148642,-0.7775831268398584,R,0.05451295799821269,2026,Kevin Ginkel,MLB
656464,SL,538,85.68736059479555,-2.6228252788104087,4.192639405204461,6.697397769516728,6.549665427509293,-1.9616356877323418,2398.9275092936805,0.7814646271167782,0.5779838856795996,R,0.48078641644325293,2026,Kevin Ginkel,MLB
656492,CH,335,82.57641791044776,7.364059701492537,-14.157850746268657,6.002686567164179,5.864805970149254,-2.8202686567164177,1864.176119402985,0.7561804646197636,-0.6502880878101621,L,0.11508072827207146,2026,Foster Griffin,MLB
656492,CU,259,77.86370656370657,-13.582239382239383,8.546409266409267,6.062548262548263,5.9606949806949805,-2.5524710424710424,2357.4440154440153,-0.5234005719993681,0.8484907573183416,L,0.08897286155960152,2026,Foster Griffin,MLB
656492,FC,932,88.5148068669528,7.510171673819743,4.525107296137339,6.26047261009667,5.837736051502146,-2.669345493562232,2244.482832618026,-0.006076744472941981,-0.9807467452617095,L,0.320164891789763,2026,Foster Griffin,MLB
656492,FF,480,91.53958333333334,15.95275,-4.5745000000000005,6.4191666666666665,5.7871250000000005,-2.6212708333333334,2092.5583333333334,0.5206433059968204,-0.8498551513627637,L,0.16489178976296806,2026,Foster Griffin,MLB
656492,FS,170,81.37294117647059,0.6861176470588236,-0.6592941176470588,6.194705882352941,5.834941176470589,-2.752588235294118,1330.0470588235294,0.5291709803859069,0.15111455529066894,L,0.05839917554105119,2026,Foster Griffin,MLB
656492,SI,297,91.41952861952862,10.19878787878788,-14.656565656565656,6.388215488215488,5.6881144781144775,-2.7329629629629633,2042.3198653198654,0.5925726531237007,-0.7957606958769343,L,0.10202679491583648,2026,Foster Griffin,MLB
656492,ST,438,80.32442922374429,-0.792054794520548,16.698082191780824,6.097716894977169,5.731301369863013,-2.8995433789954337,2530.1849315068494,-0.835021691481172,0.5381919050450107,L,0.15046375815870836,2026,Foster Griffin,MLB
656529,CU,117,80.47350427350428,-10.95076923076923,5.666666666666667,7.005982905982906,6.33948717948718,-1.7785470085470085,2320.196581196581,-0.6136706519506969,0.7862245402035937,L,0.1703056768558952,2026,Sam Hentges,MLB
656529,FF,231,94.491341991342,15.190129870129871,-6.5735064935064935,7.045887445887446,6.246233766233766,-1.8998268398268399,2216.7619047619046,0.4838532166741827,-0.8710450744975019,L,0.33624454148471616,2026,Sam Hentges,MLB
656529,SI,184,94.05163043478261,12.44804347826087,-12.596739130434784,7.066304347826088,6.197445652173912,-1.9175,2114.858695652174,0.4808603235019989,-0.8736905586381234,L,0.2678311499272198,2026,Sam Hentges,MLB
656529,SL,155,87.86,4.326193548387097,2.995354838709677,7.0212903225806444,6.233548387096774,-1.937483870967742,2193.606451612903,-0.38145302468098763,-0.8122394775386375,L,0.22561863173216884,2026,Sam Hentges,MLB
656546,FF,377,96.35968169761273,16.184721485411142,-13.80445623342175,6.592042440318302,5.638541114058356,-2.636896551724138,2539.3023872679046,-0.7022503493136553,-0.7028471963023913,R,0.31131296449215523,2026,Jeff Hoffman,MLB
656546,FS,240,89.4225,2.118,-15.218,6.641666666666667,5.5095833333333335,-2.758666666666667,1727.3291666666667,-0.8981394361245881,-0.413085622204628,R,0.1981833195706028,2026,Jeff Hoffman,MLB
656546,SI,54,96.07407407407408,13.191111111111113,-15.96888888888889,6.6462962962962955,5.618333333333333,-2.658703703703704,2462.703703703704,-0.6852925576439467,-0.692302076900752,R,0.04459124690338563,2026,Jeff Hoffman,MLB
656546,SL,540,86.50314814814814,-1.172,3.1953333333333336,6.45462962962963,5.6875,-2.6726851851851854,2787.3376623376626,0.44971995771814155,0.5525136880925366,R,0.44591246903385634,2026,Jeff Hoffman,MLB
656550,CH,179,89.32625698324023,2.570949720670391,-14.168715083798881,6.034078212290503,5.701117318435754,-2.4675977653631285,1586.2458100558658,-0.8631048288852268,-0.4878029703124317,R,0.07145708582834331,2026,Grant Holmes,MLB
656550,CU,197,82.93299492385786,-7.902335025380711,2.389644670050761,5.942131979695431,5.875736040609137,-2.394517766497462,2773.4213197969543,0.6016725184146249,0.779236129336641,R,0.07864271457085828,2026,Grant Holmes,MLB
656550,FC,216,92.13796296296296,11.765,-0.9227777777777777,5.941203703703703,5.809583333333332,-2.4222222222222225,2436.462962962963,-0.5184358854894823,-0.8482606817466708,R,0.08622754491017964,2026,Grant Holmes,MLB
656550,FF,697,94.22022955523673,15.376183644189384,-7.213256814921091,5.999139167862267,5.842109038737446,-2.340358680057389,2323.1721664275465,-0.5633614440163379,-0.8229739193481951,R,0.2782435129740519,2026,Grant Holmes,MLB
656550,SI,312,93.24711538461538,7.991923076923077,-14.203846153846156,5.992307692307692,5.746378205128205,-2.4301602564102565,2251.400641025641,-0.6212327847397422,-0.7799319781194373,R,0.12455089820359282,2026,Grant Holmes,MLB
656550,SL,904,85.39668141592921,-2.8693805309734515,1.8866814159292036,6.00608407079646,5.830519911504425,-2.3775221238938054,2729.6117256637167,0.6836328910349418,0.6356584893452504,R,0.36087824351297404,2026,Grant Holmes,MLB
656557,FF,11,93.27272727272727,9.196363636363635,-8.792727272727273,6.081818181818182,5.745454545454546,-2.137272727272727,2297.3636363636365,-0.8866431504841898,-0.4553036821441747,R,0.22,2026,Tanner Houck,MLB
656557,FS,11,88.32727272727273,-2.0509090909090912,-12.6,5.990909090909091,5.938181818181818,-2.1345454545454547,1828.3636363636363,-0.9483713481969578,-0.3081475739139115,R,0.22,2026,Tanner Houck,MLB
656557,SI,15,92.41333333333334,1.6320000000000001,-14.328,5.9399999999999995,5.9126666666666665,-2.2113333333333336,2232.5333333333333,-0.8765750744538047,-0.4726663208340401,R,0.3,2026,Tanner Houck,MLB
656557,ST,13,84.43846153846154,-1.1815384615384616,12.34153846153846,5.823076923076924,5.758461538461538,-2.312307692307692,2526.6153846153848,0.7788590351258615,0.615193127597622,R,0.26,2026,Tanner Houck,MLB
656577,EP,25,50.163999999999994,16.0704,-1.4496,3.3960000000000004,6.5520000000000005,-2.0752,1274.0,-0.6777552064688783,-0.6332888518903393,R,1.0,2026,Alex Jackson,MLB
656605,CH,174,88.7735632183908,2.4206896551724135,-12.029655172413792,6.59367816091954,5.785919540229885,-1.965287356321839,1540.0804597701149,-0.8412806328964404,-0.5353048711941907,R,0.0888208269525268,2026,Mitch Keller,MLB
656605,CU,172,77.84244186046512,-13.075813953488371,13.167209302325583,6.54593023255814,5.813023255813953,-1.9479651162790699,2646.686046511628,0.607726695400143,0.7920004534182593,R,0.08779989790709546,2026,Mitch Keller,MLB
656605,FC,145,89.64827586206897,9.014068965517241,2.4388965517241377,6.588275862068965,5.709586206896551,-2.020137931034483,2488.7241379310344,-0.2270888331511421,-0.9555370362797521,R,0.07401735579377233,2026,Mitch Keller,MLB
656605,FF,627,93.34338118022329,15.115215311004784,-8.555023923444976,6.606698564593301,5.711291866028708,-2.0178468899521533,2361.4960127591708,-0.623956645292788,-0.778822934088246,R,0.32006125574272587,2026,Mitch Keller,MLB
656605,SI,346,92.3514450867052,7.549942196531792,-14.097919075144508,6.672832369942197,5.683323699421965,-2.0090173410404626,2366.526011560694,-0.6449466939820748,-0.7618027100577038,R,0.17662072485962227,2026,Mitch Keller,MLB
656605,SL,177,87.17118644067796,1.1057627118644067,4.526101694915254,6.603954802259888,5.75271186440678,-2.020734463276836,2523.80790960452,0.7913456145892311,-0.426539597641686,R,0.0903522205206738,2026,Mitch Keller,MLB
656605,ST,318,81.94685534591194,0.8196226415094339,17.169811320754718,6.595911949685535,5.512955974842767,-2.1771698113207547,2693.688679245283,0.8719970682764024,0.47620294444816974,R,0.16232771822358347,2026,Mitch Keller,MLB
656638,CH,253,90.65375494071147,1.4238735177865613,-16.23083003952569,6.321343873517787,5.7211857707509886,-1.97501976284585,1797.790513833992,-0.9263274993629258,-0.3484786685557469,R,0.2169811320754717,2026,Alex Lange,MLB
656638,FC,151,92.08013245033113,6.621456953642384,-0.3973509933774834,6.36158940397351,5.781788079470198,-1.8620529801324504,2285.092715231788,-0.5224506386831903,-0.8113563856996203,R,0.12950257289879932,2026,Alex Lange,MLB
656638,FF,124,95.91048387096774,13.359677419354838,-9.971612903225807,6.341935483870968,5.82774193548387,-1.9804838709677417,2282.1370967741937,-0.722762754285023,-0.6772639902820002,R,0.10634648370497427,2026,Alex Lange,MLB
656638,SI,273,95.696336996337,6.855824175824176,-16.264175824175823,6.374358974358975,5.796080586080586,-1.852051282051282,2147.3443223443223,-0.7071256439324963,-0.691270684670853,R,0.23413379073756432,2026,Alex Lange,MLB
656638,SL,365,87.92712328767124,-1.7049863013698632,-1.6944657534246577,6.39013698630137,5.860630136986302,-1.7827123287671232,2273.9205479452053,0.095513113219132,0.8363420370161203,R,0.3130360205831904,2026,Alex Lange,MLB
656641,CH,231,86.03463203463204,11.497662337662337,-14.931948051948053,6.383549783549783,5.918961038961039,-2.039004329004329,2075.5497835497836,0.8050242210999918,-0.5897258188439164,L,0.20245398773006135,2026,Jacob Latz,MLB
656641,CU,83,80.56506024096385,-12.858795180722892,4.789879518072289,6.428915662650603,5.9799999999999995,-1.9101204819277107,2771.2048192771085,-0.47359059630558215,0.8772425404043025,L,0.07274320771253287,2026,Jacob Latz,MLB
656641,FF,635,94.78503937007874,19.08755905511811,-8.783811023622048,6.501259842519685,6.047196850393701,-1.829968503937008,2339.3732283464565,0.5018991921765047,-0.8633306491285627,L,0.5565293602103418,2026,Jacob Latz,MLB
656641,SL,192,85.63385416666667,2.969375,5.931875000000001,6.469791666666667,5.9565625,-2.038385416666667,2560.4583333333335,-0.6796943682045397,-0.5976862039240313,L,0.16827344434706398,2026,Jacob Latz,MLB
656686,CU,26,85.88076923076923,-9.212307692307693,-0.3276923076923076,6.31923076923077,5.82923076923077,-1.0923076923076924,2627.3076923076924,0.40321627727347725,0.9070104511519538,R,0.23636363636363636,2026,Corbin Martin,MLB
656686,FF,65,94.89538461538461,15.11076923076923,-1.6966153846153846,6.453846153846154,5.81323076923077,-1.258,2490.7846153846153,-0.3165648051112065,-0.9425084519682749,R,0.5909090909090909,2026,Corbin Martin,MLB
656686,ST,19,87.43684210526315,2.9810526315789474,6.050526315789473,6.3052631578947365,5.71157894736842,-1.328421052631579,2528.0526315789475,0.9478021944694592,-0.019212308644192228,R,0.17272727272727273,2026,Corbin Martin,MLB
656716,EP,24,37.479166666666664,17.14,10.165,3.5,7.381666666666667,-1.5633333333333332,948.5833333333334,-0.13934084341467634,-0.9745565096591445,R,1.0,2026,Zach McKinstry,MLB
656730,FF,591,97.95313028764807,18.97543147208122,-4.036751269035532,6.604906937394247,6.587800338409475,-0.009509306260575296,2404.184745762712,-0.32935577957455536,-0.9393677414614622,R,0.6501650165016502,2026,Trevor Megill,MLB
656730,KC,318,87.99622641509434,-2.1954716981132076,1.8188679245283017,6.519182389937106,6.56562893081761,-0.10644654088050315,2705.7075471698113,0.32128285873549567,0.8581186104967744,R,0.34983498349834985,2026,Trevor Megill,MLB
656756,CH,51,81.5843137254902,11.616470588235295,-8.211764705882354,6.868627450980393,6.414313725490196,-1.4027450980392158,1549.9411764705883,0.711850339339541,-0.700270158738501,L,0.12318840579710146,2026,Jordan Montgomery,MLB
656756,CU,66,76.83636363636363,-10.44909090909091,6.667272727272728,6.798484848484848,6.516363636363636,-1.429090909090909,2248.151515151515,-0.6274320011216956,0.7724002690005932,L,0.15942028985507245,2026,Jordan Montgomery,MLB
656756,FF,66,90.40151515151516,13.905454545454546,-3.3145454545454545,6.7696969696969695,6.487727272727272,-1.5486363636363636,2305.4242424242425,0.4750504039305532,-0.8749122498783728,L,0.15942028985507245,2026,Jordan Montgomery,MLB
656756,SI,161,90.57639751552794,9.696149068322981,-14.720496894409937,6.817391304347826,6.501118012422361,-1.4580745341614907,2173.9378881987577,0.49438480932995327,-0.8660149084389218,L,0.3888888888888889,2026,Jordan Montgomery,MLB
656756,SL,70,82.98571428571428,1.3182857142857143,4.803428571428571,6.76,6.434428571428572,-1.5964285714285715,2360.3714285714286,-0.8255218527056971,-0.3755285620855018,L,0.16908212560386474,2026,Jordan Montgomery,MLB
656786,CU,25,82.516,-9.345600000000001,7.127999999999999,6.392,5.595600000000001,-1.4708,2750.92,-0.7314711174089468,0.633472776729731,L,0.17123287671232876,2026,Parker Mushinski,MLB
656786,FC,28,88.22857142857143,8.185714285714285,5.601428571428571,6.382142857142857,5.668214285714286,-1.5903571428571428,2593.3214285714284,-0.24093073564573217,-0.828462464549922,L,0.1917808219178082,2026,Parker Mushinski,MLB
656786,FF,32,92.178125,12.03,-4.6125,6.39375,5.599375,-1.52125,2433.59375,0.4700475190937073,-0.8640264028018594,L,0.2191780821917808,2026,Parker Mushinski,MLB
656786,SI,21,91.3,9.85142857142857,-10.137142857142857,6.357142857142857,5.57952380952381,-1.5376190476190477,2423.9523809523807,0.41634472218489127,-0.9023793738845557,L,0.14383561643835616,2026,Parker Mushinski,MLB
656786,ST,40,82.1275,3.537,13.428,6.409999999999999,5.61025,-1.6235,2739.575,-0.9344511488471918,0.3480046907184489,L,0.273972602739726,2026,Parker Mushinski,MLB
656794,CH,42,86.7547619047619,1.8828571428571428,-12.768571428571429,5.845238095238095,5.762619047619047,-2.7554761904761906,1493.3333333333333,0.9081080576498735,-0.4061075758209204,L,0.02673456397199236,2026,Sean Newcomb,MLB
656794,CU,69,80.76376811594203,-13.867826086956521,12.942608695652174,5.655072463768116,6.089275362318841,-2.769565217391304,2962.217391304348,-0.6381167867231351,0.7661018364684729,L,0.04392106938255888,2026,Sean Newcomb,MLB
656794,FC,25,91.40799999999999,10.814400000000001,-0.6144000000000001,5.736000000000001,5.9956000000000005,-2.7292,2502.28,0.5982357181434124,-0.7886485538844571,L,0.015913430935709738,2026,Sean Newcomb,MLB
656794,FF,613,94.95970636215336,14.172724306688416,-10.549429037520392,5.808482871125611,5.908009787928222,-2.5984339314845024,2260.1505728314237,0.7630551899703698,-0.6391530450621479,L,0.3901973265436028,2026,Sean Newcomb,MLB
656794,SI,335,93.60686567164178,3.99689552238806,-16.91176119402985,5.768059701492537,5.715671641791045,-2.639283582089552,2263.3303303303305,0.7906842788275119,-0.6006567952870809,L,0.2132399745385105,2026,Sean Newcomb,MLB
656794,SV,487,82.90513347022588,-4.6112525667351125,17.7158932238193,5.6067761806981515,5.616755646817249,-2.9512320328542097,2852.0308641975307,-0.759040646912726,0.6436778361171345,L,0.3099936346276257,2026,Sean Newcomb,MLB
656848,CH,137,89.68102189781021,7.833284671532847,-9.781313868613138,6.372992700729927,6.37970802919708,-1.3533576642335765,1123.992700729927,-0.8216000667128144,-0.5582465020853271,R,0.1185121107266436,2026,Michael Petersen,MLB
656848,FF,710,97.95676056338029,19.412450704225353,-7.62,6.15056338028169,6.709774647887324,-0.7375492957746479,2355.7464788732395,-0.4464684633250911,-0.8915923944109668,R,0.6141868512110726,2026,Michael Petersen,MLB
656848,SL,309,87.69741100323624,-1.0190291262135922,1.233398058252427,6.3,6.388058252427185,-1.379546925566343,2374.2006472491908,0.5062799185102641,0.2541903473925685,R,0.2673010380622837,2026,Michael Petersen,MLB
656849,CH,337,85.65044510385756,3.6227893175074186,-13.43181008902077,7.15519287833828,6.141928783382789,-1.5594955489614242,1580.086053412463,0.8073300467955379,-0.5830347502289195,L,0.13062015503875968,2026,David Peterson,MLB
656849,CU,266,80.4406015037594,-7.8965413533834585,5.523609022556391,6.95827067669173,6.234887218045113,-1.6716917293233082,2414.3045112781956,-0.5341091292853243,0.837296203716608,L,0.10310077519379846,2026,David Peterson,MLB
656849,FF,650,92.49369230769231,12.087323076923077,-2.513723076923077,7.166615384615385,6.043846153846154,-1.6823692307692306,2167.696923076923,0.5272276767786782,-0.8381685224598148,L,0.25193798449612403,2026,David Peterson,MLB
656849,SI,757,92.12523117569353,8.154927344782035,-13.538916776750328,7.170541611624835,6.143632760898282,-1.6360634081902246,2127.5072655217964,0.541033637265229,-0.8360524208909785,L,0.2934108527131783,2026,David Peterson,MLB
656849,SL,570,86.3780701754386,2.7063157894736842,2.5574736842105263,7.118771929824561,5.990947368421053,-1.8320526315789474,2265.705263157895,-0.35063580443059666,-0.6428819529584321,L,0.22093023255813954,2026,David Peterson,MLB
656876,CH,382,89.5848167539267,2.38586387434555,-11.613298429319372,6.479736842105264,5.7611780104712045,-1.9086125654450263,1205.502617801047,-0.866670609089322,-0.48035740715086384,R,0.1383556682361463,2026,Drew Rasmussen,MLB
656876,CU,92,80.15108695652174,-12.564782608695653,4.553478260869565,6.382758620689654,5.930108695652175,-1.8891304347826088,2595.521739130435,0.5069417380881337,0.8531076355045151,R,0.03332126041289388,2026,Drew Rasmussen,MLB
656876,FC,802,89.92556109725686,3.920947630922693,4.45496259351621,6.471775223499361,5.8423192019950125,-2.018915211970075,2633.5137157107233,0.33808255397166714,-0.740684549746384,R,0.2904744657732706,2026,Drew Rasmussen,MLB
656876,FF,768,95.85247395833333,17.97515625,-4.4909375,6.523544973544974,6.0030729166666665,-1.6827213541666666,2504.8958333333335,-0.3597224350572117,-0.9310313941979557,R,0.27816008692502714,2026,Drew Rasmussen,MLB
656876,SI,649,95.24853620955317,12.384036979969183,-16.469953775038523,6.54484375,5.747118644067797,-1.8938520801232663,2405.7149460708783,-0.533618981877916,-0.8436647929353758,R,0.2350597609561753,2026,Drew Rasmussen,MLB
656876,ST,68,84.46470588235294,-0.5594117647058824,12.01941176470588,6.3890625,5.718235294117647,-2.1545588235294115,2470.1176470588234,0.7917827650611704,0.5975520919688496,R,0.02462875769648678,2026,Drew Rasmussen,MLB
656945,FF,488,96.90409836065574,16.25016393442623,-6.610327868852459,6.1743852459016395,5.202295081967213,-2.5193852459016393,2545.495901639344,0.616019983532513,-0.7834888399213757,L,0.48848848848848847,2026,Tanner Scott,MLB
656945,SL,511,89.36575342465754,1.883600782778865,6.02348336594912,6.189628180039139,5.147377690802348,-2.6009197651663403,2648.003913894325,-0.7469125282660842,-0.5506690415015788,L,0.5115115115115115,2026,Tanner Scott,MLB
656986,FF,134,94.03582089552238,17.563880597014926,-3.2767164179104475,6.351492537313433,6.410970149253732,-0.9672388059701493,2174.4626865671644,0.33913711937129065,-0.938184538874109,L,0.2454212454212454,2026,Bennett Sousa,MLB
656986,SI,44,93.08181818181818,13.333636363636362,-11.743636363636364,6.381818181818182,6.4377272727272725,-0.9947727272727274,2192.9545454545455,0.2398623693327033,-0.9685642907167069,L,0.08058608058608059,2026,Bennett Sousa,MLB
656986,SL,368,85.49755434782608,0.22434782608695653,4.364021739130435,6.382608695652174,6.446711956521739,-0.8023641304347826,2310.5108695652175,-0.7937048817704645,-0.42005137663209546,L,0.673992673992674,2026,Bennett Sousa,MLB
657044,FF,32,91.075,5.4975,-10.68375,6.703125,3.95,-3.9118749999999998,2151.71875,-0.9775242917780548,-0.029632471568600816,R,0.046242774566473986,2026,Ryan Thompson,MLB
657044,SI,431,89.24686774941996,-8.247981438515081,-11.874988399071926,6.690951276102089,3.475661252900232,-3.835614849187935,1982.2552204176334,-0.975172881997947,0.18791170015608277,R,0.6228323699421965,2026,Ryan Thompson,MLB
657044,SL,229,77.83755458515283,8.18934497816594,14.6410480349345,6.620087336244541,3.570742358078603,-3.9248034934497817,2291.4890829694323,0.9938377688663309,0.07513265958288327,R,0.3309248554913295,2026,Ryan Thompson,MLB
657097,CH,453,85.60022075055188,9.089801324503313,-17.709403973509932,6.239514348785872,5.5931125827814565,-3.0044370860927154,2279.0309050772626,-0.9004907390065587,-0.43051622168651643,R,0.38553191489361704,2026,Jacob Webb,MLB
657097,CU,87,81.78735632183908,-11.513103448275862,6.9751724137931035,6.006896551724139,5.565747126436782,-3.095632183908046,2593.2758620689656,0.5866952878141116,0.8058487446714736,R,0.07404255319148936,2026,Jacob Webb,MLB
657097,FF,503,94.17673956262426,16.26131212723658,-9.382186878727634,6.348906560636183,5.428190854870776,-3.0420675944333997,2473.1073558648113,-0.6840891588205388,-0.7269635776043797,R,0.4280851063829787,2026,Jacob Webb,MLB
657097,SL,101,85.57524752475248,-2.2312871287128715,1.3081188118811882,6.215841584158415,5.502475247524752,-3.112178217821782,2603.8118811881186,0.6347864472929212,0.6796660807891035,R,0.08595744680851064,2026,Jacob Webb,MLB
657097,ST,31,82.53870967741935,-0.13548387096774192,10.780645161290321,6.16774193548387,5.489354838709677,-3.0964516129032256,2661.6129032258063,0.7239135017435108,0.6803440763394945,R,0.026382978723404255,2026,Jacob Webb,MLB
657265,CH,27,85.59629629629629,-2.115555555555556,-15.475555555555555,6.851851851851852,4.6648148148148145,-2.1644444444444444,1662.962962962963,-0.9875032346067328,0.1381573868821149,R,0.09608540925266904,2026,Peter Strzelecki,MLB
657265,CU,71,81.49577464788732,-8.462535211267607,14.031549295774647,6.769014084507043,4.952253521126761,-2.019014084507042,2895.5774647887324,0.9146725977067729,0.39090684946612264,R,0.2526690391459075,2026,Peter Strzelecki,MLB
657265,FF,29,92.54827586206896,12.89793103448276,-7.617931034482759,6.793103448275862,5.037586206896552,-1.926896551724138,2408.0689655172414,-0.7969843126159588,-0.596834653622122,R,0.10320284697508897,2026,Peter Strzelecki,MLB
657265,SI,118,92.30847457627118,2.522033898305085,-14.775254237288136,6.777118644067797,4.96,-1.9642372881355932,2332.1101694915255,-0.8248279438051588,-0.5528750879114008,R,0.4199288256227758,2026,Peter Strzelecki,MLB
657265,ST,36,81.16944444444444,-0.20333333333333328,16.223333333333333,6.769444444444444,4.742222222222222,-2.2366666666666664,2941.6944444444443,0.9458665407055391,0.3124136471519793,R,0.12811387900355872,2026,Peter Strzelecki,MLB
657277,CH,596,85.83171140939596,-5.320268456375839,-9.859127516778523,6.826174496644295,4.708657718120806,-1.9045469798657717,1473.751677852349,-0.9911342308267796,0.05874434973264932,R,0.2395498392282958,2026,Logan Webb,MLB
657277,FC,323,89.80185758513932,6.8834674922600625,-0.9209907120743035,6.819504643962848,4.972786377708978,-1.7702167182662538,2312.1176470588234,-0.6942138316612841,-0.6601366638009227,R,0.12982315112540194,2026,Logan Webb,MLB
657277,FF,338,92.26420118343195,9.862721893491123,-7.587337278106509,6.859171597633137,5.023076923076923,-1.658076923076923,2082.147928994083,-0.8274159662200556,-0.5227912734497103,R,0.13585209003215434,2026,Logan Webb,MLB
657277,SI,732,92.05765027322404,0.06721311475409836,-15.462459016393444,6.877868852459017,4.973497267759563,-1.7461338797814208,1948.8057455540356,-0.8572954682621404,-0.47770437941816346,R,0.2942122186495177,2026,Logan Webb,MLB
657277,ST,499,84.1931863727455,1.110060120240481,14.14557114228457,6.701402805611222,4.804949899799599,-1.9907615230460922,2602.082164328657,0.8294490808565289,0.5361344494379265,R,0.20056270096463022,2026,Logan Webb,MLB
657424,CH,81,85.1395061728395,4.739259259259259,-9.247407407407406,6.462962962962963,6.266913580246913,-1.0450617283950618,1135.8395061728395,0.737579195909984,-0.6699484649828831,L,0.15,2026,Matt Gage,MLB
657424,FF,179,92.23016759776537,15.749497206703909,-2.0299441340782125,6.244692737430167,6.599273743016759,-0.613463687150838,2136.575418994413,0.347713088666572,-0.9338770976101748,L,0.3314814814814815,2026,Matt Gage,MLB
657424,SI,41,92.91707317073171,13.077073170731706,-12.740487804878049,6.2682926829268295,6.4348780487804875,-0.8139024390243902,2206.0,0.4156181162900693,-0.8997267155026409,L,0.07592592592592592,2026,Matt Gage,MLB
657424,SL,239,84.32970711297071,1.0719665271966528,4.021757322175732,6.3560669456066945,6.33121338912134,-1.075439330543933,2280.2384937238494,-0.8230968584833067,-0.30987100041349835,L,0.4425925925925926,2026,Matt Gage,MLB
657514,CH,81,80.27901234567902,0.4459259259259259,-12.613333333333333,5.622222222222222,4.8970370370370375,-3.193333333333334,1453.469135802469,0.9682602995016779,-0.22568995929771257,L,0.07902439024390244,2026,Brennan Bernardino,MLB
657514,CU,354,77.75762711864407,-0.21864406779661014,13.073898305084745,5.330790960451977,4.576864406779661,-3.40774011299435,2676.858757062147,-0.8725911697641515,0.4654637764249767,L,0.34536585365853656,2026,Brennan Bernardino,MLB
657514,FC,115,85.74434782608697,5.269565217391304,0.13147826086956518,5.544347826086956,4.89591304347826,-3.2566956521739128,2330.6521739130435,0.46229212536285297,-0.5636758992713143,L,0.11219512195121951,2026,Brennan Bernardino,MLB
657514,FF,51,90.51372549019608,9.383529411764705,-9.284705882352942,5.666666666666667,5.019607843137255,-2.9411764705882355,2155.5882352941176,0.7969145584629659,-0.5398788488391791,L,0.04975609756097561,2026,Brennan Bernardino,MLB
657514,SI,424,90.32924528301886,3.541698113207547,-13.80933962264151,5.710141509433962,4.9484433962264145,-3.019787735849057,2195.478773584906,0.8301454286432578,-0.5461028433331395,L,0.41365853658536583,2026,Brennan Bernardino,MLB
657571,FC,150,87.494,4.6728,2.2816,6.27,5.569,-2.6513999999999998,2585.4533333333334,-0.0676243541568491,-0.7635401641607347,L,0.25597269624573377,2026,Caleb Ferguson,MLB
657571,FF,146,92.24931506849315,14.818356164383562,-5.565205479452055,6.347260273972603,5.645958904109588,-2.582397260273973,2350.3630136986303,0.6029651182252765,-0.791407635460833,L,0.24914675767918087,2026,Caleb Ferguson,MLB
657571,SI,196,92.27244897959184,9.092448979591836,-14.614285714285714,6.318367346938776,5.621632653061224,-2.5929591836734693,2221.673469387755,0.6057268197498281,-0.7846384202957614,L,0.33447098976109213,2026,Caleb Ferguson,MLB
657571,SV,94,80.05106382978724,-11.125531914893617,8.097446808510638,6.217021276595744,5.6732978723404255,-2.605425531914894,2998.4148936170213,-0.6480279916765811,0.7412821556665818,L,0.16040955631399317,2026,Caleb Ferguson,MLB
657612,FF,53,89.18490566037737,2.2528301886792454,-16.84754716981132,6.49245283018868,3.3566037735849057,-3.7264150943396226,2071.9056603773583,0.9811640735526647,0.04157823113408495,L,0.06257378984651712,2026,Tim Hill,MLB
657612,SI,694,88.34510086455332,-6.343227665706052,-15.65170028818444,6.540201729106628,3.071224783861671,-3.9460374639769453,2060.6599423631123,0.9782389412720349,0.15851073675035698,L,0.8193624557260921,2026,Tim Hill,MLB
657612,SL,100,76.006,9.9528,6.0744,6.515151515151516,3.3309,-3.8926,2275.98,-0.7541775182158029,-0.5425840424846032,L,0.1180637544273908,2026,Tim Hill,MLB
657649,CH,34,83.5764705882353,6.631764705882353,-13.59529411764706,6.314705882352941,5.694705882352942,-2.469411764705882,1674.9117647058824,0.7694040803149446,-0.6335926472217492,L,0.18681318681318682,2026,Jared Koenig,MLB
657649,CU,11,79.69090909090909,-6.665454545454546,12.010909090909092,6.072727272727272,5.829999999999999,-2.5890909090909093,2435.909090909091,-0.7999518113074795,0.5968724738111804,L,0.06043956043956044,2026,Jared Koenig,MLB
657649,FC,50,90.44200000000001,10.5672,-0.7728,6.244,5.747000000000001,-2.6226,2331.7,0.46331902165753996,-0.8360509917201552,L,0.27472527472527475,2026,Jared Koenig,MLB
657649,SI,87,94.17356321839081,11.731034482758622,-13.761379310344827,6.30919540229885,6.05977011494253,-2.2328735632183907,2313.4827586206898,0.4891400585666497,-0.8442269971429299,L,0.47802197802197804,2026,Jared Koenig,MLB
657746,FF,1099,93.43839854413103,13.512393084622385,-13.333430391264786,6.936703096539162,4.691383075523203,-2.553093721565059,2287.7767612076855,-0.7501822946948165,-0.6539620109778674,R,0.4396,2026,Joe Ryan,MLB
657746,FS,300,87.84333333333333,3.306,-16.6608,6.79,4.769633333333334,-2.6098333333333334,2137.7324414715717,-0.904116387557831,-0.4224934003190998,R,0.12,2026,Joe Ryan,MLB
657746,KC,280,79.01892857142857,-9.18,12.989571428571429,6.638214285714286,4.95425,-2.5102857142857142,2764.10394265233,0.8553423300581292,0.5100646229301452,R,0.112,2026,Joe Ryan,MLB
657746,SI,242,93.0698347107438,8.841818181818182,-17.305289256198346,6.8673553719008265,4.679504132231405,-2.4762809917355373,2167.4745762711864,-0.7939121688765818,-0.6037807691006599,R,0.0968,2026,Joe Ryan,MLB
657746,SL,177,86.22994350282487,4.535593220338983,1.168135593220339,6.723728813559322,4.731242937853107,-2.567909604519774,2303.75,-0.1531718070094187,-0.6962753420046529,R,0.0708,2026,Joe Ryan,MLB
657746,ST,402,80.3415422885572,0.7444776119402985,14.611940298507463,6.7002487562189055,4.709601990049752,-2.6419900497512434,2776.9675810473814,0.9109820585784347,0.39086774134706975,R,0.1608,2026,Joe Ryan,MLB
657756,CH,101,83.0940594059406,1.4744554455445544,-17.445148514851486,6.375247524752475,5.128514851485149,-2.8220792079207917,2249.237623762376,-0.9944423554152387,-0.05781633984872598,R,0.20781893004115226,2026,Connor Seabold,MLB
657756,FC,50,86.8,5.558400000000001,2.8992,6.0360000000000005,5.2514,-2.8871999999999995,2456.76,-0.05525327935447077,-0.9055828527047844,R,0.102880658436214,2026,Connor Seabold,MLB
657756,FF,257,93.5715953307393,16.304124513618678,-9.952996108949417,6.216731517509728,5.4184046692607,-2.7010505836575875,2150.513618677043,-0.6081458607141097,-0.7909493745609728,R,0.5288065843621399,2026,Connor Seabold,MLB
657756,SL,78,82.93333333333334,-1.7830769230769232,5.852307692307693,5.975641025641026,5.236410256410257,-2.963205128205128,2647.8846153846152,0.9657928137463242,0.10616723058477384,R,0.16049382716049382,2026,Connor Seabold,MLB
660271,CU,150,75.29866666666666,-14.784799999999999,13.1592,6.424,6.2068,-1.6795333333333333,2649.2266666666665,0.604305718095061,0.7859569694582563,R,0.10623229461756374,2026,Shohei Ohtani,MLB
660271,FF,633,97.99210110584518,14.01270142180095,-5.006824644549764,6.664454976303318,5.578578199052132,-2.1031911532385466,2485.519747235387,-0.5899748257474267,-0.8032397360533609,R,0.448300283286119,2026,Shohei Ohtani,MLB
660271,FS,122,88.84016393442623,1.9731147540983607,-12.536065573770493,6.6811475409836065,5.703196721311475,-2.035655737704918,1554.4590163934427,-0.8142693658673137,-0.5717929575659085,R,0.08640226628895184,2026,Shohei Ohtani,MLB
660271,SI,83,96.22168674698794,6.24433734939759,-14.253975903614457,6.708433734939758,5.5124096385542165,-2.058915662650602,2200.879518072289,-0.607549358831645,-0.7797822851455872,R,0.058781869688385266,2026,Shohei Ohtani,MLB
660271,SL,15,87.96000000000001,-0.8,3.7760000000000002,6.493333333333334,6.046,-1.8313333333333333,2593.3333333333335,0.892367139788006,0.22780364213077375,R,0.010623229461756374,2026,Shohei Ohtani,MLB
660271,ST,409,84.90757946210269,3.390220048899755,14.997066014669928,6.549877750611247,5.579339853300733,-2.178117359413203,2722.484107579462,0.9094804967916194,0.39667063651124923,R,0.2896600566572238,2026,Shohei Ohtani,MLB
660604,CH,183,80.81584699453552,12.797377049180328,-10.263606557377049,6.608743169398908,6.212513661202187,0.49775956284153006,2024.6010928961748,-0.5925421832504422,-0.8012022046182978,R,0.3727087576374745,2026,Alan Rangel,MLB
660604,CU,59,73.17796610169492,-17.64406779661017,-2.1315254237288133,6.476271186440679,6.131186440677967,0.32610169491525426,2041.7627118644068,-0.11597634778606769,0.9907210396930429,R,0.12016293279022404,2026,Alan Rangel,MLB
660604,FF,168,92.92261904761905,19.593571428571426,-3.5907142857142857,6.454166666666667,6.197023809523809,0.35601190476190475,2279.875,-0.2503562899538909,-0.9664192217758037,R,0.3421588594704684,2026,Alan Rangel,MLB
660604,SL,81,84.54074074074074,5.764444444444445,5.007407407407408,6.350617283950617,6.259506172839506,0.38135802469135804,2262.753086419753,0.24703346130615103,-0.9491648985189144,R,0.164969450101833,2026,Alan Rangel,MLB
660761,CH,283,82.8904593639576,2.9681978798586575,-13.459081272084806,5.987279151943463,5.734946996466431,-1.6367844522968198,1601.833922261484,0.8340478916576789,-0.5427855850972044,L,0.24911971830985916,2026,José Suarez,MLB
660761,FF,419,92.6763723150358,16.62472553699284,-8.076085918854416,5.9097852028639615,5.749140811455847,-1.6983770883054892,2369.9785202863964,0.628725009042784,-0.7714706342802521,L,0.36883802816901406,2026,José Suarez,MLB
660761,SI,110,91.53454545454545,10.910181818181819,-15.161454545454545,5.923636363636364,5.763454545454546,-1.7720909090909092,2194.809090909091,0.6085550485518748,-0.7907719493172141,L,0.09683098591549295,2026,José Suarez,MLB
660761,SL,292,81.67465753424658,-1.4132876712328768,5.844246575342465,5.894178082191781,5.740171232876713,-1.8832191780821916,2839.291095890411,-0.9153011290786858,0.13077013822217623,L,0.25704225352112675,2026,José Suarez,MLB
660761,ST,32,78.146875,0.91125,11.9025,5.8625,5.6871875,-2.194375,2838.09375,-0.875038737711848,0.47146608479937513,L,0.028169014084507043,2026,José Suarez,MLB
660787,CH,90,87.65444444444444,0.052,-13.654666666666667,6.619999999999999,5.769888888888889,-2.7743333333333333,1446.911111111111,-0.9504773933076207,-0.2998425635092766,R,0.2356020942408377,2026,Yerry De los Santos,MLB
660787,FF,47,94.84042553191489,11.89531914893617,-14.583829787234043,6.640425531914894,5.742127659574468,-2.882978723404255,2099.468085106383,-0.8258224428859092,-0.5588067535902635,R,0.12303664921465969,2026,Yerry De los Santos,MLB
660787,SI,221,95.30090497737557,7.387330316742081,-17.663348416289594,6.6208144796380095,5.7130769230769225,-2.7839366515837103,2142.4886877828053,-0.8098792166101141,-0.5833491424364087,R,0.5785340314136126,2026,Yerry De los Santos,MLB
660787,SL,24,86.31666666666666,4.010000000000001,2.485,6.608333333333333,5.807916666666667,-2.7420833333333334,2047.5416666666667,0.3238111325081715,-0.6982944725497151,R,0.06282722513089005,2026,Yerry De los Santos,MLB
660825,FF,26,95.41538461538462,14.090769230769231,-8.644615384615385,5.823076923076924,5.732307692307692,-1.8153846153846156,2173.923076923077,-0.6445229342072907,-0.7073006400089181,R,0.022727272727272728,2026,Eduard Bazardo,MLB
660825,FS,25,90.976,7.127999999999999,-14.448,5.88,5.7524,-1.952,1712.16,-0.5726700669814616,-0.8153332568653565,R,0.021853146853146852,2026,Eduard Bazardo,MLB
660825,SI,704,95.71931818181817,10.210397727272728,-16.151420454545455,5.898295454545454,5.784105113636364,-1.7599857954545455,2200.384285714286,-0.62776556071035,-0.772559897602582,R,0.6153846153846154,2026,Eduard Bazardo,MLB
660825,ST,389,83.57300771208227,-4.083393316195373,14.805964010282777,5.634190231362467,5.85917737789203,-2.0052956298200515,2636.082474226804,0.6985080825744518,0.6981772937704591,R,0.34003496503496505,2026,Eduard Bazardo,MLB
660844,EP,31,39.03548387096774,20.283870967741933,3.410322580645161,3.229032258064516,7.135806451612903,-1.9351612903225808,1069.1935483870968,-0.11144116486794149,-0.9900509084794809,R,1.0,2026,Leo Rivas,MLB
660853,CH,302,85.35198675496689,8.065430463576158,-16.69748344370861,6.577483443708609,5.540860927152318,-2.1461920529801324,1901.1192052980132,-0.8259060502761728,-0.5603475227620929,R,0.25945017182130586,2026,Enyel De Los Santos,MLB
660853,FF,511,95.03326810176125,13.694794520547946,-11.123365949119373,6.29921722113503,5.372876712328767,-2.087808219178082,2254.0763209393344,-0.7576493077466868,-0.6496764734448548,R,0.43900343642611683,2026,Enyel De Los Santos,MLB
660853,SL,351,86.43532763532764,6.45948717948718,0.7740170940170941,6.419088319088319,5.341566951566952,-2.225099715099715,2144.062678062678,-0.5652902552249013,-0.7941207389036817,R,0.3015463917525773,2026,Enyel De Los Santos,MLB
661395,CH,46,88.74565217391304,1.677391304347826,-8.775652173913043,6.108695652173913,6.193913043478261,-2.206304347826087,933.5434782608696,-0.9273143789830087,-0.34082807808816623,R,0.045771144278606964,2026,Jhoan Duran,MLB
661395,FF,283,100.46042402826855,13.27547703180212,-12.79166077738516,6.062544169611307,6.236643109540636,-2.1831448763250885,2077.643109540636,-0.7422518760166841,-0.6653140846669728,R,0.281592039800995,2026,Jhoan Duran,MLB
661395,FS,476,97.66806722689076,2.9470588235294115,-14.113361344537815,6.035714285714286,6.203256302521009,-2.2646428571428574,1710.6344537815125,-0.8021613383328233,-0.5876605387602599,R,0.4736318407960199,2026,Jhoan Duran,MLB
661395,KC,94,88.80319148936171,-6.640851063829787,1.8791489361702127,5.941489361702128,6.171702127659574,-2.285212765957447,2644.223404255319,0.5769323661107715,0.7807598806078999,R,0.09353233830845771,2026,Jhoan Duran,MLB
661395,ST,106,89.54150943396226,-0.8083018867924529,7.456981132075472,5.959433962264152,5.93443396226415,-2.4725471698113206,2575.764150943396,0.6466228076993114,0.7421932848933237,R,0.1054726368159204,2026,Jhoan Duran,MLB
661563,CH,115,90.20347826086956,5.485565217391304,-15.450782608695652,6.791304347826087,5.2573043478260875,-3.0070434782608695,1695.0824742268042,-0.7128753563183295,-0.6949421035345051,R,0.20353982300884957,2026,Luis Gil,MLB
661563,FF,288,95.4829861111111,16.98708333333333,-3.0433333333333334,6.680555555555555,5.880972222222223,-2.7320486111111113,2422.1422924901185,-0.3467508270729873,-0.9337137145903489,R,0.5097345132743363,2026,Luis Gil,MLB
661563,SI,45,94.54888888888888,10.344000000000001,-14.109333333333332,6.791111111111111,5.472888888888889,-2.6973333333333334,2476.9333333333334,-0.48626697904481736,-0.8716118411193686,R,0.07964601769911504,2026,Luis Gil,MLB
661563,SL,117,86.17008547008547,6.467692307692308,7.972307692307692,6.696581196581197,5.7328205128205125,-2.882991452991453,2601.3762376237623,0.905285673126622,-0.21468531457404053,R,0.20707964601769913,2026,Luis Gil,MLB
662144,FC,13,87.39230769230768,5.972307692307693,5.7784615384615385,6.846153846153846,5.874615384615385,-2.063076923076923,2294.153846153846,0.1367288856435063,-0.9735903766034899,R,0.38235294117647056,2026,Brian Keller,MLB
662144,FF,11,92.11818181818181,14.814545454545454,-6.905454545454546,6.872727272727272,5.969090909090909,-1.9836363636363636,2191.3636363636365,-0.5361463417356049,-0.8400795513068992,R,0.3235294117647059,2026,Brian Keller,MLB
662144,ST,10,80.84,3.624,16.524,6.87,5.817,-2.071,2361.8,0.961793892989846,0.2360065157704025,R,0.29411764705882354,2026,Brian Keller,MLB
662253,CH,66,92.9030303030303,-1.6036363636363637,-13.707272727272727,6.537878787878788,5.286515151515152,-2.7827272727272727,1584.530303030303,-0.9351162983367722,-0.3470861878577726,R,0.06825232678386763,2026,Andrés Muñoz,MLB
662253,FF,415,99.75012048192772,13.497542168674698,-7.990265060240964,6.52578313253012,5.4471566265060245,-2.6541686746987954,2333.853012048193,-0.6576412970293097,-0.7472105116921316,R,0.42916235780765255,2026,Andrés Muñoz,MLB
662253,SI,76,98.50394736842105,7.368947368421052,-15.712105263157893,6.557894736842105,5.3364473684210525,-2.764342105263158,2209.157894736842,-0.6615085869751314,-0.705692549024076,R,0.07859358841778696,2026,Andrés Muñoz,MLB
662253,SL,410,87.1839024390244,-1.0378536585365854,6.416780487804878,6.680000000000001,5.414,-2.574951219512195,2385.3560975609757,0.979746953010595,-0.009516767462928092,R,0.4239917269906929,2026,Andrés Muñoz,MLB
663158,CH,172,90.60988372093023,7.41767441860465,-15.910465116279068,6.776162790697675,6.009651162790698,-1.7082558139534882,1865.1860465116279,-0.8020811212441654,-0.5919800148053714,R,0.31444241316270566,2026,Robert Suarez,MLB
663158,FC,73,96.10136986301369,12.578630136986302,0.6164383561643836,6.7,6.113150684931507,-1.7354794520547945,2366.671232876712,-0.28255902400699984,-0.9408163415147749,R,0.13345521023765997,2026,Robert Suarez,MLB
663158,FF,262,98.72213740458015,17.127022900763357,-5.800763358778625,6.720229007633588,6.184732824427481,-1.558740458015267,2406.030534351145,-0.4490166362508831,-0.8900458173779836,R,0.4789762340036563,2026,Robert Suarez,MLB
663158,SI,40,97.7175,15.084,-12.414,6.777500000000001,6.15075,-1.51875,2376.325,-0.45931167775592086,-0.8860072763618134,R,0.07312614259597806,2026,Robert Suarez,MLB
663362,FC,153,87.9673202614379,7.963921568627451,2.3184313725490195,6.609803921568627,5.492418300653595,-1.1494771241830066,2130.2434210526317,-0.2230634853740181,-0.9508092600439283,R,0.20454545454545456,2026,Matt Waldron,MLB
663362,FF,131,92.08091603053435,13.897099236641221,-7.754198473282443,6.666412213740458,5.553587786259542,-1.0335114503816794,2053.6692913385828,-0.6567633775717637,-0.7494466083858629,R,0.1751336898395722,2026,Matt Waldron,MLB
663362,KN,232,80.4823275862069,-2.0270689655172416,-2.1077586206896552,6.396120689655173,5.615646551724137,-0.8880603448275862,314.0,-0.2874525662673453,0.7562225229275172,R,0.31016042780748665,2026,Matt Waldron,MLB
663362,SI,125,91.592,8.81184,-15.09408,6.7256,5.440720000000001,-1.1272,2006.8467741935483,-0.6882789563904533,-0.7230556407970486,R,0.16711229946524064,2026,Matt Waldron,MLB
663362,ST,107,80.95700934579439,4.323364485981308,13.099065420560747,6.664485981308411,5.373364485981309,-1.2845794392523364,2215.4190476190474,0.9650648297466099,0.19359793679546983,R,0.14304812834224598,2026,Matt Waldron,MLB
663372,CH,392,85.09336734693878,5.548775510204082,-4.515918367346939,6.641836734693877,5.5531632653061225,-1.6923979591836733,1604.3545918367347,-0.4291125978861664,-0.8956406935721637,R,0.18516769012753898,2026,Ryan Feltner,MLB
663372,CU,110,79.38181818181818,-7.958181818181818,7.897090909090909,6.555454545454546,5.585272727272727,-1.5697272727272726,2656.2272727272725,0.724420228431272,0.6673498582779608,R,0.051960321209258385,2026,Ryan Feltner,MLB
663372,FF,598,94.8076923076923,12.892173913043479,-3.885551839464883,6.5314381270903015,5.536387959866221,-1.723913043478261,2383.0903010033444,-0.5003304285124149,-0.8613433045151283,R,0.28247520075578647,2026,Ryan Feltner,MLB
663372,SI,299,94.214381270903,8.154782608695653,-11.963478260869564,6.578929765886287,5.496053511705686,-1.7189297658862877,2328.6020066889632,-0.5470025260521291,-0.8276246600539873,R,0.14123760037789324,2026,Ryan Feltner,MLB
663372,SL,486,89.06975308641975,5.7797530864197535,4.5358024691358025,6.58477366255144,5.527942386831276,-1.7329012345679011,2517.2654320987654,0.08343171177831048,-0.9580026198916777,R,0.2295701464336325,2026,Ryan Feltner,MLB
663372,ST,232,81.88793103448276,-2.842758620689655,12.29948275862069,6.55948275862069,5.513879310344827,-1.7419396551724138,2635.1810344827586,0.7954228971674403,0.5317983256871744,R,0.1095890410958904,2026,Ryan Feltner,MLB
663423,CU,115,81.75130434782608,-12.012521739130435,6.884869565217391,6.061739130434783,5.692956521739131,-2.0332173913043476,3081.417391304348,0.6852769923243583,0.7216189233583766,R,0.16288951841359772,2026,Trent Thornton,MLB
663423,FC,155,91.13548387096775,6.879483870967742,3.144774193548387,6.175483870967742,5.497548387096774,-2.1926451612903226,2690.1935483870966,0.040010092011721385,-0.9132031428037864,R,0.21954674220963172,2026,Trent Thornton,MLB
663423,FF,226,95.13451327433629,16.186725663716814,-4.129380530973451,6.260176991150442,5.545530973451327,-2.0274778761061945,2403.7477876106195,-0.4539677260589727,-0.8872229203749185,R,0.32011331444759206,2026,Trent Thornton,MLB
663423,SI,75,94.59733333333334,8.814400000000001,-11.6336,6.271999999999999,5.536,-1.9866666666666666,2290.08,-0.4368722958017749,-0.8950122101727948,R,0.10623229461756374,2026,Trent Thornton,MLB
663423,ST,135,81.29407407407408,0.01066666666666666,15.84,6.114814814814815,5.232518518518519,-2.465555555555556,2908.911111111111,0.827768064576072,0.5474780324211161,R,0.19121813031161472,2026,Trent Thornton,MLB
663432,CU,13,83.56923076923077,-4.809230769230769,3.6000000000000005,6.292307692307692,6.151538461538461,-2.2830769230769232,2436.076923076923,0.8296305244056152,0.5390615536186403,R,0.10317460317460317,2026,Tanner Rainey,MLB
663432,FF,62,96.72096774193548,18.14516129032258,-6.9793548387096775,6.212903225806452,6.114193548387097,-2.359193548387097,2404.048387096774,-0.48638031406563054,-0.8722418565202115,R,0.49206349206349204,2026,Tanner Rainey,MLB
663432,SL,51,88.1313725490196,1.268235294117647,3.4776470588235298,6.219607843137255,6.054117647058823,-2.4792156862745096,2348.4313725490197,0.6439338246355542,-0.4738312171646732,R,0.40476190476190477,2026,Tanner Rainey,MLB
663436,CH,342,90.08099415204678,1.0663157894736843,-13.28842105263158,6.339473684210526,5.794239766081872,-2.1952631578947366,2117.5885885885887,-0.84621053123937,-0.48204996811591216,R,0.14760466119982737,2026,Davis Martin,MLB
663436,CU,336,81.68630952380951,-7.8125,13.906428571428572,6.214880952380952,5.922529761904762,-2.110982142857143,2870.823708206687,0.7636283284729746,0.6337220361574935,R,0.14501510574018128,2026,Davis Martin,MLB
663436,FC,294,89.65918367346939,7.1971428571428575,1.6391836734693879,6.284353741496599,5.796734693877551,-2.151972789115646,2574.334494773519,-0.1872594572530551,-0.9279913980201725,R,0.1268882175226586,2026,Davis Martin,MLB
663436,FF,617,93.87001620745544,13.925640194489466,-5.382690437601297,6.379254457050243,5.844927066450568,-2.0357860615883303,2407.708609271523,-0.5968364394461738,-0.7944984489404486,R,0.26629261976694,2026,Davis Martin,MLB
663436,SI,431,92.76496519721577,7.881577726218097,-14.205661252900233,6.369605568445476,5.820162412993039,-2.1051972157772623,2393.6561743341404,-0.6054735970058471,-0.7848075753653102,R,0.1860164005179111,2026,Davis Martin,MLB
663436,SL,297,87.06902356902357,1.343030303030303,4.787474747474747,6.302356902356903,5.832558922558922,-2.0994612794612793,2602.5423728813557,0.8193240585817321,-0.31044839767956406,R,0.12818299525248167,2026,Davis Martin,MLB
663460,CH,186,85.96075268817205,-0.041935483870967766,-9.161935483870968,6.695161290322581,5.619462365591398,-2.041505376344086,1502.4054054054054,0.8729574231598947,-0.45122967566063454,L,0.20689655172413793,2026,Kris Bubic,MLB
663460,FF,370,91.95243243243243,17.150594594594594,-2.479135135135135,6.808918918918919,5.6374324324324325,-2.015756756756757,2394.57027027027,0.41752162852077074,-0.9018703590843032,L,0.41156840934371525,2026,Kris Bubic,MLB
663460,SI,114,91.44736842105263,8.421052631578947,-12.251578947368422,6.791228070175439,5.55780701754386,-2.083245614035088,2247.327272727273,0.48822658378320966,-0.8478791182836036,L,0.12680756395995552,2026,Kris Bubic,MLB
663460,SL,75,85.372,-1.9120000000000001,2.608,6.729333333333333,5.680933333333333,-1.9733333333333334,2569.7733333333335,-0.6609019920170107,0.6335169408951278,L,0.08342602892102335,2026,Kris Bubic,MLB
663460,ST,154,82.64155844155843,-4.021558441558442,13.669870129870128,6.608441558441559,5.545519480519481,-2.17012987012987,2607.1960784313724,-0.633689055799019,0.7294847189013459,L,0.17130144605116795,2026,Kris Bubic,MLB
663462,FF,19,94.70526315789473,16.465263157894736,-6.821052631578947,6.3052631578947365,6.476315789473684,-1.4557894736842105,2340.5789473684213,-0.4136043098361288,-0.9086379345956251,R,0.59375,2026,Isaiah Campbell,MLB
663462,SL,13,87.15384615384616,2.8246153846153845,4.2,6.276923076923077,6.414615384615384,-1.536923076923077,2564.769230769231,0.45296641164607715,-0.520175005097184,R,0.40625,2026,Isaiah Campbell,MLB
663465,CH,34,82.46470588235294,8.375294117647059,-14.18470588235294,5.952941176470588,5.472352941176471,-2.2388235294117647,1478.8823529411766,0.8047944147651067,-0.5903913962986592,L,0.17894736842105263,2026,Kolby Allard,MLB
663465,CU,25,71.508,-13.228800000000001,6.9408,6.0120000000000005,5.528,-2.0756,1719.76,-0.42257053198578065,0.904590770880752,L,0.13157894736842105,2026,Kolby Allard,MLB
663465,FC,43,83.07209302325582,4.250232558139535,5.4474418604651165,6.23953488372093,5.380930232558139,-2.1572093023255814,1997.4418604651162,-0.48487550642686944,-0.8287106556043918,L,0.22631578947368422,2026,Kolby Allard,MLB
663465,FF,65,89.58615384615385,15.670153846153847,-4.006153846153846,6.361538461538461,5.296,-2.217846153846154,1965.2,0.488386322613667,-0.8688765137154842,L,0.34210526315789475,2026,Kolby Allard,MLB
663465,SI,23,90.35217391304347,12.641739130434782,-13.58608695652174,6.2956521739130435,5.271304347826088,-2.1621739130434783,1969.4347826086957,0.5360228657415221,-0.8420879266296971,L,0.12105263157894737,2026,Kolby Allard,MLB
663485,CU,27,80.56666666666668,-4.822222222222222,15.484444444444444,5.822222222222222,5.515925925925926,-2.5455555555555556,2823.5555555555557,0.7338615882508931,0.6719616380339744,R,0.12442396313364056,2026,Cole Sands,MLB
663485,FC,51,87.62156862745098,7.64,1.8964705882352941,5.790196078431372,5.668235294117647,-2.5254901960784317,2372.0,-0.2886939486431506,-0.9206109530428855,R,0.2350230414746544,2026,Cole Sands,MLB
663485,FF,86,93.16511627906976,14.353953488372094,-11.060930232558139,5.8569767441860465,5.68139534883721,-2.511395348837209,2271.313953488372,-0.7211108088965799,-0.6881409180871316,R,0.39631336405529954,2026,Cole Sands,MLB
663485,FS,35,87.09142857142857,0.5657142857142857,-15.291428571428574,5.894285714285715,5.644571428571429,-2.51,1527.942857142857,-0.8770026221069779,-0.47189157242619056,R,0.16129032258064516,2026,Cole Sands,MLB
663485,SI,18,92.15555555555555,7.606666666666666,-16.32,5.922222222222222,5.668888888888889,-2.476111111111111,2167.5,-0.6966328146853146,-0.711577703694889,R,0.08294930875576037,2026,Cole Sands,MLB
663494,EP,18,43.73888888888889,20.3,3.826666666666666,3.8055555555555554,6.458333333333333,-1.4916666666666667,1003.6111111111111,-0.603937687777167,-0.7769603829361024,R,1.0,2026,Bryan Torres,MLB
663542,FC,15,84.28666666666666,4.4,-0.7439999999999999,7.2266666666666675,5.145333333333332,-3.5566666666666666,2122.133333333333,0.2302250133649868,-0.598303805327403,L,0.013761467889908258,2026,Bryan Hudson,MLB
663542,FF,724,91.86008287292817,12.107403314917127,-10.140497237569061,7.341298342541437,5.135773480662984,-3.384337016574586,2196.760055478502,0.8478469223886711,-0.5134737238813594,L,0.6642201834862386,2026,Bryan Hudson,MLB
663542,SI,42,89.94047619047619,4.6657142857142855,-16.665714285714287,7.217073170731707,5.129047619047619,-3.400714285714286,2187.714285714286,0.7945929759248568,-0.60089125403766,L,0.03853211009174312,2026,Bryan Hudson,MLB
663542,ST,309,79.93980582524273,-4.591456310679612,14.624466019417476,7.175728155339806,4.770614886731392,-3.5977669902912623,2080.3009708737864,-0.8312724212054252,0.5504680048528767,L,0.2834862385321101,2026,Bryan Hudson,MLB
663554,FF,743,93.27012113055181,17.74950201884253,-9.512301480484522,6.826819407008086,5.912234185733513,-2.1015612382234186,2246.0229110512128,-0.5470680741441835,-0.8347374080712032,R,0.3480093676814988,2026,Casey Mize,MLB
663554,FS,508,87.65905511811025,5.874094488188977,-14.594645669291339,6.813976377952756,5.7826377952755905,-2.283503937007874,1507.7972440944882,-0.7979835118645104,-0.5967175145294508,R,0.23793911007025761,2026,Casey Mize,MLB
663554,SI,206,93.47621359223301,14.712233009708736,-13.805242718446603,6.820873786407766,5.854563106796117,-2.1532038834951455,2294.3009708737864,-0.5923463516273536,-0.8034507881867592,R,0.09648711943793911,2026,Casey Mize,MLB
663554,SL,587,87.40494037478705,5.0256899488926745,3.656013628620102,6.7926621160409555,5.703032367972742,-2.46221465076661,2232.8637137989776,0.16898997639385407,-0.8813932039494018,R,0.2749414519906323,2026,Casey Mize,MLB
663554,SV,91,81.26703296703297,-6.861098901098901,13.384615384615385,6.761538461538461,5.678351648351649,-2.5372527472527473,2537.868131868132,0.6284572318364207,0.7710614220444079,R,0.04262295081967213,2026,Casey Mize,MLB
663556,CH,534,86.84943820224719,4.076404494382023,-16.023370786516853,6.6372659176029964,6.1728464419475655,-0.7546067415730336,1546.0018726591761,0.9090228220478137,-0.39430422705540996,L,0.28060956384655805,2026,Shane McClanahan,MLB
663556,CU,283,82.09081272084806,-9.40452296819788,4.2101766784452295,6.6547703180212014,6.1776678445229685,-0.7742049469964664,2488.4487632508835,-0.6839777947903869,0.6920577693760613,L,0.1487125591171834,2026,Shane McClanahan,MLB
663556,FF,741,95.54331983805669,16.01748987854251,-9.610688259109311,6.651417004048583,6.2802024291497975,-0.6463427800269905,2221.9851551956817,0.5629884710746293,-0.8226392355237843,L,0.3893851812926957,2026,Shane McClanahan,MLB
663556,SL,345,88.17391304347827,1.9106086956521737,3.0170434782608697,6.662898550724637,6.078927536231884,-0.9280869565217391,2359.8,-0.5494850852125918,-0.475654563447296,L,0.1812926957435628,2026,Shane McClanahan,MLB
663558,CH,384,83.1953125,7.450625,-14.637500000000001,6.224479166666666,5.8214322916666665,-1.4644010416666668,1778.3255208333333,0.6909094824391774,-0.7168579302920199,L,0.35294117647058826,2026,Jovani Morán,MLB
663558,FC,127,85.1976377952756,5.1524409448818895,3.8418897637795277,6.5094488188976385,5.816299212598425,-1.1888976377952756,2566.3543307086616,-0.4226533148118449,-0.82906505652861,L,0.11672794117647059,2026,Jovani Morán,MLB
663558,FF,428,92.81518691588785,17.10588785046729,-3.4881308411214955,6.58341121495327,5.775584112149533,-1.1607943925233644,2362.207943925234,0.2637663592026458,-0.9599347617279067,L,0.39338235294117646,2026,Jovani Morán,MLB
663558,SI,98,92.83469387755102,12.156734693877553,-12.184897959183674,6.392857142857143,5.739387755102041,-1.2035714285714285,2366.3367346938776,0.37436767234693746,-0.9245933069597347,L,0.0900735294117647,2026,Jovani Morán,MLB
663558,ST,51,79.60196078431372,-2.3200000000000003,13.548235294117648,6.364705882352942,5.767450980392157,-1.2592156862745099,2724.823529411765,-0.7501124084843278,0.6019810922597851,L,0.046875,2026,Jovani Morán,MLB
663559,CU,17,77.28235294117647,-2.9223529411764706,3.6564705882352944,7.011764705882353,5.811764705882353,-1.84,1886.8235294117646,-0.8484864399459126,0.5180886302468426,L,0.07981220657276995,2026,Bailey Falter,MLB
663559,FF,120,92.27833333333334,17.735,-4.577,7.319166666666666,5.7804166666666665,-1.6409166666666666,2111.766666666667,0.2269187343655449,-0.9708466731725749,L,0.5633802816901409,2026,Bailey Falter,MLB
663559,FS,20,85.495,7.236,-7.83,7.279999999999999,5.738,-1.643,1144.65,0.5573713958835799,-0.7037343082752161,L,0.09389671361502347,2026,Bailey Falter,MLB
663559,SL,56,83.66607142857143,3.3685714285714288,4.686428571428571,7.1375,5.7475000000000005,-1.8855357142857143,2108.4821428571427,-0.6306819856047141,-0.6732004122616377,L,0.26291079812206575,2026,Bailey Falter,MLB
663567,CH,641,86.88689547581903,8.429204368174727,-13.256911076443059,6.22792511700468,5.918439937597504,-2.553322932917317,1552.7971918876756,-0.7744019199961929,-0.6299655624625321,R,0.2390898918314062,2026,Peter Lambert,MLB
663567,FC,273,91.6014652014652,12.09054945054945,1.1054945054945056,6.183150183150183,6.0233333333333325,-2.543846153846154,2326.937728937729,-0.28097223981483543,-0.9503650758391399,R,0.10182767624020887,2026,Peter Lambert,MLB
663567,FF,839,93.91323003575685,17.559046483909416,-7.898116805721097,6.12502979737783,6.106197854588797,-2.3196781883194277,2304.357568533969,-0.5301325201337731,-0.8460695379610673,R,0.31294293174188736,2026,Peter Lambert,MLB
663567,SI,272,93.48051470588236,12.165882352941177,-15.07985294117647,6.215808823529412,5.9154044117647056,-2.6631617647058823,2195.863970588235,-0.6059367136804736,-0.7844119736934244,R,0.10145468108914583,2026,Peter Lambert,MLB
663567,SL,298,85.66577181208054,1.75248322147651,3.240402684563758,6.1218120805369125,6.110704697986577,-2.430302013422819,2635.3557046979868,0.8771095209492809,-0.1899136475779736,R,0.11115255501678478,2026,Peter Lambert,MLB
663567,ST,209,82.80478468899521,-1.8780861244019138,15.974354066985645,6.074641148325359,6.06,-2.5434928229665075,2734.511961722488,0.768031432392757,0.6063785145198858,R,0.07795598657217456,2026,Peter Lambert,MLB
663567,SV,149,80.26711409395973,-12.520268456375838,14.988724832214766,6.011409395973154,6.135167785234899,-2.352013422818792,2596.1744966442952,0.4938816640775052,0.867116994436069,R,0.05557627750839239,2026,Peter Lambert,MLB
663568,CH,100,87.089,2.622,-12.0984,6.29,5.2600999999999996,-1.9606999999999999,1489.04,-0.7943839639921393,-0.5877706959413486,R,0.11947431302270012,2026,Stephen Kolek,MLB
663568,FC,103,90.25339805825243,6.4520388349514555,1.8594174757281554,6.193203883495145,5.384563106796117,-1.9348543689320388,2418.378640776699,-0.3099360389968444,-0.8968920383737742,R,0.12305854241338113,2026,Stephen Kolek,MLB
663568,FF,237,94.24894514767932,13.196962025316456,-6.446582278481013,6.20590717299578,5.535316455696203,-1.969662447257384,2241.746835443038,-0.6191851653934564,-0.7814916077469733,R,0.2831541218637993,2026,Stephen Kolek,MLB
663568,SI,182,93.72417582417582,4.954285714285714,-14.793626373626374,6.243956043956045,5.424835164835165,-2.378901098901099,2212.285714285714,-0.683001895900209,-0.7200763844627027,R,0.2174432497013142,2026,Stephen Kolek,MLB
663568,SL,137,85.57226277372263,-0.36700729927007303,3.2329927007299273,6.2773722627737225,5.324087591240875,-2.3254014598540147,2508.175182481752,0.8290036191853164,0.08882611087644877,R,0.16367980884109917,2026,Stephen Kolek,MLB
663568,ST,78,79.91794871794872,-5.407692307692308,14.686153846153847,6.262820512820513,5.354615384615385,-2.253205128205128,2571.051282051282,0.7342220169006479,0.6739684259851996,R,0.0931899641577061,2026,Stephen Kolek,MLB
663574,FF,446,94.50695067264574,13.944484304932734,-11.457578475336323,6.054260089686098,5.292354260089686,-2.2467264573991033,2335.542600896861,-0.7426617732631349,-0.6626877909896619,R,0.6308345120226309,2026,Tony Santillan,MLB
663574,SL,55,84.8509090909091,1.8916363636363638,7.850181818181818,5.878181818181818,5.4203636363636365,-2.2783636363636366,2024.709090909091,0.607399504359913,0.7697211961263423,R,0.07779349363507779,2026,Tony Santillan,MLB
663574,SV,206,84.63980582524272,-5.289320388349514,10.795339805825243,5.92135922330097,5.253203883495146,-2.3670388349514564,2206.9611650485435,0.5150984178667136,0.8338815672534207,R,0.2913719943422914,2026,Tony Santillan,MLB
663623,CH,151,85.98543046357615,3.9750993377483446,-16.208741721854306,6.977483443708609,5.509139072847682,-2.1059602649006623,2118.635761589404,-0.8426693684668866,-0.5249956997881035,R,0.0778751933986591,2026,Jake Irvin,MLB
663623,CU,440,77.69340909090909,-2.5232727272727273,15.689727272727273,7.034090909090909,5.488318181818182,-2.093590909090909,2550.5454545454545,0.8967582800012147,0.42066906925926967,R,0.22692109334708613,2026,Jake Irvin,MLB
663623,FC,194,89.59536082474227,10.051546391752577,1.0540206185567011,7.090721649484536,5.423505154639176,-2.178917525773196,2347.396907216495,-0.2835501478804451,-0.8999721224349229,R,0.1000515729757607,2026,Jake Irvin,MLB
663623,FF,619,93.22568659127624,13.976607431340874,-9.419903069466882,7.164135702746366,5.4325848142164785,-2.0494991922455577,2304.5686591276253,-0.705087267172652,-0.7020440504645746,R,0.31923671995874164,2026,Jake Irvin,MLB
663623,SI,366,92.12650273224044,7.5147540983606556,-15.699344262295082,7.1259562841530055,5.415409836065574,-2.067622950819672,2255.502732240437,-0.7063514561650598,-0.6988807365214358,R,0.1887570912841671,2026,Jake Irvin,MLB
663623,ST,169,81.89349112426035,5.475976331360947,10.680710059171597,7.014201183431953,5.362011834319526,-2.1650295857988167,2530.852071005917,0.9446317531275149,-0.04307187467267131,R,0.08715832903558535,2026,Jake Irvin,MLB
663687,CH,53,83.94339622641509,12.355471698113208,-16.63245283018868,6.694339622641509,5.755849056603774,-2.442452830188679,2135.0377358490564,0.8378028104752686,-0.5337266724846051,L,0.039288361749444035,2026,Hogan Harris,MLB
663687,CU,359,74.0116991643454,-16.868857938718662,7.615487465181059,6.474094707520891,6.073008356545961,-2.2999721448467967,2656.9805013927576,-0.37205255271922755,0.9248125023137088,L,0.26612305411415865,2026,Hogan Harris,MLB
663687,FC,17,91.69411764705882,13.567058823529411,-0.08470588235294123,6.582352941176471,6.0070588235294125,-2.2664705882352942,2273.0,0.17883320683159937,-0.9790138539594215,L,0.012601927353595256,2026,Hogan Harris,MLB
663687,FF,836,95.22834928229665,17.842535885167464,-8.69311004784689,6.600837320574163,6.026543062200957,-2.1885406698564593,2335.2296650717703,0.4885598692588637,-0.8682055536289596,L,0.6197183098591549,2026,Hogan Harris,MLB
663687,SL,84,85.55119047619048,12.49,3.494285714285714,6.60952380952381,5.962142857142857,-2.2365476190476192,2089.6785714285716,-0.47479234452713537,-0.8200662651218279,L,0.06226834692364715,2026,Hogan Harris,MLB
663738,CH,324,85.54567901234567,2.1522222222222225,-13.591111111111113,6.404938271604938,5.891913580246913,-1.9571913580246914,1515.70987654321,0.8945356148720951,-0.41256824996737457,L,0.2434259954921112,2026,Daniel Lynch IV,MLB
663738,FF,201,94.5407960199005,15.744477611940297,-8.34865671641791,6.41592039800995,6.065970149253731,-1.611592039800995,2285.3383084577113,0.6582402631511683,-0.7457839999812812,L,0.15101427498121714,2026,Daniel Lynch IV,MLB
663738,KC,120,81.80749999999999,-1.498,2.9290000000000003,6.066666666666666,6.269833333333334,-1.7778333333333334,2245.366666666667,-0.8062218209485579,0.431646692230091,L,0.09015777610818933,2026,Daniel Lynch IV,MLB
663738,SI,429,93.93053613053613,9.473286713286713,-16.022377622377622,6.433333333333334,5.945011655011655,-1.738158508158508,2145.4475524475524,0.6579618439150535,-0.7396481993488696,L,0.32231404958677684,2026,Daniel Lynch IV,MLB
663738,SL,257,87.31906614785993,3.0653696498054472,2.4975875486381325,6.239688715953307,6.139571984435797,-1.6870038910505836,2300.8910505836575,-0.2538468281529522,-0.5564797621292045,L,0.1930879038317055,2026,Daniel Lynch IV,MLB
663765,FC,168,90.13630952380952,7.954285714285714,0.6778571428571428,6.611309523809524,4.985833333333334,-2.0863690476190477,2271.9761904761904,-0.37509364173844717,-0.8914354450292773,R,0.35443037974683544,2026,Jake Woodford,MLB
663765,FF,15,92.76666666666667,12.32,-5.648,6.573333333333333,5.056666666666667,-2.066666666666667,2195.5333333333333,-0.7029969825754676,-0.7079597985305432,R,0.03164556962025317,2026,Jake Woodford,MLB
663765,FS,74,85.28378378378379,-0.40054054054054056,-9.83189189189189,6.675675675675675,5.041216216216216,-2.0470270270270268,1050.918918918919,-0.9071124873292333,-0.4089984375741077,R,0.15611814345991562,2026,Jake Woodford,MLB
663765,SI,145,93.57034482758621,5.537379310344828,-15.350068965517243,6.660689655172414,4.93055172413793,-2.0606206896551726,2055.6620689655174,-0.7501689566749276,-0.6566964447410105,R,0.3059071729957806,2026,Jake Woodford,MLB
663765,ST,72,81.3736111111111,0.06833333333333333,16.665000000000003,6.4625,4.847777777777778,-2.1758333333333333,2585.5555555555557,0.8664527016653689,0.48530765728212466,R,0.1518987341772152,2026,Jake Woodford,MLB
663767,CH,86,89.12325581395349,6.182790697674419,-15.410232558139535,6.258139534883721,5.363255813953488,-2.8533720930232556,1863.4883720930231,-0.8238292292620183,-0.5541561412706859,R,0.0947136563876652,2026,Chase Shugart,MLB
663767,FC,285,91.42912280701754,7.928,2.424,6.209824561403509,5.461368421052631,-2.8189473684210524,2445.9824561403507,-0.20970399258255865,-0.948201122395841,R,0.31387665198237885,2026,Chase Shugart,MLB
663767,FF,87,95.9287356321839,15.933793103448275,-8.993103448275862,6.319540229885057,5.640574712643678,-2.497816091954023,2136.0919540229884,-0.6030637829714182,-0.7953003462290672,R,0.09581497797356828,2026,Chase Shugart,MLB
663767,SI,260,94.96192307692307,9.833076923076923,-16.480153846153847,6.309615384615385,5.443884615384616,-2.6868076923076925,2115.4,-0.6638846508314648,-0.7413561372230733,R,0.28634361233480177,2026,Chase Shugart,MLB
663767,ST,190,82.31421052631579,0.33978947368421053,16.786105263157896,6.151052631578947,5.325842105263158,-2.910421052631579,2729.5684210526315,0.8758190602159636,0.4731397285848008,R,0.2092511013215859,2026,Chase Shugart,MLB
663776,CH,342,83.16140350877193,9.524561403508772,-14.668771929824562,6.246198830409356,5.7979824561403515,-1.2902923976608187,1698.3216374269007,0.9005866887685482,-0.4286422143950387,L,0.280557834290402,2026,Patrick Sandoval,MLB
663776,CU,48,75.61458333333333,-11.6625,10.365,6.233333333333333,5.960416666666667,-1.2035416666666667,2698.5,-0.6516752282732409,0.754578965361949,L,0.03937653814602133,2026,Patrick Sandoval,MLB
663776,FF,309,93.42265372168285,16.26873786407767,-7.434174757281553,6.172168284789644,5.970517799352751,-1.1209708737864077,2054.3171521035597,0.5143384598922696,-0.8536045424252989,L,0.2534864643150123,2026,Patrick Sandoval,MLB
663776,SI,207,93.85893719806764,12.953623188405798,-13.537391304347826,6.161835748792271,5.912270531400965,-1.2132850241545894,2057.149758454106,0.4845887965540235,-0.8714268683081169,L,0.16981132075471697,2026,Patrick Sandoval,MLB
663776,SL,250,86.67880000000001,4.19568,7.34496,6.160399999999999,5.94468,-1.30396,2547.072,-0.8548016690806383,-0.4310903832005738,L,0.20508613617719443,2026,Patrick Sandoval,MLB
663776,ST,63,80.48253968253968,1.900952380952381,16.542857142857144,6.2253968253968255,5.907777777777778,-1.2107936507936508,2649.4761904761904,-0.8951228356219371,0.4255833316013091,L,0.051681706316652996,2026,Patrick Sandoval,MLB
663795,CH,30,85.31333333333333,-0.284,-16.8,6.2733333333333325,5.155,-3.399,1642.1,-0.9683125567110048,-0.23962310871994738,R,0.22727272727272727,2026,Justin Hagenman,MLB
663795,FC,36,84.29722222222222,7.79,2.0999999999999996,6.172222222222222,5.179166666666667,-3.4727777777777775,2299.8888888888887,-0.3907004615083732,-0.9071587245345972,R,0.2727272727272727,2026,Justin Hagenman,MLB
663795,FF,55,90.89272727272729,14.096727272727273,-13.071272727272726,6.258181818181818,5.226727272727273,-3.2934545454545456,2099.4545454545455,-0.7953844686045853,-0.6032985486245926,R,0.4166666666666667,2026,Justin Hagenman,MLB
663795,SL,11,81.2909090909091,-0.6436363636363637,6.119999999999999,6.181818181818182,5.294545454545455,-3.3754545454545455,2387.4545454545455,0.9421988527207508,-0.1380756377549842,R,0.08333333333333333,2026,Justin Hagenman,MLB
663804,FF,11,97.5,13.974545454545455,-11.465454545454547,5.9818181818181815,5.94,-0.26272727272727275,2292.0,-0.6715455839461488,-0.7387172136144443,R,1.0,2026,Jackson Kowar,MLB
663855,FF,208,99.48221153846154,14.541346153846153,-10.516730769230769,6.316346153846154,6.0836538461538465,-1.7486538461538463,2303.971153846154,-0.6726734392872147,-0.7326134285728673,R,0.21224489795918366,2026,Jordan Hicks,MLB
663855,FS,34,90.87941176470588,0.6776470588235294,-10.24235294117647,6.367647058823529,5.852941176470588,-1.965,1116.3529411764705,-0.8961327623310985,-0.11592813123194269,R,0.03469387755102041,2026,Jordan Hicks,MLB
663855,SI,442,99.1816742081448,8.860723981900453,-16.2510407239819,6.291954022988506,5.91735294117647,-1.8508144796380088,1992.7714932126696,-0.7379288953705635,-0.6570159378086259,R,0.45102040816326533,2026,Jordan Hicks,MLB
663855,ST,296,86.41891891891892,-0.4033783783783784,7.441216216216216,6.2037162162162165,5.794763513513513,-1.9871621621621622,2266.0472972972975,0.6639912959312569,0.7148920681741064,R,0.3020408163265306,2026,Jordan Hicks,MLB
663878,CH,17,85.67647058823529,5.576470588235294,-9.105882352941178,7.147058823529412,5.711764705882352,-1.4323529411764706,1390.0,-0.45619256711168654,-0.8751356446892807,R,0.022020725388601035,2026,Nate Pearson,MLB
663878,CU,92,81.57173913043479,-10.411304347826087,11.32304347826087,6.859782608695652,5.817500000000001,-1.4970652173913042,2670.6195652173915,0.7049134541847935,0.703560513001632,R,0.11917098445595854,2026,Nate Pearson,MLB
663878,FF,345,97.6,16.47721739130435,-6.3746086956521735,6.907826086956521,5.684579710144928,-1.4924057971014493,2292.455072463768,-0.48007910276830357,-0.8736138550571224,R,0.44689119170984454,2026,Nate Pearson,MLB
663878,SI,101,97.0861386138614,11.945346534653465,-14.004356435643565,6.9405940594059405,5.602871287128712,-1.6355445544554454,2200.1782178217823,-0.5121065960540967,-0.8556357683706982,R,0.13082901554404144,2026,Nate Pearson,MLB
663878,SL,217,89.4188940092166,1.0623041474654378,5.699723502304147,6.758986175115208,5.731751152073732,-1.5697235023041474,2529.7972350230416,0.7981348708183497,-0.48520311611322336,R,0.2810880829015544,2026,Nate Pearson,MLB
663884,FF,13,95.36923076923077,14.972307692307693,-9.6,6.253846153846154,5.890769230769231,-1.963076923076923,2333.153846153846,-0.6685374397833932,-0.7424811606953217,R,1.0,2026,Nolan Kingham,MLB
663893,FF,93,95.98817204301075,13.797419354838711,-6.854193548387097,6.019354838709677,6.351935483870968,-1.5511827956989246,2140.1505376344085,0.6959599463368427,-0.7129428941428083,L,0.1690909090909091,2026,Brendon Little,MLB
663893,KC,156,86.61217948717949,-11.262307692307692,2.87,5.92948717948718,6.332307692307692,-1.5013461538461539,2068.74358974359,-0.35068613983553965,0.9324894976072549,L,0.28363636363636363,2026,Brendon Little,MLB
663893,SI,149,94.4718120805369,0.9970469798657718,-14.466845637583893,5.870469798657719,6.167382550335571,-1.9358389261744966,2006.020134228188,0.8412834607776369,-0.5334238248895696,L,0.27090909090909093,2026,Brendon Little,MLB
663893,SL,152,88.88618421052632,-0.3418421052631579,1.2536842105263157,5.959868421052631,6.0815789473684205,-1.8117105263157895,2457.9276315789475,-0.25472084844351106,0.5093990719883328,L,0.27636363636363637,2026,Brendon Little,MLB
663903,FC,192,87.18020833333333,7.53125,1.3462500000000002,6.816666666666666,5.13796875,-1.3202604166666667,2371.0314136125653,-0.2265546399777069,-0.9400462858792594,R,0.06668982285515804,2026,Brady Singer,MLB
663903,FF,54,90.72037037037036,14.313333333333333,-6.928888888888889,6.818518518518518,5.178518518518518,-1.1916666666666667,2420.277777777778,-0.5317743765479982,-0.8392950449261918,R,0.0187565126780132,2026,Brady Singer,MLB
663903,SI,1461,91.13538672142367,9.087885010266941,-15.01889117043121,6.87138945927447,5.082696783025325,-1.2397399041752224,2350.043835616438,-0.6201473303294972,-0.779213326651471,R,0.5074678707884682,2026,Brady Singer,MLB
663903,SL,798,82.60614035087718,-1.2130827067669172,4.736691729323309,6.7863408521303255,5.130864661654135,-1.336466165413534,2411.4573934837094,0.9627221283620536,-0.08569144270178754,R,0.2771795762417506,2026,Brady Singer,MLB
663903,ST,374,82.03155080213904,3.2367914438502674,7.235294117647059,6.76096256684492,5.080989304812834,-1.3733957219251336,2431.614973262032,0.9624560077593995,0.17619040660467983,R,0.12990621743660993,2026,Brady Singer,MLB
663941,CU,16,81.68125,-13.5975,8.7675,6.88125,5.965625,-2.086875,2387.0625,0.511128466464647,0.8551754527681237,R,0.050156739811912224,2026,Tristan Beck,MLB
663941,FF,132,94.79621212121212,15.796363636363635,-8.686363636363636,6.675,5.945151515151515,-2.353939393939394,2093.0833333333335,-0.5694810372387531,-0.8183411417617038,R,0.41379310344827586,2026,Tristan Beck,MLB
663941,SL,47,88.71063829787234,3.5285106382978726,4.616170212765957,6.672340425531916,5.903191489361702,-2.483191489361702,2407.8936170212764,0.4909027835845794,-0.7700803948334102,R,0.14733542319749215,2026,Tristan Beck,MLB
663941,ST,124,83.28951612903225,0.42387096774193544,17.91290322580645,6.708064516129032,5.728225806451612,-2.479435483870968,2730.0887096774195,0.8514732562437615,0.5119540693648078,R,0.3887147335423197,2026,Tristan Beck,MLB
663947,CH,192,83.36145833333333,3.0593749999999997,-13.635625,6.472395833333334,5.739999999999999,-1.7718229166666666,1464.5052083333333,0.9626002896255711,-0.19396460463892687,L,0.16695652173913045,2026,Tyler Holton,MLB
663947,CU,40,79.175,-14.847,11.391,6.4975,6.0685,-1.5015,2778.375,-0.6179571921202892,0.7817269797075431,L,0.034782608695652174,2026,Tyler Holton,MLB
663947,FC,363,87.68099173553719,6.0221487603305786,4.176198347107438,6.497245179063361,5.885371900826446,-1.687823691460055,2392.3278236914603,-0.06754456997774111,-0.9587265304795142,L,0.31565217391304345,2026,Tyler Holton,MLB
663947,FF,146,91.50890410958904,15.832602739726028,-5.926849315068494,6.546575342465753,5.931095890410959,-1.5595890410958904,2181.041095890411,0.5846694804848052,-0.8065871613144456,L,0.12695652173913044,2026,Tyler Holton,MLB
663947,SI,233,91.01931330472102,8.863519313304721,-15.281716738197424,6.51587982832618,5.79618025751073,-1.7439914163090129,2072.738197424893,0.6380651625533299,-0.7614888589975994,L,0.2026086956521739,2026,Tyler Holton,MLB
663947,ST,176,79.8875,-1.8218181818181818,17.312045454545455,6.400568181818182,5.675511363636364,-1.9210227272727274,2795.1875,-0.8406658191865923,0.503257896672524,L,0.15304347826086956,2026,Tyler Holton,MLB
663967,EP,10,51.12,20.592,-8.136,4.6,6.475,-1.318,1425.9,-0.5184015700659457,-0.852571553281796,R,1.0,2026,César Salazar,MLB
663969,CU,363,83.46253443526172,-11.433388429752066,4.915371900826446,6.371625344352617,6.290275482093664,-0.9120936639118457,2561.1322314049585,0.5638153352018929,0.8203800052741489,R,0.17612809315866085,2026,Tyler Phillips,MLB
663969,FF,174,96.04137931034484,14.123448275862069,-8.691724137931034,6.243678160919541,6.257068965517242,-0.8745402298850574,2192.393063583815,-0.610029660990795,-0.7865357980754581,R,0.08442503639010189,2026,Tyler Phillips,MLB
663969,FS,475,86.90673684210526,1.8750315789473684,-11.52378947368421,6.502947368421053,6.01458947368421,-1.1873684210526316,1212.3073684210526,-0.8991203952162994,-0.43088431104608654,R,0.2304706453178069,2026,Tyler Phillips,MLB
663969,SI,529,95.5039697542533,8.006880907372402,-17.015274102079395,6.258034026465029,6.032741020793951,-1.1164839319470699,2053.470699432892,-0.7074507213581301,-0.7031618161036098,R,0.2566715186802523,2026,Tyler Phillips,MLB
663969,SL,32,86.8,1.94625,0.4725,6.334375,6.1575,-1.1675,2248.6875,0.015744839683435416,0.12944981366861105,R,0.015526443474041727,2026,Tyler Phillips,MLB
663969,ST,488,84.15286885245901,1.1717213114754097,11.37049180327869,6.3120901639344265,5.95655737704918,-1.3034836065573772,2491.901639344262,0.8588528861690365,0.4577606125798143,R,0.23677826297913634,2026,Tyler Phillips,MLB
663978,CH,286,84.77832167832167,5.762517482517482,-15.203916083916083,6.890909090909091,5.9265384615384615,-2.43,1688.493006993007,-0.864828603683346,-0.49762911349902283,R,0.26854460093896715,2026,Chris Paddack,MLB
663978,CU,122,77.02295081967212,-15.273442622950821,7.092786885245902,6.675409836065573,6.183442622950819,-2.090245901639344,2144.0491803278687,0.40293566687007504,0.9130981341590113,R,0.11455399061032864,2026,Chris Paddack,MLB
663978,FC,143,86.5041958041958,7.186573426573427,2.879160839160839,6.802097902097902,6.142377622377622,-2.1851748251748253,2022.7202797202797,-0.07743653466897507,-0.960490595603144,R,0.13427230046948357,2026,Chris Paddack,MLB
663978,FF,363,92.9581267217631,18.87206611570248,-7.142148760330579,6.897520661157025,6.230468319559228,-1.9535812672176307,2210.2314049586776,-0.42219679498161145,-0.904964943065699,R,0.3408450704225352,2026,Chris Paddack,MLB
663978,SI,68,92.94117647058823,14.36470588235294,-13.567058823529413,6.901470588235294,6.023676470588235,-2.235441176470588,2093.9411764705883,-0.5466508125532382,-0.8356534149276594,R,0.06384976525821597,2026,Chris Paddack,MLB
663978,ST,83,79.3566265060241,-4.33012048192771,11.16578313253012,6.73132530120482,6.049156626506024,-2.2897590361445785,2319.710843373494,0.6041155433081113,0.7897673891030432,R,0.07793427230046948,2026,Chris Paddack,MLB
663992,FF,140,91.27928571428572,12.246,-4.309714285714286,7.325714285714285,5.384857142857143,-2.464642857142857,2383.8285714285716,0.6283967904203174,-0.7284388478371265,L,0.21875,2026,Richard Lovelady,MLB
663992,SI,189,91.08994708994709,4.522539682539683,-13.646984126984128,7.334920634920635,5.30005291005291,-2.504920634920635,2236.063492063492,0.6842635466219613,-0.6397705621780041,L,0.2953125,2026,Richard Lovelady,MLB
663992,SL,32,86.721875,3.7875,3.54,7.203125,5.3384374999999995,-2.5665625,2481.40625,-0.3038537471253896,-0.6865621266497264,L,0.05,2026,Richard Lovelady,MLB
663992,ST,279,81.78745519713262,0.15784946236559136,13.59741935483871,7.2,5.2582437275985665,-2.5877777777777777,2483.6702508960575,-0.8865031263544405,0.4448475797534733,L,0.4359375,2026,Richard Lovelady,MLB
664062,FF,37,91.91351351351352,17.14702702702703,-9.02918918918919,5.8810810810810805,6.39972972972973,-0.6245945945945945,2206.864864864865,-0.6040992945246266,-0.7946229053374012,R,0.6981132075471698,2026,Tony Gonsolin,MLB
664062,FS,16,82.75,2.145,-15.780000000000001,5.775,6.255,-0.80875,1685.375,-0.9327260574794647,-0.35104250965154227,R,0.3018867924528302,2026,Tony Gonsolin,MLB
664074,CH,12,88.25,5.62,-5.19,6.633333333333333,6.5025,-2.5,736.6666666666666,-0.8397138825724951,-0.5297521451868606,R,0.2926829268292683,2026,Cody Ponce,MLB
664074,FF,12,95.88333333333333,17.919999999999998,-10.03,6.683333333333334,6.378333333333334,-2.6533333333333333,2555.9166666666665,-0.5976166781697705,-0.7979245868724494,R,0.2926829268292683,2026,Cody Ponce,MLB
664074,SL,17,88.34705882352942,5.209411764705883,0.9388235294117646,6.652941176470588,6.575294117647059,-2.4782352941176473,2314.1176470588234,-0.6945535296769392,-0.6658294182688671,R,0.4146341463414634,2026,Cody Ponce,MLB
664076,FF,121,96.50991735537191,16.022479338842974,-7.851570247933884,6.098347107438016,5.4314876033057855,-0.8980165289256198,2363.3223140495866,0.630851123576466,-0.7664855703724696,L,0.15335868187579213,2026,Garrett Cleavinger,MLB
664076,SI,224,95.13883928571428,8.724107142857143,-17.561785714285715,6.082589285714286,5.174151785714286,-1.178482142857143,2381.8526785714284,0.7076438034856415,-0.7026530315379829,L,0.28390367553865653,2026,Garrett Cleavinger,MLB
664076,SL,343,87.36559766763848,1.6932944606413993,5.446180758017492,6.072303206997085,5.118542274052478,-1.2350145772594752,2678.7113702623906,-0.8166683517408155,-0.3914521414161165,L,0.4347275031685678,2026,Garrett Cleavinger,MLB
664076,ST,101,80.30594059405941,0.14613861386138613,18.098613861386138,6.003960396039604,5.045247524752475,-1.2544554455445545,2786.4950495049507,-0.9023640857671877,0.42442722376451103,L,0.12801013941698353,2026,Garrett Cleavinger,MLB
664126,CH,14,94.01428571428572,8.588571428571429,-11.151428571428571,6.1499999999999995,6.707857142857143,-0.8292857142857143,2015.5714285714287,-0.6161100384474123,-0.7799962724461827,R,0.017902813299232736,2026,Pete Fairbanks,MLB
664126,FC,182,89.57802197802198,3.258461538461538,5.6426373626373625,6.142307692307693,6.951153846153845,-0.41829670329670327,2502.5054945054944,0.8263835869264489,-0.2135901161879354,R,0.23273657289002558,2026,Pete Fairbanks,MLB
664126,FF,379,97.18284960422164,18.109551451187336,-1.6116094986807388,6.231398416886543,6.833007915567283,-0.4987598944591029,2404.2664907651715,-0.2467296889741143,-0.9647550811947213,R,0.4846547314578005,2026,Pete Fairbanks,MLB
664126,SL,207,83.6487922705314,-8.503188405797102,6.028985507246377,6.0772946859903385,7.087536231884058,-0.2601449275362319,2529.352657004831,0.6358461485519608,0.7583566919345788,R,0.2647058823529412,2026,Pete Fairbanks,MLB
664129,FC,74,91.41756756756756,10.827567567567568,0.18972972972972973,6.1702702702702705,6.274054054054053,-2.18972972972973,2445.7162162162163,-0.4618202824647526,-0.8772736906174015,R,0.167420814479638,2026,Geoff Hartlieb,MLB
664129,FF,143,95.3104895104895,15.143496503496504,-6.927272727272728,6.251748251748252,6.227902097902098,-2.205804195804196,2317.0,-0.5737650447288549,-0.8166651581282279,R,0.3235294117647059,2026,Geoff Hartlieb,MLB
664129,SI,72,93.86388888888888,7.031666666666667,-13.741666666666667,6.2125,6.119583333333334,-2.308333333333333,2303.7916666666665,-0.6260628313046177,-0.7758889820603783,R,0.16289592760180996,2026,Geoff Hartlieb,MLB
664129,SL,153,84.72549019607843,-0.7105882352941176,3.412549019607843,6.104575163398692,6.263006535947713,-2.1412418300653595,2469.3529411764707,0.3549300480510096,0.8264552198559519,R,0.34615384615384615,2026,Geoff Hartlieb,MLB
664141,CH,138,88.60724637681159,5.246956521739131,-15.965217391304346,5.789130434782608,6.123695652173914,-2.4381159420289853,2038.6811594202898,-0.8239732385430141,-0.5639846468485441,R,0.138,2026,JT Brubaker,MLB
664141,CU,87,81.92528735632185,-6.293793103448275,11.92551724137931,5.602298850574712,6.289080459770115,-2.2728735632183907,2700.1264367816093,0.45635747756489037,0.8740882372559521,R,0.087,2026,JT Brubaker,MLB
664141,FF,60,93.16333333333334,14.086,-7.776,5.636666666666667,6.285333333333333,-2.2693333333333334,2103.633333333333,-0.6692424776452356,-0.7393369756348244,R,0.06,2026,JT Brubaker,MLB
664141,SI,451,93.67272727272727,9.14740576496674,-15.526297117516629,5.731777777777778,6.225277161862527,-2.251130820399113,2220.0066666666667,-0.6896198183999384,-0.7168357743949939,R,0.451,2026,JT Brubaker,MLB
664141,SL,264,87.13560606060605,2.4904545454545457,0.09681818181818183,5.730681818181819,6.272840909090909,-2.2054545454545456,2569.8901515151515,-0.5926756984339906,-0.26763337917953833,R,0.264,2026,JT Brubaker,MLB
664192,CU,34,77.6735294117647,-4.5,7.418823529411765,6.023529411764706,6.398235294117647,-2.1947058823529413,2081.235294117647,-0.485833633393654,0.8522250572440415,L,0.2905982905982906,2026,Joey Lucchesi,MLB
664192,FF,21,92.52380952380952,14.08,-8.22857142857143,6.238095238095238,5.755238095238095,-2.432380952380952,2239.285714285714,0.6406287738322417,-0.7540258902853997,L,0.1794871794871795,2026,Joey Lucchesi,MLB
664192,SI,62,91.91935483870968,10.949032258064516,-15.69483870967742,6.238709677419355,5.72258064516129,-2.5248387096774194,2228.1290322580644,0.5887620109700176,-0.7768336878879499,L,0.5299145299145299,2026,Joey Lucchesi,MLB
664199,CH,296,90.16013513513514,1.4578378378378378,-14.784324324324324,6.241891891891892,5.770371621621622,-1.186554054054054,1752.3817567567567,-0.863734910575433,-0.4978712070708871,R,0.2735674676524954,2026,Taylor Clarke,MLB
664199,FC,201,94.2641791044776,12.374328358208956,-3.8101492537313435,6.178109452736318,6.105223880597015,-0.8661194029850746,2272.363184079602,-0.4694733476022728,-0.8783389950994469,R,0.18576709796672827,2026,Taylor Clarke,MLB
664199,FF,14,94.46428571428571,16.225714285714286,-5.46,6.164285714285714,6.182857142857143,-0.8035714285714286,2303.3571428571427,-0.43361215030209266,-0.8701314040491187,R,0.012939001848428836,2026,Taylor Clarke,MLB
664199,SI,250,95.3032,10.15152,-13.701600000000001,6.203600000000001,6.0733999999999995,-0.8679199999999999,2232.084,-0.5536681922401827,-0.8280809702225743,R,0.23105360443622922,2026,Taylor Clarke,MLB
664199,SL,321,88.4632398753894,4.106542056074766,4.869158878504673,6.1551401869158875,6.094766355140187,-0.8320872274143303,2225.6573208722743,0.20454258113376386,-0.9378049506411923,R,0.2966728280961183,2026,Taylor Clarke,MLB
664208,CU,167,75.49580838323352,-9.214850299401197,18.574131736526947,6.9209580838323355,5.126706586826347,-1.4251497005988023,3114.748502994012,0.8533157378588953,0.504998610650446,R,0.29094076655052264,2026,Phil Maton,MLB
664208,FC,217,89.56635944700461,9.874285714285714,2.501198156682028,7.008755760368664,5.141981566820276,-1.3125345622119815,2560.10599078341,-0.1727195330340963,-0.974109097602986,R,0.3780487804878049,2026,Phil Maton,MLB
664208,SI,106,90.15188679245283,6.3894339622641505,-13.050566037735848,6.966037735849056,5.0038679245283015,-1.455566037735849,2303.7075471698113,-0.6035534746883466,-0.7883949604963861,R,0.18466898954703834,2026,Phil Maton,MLB
664208,ST,84,83.19404761904762,4.494285714285714,12.92,6.879761904761905,5.027142857142857,-1.571190476190476,2733.9761904761904,0.9901030473833744,0.028640356130503326,R,0.14634146341463414,2026,Phil Maton,MLB
664238,EP,15,38.526666666666664,21.688,-0.5359999999999999,4.046666666666666,7.518666666666666,-0.5666666666666667,951.9333333333333,-0.22296998189865905,-0.9709235124191015,R,1.0,2026,Dylan Moore,MLB
664285,CH,516,89.02790697674419,2.6760465116279066,-13.604418604651164,5.825875486381323,5.930736434108527,-0.8575193798449613,1642.0794573643411,0.8020966769853781,-0.58496391968429,L,0.18143459915611815,2026,Framber Valdez,MLB
664285,CU,849,78.27373380447585,-14.479151943462897,12.69356890459364,5.729550827423168,5.89075382803298,-1.0303651354534746,2847.107311320755,-0.6656857595335888,0.7408025956638962,L,0.29852320675105487,2026,Framber Valdez,MLB
664285,FF,104,94.7451923076923,13.215000000000002,-6.30576923076923,5.730769230769231,6.03798076923077,-0.7642307692307693,2194.5673076923076,0.6511714039345851,-0.7486166423706334,L,0.03656821378340366,2026,Framber Valdez,MLB
664285,SI,1247,93.75821972734563,5.8793263833199685,-15.045613472333601,5.779210314262691,5.98449077786688,-0.8181796311146752,2168.986356340289,0.6541050913518502,-0.7484180425214711,L,0.43846694796061886,2026,Framber Valdez,MLB
664285,SL,128,85.6484375,0.12,2.6146875,5.8125,5.83,-0.957421875,2425.609375,-0.7273383669551329,-0.06002529350434267,L,0.0450070323488045,2026,Framber Valdez,MLB
664299,CH,191,85.27172774869109,8.413821989528795,-14.614869109947644,6.238219895287958,5.528586387434555,-1.8472251308900522,2294.2526315789473,-0.9428783425139792,-0.3025355037033604,R,0.16296928327645052,2026,Cristian Javier,MLB
664299,FC,86,88.9953488372093,10.497209302325581,2.9665116279069768,6.138372093023255,5.5200000000000005,-1.8590697674418604,2303.720930232558,-0.05260188386570475,-0.9876963410059734,R,0.07337883959044368,2026,Cristian Javier,MLB
664299,FF,549,93.07067395264117,17.728961748633882,-4.935081967213115,6.151548269581056,5.541129326047359,-1.7577595628415301,2185.7773722627735,-0.37937376894307023,-0.9227865259941863,R,0.4684300341296928,2026,Cristian Javier,MLB
664299,KC,16,77.55625,-11.3325,11.4,5.94375,5.581875,-1.636875,2979.1875,0.6498732109414593,0.7576173606805091,R,0.013651877133105802,2026,Cristian Javier,MLB
664299,SI,16,92.81875,16.485,-12.15,6.0,5.465625,-1.555,2289.75,-0.519735499845423,-0.8523025067114621,R,0.013651877133105802,2026,Cristian Javier,MLB
664299,ST,314,81.09713375796179,4.566114649681529,12.781146496815285,6.040127388535032,5.499745222929937,-1.9347452229299362,2523.3184713375795,0.956409488239763,0.20887390590274407,R,0.26791808873720135,2026,Cristian Javier,MLB
664353,CH,180,83.16944444444445,8.658666666666667,-17.59733333333333,5.931666666666667,5.919333333333333,-1.4795,2143.3166666666666,-0.9111094363715624,-0.4048032392089536,R,0.28938906752411575,2026,José Urquidy,MLB
664353,CU,97,77.1979381443299,-11.975257731958761,10.311340206185568,5.790721649484537,5.988865979381443,-1.4548453608247423,2756.814432989691,0.5744228621963202,0.8147795161733862,R,0.15594855305466238,2026,José Urquidy,MLB
664353,FF,134,92.24776119402986,18.30268656716418,-10.16865671641791,5.856716417910447,6.132313432835821,-1.0664925373134329,2313.9253731343283,-0.5219576079211767,-0.8488625775147031,R,0.21543408360128619,2026,José Urquidy,MLB
664353,SI,132,92.85757575757576,12.506363636363636,-15.145454545454546,5.940151515151515,5.93030303030303,-1.4412121212121214,2184.098484848485,-0.6405330126168386,-0.7656112883895067,R,0.21221864951768488,2026,José Urquidy,MLB
664353,ST,79,80.1,3.1974683544303795,10.493164556962025,5.89873417721519,5.64367088607595,-1.722025316455696,2641.240506329114,0.9053388719045284,0.38430583618166414,R,0.1270096463022508,2026,José Urquidy,MLB
664702,EP,38,41.51578947368421,18.87157894736842,-2.5894736842105264,3.668421052631579,7.142368421052632,-0.8381578947368421,1028.578947368421,-0.301342015389075,-0.9496073907176102,R,1.0,2026,Myles Straw,MLB
664774,EP,10,39.55,16.139999999999997,1.332,3.79,6.7,-1.972,946.4,0.4997302497753858,-0.8508715881739544,L,1.0,2026,LaMonte Wade Jr.,MLB
664849,SI,129,93.68062015503875,3.3200000000000003,-18.183255813953487,6.482170542635659,5.042403100775194,-3.3110852713178294,2334.8372093023254,0.9061232739804496,-0.41567262399506266,L,0.49615384615384617,2026,Danny Young,MLB
664849,ST,131,82.76946564885496,0.06961832061068703,16.784427480916033,6.299236641221374,4.7745801526717555,-3.601297709923664,2720.5114503816794,-0.8459274416588961,0.5091801094117647,L,0.5038461538461538,2026,Danny Young,MLB
664854,CU,12,81.425,-10.09,2.98,6.625,6.04,-0.31833333333333336,2519.75,0.5742364099471908,0.8084161844422648,R,0.039603960396039604,2026,Ryan Helsley,MLB
664854,FF,139,98.69712230215828,19.4063309352518,-2.0279136690647483,6.616417910447761,6.147985611510792,-0.14776978417266187,2581.7841726618703,-0.2231410266163884,-0.9713728785054492,R,0.45874587458745875,2026,Ryan Helsley,MLB
664854,FS,34,90.0764705882353,9.098823529411765,-12.271764705882353,6.752941176470588,5.937058823529412,-0.36558823529411766,1444.8235294117646,-0.4732812339261778,-0.8753860104645934,R,0.11221122112211221,2026,Ryan Helsley,MLB
664854,SL,118,87.82966101694915,0.856271186440678,4.137966101694915,6.640677966101695,6.120847457627119,-0.27720338983050846,2419.9576271186443,0.5758977102032513,-0.5493472956205454,R,0.38943894389438943,2026,Ryan Helsley,MLB
664875,FF,103,95.61262135922331,11.454757281553396,-12.040776699029127,6.649514563106796,4.485436893203883,-2.8527184466019415,2499.378640776699,-0.8844720849332007,-0.4530720529614756,R,0.14246196403872752,2026,Justin Lawrence,MLB
664875,SI,304,95.48157894736842,1.4123684210526317,-16.485,6.553618421052631,4.26641447368421,-2.7844407894736842,2418.864686468647,-0.9198067110753595,-0.374869600009414,R,0.42047026279391425,2026,Justin Lawrence,MLB
664875,ST,316,82.12911392405063,2.158101265822785,17.264430379746837,6.492088607594937,4.385158227848101,-2.986645569620253,2982.6126984126986,0.9381524162895019,0.3283325816821419,R,0.43706777316735823,2026,Justin Lawrence,MLB
664954,EP,59,57.45084745762712,15.439322033898305,-1.2040677966101694,3.8338983050847455,6.635593220338983,-2.00135593220339,1414.2542372881355,-0.6102439133623222,-0.7781916083484278,R,1.0,2026,Brett Sullivan,MLB
664991,CU,141,85.40921985815604,-5.171063829787234,1.1217021276595744,6.19645390070922,6.179858156028369,-2.223262411347518,2419.432624113475,-0.561464866995861,0.7868260747038922,L,0.15807174887892378,2026,Grant Wolfram,MLB
664991,FF,213,95.5131455399061,14.291267605633802,-5.863098591549296,6.201408450704226,6.158826291079812,-2.2422065727699527,2316.9342723004693,0.5728802158400318,-0.8127025842450187,L,0.23878923766816143,2026,Grant Wolfram,MLB
664991,SI,350,95.82885714285713,12.371657142857142,-14.746971428571428,6.240857142857143,6.147942857142858,-2.203314285714286,2235.9685714285715,0.6187436913440079,-0.7809317877188563,L,0.3923766816143498,2026,Grant Wolfram,MLB
664991,SL,107,87.05327102803739,2.3865420560747665,1.7125233644859814,6.231775700934579,6.11196261682243,-2.222803738317757,2236.532710280374,-0.21719247690973678,-0.4454871818399435,L,0.11995515695067265,2026,Grant Wolfram,MLB
664991,ST,81,86.31358024691357,-2.151111111111111,6.463703703703705,6.222222222222222,6.048518518518518,-2.280740740740741,2490.6666666666665,-0.6325197650861714,0.704586090360213,L,0.09080717488789238,2026,Grant Wolfram,MLB
665152,CU,183,76.61584699453552,-13.235409836065573,7.919999999999999,6.107650273224044,6.2142622950819675,-1.8057377049180328,2814.3387978142077,0.5265543377805282,0.8462424687809298,R,0.12491467576791809,2026,Dean Kremer,MLB
665152,FC,55,90.52727272727273,15.656727272727272,1.0930909090909091,6.0600000000000005,6.303454545454545,-1.781090909090909,2387.6,-0.14525922138948902,-0.9822007150205794,R,0.03754266211604096,2026,Dean Kremer,MLB
665152,FF,385,92.77948051948051,18.362181818181817,-6.600623376623376,6.141558441558441,6.241376623376623,-1.816051948051948,2289.0805194805193,-0.41812477587223196,-0.9044937761744,R,0.2627986348122867,2026,Dean Kremer,MLB
665152,FS,370,82.35378378378378,10.143243243243242,-10.558702702702702,6.207297297297297,6.233648648648648,-1.799027027027027,1283.8594594594595,-0.5424701678622608,-0.8345070856977954,R,0.2525597269624573,2026,Dean Kremer,MLB
665152,SI,193,91.98031088082902,12.120621761658033,-13.49658031088083,6.287046632124353,5.848860103626943,-2.2075647668393783,2139.896373056995,-0.56868826394921,-0.8187906346572312,R,0.13174061433447098,2026,Dean Kremer,MLB
665152,SL,262,86.96335877862596,5.915267175572519,4.368091603053435,6.0022900763358775,6.33675572519084,-1.6965648854961832,2389.0801526717555,0.15365992772502166,-0.9747632977922528,R,0.178839590443686,2026,Dean Kremer,MLB
665152,SV,17,83.38823529411764,-0.3952941176470589,5.590588235294118,6.147058823529412,6.2435294117647056,-1.7047058823529413,2634.0,0.8572218372483227,0.33679180694136696,R,0.011604095563139932,2026,Dean Kremer,MLB
665622,CH,192,90.29531250000001,1.690625,-10.691249999999998,6.232291666666666,6.1144791666666665,-1.31578125,1649.984375,-0.7758359870887769,-0.601785298242623,R,0.14578587699316628,2026,Luis Medina,MLB
665622,CU,169,81.21479289940828,-12.323076923076922,9.115739644970414,5.995266272189349,6.167692307692307,-1.3559763313609468,2598.1005917159764,0.5801887739899559,0.8095144141319324,R,0.12832194381169323,2026,Luis Medina,MLB
665622,FF,381,97.67979002624672,15.49007874015748,-7.2535433070866135,6.169816272965879,6.108425196850393,-1.3846719160104985,2401.7244094488187,-0.6239283751978028,-0.777116981663181,R,0.28929384965831434,2026,Luis Medina,MLB
665622,SI,355,97.3205633802817,11.002478873239436,-15.132845070422535,6.158028169014084,6.14943661971831,-1.3430704225352113,2410.087323943662,-0.5888454650702714,-0.8013457692688555,R,0.2695520121488231,2026,Luis Medina,MLB
665622,SL,220,86.68909090909091,1.3167272727272727,9.181636363636363,6.124090909090909,5.884772727272727,-1.5757727272727273,2543.6045454545456,0.7761660357603504,0.5203971580240121,R,0.16704631738800305,2026,Luis Medina,MLB
665645,CU,13,79.83076923076922,-12.950769230769232,5.990769230769231,6.484615384615385,5.833076923076923,-1.096923076923077,2355.6923076923076,0.3885228483501972,0.9186578622408695,R,0.12380952380952381,2026,Kervin Castro,MLB
665645,FC,22,92.88181818181819,10.030909090909091,4.461818181818182,6.695454545454546,5.821363636363636,-1.0331818181818182,2387.3636363636365,0.05237370669139468,-0.9915807618665117,R,0.20952380952380953,2026,Kervin Castro,MLB
665645,FF,54,94.15555555555555,16.997777777777777,-0.9111111111111112,6.674074074074074,5.821296296296297,-1.0118518518518518,2385.203703703704,-0.16912560327468548,-0.9833192956540381,R,0.5142857142857142,2026,Kervin Castro,MLB
665645,SI,16,93.46875,13.125,-10.455,6.73125,5.778125,-1.001875,2259.375,-0.1840363004483543,-0.9811415531104497,R,0.1523809523809524,2026,Kervin Castro,MLB
665660,FF,562,98.70516014234876,14.691886120996442,-12.406975088967972,5.760142348754448,5.8359608540925265,-2.252562277580071,2434.026690391459,-0.7312568652005663,-0.6787972805378013,R,0.5909568874868559,2026,Elvis Alvarado,MLB
665660,FS,62,87.84032258064516,2.5335483870967743,-7.550322580645162,5.945161290322581,5.796451612903225,-2.1933870967741935,1085.516129032258,-0.9372772051794136,-0.3146156260916933,R,0.06519453207150368,2026,Elvis Alvarado,MLB
665660,SI,140,97.75857142857143,9.198,-17.226,5.790714285714286,5.728214285714286,-2.3295714285714286,2439.55,-0.7506369851543322,-0.6566484676027434,R,0.14721345951629863,2026,Elvis Alvarado,MLB
665660,SL,187,88.1475935828877,2.1606417112299465,-0.6551871657754011,5.885026737967914,5.6262032085561495,-2.372085561497326,2083.8449197860964,-0.6307021319123848,0.22122324502192406,R,0.19663512092534174,2026,Elvis Alvarado,MLB
665665,CH,96,86.51666666666667,-0.7162499999999999,-17.6525,6.471875,5.221979166666666,-2.7153125,2179.34375,0.968656442497449,-0.23705339578162096,L,0.2782608695652174,2026,Reiver Sanmartin,MLB
665665,FF,28,92.16785714285713,11.138571428571428,-13.825714285714286,6.414285714285714,5.295,-2.726785714285714,2299.8214285714284,0.9099944594447652,-0.405811010736569,L,0.08115942028985507,2026,Reiver Sanmartin,MLB
665665,SI,128,91.70625,2.330625,-18.0609375,6.43515625,5.24109375,-2.71328125,2307.0234375,0.9138851405209472,-0.3858658270365761,L,0.3710144927536232,2026,Reiver Sanmartin,MLB
665665,SL,93,82.5247311827957,0.47483870967741937,6.525161290322581,6.475268817204301,5.231827956989247,-2.759569892473118,2582.7204301075267,-0.9637123259470822,0.013241038982362455,L,0.26956521739130435,2026,Reiver Sanmartin,MLB
665795,CH,438,93.13150684931506,3.7465753424657535,-17.02191780821918,6.492009132420091,5.904018264840182,-1.3071004566210045,1743.986301369863,-0.8854284305456857,-0.45903559082440765,R,0.3050139275766017,2026,Edward Cabrera,MLB
665795,CU,276,84.92391304347827,-7.600434782608695,6.390869565217391,6.339492753623189,6.105434782608695,-1.1673913043478261,2486.8985507246375,0.5783358869419072,0.8093949305901355,R,0.19220055710306408,2026,Edward Cabrera,MLB
665795,FF,244,96.34467213114753,13.530000000000001,-11.798360655737707,6.377459016393442,5.896475409836065,-1.3707377049180327,2249.4303278688526,-0.732554394300179,-0.6770493654943393,R,0.16991643454038996,2026,Edward Cabrera,MLB
665795,SI,311,96.71125401929261,9.168617363344051,-16.206945337620578,6.434405144694534,5.919742765273312,-1.2533440514469454,2227.485530546624,-0.7136537142620962,-0.6967082476148223,R,0.21657381615598886,2026,Edward Cabrera,MLB
665795,SL,167,89.3191616766467,3.935568862275449,0.24215568862275447,6.3982035928143715,5.869820359281437,-1.3773053892215568,2399.179640718563,-0.27854808471224035,-0.8553351291698691,R,0.11629526462395544,2026,Edward Cabrera,MLB
665871,CH,124,86.06451612903226,1.687741935483871,-11.436774193548388,6.54274193548387,5.878951612903226,-1.688790322580645,1373.9435483870968,-0.7793572666369586,-0.6199042886856505,R,0.07878017789072427,2026,Javier Assad,MLB
665871,CU,113,77.64867256637167,-8.888495575221238,13.061946902654867,6.421238938053097,6.0048672566371675,-1.5720353982300883,2496.902654867257,0.7205587908970952,0.6876996520686036,R,0.07179161372299873,2026,Javier Assad,MLB
665871,FC,195,88.91179487179487,6.541538461538461,4.985846153846154,6.5,5.826153846153845,-1.8902564102564103,2150.1846153846154,0.2269849676797197,-0.9217038684796596,R,0.12388818297331639,2026,Javier Assad,MLB
665871,FF,295,93.52983050847457,16.053966101694915,-5.227525423728814,6.504745762711865,5.847288135593221,-1.8205423728813557,2142.3254237288133,-0.49214042751208553,-0.8677550666823953,R,0.18742058449809404,2026,Javier Assad,MLB
665871,SI,661,93.42284417549168,10.88586989409985,-14.383479576399393,6.526777609682299,5.91695915279879,-1.6601210287443267,2029.0090771558246,-0.4357222835787074,-0.8969943160644791,R,0.4199491740787802,2026,Javier Assad,MLB
665871,SL,57,85.34210526315789,0.5726315789473684,5.446315789473684,6.549122807017544,5.938070175438597,-1.676140350877193,2220.40350877193,0.8883442862392874,-0.31772469994238367,R,0.03621346886912325,2026,Javier Assad,MLB
665871,ST,129,81.73023255813953,1.2186046511627906,14.835348837209303,6.493023255813954,5.795813953488372,-1.7966666666666669,2454.4961240310076,0.909420906516528,0.3757597351312205,R,0.08195679796696315,2026,Javier Assad,MLB
665878,FF,10,93.25,17.4,-8.736,6.8,5.037,-1.925,2518.9,-0.6263120993662759,-0.7760423800774681,R,1.0,2026,Janser Lara,MLB
666129,CH,32,84.771875,-1.1025,-15.2025,6.628125,5.5871875,-2.99375,1622.3125,0.9088380428178768,-0.4052205278014183,L,0.16080402010050251,2026,Braxton Garrett,MLB
666129,FF,37,91.54864864864865,14.789189189189191,-4.936216216216216,6.7594594594594595,5.641081081081081,-2.589189189189189,2356.7567567567567,0.6270940361215449,-0.7751769523012294,L,0.18592964824120603,2026,Braxton Garrett,MLB
666129,SI,53,90.71886792452831,6.305660377358491,-15.959999999999999,6.730188679245283,5.567924528301887,-2.7949056603773585,2182.0,0.7081557786679953,-0.6885921616336164,L,0.2663316582914573,2026,Braxton Garrett,MLB
666129,SL,44,85.75909090909092,-2.0563636363636366,2.391818181818182,6.679545454545454,5.7272727272727275,-2.6209090909090906,2427.3863636363635,-0.7128446603664954,0.2589198439060518,L,0.22110552763819097,2026,Braxton Garrett,MLB
666129,ST,33,83.23636363636365,2.1054545454545455,10.8,6.518181818181818,5.679393939393939,-2.5596969696969696,2421.6363636363635,-0.7694862260765087,0.6244173105913186,L,0.1658291457286432,2026,Braxton Garrett,MLB
666142,CH,125,84.0776,12.07776,-15.04032,6.1648000000000005,6.18656,-1.29656,2067.584,0.8307998371987959,-0.5519816026748111,L,0.17265193370165746,2026,Cole Ragans,MLB
666142,FC,36,89.70555555555556,7.8100000000000005,-1.3533333333333335,6.019444444444444,6.1755555555555555,-1.4719444444444445,2582.3888888888887,0.5467410491825379,-0.8062618151237395,L,0.049723756906077346,2026,Cole Ragans,MLB
666142,FF,404,94.86311881188118,17.563069306930693,-12.636534653465347,6.031761786600497,6.3327227722772275,-1.1808663366336634,2544.65099009901,0.6776311948359566,-0.7315668862127119,L,0.5580110497237569,2026,Cole Ragans,MLB
666142,KC,59,79.22542372881357,-13.87728813559322,10.590508474576271,5.945762711864407,6.312711864406779,-1.3552542372881355,2435.237288135593,-0.43953330617837466,0.8964679586563064,L,0.08149171270718232,2026,Cole Ragans,MLB
666142,SL,100,85.09100000000001,-0.48719999999999997,0.6876000000000001,5.997999999999999,6.1928,-1.4462000000000002,2571.76,-0.1544177370372488,0.5939595142674936,L,0.13812154696132597,2026,Cole Ragans,MLB
666157,CH,430,87.97511627906978,0.787813953488372,-17.25906976744186,6.260000000000001,5.288046511627908,-3.655697674418605,1878.167441860465,0.9809722554273889,-0.17988349097405568,L,0.2252488213724463,2026,Nick Lodolo,MLB
666157,CU,466,82.40429184549356,-0.7163948497854077,6.662317596566523,6.055579399141631,5.374206008583691,-3.654656652360515,2574.4463519313304,-0.8861380442628961,0.4195131862724347,L,0.24410686223153483,2026,Nick Lodolo,MLB
666157,FF,522,93.75402298850574,8.717471264367816,-16.649195402298847,6.2059386973180075,5.361283524904215,-3.636206896551724,2270.6257197696737,0.9380605202029781,-0.3236772640799853,L,0.2734415924567837,2026,Nick Lodolo,MLB
666157,SI,491,93.58818737270876,4.5766191446028515,-18.734419551934828,6.237067209775968,5.297331975560081,-3.680142566191446,2295.1975560081464,0.9455876694196427,-0.31509414280352915,L,0.2572027239392352,2026,Nick Lodolo,MLB
666171,CU,28,84.30714285714285,-7.448571428571428,10.37142857142857,6.696428571428571,5.874642857142858,-2.1110714285714285,2724.464285714286,0.8737777105159942,0.4271493741210995,R,0.020664206642066422,2026,Ryan Zeferjahn,MLB
666171,FC,14,91.10714285714286,2.802857142857143,4.148571428571429,6.485714285714286,5.865,-1.955,2396.5,0.5124911207644511,-0.8194377342772456,R,0.010332103321033211,2026,Ryan Zeferjahn,MLB
666171,FF,432,97.43148148148148,15.824166666666667,-3.048333333333334,6.752546296296296,5.710972222222222,-2.0814814814814815,2275.4560185185187,-0.404799304351364,-0.9094567731118436,R,0.31881918819188193,2026,Ryan Zeferjahn,MLB
666171,SI,222,96.36126126126126,8.561081081081081,-13.924864864864865,6.757207207207207,5.543693693693694,-2.0233783783783785,2055.5135135135133,-0.48008970011201896,-0.864042381791922,R,0.16383763837638377,2026,Ryan Zeferjahn,MLB
666171,SL,130,88.62923076923076,-0.3332307692307692,6.6683076923076925,6.663846153846153,5.735846153846154,-2.1576153846153847,2549.1769230769232,0.8756669093235172,-0.3010539598215293,R,0.0959409594095941,2026,Ryan Zeferjahn,MLB
666171,ST,529,85.50510396975424,4.944045368620038,14.885444234404536,6.648771266540642,5.598204158790169,-2.4169565217391304,2690.661625708885,0.9660216371412482,0.18740449877354787,R,0.3904059040590406,2026,Ryan Zeferjahn,MLB
666200,CH,541,85.99889094269871,2.199260628465804,-15.577597042513862,5.704066543438078,5.6421996303142326,-2.575637707948244,1665.916820702403,0.8784958934605435,-0.4727283176598875,L,0.17860680092439749,2026,Jesús Luzardo,MLB
666200,FF,785,96.80063694267515,13.599592356687898,-11.95796178343949,5.728025477707006,5.7800636942675165,-2.464955414012739,2229.5286624203823,0.817377006589872,-0.5712178162331193,L,0.25916143941895015,2026,Jesús Luzardo,MLB
666200,SI,548,95.73339416058394,5.92007299270073,-17.866642335766425,5.729044117647058,5.720492700729927,-2.602080291970803,2227.770220588235,0.831304113314128,-0.546678862898556,L,0.18091779465170024,2026,Jesús Luzardo,MLB
666200,ST,1155,86.06207792207792,-0.7506493506493507,8.527584415584416,5.60546875,5.538372294372294,-2.694822510822511,2445.7994791666665,-0.5158181613865902,0.8264732384300306,L,0.3813139650049521,2026,Jesús Luzardo,MLB
666201,CH,63,83.9920634920635,8.754285714285714,-14.841904761904761,7.063492063492063,6.00047619047619,-2.0495238095238095,1907.031746031746,-0.6854815761457177,-0.7176970444001811,R,0.391304347826087,2026,Alek Manoah,MLB
666201,FF,19,88.72105263157896,18.10105263157895,-4.812631578947368,6.994736842105263,6.126315789473685,-1.988421052631579,2280.157894736842,-0.45092345035799947,-0.8910495370431177,R,0.11801242236024845,2026,Alek Manoah,MLB
666201,SI,56,87.67321428571428,13.307142857142859,-13.092857142857143,7.035714285714286,6.078035714285714,-2.117142857142857,2084.4285714285716,-0.49683545099845755,-0.8641157538653651,R,0.34782608695652173,2026,Alek Manoah,MLB
666201,SL,23,77.1304347826087,-0.657391304347826,10.966956521739132,6.995652173913044,5.944347826086957,-2.263913043478261,2136.6521739130435,0.7313737616683627,0.6404841645721341,R,0.14285714285714285,2026,Alek Manoah,MLB
666277,CH,359,89.96824512534819,-1.6753203342618386,-11.980947075208913,6.681058495821727,5.66108635097493,-2.422534818941504,1545.4484679665738,-0.9499160326108868,-0.30456039897548115,R,0.3084192439862543,2026,George Soriano,MLB
666277,FF,344,96.56104651162791,12.39732558139535,-8.549651162790697,6.368513119533528,5.556424418604651,-2.525232558139535,2130.9302325581393,-0.6663939484609137,-0.7422371611983429,R,0.29553264604810997,2026,George Soriano,MLB
666277,SI,82,96.29878048780488,7.51609756097561,-14.973658536585365,6.423456790123456,5.524878048780488,-2.52890243902439,2203.256097560976,-0.6695887186954036,-0.7377374446551143,R,0.070446735395189,2026,George Soriano,MLB
666277,SL,267,88.50936329588015,2.4957303370786517,-0.24089887640449437,6.438490566037736,5.547191011235955,-2.5501498127340825,2565.505617977528,-0.40092196894789717,0.0019071633800196467,R,0.22938144329896906,2026,George Soriano,MLB
666277,ST,112,85.79107142857143,-1.3178571428571428,6.492857142857143,6.422321428571428,5.4472321428571435,-2.630535714285714,2826.0,0.4482089283320945,0.8473872852709805,R,0.09621993127147767,2026,George Soriano,MLB
666374,CH,43,90.61627906976744,-1.4567441860465116,-9.602790697674418,6.479069767441861,5.12813953488372,-2.6748837209302323,1806.7906976744187,-0.9660130888173656,-0.222776457283668,R,0.1423841059602649,2026,Matt Brash,MLB
666374,FF,17,96.38235294117646,13.736470588235294,-10.665882352941177,6.635294117647058,5.402941176470588,-2.5629411764705883,2224.176470588235,-0.7520609690451453,-0.65648545425802,R,0.056291390728476824,2026,Matt Brash,MLB
666374,SI,70,97.07142857142857,7.962857142857143,-16.506857142857143,6.522857142857143,5.416285714285714,-2.45,2237.6714285714284,-0.7357153003176738,-0.6727927388101406,R,0.23178807947019867,2026,Matt Brash,MLB
666374,SL,172,86.72674418604652,-0.6962790697674419,14.54093023255814,6.530232558139535,5.201918604651163,-2.635174418604651,2903.3255813953488,0.7776875975014084,0.5621488111835253,R,0.5695364238410596,2026,Matt Brash,MLB
666619,FF,11,96.1,10.876363636363637,-3.1090909090909093,6.636363636363637,5.756363636363637,-1.6027272727272726,2420.818181818182,-0.5888291608389207,-0.7944795921427482,R,0.13095238095238096,2026,Gregory Santos,MLB
666619,SI,29,97.19655172413792,6.864827586206897,-10.721379310344828,6.703448275862069,5.795862068965517,-1.530344827586207,2306.4827586206898,-0.6520732376423057,-0.7453743921993807,R,0.34523809523809523,2026,Gregory Santos,MLB
666619,SL,44,89.07727272727273,1.7863636363636362,6.608181818181818,6.634090909090909,5.675454545454546,-1.749090909090909,2497.090909090909,0.8269426732634529,-0.42761062323738536,R,0.5238095238095238,2026,Gregory Santos,MLB
666661,CH,224,92.471875,7.615714285714286,-15.6075,6.216964285714285,5.7820535714285715,-1.6345089285714285,2271.4285714285716,-0.8649247441084768,-0.4974917273656198,R,0.21032863849765257,2026,Juan Morillo,MLB
666661,FF,507,98.63057199211045,16.349112426035504,-4.635739644970415,6.365877712031558,5.740966469428008,-1.5678500986193293,2248.842209072978,-0.4677862819483281,-0.8792494163074718,R,0.476056338028169,2026,Juan Morillo,MLB
666661,SI,206,98.57912621359223,12.63495145631068,-13.647378640776699,6.368932038834951,5.7461650485436895,-1.5736407766990292,2190.0582524271845,-0.4272055346711206,-0.8985636970407501,R,0.19342723004694837,2026,Juan Morillo,MLB
666661,SL,128,84.8046875,-7.1709375,8.9728125,6.4640625,5.78359375,-1.4128125,2744.7421875,0.8036720292650238,0.5838997538955069,R,0.12018779342723004,2026,Juan Morillo,MLB
666711,FF,73,99.97123287671232,13.83123287671233,-5.756712328767123,5.439726027397261,6.050958904109589,-0.7839726027397261,2231.1369863013697,-0.5667219866697437,-0.8217948999140615,R,0.4319526627218935,2026,Joel Peguero,MLB
666711,SI,57,99.14736842105262,8.932631578947367,-14.376842105263158,5.487719298245614,6.053859649122807,-0.864561403508772,2285.9298245614036,-0.5890013504865539,-0.8055267252058161,R,0.33727810650887574,2026,Joel Peguero,MLB
666711,SL,39,93.16410256410256,4.018461538461539,4.606153846153846,5.635897435897436,6.008461538461539,-1.0753846153846154,2545.897435897436,0.48754994955395364,-0.8214567743411194,R,0.23076923076923078,2026,Joel Peguero,MLB
666745,CH,39,88.01282051282051,7.28,-14.704615384615385,6.387179487179487,6.126666666666667,-0.8556410256410256,1599.948717948718,-0.7957159388898563,-0.6029786388099337,R,0.3170731707317073,2026,Jhony Brito,MLB
666745,FF,10,94.62,13.847999999999999,-7.956,6.1899999999999995,6.191,-0.95,2045.1,-0.6803514469626462,-0.7295198893898617,R,0.08130081300813008,2026,Jhony Brito,MLB
666745,SI,34,94.57058823529412,9.592941176470589,-15.667058823529414,6.229411764705882,6.187647058823529,-0.9194117647058824,2036.2941176470588,-0.6401183060686546,-0.7644414965325272,R,0.2764227642276423,2026,Jhony Brito,MLB
666745,SL,19,88.4578947368421,6.435789473684211,1.3263157894736841,6.3,6.087894736842105,-0.9878947368421053,2059.2631578947367,-0.27946017318287086,-0.9299462617468268,R,0.15447154471544716,2026,Jhony Brito,MLB
666745,ST,21,82.64285714285714,-1.6571428571428573,7.377142857142856,6.438095238095237,6.043333333333333,-0.8490476190476189,2208.2380952380954,0.7795231893463251,0.6147653664341217,R,0.17073170731707318,2026,Jhony Brito,MLB
666768,FC,18,92.54444444444444,8.653333333333332,-0.33999999999999997,6.444444444444445,5.536666666666666,-2.091666666666667,2521.722222222222,-0.23283783354634308,-0.9508540227485125,R,1.0,2026,Anderson Pilar,MLB
666808,CH,25,94.46,2.7648,-13.5504,6.284,5.4144000000000005,-1.6232,1806.92,-0.8254323083675859,-0.552342271869822,R,0.023809523809523808,2026,Camilo Doval,MLB
666808,FC,279,98.76057347670252,10.751827956989247,-4.527741935483871,6.15539033457249,5.404731182795699,-1.6984587813620071,2558.767025089606,-0.6903523313073974,-0.7138991844080903,R,0.26571428571428574,2026,Camilo Doval,MLB
666808,SI,419,98.14367541766109,3.7609546539379473,-9.398663484486873,6.184210526315789,5.394534606205251,-1.6630071599045344,2527.782816229117,-0.698189746018582,-0.7042685816719506,R,0.39904761904761904,2026,Camilo Doval,MLB
666808,SL,327,88.95076452599389,-3.5952293577981655,5.627889908256881,6.1781538461538466,5.518103975535168,-1.4410091743119264,2688.37003058104,0.8639116146522807,0.47892420361176075,R,0.31142857142857144,2026,Camilo Doval,MLB
666974,FF,37,94.58378378378379,7.822702702702703,-11.792432432432433,5.945945945945946,5.343783783783784,-2.3913513513513514,2205.4864864864867,-0.9540210117145652,-0.271141893276358,R,0.04642409033877039,2026,Yennier Cano,MLB
666974,FS,224,90.83169642857142,-5.207142857142857,-12.041785714285714,5.857847533632286,5.658348214285715,-2.3534821428571426,1529.5267857142858,-0.9911183869391305,-0.03476233499460683,R,0.2810539523212045,2026,Yennier Cano,MLB
666974,SI,440,94.76795454545454,-2.1414545454545455,-15.740454545454545,5.937986270022884,5.444409090909091,-2.3807045454545452,2087.5,-0.9645922937069897,-0.25411965842746087,R,0.5520702634880803,2026,Yennier Cano,MLB
666974,ST,96,85.67604166666666,1.43625,13.143749999999999,5.7562500000000005,5.297916666666667,-2.5046874999999997,2503.8645833333335,0.8264960774893182,0.5472071920304581,R,0.12045169385194479,2026,Yennier Cano,MLB
667297,CU,283,84.73003533568904,-14.447491166077738,11.452579505300353,6.04487632508834,6.526431095406361,-1.0204593639575972,2819.52296819788,0.3140933418437286,0.9447594663997473,R,0.2893660531697341,2026,Tommy Nance,MLB
667297,SI,267,94.52734082397004,10.150561797752808,-15.050337078651685,6.306367041198501,6.361123595505618,-1.0591011235955057,2236.8233082706765,-0.6359564044069228,-0.7511189733061475,R,0.27300613496932513,2026,Tommy Nance,MLB
667297,SL,428,89.18504672897195,2.6716822429906544,0.36532710280373837,6.163317757009346,6.196542056074766,-1.389766355140187,2570.5140186915887,-0.21205069317290437,-0.15947556020664225,R,0.4376278118609407,2026,Tommy Nance,MLB
667463,CH,146,83.79383561643836,-0.37232876712328766,-13.464657534246575,5.965068493150685,5.454109589041096,-2.068013698630137,1560.0684931506848,0.9051583701550477,-0.40739608719783027,L,0.1994535519125683,2026,John King,MLB
667463,CU,86,78.97558139534884,-11.906511627906978,11.444651162790699,5.943023255813954,5.8440697674418605,-1.8580232558139533,2852.0116279069766,-0.6249177109542464,0.7764387522299615,L,0.11748633879781421,2026,John King,MLB
667463,FF,10,90.63,10.164,-6.12,5.91,5.473,-2.146,2054.2,0.8005094696771945,-0.596671985159758,L,0.01366120218579235,2026,John King,MLB
667463,SI,234,90.45256410256411,1.8276923076923077,-12.681025641025641,6.05,5.414487179487179,-2.028376068376068,2174.431623931624,0.8180615977008455,-0.5686398918311298,L,0.319672131147541,2026,John King,MLB
667463,SL,141,82.54184397163121,-0.6919148936170213,6.829787234042553,5.991489361702127,5.517517730496454,-2.033404255319149,2782.375886524823,-0.7593925278102537,0.6318541358634084,L,0.19262295081967212,2026,John King,MLB
667463,ST,115,81.48521739130435,-1.0434782608695652,15.489391304347826,5.997391304347826,5.490521739130434,-2.0611304347826085,2807.6,-0.7778798834450306,0.6187658465081712,L,0.15710382513661203,2026,John King,MLB
667652,FF,85,93.6129411764706,18.429176470588235,-5.424,5.842352941176471,7.094588235294117,-0.11388235294117646,2233.752941176471,-0.2974164519601335,-0.9517496387564299,R,0.2607361963190184,2026,Jack Ralston,MLB
667652,FS,165,82.54121212121211,1.282909090909091,-9.493818181818181,5.581818181818182,7.097212121212121,-0.46721212121212125,903.8,-0.9367538345629758,-0.28624247572205075,R,0.5061349693251533,2026,Jack Ralston,MLB
667652,SL,76,85.38947368421053,-0.3978947368421053,1.556842105263158,5.811842105263158,6.93842105263158,-0.4061842105263158,2022.4736842105262,0.7554186689295845,-0.04993865512859321,R,0.2331288343558282,2026,Jack Ralston,MLB
667755,FF,630,97.14650793650794,13.43352380952381,-9.573714285714285,6.7358730158730165,5.7337460317460325,-2.3834603174603175,2177.902755267423,-0.768629490624262,-0.6273593828519483,R,0.21226415094339623,2026,José Soriano,MLB
667755,FS,551,92.27676950998185,0.9192740471869328,-13.734882032667876,6.803448275862069,5.676642468239565,-2.39508166969147,1617.4495412844037,-0.8666453814500629,-0.46635377214221985,R,0.18564690026954178,2026,José Soriano,MLB
667755,KC,753,85.33359893758299,-6.624382470119522,12.452749003984064,6.745152722443559,5.883426294820717,-2.123519256308101,2351.742323097463,0.5098483869187765,0.8434026843475141,R,0.25370619946091644,2026,José Soriano,MLB
667755,SI,885,96.31683615819209,3.7970169491525425,-15.147525423728814,6.764632768361582,5.729536723163842,-2.346960451977401,1929.8796296296296,-0.7731053326922637,-0.6091399542997075,R,0.29818059299191374,2026,José Soriano,MLB
667755,SL,149,90.24765100671141,3.0096644295302015,1.2096644295302015,6.777181208053691,5.814093959731544,-2.227718120805369,2350.040268456376,-0.08859570031266378,-0.5477628105870073,R,0.05020215633423181,2026,José Soriano,MLB
668390,FC,234,91.14444444444445,8.45025641025641,1.1553846153846155,6.842307692307692,5.419145299145299,-1.913290598290598,2526.188034188034,-0.20823179277902634,-0.961030285214151,R,0.2860635696821516,2026,Cole Winn,MLB
668390,FF,257,95.40583657587548,17.119377431906617,-5.6273929961089495,6.9715953307393,5.510038910505837,-1.5742801556420232,2398.307392996109,-0.4641581213456431,-0.8822061624087126,R,0.3141809290953545,2026,Cole Winn,MLB
668390,FS,122,87.2672131147541,2.0596721311475408,-14.344918032786884,6.895901639344262,5.3287704918032786,-1.8281147540983607,1731.3032786885246,-0.8423320859916336,-0.5311618537476864,R,0.1491442542787286,2026,Cole Winn,MLB
668390,SI,15,93.82666666666667,9.479999999999999,-15.808,6.933333333333334,5.373333333333333,-1.8039999999999998,2295.733333333333,-0.5705877472016336,-0.8189654262920205,R,0.018337408312958436,2026,Cole Winn,MLB
668390,SL,190,85.88315789473684,-3.7282105263157894,2.415157894736842,6.873684210526315,5.549263157894736,-1.6446842105263157,2655.536842105263,0.7570486682147046,0.49004739074594933,R,0.23227383863080683,2026,Cole Winn,MLB
668670,EP,24,51.8375,17.865,0.69,4.020833333333333,6.454583333333333,-1.8120833333333335,1166.6666666666667,-0.5919615883248789,-0.7944231184907942,R,1.0,2026,Jake Rogers,MLB
668674,CH,125,89.6272,5.7936000000000005,-16.88352,6.554399999999999,5.899439999999999,-1.95096,1860.704,-0.8372836515412073,-0.5422109990487786,R,0.1358695652173913,2026,Lucas Erceg,MLB
668674,FC,17,94.47647058823529,7.044705882352941,1.6588235294117646,6.511764705882353,5.951764705882353,-2.2211764705882353,2275.0,-0.1928760951943406,-0.9458727502544747,R,0.01847826086956522,2026,Lucas Erceg,MLB
668674,FF,265,97.25962264150944,14.029132075471697,-10.358943396226415,6.55622641509434,5.979773584905661,-1.7829056603773585,2104.4943396226413,-0.6554459945161963,-0.7496666102295165,R,0.28804347826086957,2026,Lucas Erceg,MLB
668674,SI,255,97.02627450980393,10.318117647058823,-14.75764705882353,6.62392156862745,5.962156862745098,-1.7852156862745099,1884.5686274509803,-0.714123137830363,-0.6925226191989458,R,0.27717391304347827,2026,Lucas Erceg,MLB
668674,SL,258,84.67945736434108,-2.4683720930232558,1.1148837209302325,6.457751937984495,5.956434108527132,-1.7659302325581396,2015.562015503876,0.3562939707201084,0.893690512263019,R,0.28043478260869564,2026,Lucas Erceg,MLB
668678,CH,318,86.60440251572328,4.3479245283018875,-12.557735849056604,6.5827044025157235,5.803238993710692,-2.8342138364779874,1541.9748427672955,-0.6802381220922193,-0.726472482761064,R,0.17235772357723578,2026,Zac Gallen,MLB
668678,FF,653,93.37105666156202,16.546584992343032,-3.2907197549770295,6.588667687595712,6.041316998468607,-2.509846860643185,2311.153139356815,-0.4125751766336133,-0.9038824259211288,R,0.35392953929539295,2026,Zac Gallen,MLB
668678,KC,351,81.62136752136752,-9.912136752136751,3.9723076923076923,6.4994301994302,5.9460113960113965,-2.699116809116809,2431.3133903133903,0.6145651448207224,0.7670753440746595,R,0.1902439024390244,2026,Zac Gallen,MLB
668678,SI,107,92.71682242990654,13.345794392523365,-10.799999999999999,6.641121495327103,6.031588785046729,-2.5783177570093456,2181.5607476635514,-0.3405672566961051,-0.929828321968353,R,0.05799457994579946,2026,Zac Gallen,MLB
668678,SL,416,88.89447115384615,4.56173076923077,4.515288461538462,6.612259615384615,6.003221153846154,-2.5983894230769233,2350.8509615384614,0.3841280535378339,-0.8136130238089935,R,0.22547425474254743,2026,Zac Gallen,MLB
668716,CU,23,84.37826086956522,-9.673043478260869,8.968695652173913,6.7043478260869565,5.433478260869565,-1.733913043478261,2625.8695652173915,0.8030651894501403,0.5847094263966885,R,0.45098039215686275,2026,Noah Murdock,MLB
668716,SI,28,94.03928571428571,6.257142857142857,-15.857142857142858,6.846428571428571,5.3175,-1.7899999999999998,2148.75,-0.7306342837361992,-0.6692911263896713,R,0.5490196078431373,2026,Noah Murdock,MLB
668820,CU,82,80.36951219512196,-6.021951219512196,7.879024390243903,6.484146341463415,5.888414634146342,-2.236341463414634,2200.109756097561,0.9005781756815937,0.4138707136552928,R,0.2411764705882353,2026,Max Kranick,MLB
668820,FF,127,95.43385826771654,15.69259842519685,-5.037165354330709,6.628346456692913,5.891496062992126,-2.2914173228346457,2161.4094488188975,-0.38990900866658795,-0.9174830486675536,R,0.3735294117647059,2026,Max Kranick,MLB
668820,SI,10,94.47,14.016,-11.952000000000002,6.640000000000001,5.659000000000001,-2.665,2099.6,-0.4962921305966228,-0.8630586138133687,R,0.029411764705882353,2026,Max Kranick,MLB
668820,SL,97,88.54536082474226,5.9913402061855665,2.5731958762886595,6.568041237113403,5.707216494845361,-2.5943298969072166,2006.0103092783504,0.17985377067239744,-0.9550326400153576,R,0.2852941176470588,2026,Max Kranick,MLB
668820,ST,24,83.08333333333333,6.84,9.945,6.654166666666666,5.505,-2.81625,2130.7916666666665,0.9884115364243155,0.044789152060451254,R,0.07058823529411765,2026,Max Kranick,MLB
668831,CH,79,81.07721518987343,5.31493670886076,-15.36759493670886,6.665822784810127,5.0369620253164555,-1.9364556962025314,1635.6835443037974,-0.9006185700010175,-0.4294461728058073,R,0.441340782122905,2026,Garrett Stallings,MLB
668831,FC,51,88.11176470588235,8.096470588235295,2.2917647058823527,6.5509803921568635,5.470588235294118,-1.3452941176470588,2154.823529411765,-0.3042939213872389,-0.9432168533884526,R,0.2849162011173184,2026,Garrett Stallings,MLB
668831,SI,49,91.6,11.169795918367347,-12.352653061224489,6.659183673469388,5.436938775510205,-1.2314285714285715,1832.5714285714287,-0.46727661918466695,-0.88111599741908,R,0.2737430167597765,2026,Garrett Stallings,MLB
668834,CU,52,80.41730769230769,-8.462307692307693,9.19153846153846,6.798076923076923,5.670576923076923,-1.2646153846153847,2261.153846153846,0.846197356387292,0.5148195779793217,R,0.2374429223744292,2026,Easton McGee,MLB
668834,FC,33,87.18787878787879,7.443636363636364,2.52,6.766666666666667,5.405454545454545,-1.680909090909091,2400.0,-0.10966636571367522,-0.972673102588384,R,0.1506849315068493,2026,Easton McGee,MLB
668834,FF,43,92.32790697674419,13.875348837209302,-6.039069767441861,6.741860465116279,5.756511627906977,-1.3867441860465117,2503.8837209302324,-0.5971150734721202,-0.7984785952597093,R,0.1963470319634703,2026,Easton McGee,MLB
668834,SI,50,92.984,6.796800000000001,-16.3104,6.74,5.6854,-1.5662,2326.0,-0.7446005590021564,-0.6583961026101685,R,0.228310502283105,2026,Easton McGee,MLB
668834,ST,41,82.41951219512195,4.115121951219512,9.801951219512196,6.814634146341463,5.373414634146341,-1.7339024390243902,2266.512195121951,0.9554727852410981,0.1804586855348229,R,0.1872146118721461,2026,Easton McGee,MLB
668873,FF,400,96.83,15.713099999999999,-1.9028999999999998,6.652392947103275,5.92995,-2.26735,2379.06,-0.36376263738240283,-0.9279455914740687,R,0.4889975550122249,2026,Caleb Kilian,MLB
668873,KC,194,80.86237113402062,-14.832371134020619,10.478350515463918,6.4891191709844565,5.950154639175257,-2.4768041237113403,2698.683937823834,0.5543030319677021,0.8239627070719279,R,0.2371638141809291,2026,Caleb Kilian,MLB
668873,SI,108,95.98333333333333,11.441111111111113,-13.244444444444445,6.642592592592592,5.872685185185185,-2.2926851851851855,2407.703703703704,-0.4230539736336276,-0.9028220593836497,R,0.13202933985330073,2026,Caleb Kilian,MLB
668873,SL,116,88.59310344827585,0.35379310344827586,4.771034482758621,6.5439655172413795,5.945172413793103,-2.303189655172414,2519.301724137931,0.7647203061631869,-0.2825389080246434,R,0.14180929095354522,2026,Caleb Kilian,MLB
668881,FF,237,98.25991561181434,16.616708860759495,-7.010632911392405,6.70717299578059,6.087805907172996,-1.8268776371308018,2390.2320675105484,-0.4808578523901064,-0.8718036957242209,R,0.5197368421052632,2026,Hunter Greene,MLB
668881,FS,46,86.93260869565218,5.898260869565218,-8.277391304347827,6.8,6.104782608695652,-1.3943478260869566,1291.5217391304348,-0.571951045353083,-0.8155683362360923,R,0.10087719298245613,2026,Hunter Greene,MLB
668881,SI,28,98.34642857142856,15.0,-11.031428571428572,6.728571428571429,6.0625,-2.3625000000000003,2296.0714285714284,-0.5053625263047655,-0.859286658385279,R,0.06140350877192982,2026,Hunter Greene,MLB
668881,SL,145,88.8344827586207,2.257655172413793,5.368551724137931,6.493793103448276,6.096,-2.0055172413793105,2350.0758620689653,0.6786637910794512,-0.6657133453178176,R,0.31798245614035087,2026,Hunter Greene,MLB
668909,CU,689,82.59419448476052,-14.355587808417997,10.503918722786647,6.796516690856314,6.11801161103048,-2.647547169811321,2469.076923076923,0.5604503916579003,0.8242111813703945,R,0.22069186418962203,2026,Gavin Williams,MLB
668909,FC,180,92.36,6.366666666666666,-1.2993333333333332,6.957777777777778,5.709166666666667,-2.955944444444445,2228.4166666666665,-0.4704016353736014,-0.8641767117902739,R,0.057655349135169766,2026,Gavin Williams,MLB
668909,FF,873,97.69621993127149,14.443986254295533,-10.520549828178694,7.049369988545247,5.953333333333333,-2.6677319587628863,2298.7399770904926,-0.6633109609876793,-0.7414201487847482,R,0.27962844330557335,2026,Gavin Williams,MLB
668909,SI,487,97.0012320328542,9.197864476386036,-15.470143737166325,7.043326488706366,5.799835728952772,-2.787310061601643,2050.476386036961,-0.7762864014300807,-0.6267765573231552,R,0.15598975016015373,2026,Gavin Williams,MLB
668909,ST,893,87.5649496080627,-0.8566629339305711,11.286584546472564,6.910750279955208,5.82942889137738,-2.850279955207167,2302.491601343785,0.7859032436397785,0.6049557444644565,R,0.2860345932094811,2026,Gavin Williams,MLB
668933,FC,342,97.67748538011695,11.820350877192983,0.8484210526315791,5.522514619883041,6.475672514619882,0.045116959064327486,2546.745614035088,-0.2741745592841784,-0.9491125803104177,R,0.5411392405063291,2026,Graham Ashcraft,MLB
668933,SL,290,90.41172413793105,-0.7340689655172413,8.04744827586207,5.555862068965517,6.351034482758621,-0.08010344827586208,2892.020689655172,0.6861491038940196,0.6631536882585104,R,0.4588607594936709,2026,Graham Ashcraft,MLB
668941,CH,159,87.28930817610063,-1.1811320754716983,-12.432452830188678,5.4,5.332264150943397,-2.0055974842767297,1319.3522012578617,0.9650215723368072,-0.24133083822909568,L,0.16969050160085378,2026,JoJo Romero,MLB
668941,FF,15,94.42,12.16,-9.44,5.3933333333333335,5.4366666666666665,-1.936,2324.2,0.7980358495904412,-0.5897363724409755,L,0.016008537886873,2026,JoJo Romero,MLB
668941,SI,424,93.67051886792453,0.7638679245283019,-15.62066037735849,5.385377358490566,5.243325471698113,-2.112948113207547,2208.507075471698,0.8647345620025683,-0.4875352924352356,L,0.45250800426894344,2026,JoJo Romero,MLB
668941,ST,339,82.90117994100295,-0.5097345132743363,16.384424778761062,5.321828908554572,5.249882005899705,-2.169970501474926,2853.6666666666665,-0.8396542594584887,0.5184422229524239,L,0.3617929562433298,2026,JoJo Romero,MLB
668964,FC,107,86.6355140186916,12.220934579439254,5.200373831775702,6.594392523364486,5.917476635514018,-0.7951401869158878,2154.3644859813085,0.171791789237333,-0.9737110990746671,R,0.12485414235705951,2026,Tobias Myers,MLB
668964,FF,401,92.53117206982543,20.02593516209476,-4.399900249376559,6.656109725685785,5.962344139650873,-0.6899002493765586,2235.4463840399003,-0.27314760359818996,-0.9599896746163601,R,0.4679113185530922,2026,Tobias Myers,MLB
668964,FS,218,80.16926605504588,8.435229357798164,-8.903119266055047,6.690366972477064,5.927706422018349,-0.7112844036697248,1440.3990825688074,-0.34344949254515195,-0.931651113967602,R,0.2543757292882147,2026,Tobias Myers,MLB
668964,SL,120,82.1275,0.5800000000000001,5.603,6.538333333333333,5.9765,-0.7575833333333333,2086.9583333333335,0.7531390452256479,-0.5210886596646968,R,0.14002333722287047,2026,Tobias Myers,MLB
668964,ST,11,79.7090909090909,-1.9745454545454544,12.12,6.527272727272727,5.802727272727273,-0.859090909090909,2464.818181818182,0.8080027495008714,0.5751425707877238,R,0.012835472578763127,2026,Tobias Myers,MLB
668970,CH,23,85.32173913043479,-2.6243478260869564,-14.18086956521739,6.634782608695652,5.087391304347826,-3.1943478260869567,1887.4347826086957,-0.9856082133491455,-0.14085393277592537,R,0.0888030888030888,2026,Gavin Hollowell,MLB
668970,FF,92,94.42717391304348,11.192608695652174,-9.842608695652174,6.681521739130435,5.260652173913043,-3.2690217391304346,2712.6195652173915,-0.8650500130837245,-0.49547464174621303,R,0.3552123552123552,2026,Gavin Hollowell,MLB
668970,SI,58,95.03275862068965,3.798620689655172,-18.86689655172414,6.617241379310345,5.287758620689655,-3.219310344827586,2606.448275862069,-0.8922285694367192,-0.44688287991650166,R,0.22393822393822393,2026,Gavin Hollowell,MLB
668970,ST,86,84.27558139534884,4.557209302325582,14.348372093023256,6.481395348837209,5.200813953488372,-3.467906976744186,2586.1279069767443,0.9561338860472147,0.2707393638968044,R,0.33204633204633205,2026,Gavin Hollowell,MLB
668984,CH,134,86.60223880597016,0.13611940298507458,-15.344776119402983,6.861194029850746,4.313805970149254,-2.2680597014925374,1522.5820895522388,-0.9035924925072271,-0.37608245831754467,R,0.11764705882352941,2026,Casey Legumina,MLB
668984,FF,492,92.98333333333333,13.388048780487805,-14.491463414634147,6.8412601626016265,4.5268699186991865,-2.0903455284552845,2356.3963414634145,-0.7919978578946877,-0.6006444311906652,R,0.43195785776997364,2026,Casey Legumina,MLB
668984,SI,246,92.84227642276423,8.873658536585365,-18.185853658536587,6.902845528455284,4.630772357723577,-2.042764227642276,2294.0040650406504,-0.7730833010533158,-0.617717496229451,R,0.21597892888498682,2026,Casey Legumina,MLB
668984,SL,131,84.94045801526718,4.633282442748092,3.277557251908397,6.752671755725191,4.378091603053435,-2.247557251908397,2585.259541984733,0.31322258924407465,-0.8570423008717091,R,0.11501316944688324,2026,Casey Legumina,MLB
668984,ST,136,79.87132352941177,6.735882352941177,11.44764705882353,6.779411764705882,4.393014705882353,-2.238676470588235,2683.375,0.9880679574470899,-0.03573099922980238,R,0.11940298507462686,2026,Casey Legumina,MLB
669020,CU,166,79.46566265060241,-13.81590361445783,9.806746987951808,6.51867469879518,5.996807228915663,-1.6149999999999998,2665.9397590361446,-0.5371285980712028,0.8413884354857336,L,0.16649949849548645,2026,Ryan Rolison,MLB
669020,FF,398,94.70879396984924,14.385226130653265,-2.591155778894472,6.599748743718592,5.913291457286432,-1.7018341708542715,2271.9798994974876,0.37072618073375485,-0.9226569043239505,L,0.399197592778335,2026,Ryan Rolison,MLB
669020,SI,153,95.01633986928104,8.930980392156863,-12.529411764705882,6.46078431372549,5.8569281045751636,-1.886666666666667,2202.8823529411766,0.4179838540006486,-0.8865731146940701,L,0.1534603811434303,2026,Ryan Rolison,MLB
669020,SL,124,86.7709677419355,-1.8706451612903225,4.525161290322581,6.508064516129032,5.906451612903226,-1.7673387096774194,2530.3064516129034,-0.8936243032760257,0.2589459558161029,L,0.12437311935807423,2026,Ryan Rolison,MLB
669020,ST,156,85.07628205128205,-0.5361538461538462,13.390769230769232,6.416666666666667,5.935384615384615,-1.8819871794871794,2603.641025641026,-0.7860369958702719,0.6048706081861625,L,0.15646940822467403,2026,Ryan Rolison,MLB
669022,CH,396,86.19343434343433,9.628484848484849,-13.128787878787879,6.908607594936709,5.587525252525253,-1.7549747474747475,1974.2911392405063,0.8555070863727976,-0.5097415652180841,L,0.13143046797212082,2026,MacKenzie Gore,MLB
669022,CU,545,81.52844036697248,-11.411669724770642,3.2998899082568807,6.824403669724771,5.67297247706422,-1.648073394495413,2264.9301470588234,-0.4722641598992362,0.8715504687046267,L,0.18088284102223698,2026,MacKenzie Gore,MLB
669022,FC,188,89.87925531914894,7.597021276595744,1.5063829787234042,6.831382978723404,5.649893617021277,-1.7958510638297873,1928.904255319149,0.2903333410495861,-0.9348193062063861,L,0.062396282774643215,2026,MacKenzie Gore,MLB
669022,FF,1427,95.15332866152767,16.255921513665033,-6.891296426068675,6.805915492957746,5.662375613174492,-1.8451927119831817,2241.8206214689267,0.5117550741512203,-0.8561847623058129,L,0.47361433786923335,2026,MacKenzie Gore,MLB
669022,SI,159,95.12327044025157,13.849811320754716,-13.612830188679245,6.901886792452831,5.664842767295598,-1.6999371069182392,2125.0440251572327,0.5035673664741959,-0.8612489434352705,L,0.05277132426153336,2026,MacKenzie Gore,MLB
669022,SL,298,85.63053691275168,2.9424161073825505,4.615167785234899,6.8175675675675675,5.5490268456375835,-1.8224161073825504,2072.5135135135133,-0.7936766342459757,0.06752723545114678,L,0.09890474610023232,2026,MacKenzie Gore,MLB
669060,CU,39,80.83076923076923,-4.627692307692308,15.061538461538461,6.428205128205128,5.7012820512820515,-2.9856410256410255,2416.076923076923,0.7697706445886697,0.6270545106781962,R,0.06989247311827956,2026,Bryse Wilson,MLB
669060,FC,194,88.02835051546391,6.877731958762887,2.888659793814433,6.358247422680412,5.846701030927835,-2.9452061855670104,2000.2487046632125,0.0031934001969631766,-0.9569493500658115,R,0.34767025089605735,2026,Bryse Wilson,MLB
669060,FF,97,93.2237113402062,15.57278350515464,-6.03958762886598,6.362886597938145,5.985567010309278,-2.753505154639175,2141.3854166666665,-0.538189999015994,-0.8388339397129806,R,0.17383512544802868,2026,Bryse Wilson,MLB
669060,FS,47,85.30212765957447,3.9497872340425535,-12.42127659574468,6.342553191489362,5.833617021276596,-3.027021276595745,1345.0,-0.8392793845349644,-0.5374501694335296,R,0.08422939068100359,2026,Bryse Wilson,MLB
669060,SI,181,92.33149171270718,9.518453038674032,-15.147182320441988,6.319337016574585,5.9053591160221,-2.8912707182320445,2102.64606741573,-0.6109265492456792,-0.784245402317594,R,0.32437275985663083,2026,Bryse Wilson,MLB
669062,CH,36,87.72777777777777,3.83,-16.116666666666667,6.6305555555555555,6.1033333333333335,-1.823888888888889,1878.0833333333333,0.9615690201477762,-0.2671582482494229,L,0.036072144288577156,2026,Erik Miller,MLB
669062,FF,63,96.73968253968255,15.28,-9.205714285714286,6.636507936507937,6.606666666666667,-1.334126984126984,2335.4920634920636,0.6939067151925129,-0.7154017055892757,L,0.06312625250501001,2026,Erik Miller,MLB
669062,SI,493,96.76551724137931,8.654361054766735,-17.421906693711968,6.67789046653144,6.477931034482759,-1.522657200811359,2342.651115618661,0.7179419390699407,-0.6896923010968835,L,0.4939879759519038,2026,Erik Miller,MLB
669062,SL,406,85.57660098522167,-0.7516256157635468,4.135270935960591,6.601234567901234,6.456305418719213,-1.6221182266009853,2560.4938271604938,-0.41520953352740414,0.6797669645670056,L,0.40681362725450904,2026,Erik Miller,MLB
669084,CH,171,85.0672514619883,7.665263157894737,-15.430877192982456,6.869590643274854,5.465204678362573,-2.9056140350877193,2132.3216374269005,0.9103544629793453,-0.4029975713073683,L,0.16347992351816443,2026,DL Hall,MLB
669084,CU,170,82.04411764705883,-12.046588235294118,9.855529411764707,6.745294117647059,5.664823529411764,-2.759823529411765,2750.070588235294,-0.7121168560565755,0.6967601337386085,L,0.16252390057361377,2026,DL Hall,MLB
669084,FC,15,91.25333333333333,5.784,3.2640000000000002,6.739999999999999,5.454666666666666,-2.862,2389.733333333333,-0.19300421393110626,-0.7324464199222825,L,0.014340344168260038,2026,DL Hall,MLB
669084,FF,122,95.05327868852459,14.707868852459015,-7.489180327868852,6.959016393442623,5.4755737704918035,-2.6931967213114754,2182.090163934426,0.6243840671991467,-0.7444831284458889,L,0.11663479923518165,2026,DL Hall,MLB
669084,SI,381,95.52965879265092,10.153700787401574,-16.00566929133858,6.958005249343832,5.423753280839895,-2.7550656167979004,2167.241469816273,0.6322258662110379,-0.7595140410097412,L,0.36424474187380496,2026,DL Hall,MLB
669084,SL,106,87.66415094339622,-1.0381132075471697,6.687169811320755,6.779245283018868,5.561132075471698,-2.7501886792452828,2524.9150943396226,-0.96182422245145,0.13113630949538674,L,0.10133843212237094,2026,DL Hall,MLB
669084,ST,81,84.79135802469136,0.2562962962962963,16.625185185185188,6.850617283950617,5.435185185185185,-2.7620987654320985,2675.6666666666665,-0.8656171286542441,0.4753550328632109,L,0.07743785850860421,2026,DL Hall,MLB
669093,FF,306,95.87843137254902,19.259607843137253,-1.1690196078431374,7.053921568627451,5.888300653594771,-0.30264705882352944,2098.343137254902,-0.09775957977550485,-0.9932335531399858,R,0.5795454545454546,2026,Jeremiah Estrada,MLB
669093,FS,169,82.09053254437869,7.574911242603551,-12.296804733727809,7.256804733727811,5.665384615384616,-0.4376331360946745,1295.2899408284025,-0.6977495956218311,-0.7099661551380514,R,0.32007575757575757,2026,Jeremiah Estrada,MLB
669093,SL,53,85.99056603773585,0.7222641509433964,6.649811320754717,7.043396226415094,5.759811320754717,-0.5732075471698113,2197.4716981132074,0.7447951042548354,-0.582575592742216,R,0.10037878787878787,2026,Jeremiah Estrada,MLB
669145,FS,11,83.71818181818182,3.174545454545455,-11.618181818181817,6.154545454545455,5.878181818181818,-1.4654545454545456,1705.0,0.8621868015610467,-0.49959798732516186,L,0.2391304347826087,2026,Bruce Zimmermann,MLB
669145,SI,23,89.53478260869566,6.693913043478261,-12.756521739130434,6.104347826086957,5.860434782608695,-1.6482608695652172,2328.7391304347825,0.6782797633812222,-0.7329117834712985,L,0.5,2026,Bruce Zimmermann,MLB
669145,SL,12,83.125,-1.79,-0.46,6.075,5.991666666666667,-1.4491666666666667,2390.6666666666665,-0.13387679015939025,0.9374163749273516,L,0.2608695652173913,2026,Bruce Zimmermann,MLB
669160,CH,146,90.23767123287672,4.366849315068493,-15.748767123287672,6.742465753424657,5.392123287671233,-2.0276712328767124,1619.1575342465753,-0.909749374688476,-0.3885743802468843,R,0.060884070058381985,2026,Dustin May,MLB
669160,CU,182,83.6521978021978,-15.76945054945055,9.173406593406593,6.475824175824175,5.669615384615384,-1.8271428571428572,3112.6373626373625,0.6181051336214834,0.782103588753465,R,0.07589658048373644,2026,Dustin May,MLB
669160,FC,569,93.3195079086116,9.349244288224957,1.271493848857645,6.724077328646748,5.544956063268892,-1.8876625659050965,2459.671353251318,-0.3497298548482684,-0.9208267206719888,R,0.2372810675562969,2026,Dustin May,MLB
669160,FF,595,96.90991596638656,15.171226890756301,-9.773848739495797,6.743529411764706,5.588705882352942,-1.8181176470588234,2335.620168067227,-0.6280602894823524,-0.7749129136026351,R,0.2481234361968307,2026,Dustin May,MLB
669160,SI,481,96.58814968814968,6.3063617463617465,-17.459625779625778,6.645945945945946,5.3446569646569655,-2.026029106029106,2365.1164241164242,-0.7449549769870956,-0.6626152464138783,R,0.2005838198498749,2026,Dustin May,MLB
669160,ST,425,86.02635294117647,-3.866258823529412,16.05995294117647,6.4941176470588236,5.275882352941177,-2.1734117647058824,3157.414117647059,0.7609207741984033,0.6381121675488085,R,0.17723102585487907,2026,Dustin May,MLB
669165,CH,263,88.70532319391636,3.570342205323194,-13.537642585551332,6.4319391634980985,5.69851711026616,-1.0573003802281369,1350.3954372623575,-0.9476349222603835,-0.30874866117866334,R,0.35444743935309975,2026,Kyle Hurt,MLB
669165,FF,409,96.60709046454768,16.460537897310513,-8.688117359413203,6.5117359413202935,5.684034229828851,-0.9958190709046455,2075.7066014669927,-0.5051685883188594,-0.8603305890496548,R,0.5512129380053908,2026,Kyle Hurt,MLB
669165,SL,70,88.03285714285714,1.308,0.9600000000000001,6.424285714285714,5.691,-1.0951428571428572,2159.3142857142857,0.2590048877097593,0.23442568935705413,R,0.09433962264150944,2026,Kyle Hurt,MLB
669169,CH,12,84.175,-1.36,-11.469999999999999,6.341666666666666,5.791666666666667,-1.5183333333333333,1314.9166666666667,-0.9510805129444818,-0.2968083210958647,R,0.20689655172413793,2026,Jonathan Heasley,MLB
669169,FF,25,91.404,17.7744,-9.1872,6.352,5.9276,-1.2772,2100.12,-0.5306429709798354,-0.8452201216311797,R,0.43103448275862066,2026,Jonathan Heasley,MLB
669169,SL,21,83.16190476190476,-0.04571428571428576,3.4457142857142857,6.285714285714286,5.972380952380952,-1.3466666666666667,2018.4285714285713,0.7882113601323659,-0.35195329125408736,R,0.3620689655172414,2026,Jonathan Heasley,MLB
669194,CU,131,80.85496183206106,-7.450992366412214,7.947480916030534,6.546564885496183,6.309923664122137,-1.1459541984732824,2661.381679389313,0.6107526688442432,0.7789481929708107,R,0.09065743944636678,2026,Ryne Nelson,MLB
669194,FC,139,92.93741007194244,13.348489208633094,2.2964028776978416,6.701438848920863,6.215755395683454,-1.142589928057554,2219.338129496403,-0.014145324226418317,-0.9888946390474257,R,0.09619377162629758,2026,Ryne Nelson,MLB
669194,FF,825,96.40315151515152,19.03447272727273,-2.8335999999999997,6.692484848484849,6.303951515151516,-0.9449212121212122,2285.4218181818183,-0.19636515780965108,-0.9775751833034694,R,0.5709342560553633,2026,Ryne Nelson,MLB
669194,SI,48,95.31458333333335,17.8025,-8.595,6.710416666666667,6.209791666666667,-1.0539583333333333,2115.8541666666665,-0.2808692053360513,-0.9571461541882966,R,0.03321799307958478,2026,Ryne Nelson,MLB
669194,SL,302,88.55033112582781,3.2173509933774835,3.96317880794702,6.5854304635761585,6.262913907284768,-1.1818211920529802,2397.03642384106,0.7381391218075644,-0.4790900176329809,R,0.20899653979238755,2026,Ryne Nelson,MLB
669199,CU,296,86.44932432432432,-7.062567567567568,2.286081081081081,5.7952702702702705,6.022668918918919,-1.36125,2894.733108108108,0.610817835329686,0.7634318658857299,R,0.20204778156996586,2026,Lake Bachar,MLB
669199,FF,445,94.45595505617977,18.31226966292135,-9.18067415730337,5.930561797752809,5.960988764044943,-1.4737977528089887,2712.7460674157305,-0.5474894915627412,-0.8337525951810094,R,0.3037542662116041,2026,Lake Bachar,MLB
669199,FS,104,84.26153846153846,5.69423076923077,-15.593076923076923,6.007692307692308,5.645480769230769,-1.8271153846153847,1668.0288461538462,-0.8677652044919946,-0.48827436856176454,R,0.07098976109215017,2026,Lake Bachar,MLB
669199,SI,62,93.21935483870968,9.06,-15.630967741935484,5.861290322580645,5.6775806451612905,-1.9001612903225806,2677.6612903225805,-0.6503577071661903,-0.75673910156398,R,0.042320819112627986,2026,Lake Bachar,MLB
669199,SL,332,89.78463855421687,3.309036144578313,0.8660240963855421,5.856626506024097,5.864246987951807,-1.5326506024096385,2689.2138554216867,-0.399135279301775,-0.6652682050817329,R,0.22662116040955632,2026,Lake Bachar,MLB
669199,ST,226,86.70884955752213,-0.5378761061946903,7.869026548672567,5.816371681415929,5.603805309734513,-1.903982300884956,3059.1769911504425,0.5715452197880697,0.7823136675464006,R,0.15426621160409557,2026,Lake Bachar,MLB
669203,CH,22,85.70454545454545,6.430909090909092,-14.732727272727272,6.6863636363636365,5.410454545454545,-0.9722727272727273,1992.3181818181818,-0.744513961378678,-0.6650562052547179,R,0.11578947368421053,2026,Corbin Burnes,MLB
669203,CU,47,78.05319148936171,-8.928510638297873,10.542127659574469,6.438297872340426,5.740638297872341,-0.7227659574468085,2669.3617021276596,0.8510109370751991,0.5146983053624966,R,0.24736842105263157,2026,Corbin Burnes,MLB
669203,FC,106,91.96698113207547,13.125283018867924,0.27849056603773586,6.538679245283019,5.692924528301887,-0.8500943396226415,2508.5188679245284,-0.31899001285036,-0.9389921050021817,R,0.5578947368421052,2026,Corbin Burnes,MLB
669203,SI,15,93.09333333333333,9.68,-12.84,6.573333333333333,5.668666666666667,-0.85,2357.133333333333,-0.45246010752029725,-0.8905447099111806,R,0.07894736842105263,2026,Corbin Burnes,MLB
669211,CH,114,86.67807017543859,8.888421052631578,-17.25052631578947,5.696491228070175,5.748508771929825,-2.014912280701754,2113.3508771929824,0.8769670636118154,-0.4758224695214755,L,0.25733634311512416,2026,Keegan Akin,MLB
669211,FF,219,93.7392694063927,17.216986301369865,-10.480547945205478,5.665296803652968,5.936210045662101,-1.8585844748858447,2343.0867579908677,0.6222489925200564,-0.7798826865757182,L,0.49435665914221216,2026,Keegan Akin,MLB
669211,SL,110,86.6590909090909,5.388000000000001,2.341090909090909,5.582727272727273,5.831363636363637,-2.0281818181818183,2465.9545454545455,0.11642771917627281,-0.9061749472053654,L,0.24830699774266365,2026,Keegan Akin,MLB
669212,CH,115,76.94608695652174,3.681391304347826,-17.76104347826087,6.291304347826087,5.797391304347826,-0.657391304347826,2202.8347826086956,-0.9868667416272421,-0.13827758307875165,R,0.33236994219653176,2026,Eli Morgan,MLB
669212,FF,129,91.13178294573643,17.988837209302325,-10.245581395348838,6.406976744186046,5.87186046511628,-0.4013953488372093,2268.3333333333335,-0.5522657682442013,-0.8306159188691505,R,0.37283236994219654,2026,Eli Morgan,MLB
669212,SL,102,85.42254901960784,3.150588235294118,2.9411764705882355,6.271568627450981,5.8297058823529415,-0.5540196078431372,2438.9117647058824,0.2696548734794922,-0.7296762297727493,R,0.2947976878612717,2026,Eli Morgan,MLB
669270,CH,45,90.21333333333334,4.538666666666667,-11.496,6.493333333333333,6.419555555555555,-1.0884444444444443,1425.9333333333334,-0.6770033541478593,-0.6971246465390658,R,0.057692307692307696,2026,Joel Kuhnel,MLB
669270,CU,29,83.34137931034483,-1.8827586206896552,5.3213793103448275,6.341379310344828,6.330689655172414,-1.5527586206896553,2457.7241379310344,0.8281892720751024,0.49926464565666423,R,0.03717948717948718,2026,Joel Kuhnel,MLB
669270,FC,232,90.39827586206897,2.334310344827586,2.9891379310344828,6.556465517241379,6.232543103448276,-1.458491379310345,2472.8706896551726,0.19512262656480647,-0.7441279087610362,R,0.29743589743589743,2026,Joel Kuhnel,MLB
669270,FF,55,95.30181818181819,13.088727272727272,-4.8349090909090915,6.581818181818182,6.458909090909091,-0.8934545454545455,2269.509090909091,-0.5131438180709735,-0.8211135651616014,R,0.07051282051282051,2026,Joel Kuhnel,MLB
669270,SI,405,95.200987654321,6.608888888888889,-14.404148148148149,6.657283950617283,6.376074074074074,-0.9980740740740741,2268.6493827160493,-0.6008949118986782,-0.7948544354780273,R,0.5192307692307693,2026,Joel Kuhnel,MLB
669270,SL,14,86.66428571428571,-1.0285714285714287,4.397142857142858,6.535714285714286,6.250714285714286,-1.6264285714285713,2478.6428571428573,0.7232764348303604,0.5708243835111805,R,0.017948717948717947,2026,Joel Kuhnel,MLB
669276,CH,175,85.53542857142858,12.638399999999999,-10.912457142857143,6.418857142857143,6.421657142857143,-1.8878857142857142,1639.0171428571427,0.6290545049589085,-0.7709093745591531,L,0.15597147950089127,2026,Dylan Lee,MLB
669276,FF,358,93.35251396648044,19.868715083798882,-7.620670391061452,6.238826815642458,6.578156424581006,-1.6786592178770952,2379.4301675977654,0.41031995129864535,-0.9102147756495943,L,0.31907308377896615,2026,Dylan Lee,MLB
669276,SL,589,83.04804753820035,3.4512733446519523,1.6258064516129032,6.292869269949066,6.536400679117148,-1.820288624787776,2152.0033955857384,0.11037067951478226,-0.6035305797435326,L,0.5249554367201426,2026,Dylan Lee,MLB
669285,FF,10,96.82000000000001,16.644,-2.3280000000000003,6.63,5.6899999999999995,-0.757,2235.2,-0.34175725155845893,-0.9389781009481803,R,1.0,2026,Dan Hammer,MLB
669298,CH,31,86.18387096774192,2.616774193548387,-13.300645161290323,6.558064516129033,5.6009677419354835,-1.7461290322580647,1763.9354838709678,-0.9712815751027032,-0.2299934145826087,R,0.21830985915492956,2026,TJ Shook,MLB
669298,FC,17,89.11176470588236,9.127058823529412,1.6447058823529412,6.517647058823529,5.565882352941177,-1.791764705882353,2266.294117647059,-0.32665774387742363,-0.9241458502698459,R,0.11971830985915492,2026,TJ Shook,MLB
669298,FF,62,92.54677419354839,13.070322580645161,-10.31225806451613,6.608064516129032,5.550483870967742,-1.7132258064516128,2157.5806451612902,-0.7159573650643583,-0.6948659144138907,R,0.43661971830985913,2026,TJ Shook,MLB
669298,ST,32,81.60625,1.6125,13.61625,6.54375,5.644375,-1.7984375,2292.84375,0.9349456579557471,0.2792839975865224,R,0.22535211267605634,2026,TJ Shook,MLB
669302,CH,215,85.87255813953487,2.0355348837209304,-15.209302325581396,7.336279069767442,5.952651162790698,-1.3924651162790698,1490.4600938967137,-0.9012855472014659,-0.3853525152261748,R,0.07217186975495132,2026,Logan Gilbert,MLB
669302,FC,152,91.21710526315789,11.080263157894738,3.6236842105263154,7.452317880794702,6.005986842105263,-1.0309210526315788,2330.6133333333332,-0.03499376570973584,-0.9855041411110272,R,0.05102383350117489,2026,Logan Gilbert,MLB
669302,FF,1187,96.37169334456613,17.18072451558551,-7.074945240101096,7.542038753159225,5.996023588879528,-1.1831423757371526,2231.8535139712108,-0.48482130069133966,-0.8688289788890716,R,0.3984558576703592,2026,Logan Gilbert,MLB
669302,FS,447,81.96174496644295,-2.062013422818792,-4.480536912751678,7.355704697986577,5.971991051454139,-1.2899105145413872,685.285393258427,-0.9044282940648233,0.13295047931094134,R,0.1500503524672709,2026,Logan Gilbert,MLB
669302,SI,18,94.29444444444444,7.773333333333334,-14.746666666666666,7.449999999999999,5.902777777777778,-1.6677777777777778,2003.388888888889,-0.6923249732038358,-0.7170629904677788,R,0.006042296072507553,2026,Logan Gilbert,MLB
669302,SL,746,86.83753351206435,-2.003806970509383,1.0142091152815014,7.419973190348526,6.079436997319035,-1.1750670241286865,2119.692098092643,0.7399414503895101,0.5661414485258011,R,0.25041960389392415,2026,Logan Gilbert,MLB
669302,ST,214,81.17990654205607,-3.436822429906542,14.905233644859813,7.360747663551402,5.99196261682243,-1.1500934579439253,2375.131455399061,0.6634312487891695,0.7376558680543669,R,0.07183618663981202,2026,Logan Gilbert,MLB
669310,CH,36,83.65555555555555,4.986666666666667,-17.953333333333333,6.702777777777778,5.163333333333333,-2.064166666666667,1992.0555555555557,-0.9684493640416628,-0.237954712694066,R,0.16,2026,CJ Van Eyk,MLB
669310,CU,49,81.14897959183673,-11.877551020408163,7.777959183673469,6.379591836734694,5.362653061224489,-1.7936734693877552,2189.265306122449,0.5239454040068583,0.8478136980779253,R,0.21777777777777776,2026,CJ Van Eyk,MLB
669310,FC,58,88.24827586206897,6.26896551724138,2.416551724137931,6.505172413793104,5.318103448275862,-1.6244827586206896,2147.1206896551726,-0.29683868650819306,-0.9235460772344993,R,0.2577777777777778,2026,CJ Van Eyk,MLB
669310,FF,39,93.52820512820513,13.544615384615385,-6.156923076923077,6.456410256410257,5.295897435897436,-1.695128205128205,2102.641025641026,-0.6010758018958086,-0.7946609949205784,R,0.17333333333333334,2026,CJ Van Eyk,MLB
669310,SI,29,92.62413793103448,6.264827586206897,-14.20551724137931,6.613793103448276,5.239310344827586,-1.687241379310345,1873.1724137931035,-0.6078859000707125,-0.7885229326919538,R,0.1288888888888889,2026,CJ Van Eyk,MLB
669310,ST,14,81.85714285714286,-3.3085714285714287,17.734285714285715,6.478571428571429,5.013571428571429,-1.9728571428571429,2274.4285714285716,0.7623156493053089,0.6363689471778718,R,0.06222222222222222,2026,CJ Van Eyk,MLB
669330,CH,240,87.10625,13.979000000000001,-14.7865,6.239240506329114,6.987541666666667,-0.8942083333333334,2214.3,-0.5471274924000252,-0.8346040850438986,R,0.22201665124884365,2026,Tyler Wells,MLB
669330,CU,47,78.06170212765957,-10.539574468085107,5.846808510638298,6.031914893617022,7.0857446808510645,-0.7797872340425531,2610.8297872340427,0.5619355491851081,0.8232020323927443,R,0.043478260869565216,2026,Tyler Wells,MLB
669330,FC,324,90.375,12.094814814814814,4.655555555555556,6.130030959752322,7.025061728395062,-0.8500617283950618,2447.570987654321,-0.036847694798495256,-0.9906863479020271,R,0.299722479185939,2026,Tyler Wells,MLB
669330,FF,306,93.42712418300654,18.633333333333333,-3.3023529411764705,6.180392156862745,7.046013071895425,-0.7444117647058823,2417.294117647059,-0.3093730410096866,-0.9484287997363958,R,0.28307123034227566,2026,Tyler Wells,MLB
669330,SL,164,86.77134146341463,4.368292682926829,5.678780487804878,6.134146341463414,7.067134146341464,-0.7726829268292683,2459.7195121951218,0.39785708096892747,-0.8790640893125851,R,0.1517113783533765,2026,Tyler Wells,MLB
669358,CH,278,87.72625899280575,8.981007194244604,-13.792230215827338,6.568705035971223,5.752697841726619,-1.2979496402877697,1880.5539568345323,-0.7958821423724344,-0.6008448693508532,R,0.09319477036540395,2026,Shane Baz,MLB
669358,FC,447,89.62326621923937,7.042147651006712,3.248053691275168,6.49910514541387,5.700492170022371,-1.4431767337807606,2321.8053691275168,-0.14474003785259001,-0.9694197477032269,R,0.14984914515588335,2026,Shane Baz,MLB
669358,FF,1017,95.85998033431662,16.524365781710912,-9.389498525073748,6.55984251968504,5.77361848574238,-1.2644837758112095,2395.3917322834645,-0.5809951619656877,-0.8112504935278183,R,0.34093194770365404,2026,Shane Baz,MLB
669358,KC,982,85.27606924643585,-10.129857433808555,5.243828920570264,6.45040733197556,5.825672097759675,-1.2013238289205703,2624.561099796334,0.5378155545858535,0.8364297527541434,R,0.32919879316124706,2026,Shane Baz,MLB
669358,SI,259,95.26911196911198,12.320617760617761,-14.717374517374518,6.581467181467181,5.715830115830117,-1.260810810810811,2275.1505791505792,-0.6214471282312222,-0.7801175984187398,R,0.0868253436138116,2026,Shane Baz,MLB
669371,FC,20,90.95,10.398,-1.11,6.515000000000001,5.399,-2.4170000000000003,2522.95,-0.6094811735796088,-0.777375126498749,R,0.066006600660066,2026,Cole Henry,MLB
669371,FF,150,93.88266666666667,13.4128,-13.3352,6.644666666666667,5.392266666666667,-2.2698666666666667,2508.133333333333,-0.8053006344746547,-0.5876531510808711,R,0.49504950495049505,2026,Cole Henry,MLB
669371,SI,28,94.21071428571429,5.0442857142857145,-17.481428571428573,6.653571428571429,5.312142857142858,-2.2525,2376.3928571428573,-0.8350369906670669,-0.5453072882975444,R,0.0924092409240924,2026,Cole Henry,MLB
669371,ST,105,82.20095238095239,1.096,14.989714285714287,6.2838095238095235,5.266857142857143,-2.5090476190476187,2661.0095238095237,0.8638732700199937,0.49153852662059205,R,0.3465346534653465,2026,Cole Henry,MLB
669372,CH,443,87.7607223476298,2.4788261851015805,-11.505914221218962,6.7126410835214445,5.540925507900678,-1.4077878103837471,1509.2911963882618,-0.8044920485422637,-0.571738185356599,R,0.19936993699369937,2026,J.T. Ginn,MLB
669372,CU,64,84.175,-4.8975,2.405625,6.6859375,5.6471875,-1.33078125,2382.34375,0.5920921931820173,0.7965580341605335,R,0.0288028802880288,2026,J.T. Ginn,MLB
669372,FC,360,90.33277777777778,6.565666666666666,0.11999999999999998,6.68138888888889,5.446555555555555,-1.5124166666666667,2143.925,-0.5947020397492508,-0.7702778779610943,R,0.162016201620162,2026,J.T. Ginn,MLB
669372,FF,247,93.5165991902834,11.284372469635626,-4.673684210526316,6.733198380566801,5.621336032388664,-1.3078542510121458,2039.2024291497976,-0.6660842206403431,-0.7318999366359102,R,0.11116111611161116,2026,J.T. Ginn,MLB
669372,SI,822,93.40961070559611,3.825985401459854,-14.347737226277372,6.734549878345499,5.622493917274939,-1.25647201946472,1972.851581508516,-0.6518264860621362,-0.7491444577041486,R,0.36993699369936994,2026,J.T. Ginn,MLB
669372,SL,286,85.93006993006993,-2.2145454545454544,6.073006993006993,6.603496503496503,5.432832167832168,-1.4712937062937064,2308.062937062937,0.4982132780445296,0.8377084815645611,R,0.12871287128712872,2026,J.T. Ginn,MLB
669373,CH,645,87.67457364341085,4.871627906976744,-13.712,6.295038759689922,6.04491472868217,-2.1008992248062013,1851.2651162790698,0.7192564809014571,-0.6782650375252646,L,0.2556480380499406,2026,Tarik Skubal,MLB
669373,CU,129,80.41317829457364,-5.127441860465117,8.655813953488371,6.3713178294573645,6.2336434108527135,-1.8151162790697675,2545.705426356589,-0.6274058044340316,0.769663118485496,L,0.05112960760998811,2026,Tarik Skubal,MLB
669373,FF,949,96.8113804004215,17.069336143308746,-3.247207586933614,6.380821917808219,6.288609062170706,-1.6584615384615387,2332.7924130663855,0.42722320547210774,-0.9011115515039606,L,0.3761395164486722,2026,Tarik Skubal,MLB
669373,SI,450,96.7128888888889,12.404533333333333,-13.099200000000002,6.390888888888889,6.174955555555556,-1.7972444444444444,2198.6955555555555,0.47011851772929003,-0.8619999402207988,L,0.178359096313912,2026,Tarik Skubal,MLB
669373,SL,350,89.73742857142857,4.073485714285714,3.2036571428571428,6.378285714285714,6.082599999999999,-2.0954,2203.0142857142855,-0.07055251503628857,-0.8982756600142318,L,0.13872374157748713,2026,Tarik Skubal,MLB
669387,CU,245,83.83673469387755,-8.932408163265306,7.6702040816326535,6.295510204081633,5.402448979591837,-1.3672653061224491,2611.9755102040817,0.6652412016686334,0.7359322832207801,R,0.11778846153846154,2026,Carmen Mlodzinski,MLB
669387,FC,105,92.12952380952382,11.028571428571428,-2.472,6.412380952380952,5.092190476190476,-1.6423809523809523,2390.5333333333333,-0.5812155900714302,-0.7982862192477619,R,0.05048076923076923,2026,Carmen Mlodzinski,MLB
669387,FF,537,95.04581005586591,12.03441340782123,-10.035530726256983,6.455307262569832,5.411098696461825,-1.3687709497206704,2107.2346368715084,-0.6985279466789446,-0.7118406041928996,R,0.25817307692307695,2026,Carmen Mlodzinski,MLB
669387,FS,522,85.7595785440613,-0.9101149425287356,-9.398620689655171,6.425095785440613,5.27948275862069,-1.427758620689655,1690.88122605364,-0.938158830740903,-0.328142679578471,R,0.25096153846153846,2026,Carmen Mlodzinski,MLB
669387,SI,383,94.37937336814622,6.144125326370757,-16.970443864229765,6.494255874673629,5.124986945169712,-1.5321671018276763,2060.5587467362925,-0.8078928767338197,-0.5833187343798097,R,0.1841346153846154,2026,Carmen Mlodzinski,MLB
669387,SL,73,90.16027397260274,7.162191780821918,1.2558904109589042,6.439726027397261,5.183561643835616,-1.5854794520547943,2359.013698630137,-0.3770352057545645,-0.7751721307241292,R,0.035096153846153846,2026,Carmen Mlodzinski,MLB
669387,ST,215,83.48418604651162,-2.2978604651162793,12.00446511627907,6.396279069767442,5.004139534883722,-1.721906976744186,2559.8790697674417,0.8168382943703774,0.5655740683634616,R,0.10336538461538461,2026,Carmen Mlodzinski,MLB
669432,CH,551,87.01869328493649,1.8964791288566243,-13.779528130671507,6.842778793418647,5.670580762250453,-2.1372776769509985,1584.350909090909,0.8934388621562523,-0.44042214678263786,L,0.20490888806247676,2026,Trevor Rogers,MLB
669432,FC,225,83.03511111111112,3.2405333333333335,4.2688,6.728699551569507,5.699822222222222,-2.176266666666667,2222.9066666666668,-0.5932738807460981,-0.618280427931687,L,0.08367422833767199,2026,Trevor Rogers,MLB
669432,FF,1262,93.82163232963549,15.282503961965135,-10.655562599049128,6.66033386327504,5.807400950871632,-2.176743264659271,2471.1838351822503,0.765997404829905,-0.6329943406927344,L,0.46931944960952027,2026,Trevor Rogers,MLB
669432,SI,271,93.36346863468634,7.981992619926199,-17.346420664206644,6.749814126394052,5.771070110701107,-2.106088560885609,2354.6863468634688,0.7598624044836775,-0.6442799029830906,L,0.10078095946448494,2026,Trevor Rogers,MLB
669432,ST,380,78.07368421052631,3.9217894736842105,10.612736842105264,6.692063492063491,5.746394736842105,-2.2031315789473687,2127.1157894736843,-0.9641701112642586,0.05025232733900974,L,0.14131647452584603,2026,Trevor Rogers,MLB
669438,CH,184,86.41630434782608,0.9456521739130435,-13.970217391304347,6.375543478260869,5.923043478260869,-1.437282608695652,2054.8555555555554,-0.8301977048962276,-0.5173917625844564,R,0.2754491017964072,2026,Mason Englert,MLB
669438,CU,125,74.62,-14.90208,11.84352,6.1743999999999994,5.962479999999999,-1.4848,2699.824,0.5567191675694382,0.8228676046627345,R,0.18712574850299402,2026,Mason Englert,MLB
669438,FC,70,86.16857142857143,4.280571428571428,2.209714285714286,6.252857142857143,5.988571428571428,-1.5855714285714284,2134.5857142857144,-0.042672308926904594,-0.9040626465729249,R,0.10479041916167664,2026,Mason Englert,MLB
669438,FF,118,92.77203389830508,17.327796610169493,-9.33457627118644,6.2677966101694915,6.022966101694916,-1.4490677966101695,2313.4406779661017,-0.563082233763013,-0.8216243803437011,R,0.17664670658682635,2026,Mason Englert,MLB
669438,SI,134,91.6955223880597,12.805970149253731,-15.638507462686567,6.3014925373134325,5.952537313432836,-1.4827611940298506,2178.8880597014927,-0.5690455206294034,-0.8206041296250868,R,0.20059880239520958,2026,Mason Englert,MLB
669438,SL,37,81.70270270270271,-3.635675675675676,3.1135135135135137,6.327027027027027,5.935945945945946,-1.4835135135135136,2351.3783783783783,0.5087041485703595,0.601785032680669,R,0.05538922155688623,2026,Mason Englert,MLB
669456,CH,171,88.16198830409357,1.0133333333333334,-12.383859649122806,6.535087719298246,5.520409356725146,-1.6596491228070176,1418.8947368421052,-0.9056616025498262,-0.40324413694520933,R,0.18387096774193548,2026,Shane Bieber,MLB
669456,FC,113,87.3991150442478,8.551858407079646,0.8219469026548674,6.546017699115045,5.60646017699115,-1.6717699115044247,2580.3716814159293,-0.36471058355606273,-0.9032617215013189,R,0.12150537634408602,2026,Shane Bieber,MLB
669456,FF,340,92.30705882352942,17.50305882352941,-11.170941176470588,6.630588235294118,5.613852941176471,-1.541029411764706,2371.858823529412,-0.6174799491003945,-0.7835080723968778,R,0.3655913978494624,2026,Shane Bieber,MLB
669456,KC,172,82.64767441860465,-11.738372093023257,5.887674418604651,6.524418604651163,5.605232558139535,-1.5298837209302325,2508.7616279069766,0.5699541087229352,0.8176873675039914,R,0.18494623655913978,2026,Shane Bieber,MLB
669456,SI,41,92.19268292682926,12.526829268292683,-15.585365853658537,6.63170731707317,5.5475609756097555,-1.5834146341463415,2304.121951219512,-0.6610763046570042,-0.7488231563587376,R,0.04408602150537634,2026,Shane Bieber,MLB
669456,SL,93,85.2505376344086,-1.2864516129032257,0.4451612903225806,6.583870967741935,5.570430107526882,-1.653225806451613,2598.7096774193546,0.43184024260120807,0.5615401640496522,R,0.1,2026,Shane Bieber,MLB
669461,CH,336,88.50892857142857,9.544285714285715,-14.426071428571428,6.222222222222222,6.413005952380952,-0.8389583333333333,1784.7708333333333,0.720133080116338,-0.6897716692737006,L,0.12660135644310475,2026,Matthew Liberatore,MLB
669461,CU,478,79.50627615062761,-17.14418410041841,9.792552301255231,6.267157894736842,6.60347280334728,-0.6465690376569038,3047.9414225941423,-0.5061389003381042,0.8595881749035673,L,0.18010550113036924,2026,Matthew Liberatore,MLB
669461,FC,103,90.4368932038835,11.007378640776698,1.3316504854368931,6.2805825242718445,6.540873786407768,-0.677864077669903,2461.893203883495,0.3067058931201047,-0.9334967307150568,L,0.03880934438583271,2026,Matthew Liberatore,MLB
669461,FF,798,94.26791979949876,16.473834586466168,-6.213533834586466,6.319949494949494,6.609160401002506,-0.5290977443609023,2107.3646616541355,0.43771367804389577,-0.8968388400574051,L,0.3006782215523738,2026,Matthew Liberatore,MLB
669461,SI,221,94.17149321266969,13.892307692307691,-12.992579185520363,6.339090909090909,6.514162895927602,-0.5858371040723982,2130.1990950226245,0.49349677098018657,-0.8675890651598961,L,0.08327053504144687,2026,Matthew Liberatore,MLB
669461,SL,703,86.01635846372689,0.16233285917496446,4.214167852062589,6.295142857142857,6.503129445234708,-0.7013513513513514,2663.2105263157896,-0.8384525763939861,-0.16671030958265687,L,0.2648831951770912,2026,Matthew Liberatore,MLB
669461,ST,15,84.98666666666666,1.88,11.216,6.413333333333333,6.365333333333334,-0.7793333333333333,2688.9333333333334,-0.9382650598149052,0.31106675148314483,L,0.005651846269781462,2026,Matthew Liberatore,MLB
669467,FF,902,95.20798226164081,11.679911308203993,-0.9168957871396896,6.545343680709534,6.001119733924612,-1.7090465631929046,2218.2372505543235,-0.21010757944856295,-0.9706595345183618,R,0.3414080242240727,2026,Andre Pallante,MLB
669467,FS,76,88.8763157894737,4.978421052631579,-9.007894736842106,6.565789473684211,5.788815789473684,-1.8880263157894739,1024.2368421052631,-0.7296680931084216,-0.5974760881542455,R,0.028766086298258896,2026,Andre Pallante,MLB
669467,KC,452,78.56814159292036,-16.006991150442477,4.939911504424779,6.557300884955753,5.991548672566371,-1.630221238938053,2768.4314159292035,0.3518873677375097,0.9323274123154282,R,0.17108251324753973,2026,Andre Pallante,MLB
669467,SI,441,95.43786848072563,13.742312925170067,-11.469659863945578,6.526757369614513,5.986780045351474,-1.6791836734693877,2099.297052154195,-0.30406313857112455,-0.943209355812986,R,0.16691900075700228,2026,Andre Pallante,MLB
669467,SL,771,87.74306095979247,0.9978210116731518,4.636420233463035,6.645784695201037,5.882373540856031,-1.85431906614786,2313.1867704280157,0.7692073025059795,-0.4416607168600511,R,0.2918243754731264,2026,Andre Pallante,MLB
669620,CH,30,86.7,11.164,-15.46,6.34,6.370333333333334,-2.280333333333333,1957.9,0.680278685246313,-0.7295466435592323,L,0.04329004329004329,2026,Brady Basso,MLB
669620,CU,124,77.43790322580645,-10.956774193548387,1.626774193548387,6.383064516129032,6.513790322580645,-2.048548387096774,2234.7258064516127,-0.4039652962228567,0.9113139521253749,L,0.17893217893217894,2026,Brady Basso,MLB
669620,FC,77,89.06363636363636,7.645714285714286,1.56,6.28961038961039,6.441558441558442,-2.162467532467532,2223.025974025974,0.2402354370808674,-0.9619659914231239,L,0.1111111111111111,2026,Brady Basso,MLB
669620,FF,305,92.54852459016394,15.03777049180328,-3.637377049180328,6.312786885245902,6.457508196721311,-2.1436721311475413,2283.022950819672,0.45592064584355974,-0.8869982370953349,L,0.4401154401154401,2026,Brady Basso,MLB
669620,SI,56,92.39285714285714,11.457857142857142,-13.669285714285715,6.316071428571428,6.456964285714286,-2.169642857142857,2153.214285714286,0.4355090309043491,-0.8945873438343159,L,0.08080808080808081,2026,Brady Basso,MLB
669620,SL,101,83.55940594059406,3.958811881188119,3.168712871287129,6.398019801980198,6.36980198019802,-2.1792079207920794,2112.8514851485147,-0.6098830629179178,-0.015652221869239934,L,0.14574314574314573,2026,Brady Basso,MLB
669622,CH,14,88.47142857142856,-2.7085714285714286,-14.202857142857143,5.807142857142857,5.377142857142857,-2.144285714285714,1409.5,-0.9919577465771069,-0.05209510663546868,R,0.025547445255474453,2026,Anthony Bender,MLB
669622,SI,174,96.33160919540231,2.0579310344827584,-18.286896551724137,5.676436781609196,5.762758620689655,-1.8166091954022987,2314.597701149425,-0.833351550467617,-0.5461457224502138,R,0.3175182481751825,2026,Anthony Bender,MLB
669622,SL,74,86.51621621621621,-2.0691891891891894,6.283783783783784,5.787837837837838,5.796891891891892,-1.8822972972972971,2747.9189189189187,0.8494606461225345,0.5036106721468554,R,0.13503649635036497,2026,Anthony Bender,MLB
669622,ST,286,83.53636363636365,3.0033566433566437,20.14111888111888,5.4772727272727275,5.1415734265734265,-2.3216433566433565,2857.77972027972,0.9183356009991553,0.38714859605423524,R,0.5218978102189781,2026,Anthony Bender,MLB
669684,CH,22,85.89999999999999,2.7654545454545456,-16.096363636363638,6.336363636363637,5.109545454545454,-2.1072727272727274,1720.090909090909,0.8982500090352883,-0.4319631783399371,L,0.034375,2026,Chris Murphy,MLB
669684,CU,151,77.96556291390728,-12.157350993377483,14.99364238410596,6.135761589403973,5.285695364238411,-2.019867549668874,2576.735099337748,-0.745062248188981,0.6627826454660812,L,0.2359375,2026,Chris Murphy,MLB
669684,FF,216,96.29074074074073,16.107222222222223,-7.697222222222222,6.205092592592592,5.460416666666667,-1.773101851851852,2392.097222222222,0.51640042524883,-0.8516005843708245,L,0.3375,2026,Chris Murphy,MLB
669684,SI,22,93.77272727272727,10.510909090909092,-13.77818181818182,6.1863636363636365,5.322727272727272,-1.985,2303.2727272727275,0.44722612624741687,-0.8876311056809789,L,0.034375,2026,Chris Murphy,MLB
669684,SL,187,89.28930481283422,5.474438502673797,3.954866310160428,6.1860962566844915,5.2366310160427805,-2.1025133689839572,2321.427807486631,-0.22085613990034403,-0.8614877916755802,L,0.2921875,2026,Chris Murphy,MLB
669684,ST,31,80.35161290322581,3.429677419354839,16.889032258064514,6.158064516129032,5.081612903225807,-2.24741935483871,2417.2903225806454,-0.9534547297311845,0.25340267571855585,L,0.0484375,2026,Chris Murphy,MLB
669684,SV,11,82.78181818181818,-7.232727272727273,8.367272727272727,6.281818181818181,5.278181818181818,-1.8772727272727272,2422.909090909091,-0.8805614331908408,0.44980779445441404,L,0.0171875,2026,Chris Murphy,MLB
669704,FC,40,90.905,5.4719999999999995,3.999,6.265,5.6715,-1.517,2505.05,0.34701745182073174,-0.9021380330929935,R,1.0,2026,Kade Strowd,MLB
669711,CH,135,85.24222222222222,-4.336,-15.134222222222222,6.151111111111111,4.492,-2.6355555555555554,1620.6888888888889,-0.9919055061017789,0.09323548594991286,R,0.1314508276533593,2026,Greg Weissert,MLB
669711,CU,23,81.81739130434782,-6.177391304347827,14.410434782608695,6.095652173913043,4.81391304347826,-2.677391304347826,2643.9565217391305,0.9015366079135789,0.40338566281484584,R,0.022395326192794548,2026,Greg Weissert,MLB
669711,FF,308,94.14545454545454,11.291688311688311,-9.87935064935065,5.844480519480519,5.080844155844156,-2.5597402597402596,2282.9285714285716,-0.7899650108075376,-0.5898049156429317,R,0.29990262901655307,2026,Greg Weissert,MLB
669711,SI,348,93.96954022988506,2.447241379310345,-17.672758620689656,5.919827586206896,4.864712643678161,-2.8378160919540227,2131.6293103448274,-0.8897593845265703,-0.44108636069200907,R,0.3388510223953262,2026,Greg Weissert,MLB
669711,SL,82,85.4939024390244,3.051219512195122,4.76780487804878,5.932926829268292,4.8220731707317075,-2.7847560975609755,2532.8048780487807,0.9446211186970412,-0.25539602918910476,R,0.0798442064264849,2026,Greg Weissert,MLB
669711,ST,131,81.98091603053435,5.902900763358779,18.29862595419847,5.821374045801527,4.482137404580152,-3.2076335877862596,2895.946564885496,0.9719115541646249,0.20510741154615797,R,0.12755598831548198,2026,Greg Weissert,MLB
669713,CH,107,86.22990654205609,4.861682242990654,-14.291214953271028,6.713084112149533,5.96588785046729,-1.5056074766355139,1630.7570093457944,-0.7556157274888954,-0.6500591486249292,R,0.11941964285714286,2026,Hayden Wesneski,MLB
669713,FC,136,89.54779411764706,6.656470588235294,3.748235294117647,6.688970588235295,6.117794117647058,-1.3211029411764705,2429.529411764706,0.06681021993222826,-0.952984395615241,R,0.15178571428571427,2026,Hayden Wesneski,MLB
669713,FF,218,93.5302752293578,13.720183486238533,-5.587706422018349,6.697247706422019,6.084220183486238,-1.2782110091743117,2207.766055045872,-0.48046003855603875,-0.8743278943176317,R,0.24330357142857142,2026,Hayden Wesneski,MLB
669713,SI,170,92.54117647058824,8.582823529411764,-14.560235294117646,6.720588235294118,6.028823529411765,-1.3600588235294118,1969.7764705882353,-0.5428730379053155,-0.8369422240439112,R,0.18973214285714285,2026,Hayden Wesneski,MLB
669713,ST,265,81.45320754716981,-2.925283018867925,19.480301886792454,6.586792452830188,6.040603773584905,-1.4227169811320755,2774.4528301886794,0.7936711153975965,0.6004596981892618,R,0.29575892857142855,2026,Hayden Wesneski,MLB
669724,CH,25,89.508,-0.264,-16.1568,6.0360000000000005,5.363200000000001,-2.926,1671.04,-0.9664548866810536,-0.2510348372341005,R,0.07575757575757576,2026,Brenan Hanifee,MLB
669724,FF,27,96.18148148148148,10.626666666666667,-11.928888888888888,6.144444444444445,5.517407407407408,-2.706296296296296,2093.1111111111113,-0.8411934977316923,-0.5362948177499663,R,0.08181818181818182,2026,Brenan Hanifee,MLB
669724,SI,201,94.95472636815921,3.8883582089552235,-15.99820895522388,6.153233830845771,5.47,-2.766467661691542,2056.3582089552237,-0.8704635998560732,-0.4869844349100597,R,0.6090909090909091,2026,Brenan Hanifee,MLB
669724,SL,77,88.07532467532468,2.6212987012987012,1.6207792207792207,6.061038961038961,5.491558441558442,-2.7609090909090908,2279.1688311688313,0.5656758210982192,-0.4362170152044189,R,0.23333333333333334,2026,Brenan Hanifee,MLB
669854,CH,152,85.04276315789474,6.886578947368421,-13.145526315789473,6.813157894736841,6.028881578947368,-1.3001973684210526,1477.8947368421052,-0.8568362552925485,-0.510391495795271,R,0.26666666666666666,2026,Ronel Blanco,MLB
669854,CU,87,79.94827586206897,-2.1117241379310343,9.437241379310345,6.658620689655172,6.085862068965517,-1.386551724137931,2214.8735632183907,0.5515955751409023,0.8218911882597871,R,0.15263157894736842,2026,Ronel Blanco,MLB
669854,FF,211,93.38341232227489,19.190331753554503,-6.835450236966825,6.877725118483412,6.096303317535544,-1.24,2302.478672985782,-0.4340504319611173,-0.8981992414386495,R,0.3701754385964912,2026,Ronel Blanco,MLB
669854,SL,120,86.52083333333333,6.513,2.853,6.819166666666666,5.974583333333333,-1.43875,2129.125,-0.07561573420682285,-0.9499895444092057,R,0.21052631578947367,2026,Ronel Blanco,MLB
669920,CH,105,80.35142857142857,2.5771428571428574,-18.155428571428573,6.6,5.57704761904762,-1.5862857142857143,1818.2,-0.9925202636154765,-0.09366226451524073,R,0.3511705685618729,2026,Jason Alexander,MLB
669920,FC,22,85.44545454545454,6.136363636363637,2.809090909090909,6.595454545454545,5.517272727272727,-1.8518181818181818,2276.3636363636365,0.46157939791973307,-0.6623907781957928,R,0.07357859531772576,2026,Jason Alexander,MLB
669920,FF,69,91.53478260869565,12.332173913043478,-15.382608695652175,6.42463768115942,5.707391304347826,-1.5027536231884058,2315.5652173913045,-0.8567777475459267,-0.5101570177455048,R,0.23076923076923078,2026,Jason Alexander,MLB
669920,SI,70,91.02285714285715,2.129142857142857,-17.302285714285716,6.397142857142858,5.482428571428571,-1.728,2057.7285714285713,-0.9243006586488718,-0.37234033594471755,R,0.23411371237458195,2026,Jason Alexander,MLB
669920,SL,15,81.76666666666667,5.792,8.927999999999999,6.653333333333333,5.421333333333334,-1.892,2413.0,0.9715954799483818,0.09134291083920014,R,0.05016722408026756,2026,Jason Alexander,MLB
669920,ST,18,78.61111111111111,-0.3866666666666666,15.993333333333332,6.394444444444444,5.387222222222222,-1.913888888888889,2563.3333333333335,0.9208965400467967,0.37117902219779547,R,0.06020066889632107,2026,Jason Alexander,MLB
669923,CH,154,88.75454545454546,4.878701298701299,-14.541818181818183,6.742857142857144,5.608181818181818,-1.5701948051948051,1618.7467532467533,-0.9008653536265558,-0.43044340661786246,R,0.054301833568406205,2026,George Kirby,MLB
669923,FC,117,92.88461538461539,8.995897435897437,-0.3456410256410256,6.637606837606838,5.812905982905983,-1.5639316239316239,2299.051282051282,-0.40437577052404045,-0.9046689609428281,R,0.041255289139633285,2026,George Kirby,MLB
669923,FF,807,96.74745972738538,13.616059479553902,-9.070185873605949,6.577571251548947,5.798859975216853,-1.5397645600991325,2261.368029739777,-0.6515496360238324,-0.7561075261266617,R,0.28455571227080395,2026,George Kirby,MLB
669923,FS,80,87.2975,0.8205,-10.584,6.654999999999999,5.68225,-1.4946249999999999,1080.6625,-0.9226841956296413,-0.3566342970237041,R,0.028208744710860368,2026,George Kirby,MLB
669923,KC,290,84.11379310344827,-13.085379310344829,8.88951724137931,6.614137931034483,5.786275862068965,-1.5596206896551725,2372.103448275862,0.622709910571117,0.7785327659306269,R,0.10225669957686882,2026,George Kirby,MLB
669923,SI,589,96.88692699490663,8.12251273344652,-16.233616298811544,6.596434634974534,5.796044142614601,-1.515704584040747,2308.898132427844,-0.6437331820090505,-0.7628810021263691,R,0.20768688293370946,2026,George Kirby,MLB
669923,ST,799,87.49123904881101,-2.840200250312891,10.875994993742177,6.596245306633291,5.730838548185231,-1.635782227784731,2384.8072590738425,0.6024545313028998,0.7866880414131728,R,0.2817348377997179,2026,George Kirby,MLB
669947,FF,164,93.14329268292683,17.6509756097561,-5.041463414634146,6.734756097560975,5.850853658536585,-1.0416463414634147,2222.859756097561,-0.42358504904299205,-0.9038136018770516,R,0.21216041397153945,2026,Jesse Scholtens,MLB
669947,FS,115,84.04521739130435,0.29113043478260875,-10.477565217391305,6.757391304347826,5.703478260869565,-1.1222608695652174,1016.7739130434783,-0.8944253246839069,-0.3970384975680028,R,0.14877102199223805,2026,Jesse Scholtens,MLB
669947,SI,179,92.13798882681564,12.413631284916201,-14.890055865921788,6.715642458100558,5.699441340782123,-1.1707262569832402,2171.122905027933,-0.4434326171676642,-0.8932070357849118,R,0.2315653298835705,2026,Jesse Scholtens,MLB
669947,SL,236,88.29618644067797,7.4822033898305085,4.145084745762712,6.684322033898305,5.858686440677967,-1.0585593220338982,2370.25,-0.0747121695930798,-0.979653392425969,R,0.3053040103492885,2026,Jesse Scholtens,MLB
669947,ST,79,80.38607594936708,1.0526582278481011,14.902784810126581,6.602531645569621,5.752025316455696,-1.0978481012658228,2521.1012658227846,0.8687930122619953,0.47291516525893146,R,0.10219922380336352,2026,Jesse Scholtens,MLB
670036,FC,53,91.0811320754717,7.795471698113208,5.058113207547169,6.409433962264151,5.222641509433963,-2.0241509433962266,2505.2830188679245,0.05139159595201418,-0.9888560964494807,R,0.046532045654082525,2026,Matt Festa,MLB
670036,FF,559,92.65134168157424,11.666189624329158,0.8552415026833631,6.44561717352415,5.103810375670841,-2.115402504472272,2532.9856887298747,-0.26371529396123294,-0.9514010226105187,R,0.49078138718173836,2026,Matt Festa,MLB
670036,SI,74,93.22297297297297,10.36216216216216,-9.953513513513514,6.513513513513513,5.034054054054054,-2.099324324324324,2405.9864864864867,-0.38344594923979025,-0.914878612373189,R,0.0649692712906058,2026,Matt Festa,MLB
670036,ST,453,83.40220750551876,1.2275496688741723,15.637880794701987,6.402869757174393,5.123421633554083,-2.126953642384106,2702.417218543046,0.8823029919540063,0.44817132183063335,R,0.3977172958735733,2026,Matt Festa,MLB
670059,CU,90,83.11222222222223,-9.266666666666667,13.305333333333333,6.544444444444444,5.504888888888889,-2.0994444444444444,2749.3,0.8829637491794072,0.46180900420575266,R,0.10368663594470046,2026,Colin Holderman,MLB
670059,FF,43,97.02790697674418,12.524651162790697,-9.84,6.376744186046511,5.443023255813954,-2.08953488372093,2418.232558139535,-0.759439988177418,-0.6275124217322277,R,0.04953917050691244,2026,Colin Holderman,MLB
670059,SI,442,96.72262443438915,5.844977375565611,-16.90343891402715,6.458049886621315,5.410135746606335,-2.1338235294117647,2260.0022675736964,-0.8003921990151805,-0.5921731502246269,R,0.5092165898617511,2026,Colin Holderman,MLB
670059,ST,293,84.70034129692833,5.636313993174062,10.73529010238908,6.452233676975944,5.370716723549488,-2.1945733788395905,2583.3972602739727,0.9630390236009627,0.1383423176740496,R,0.33755760368663595,2026,Colin Holderman,MLB
670062,FF,217,92.41612903225806,16.46488479262673,1.8188018433179725,6.529302325581395,6.106820276497696,-1.4382949308755761,2701.7834101382487,-0.1272406183081744,-0.9888246140570013,R,0.3034965034965035,2026,Julian Garcia,MLB
670062,SL,129,85.64496124031008,1.3032558139534884,4.296744186046511,6.4984375,6.006666666666667,-1.5554263565891473,2968.6124031007753,0.8667972698214794,-0.16380077789139738,R,0.18041958041958042,2026,Julian Garcia,MLB
670062,ST,369,82.39024390243902,-2.1570731707317075,11.794146341463415,6.523097826086956,5.8434688346883465,-1.746558265582656,2956.1978319783198,0.7144964116138182,0.67427579680673,R,0.5160839160839161,2026,Julian Garcia,MLB
670090,FF,42,90.53571428571429,6.688571428571429,-9.954285714285714,7.033333333333333,3.2735714285714286,-4.025952380952381,1993.5,-0.9633658840145914,-0.2546881675020508,R,0.28187919463087246,2026,Wyatt Mills,MLB
670090,SI,40,90.11,-0.354,-13.962,6.922499999999999,3.4,-4.0015,1910.3,-0.9488667977610168,-0.20568361943157404,R,0.2684563758389262,2026,Wyatt Mills,MLB
670090,SL,44,83.04318181818182,5.926363636363636,1.6527272727272726,6.890909090909091,3.5515909090909092,-3.9904545454545457,2350.068181818182,-0.17342125554385868,-0.8345493785694642,R,0.2953020134228188,2026,Wyatt Mills,MLB
670090,ST,23,81.01304347826087,8.373913043478261,7.841739130434783,6.891304347826087,3.183913043478261,-4.038695652173913,2494.9565217391305,0.9744128302430256,0.14287311535867006,R,0.15436241610738255,2026,Wyatt Mills,MLB
670103,CH,27,84.6,0.6044444444444445,-14.115555555555556,5.748148148148148,5.735925925925926,-2.4248148148148148,1643.962962962963,0.9060896165686704,-0.4125624451643855,L,0.0944055944055944,2026,Raymond Burgos,MLB
670103,FC,34,85.98823529411764,7.083529411764706,0.19764705882352937,5.68235294117647,5.584411764705883,-2.581470588235294,2202.735294117647,0.5889193485628627,-0.7719961144068508,L,0.11888111888111888,2026,Raymond Burgos,MLB
670103,SI,127,90.52992125984251,4.610078740157481,-15.347716535433072,5.6251968503937,5.616377952755905,-2.510472440944882,2192.251968503937,0.7749677750801388,-0.6269942448208549,L,0.44405594405594406,2026,Raymond Burgos,MLB
670103,ST,98,78.14183673469387,0.08448979591836732,15.543673469387755,5.539795918367346,5.727755102040817,-2.5416326530612245,2308.2755102040815,-0.8505854907531797,0.5001026865586703,L,0.34265734265734266,2026,Raymond Burgos,MLB
670167,CH,71,86.5718309859155,-4.172957746478874,-9.95323943661972,6.471830985915493,4.552816901408451,-2.794507042253521,1225.1549295774648,-0.9733731439911188,0.12204923230803566,R,0.0669811320754717,2026,John Schreiber,MLB
670167,FC,132,89.5659090909091,5.323636363636364,-0.17545454545454545,6.423484848484848,4.560833333333333,-2.7138636363636364,2456.969696969697,-0.48038267881662816,-0.6984194646218166,R,0.12452830188679245,2026,John Schreiber,MLB
670167,FF,300,93.78433333333334,10.1468,-10.6728,6.484666666666667,4.680266666666666,-2.6111333333333335,2267.56,-0.8749288383399308,-0.4561144146099135,R,0.2830188679245283,2026,John Schreiber,MLB
670167,SI,271,93.25608856088562,-1.7318081180811808,-15.896236162361625,6.50479704797048,4.553431734317344,-2.6721771217712176,2225.656826568266,-0.9052521893293726,-0.35955412809786635,R,0.25566037735849056,2026,John Schreiber,MLB
670167,ST,286,82.37832167832168,1.2704895104895106,14.744055944055944,6.361188811188811,4.346118881118882,-2.821013986013986,2667.6573426573427,0.9198350119166293,0.3454807597374219,R,0.269811320754717,2026,John Schreiber,MLB
670183,FF,116,94.48362068965517,19.03655172413793,-4.124482758620689,5.959482758620689,6.042327586206897,-2.1766379310344828,2477.655172413793,-0.3559333744127427,-0.9314095446257759,R,0.5829145728643216,2026,Garrett Acton,MLB
670183,SL,83,86.13614457831325,3.84578313253012,2.658795180722892,5.995180722891567,5.969156626506024,-2.17,2474.9277108433735,0.46738269210195543,-0.782493908877929,R,0.41708542713567837,2026,Garrett Acton,MLB
670245,CU,202,83.2990099009901,-11.606732673267327,11.696435643564355,6.94009900990099,5.533613861386138,-1.0761881188118811,2255.9257425742576,0.6938364167094212,0.7162569591739842,R,0.1739879414298019,2026,Ryan Watson,MLB
670245,FC,282,90.0095744680851,7.2442553191489365,1.372340425531915,7.034751773049646,5.53436170212766,-1.1135815602836878,2063.5,-0.28093184057947135,-0.9427077047027398,R,0.24289405684754523,2026,Ryan Watson,MLB
670245,FF,222,94.23693693693693,15.654054054054054,-6.80972972972973,7.0806306306306315,5.548108108108108,-1.0567117117117117,2214.481981981982,-0.5572839354075703,-0.8259084477830358,R,0.19121447028423771,2026,Ryan Watson,MLB
670245,FS,10,89.2,4.884,-11.148,7.18,5.404999999999999,-1.177,1342.2,-0.7305746180037785,-0.6812711259429777,R,0.008613264427217916,2026,Ryan Watson,MLB
670245,SI,168,93.56666666666668,8.237857142857143,-16.140714285714285,7.14047619047619,5.512202380952381,-1.0382738095238095,2172.4523809523807,-0.5595510063207099,-0.8247135054451368,R,0.14470284237726097,2026,Ryan Watson,MLB
670245,ST,277,84.98953068592057,5.014440433212997,11.75913357400722,6.951263537906137,5.514440433212997,-1.0953429602888087,2114.754512635379,0.9630542667758306,-0.06348206854230687,R,0.23858742463393626,2026,Ryan Watson,MLB
670280,CU,222,76.91981981981982,-6.474054054054054,7.765945945945946,6.161261261261261,5.879279279279279,-1.8626126126126126,2403.9774774774774,0.7451844973337269,0.6582590101516054,R,0.18515429524603835,2026,David Bednar,MLB
670280,FF,492,96.06321138211382,17.993170731707316,-8.791463414634146,6.5981707317073175,5.937581300813008,-1.7295121951219512,2352.8739837398375,-0.5316213744408042,-0.8437516102911831,R,0.4103419516263553,2026,David Bednar,MLB
670280,FS,485,90.82680412371134,3.379546391752577,-8.888659793814433,6.534845360824742,5.9323917525773195,-1.8012577319587628,1647.5835051546392,-0.5966942551315721,-0.7927372722846064,R,0.40450375312760634,2026,David Bednar,MLB
670329,CH,277,86.72382671480145,13.565631768953068,-15.616895306859206,6.024548736462093,5.859675090252708,-1.5733212996389891,2368.4729241877258,-0.7791816452473579,-0.6225627928669966,R,0.27210216110019647,2026,Rico Garcia,MLB
670329,CU,248,87.03951612903225,-4.713387096774194,-0.49016129032258066,5.809274193548387,5.942862903225806,-1.403709677419355,2464.0121457489877,0.32191925081479433,0.9189551122304318,R,0.24361493123772102,2026,Rico Garcia,MLB
670329,FF,335,95.39582089552238,17.695164179104477,-11.852776119402984,5.936119402985074,5.966328358208956,-1.3117313432835822,2517.4597014925375,-0.569346941579407,-0.8180892918164756,R,0.3290766208251473,2026,Rico Garcia,MLB
670329,SL,158,88.99113924050633,6.577215189873418,1.0025316455696203,5.84240506329114,5.870696202531646,-1.4756962025316456,2426.0822784810125,-0.393177619996147,-0.8754316603572777,R,0.15520628683693516,2026,Rico Garcia,MLB
670810,CH,15,86.73333333333333,5.768,-15.808,6.213333333333334,5.791333333333333,-1.2020000000000002,1720.3333333333333,-0.8824639519635072,-0.46789466216969344,R,0.3191489361702128,2026,Logan Gillaspie,MLB
670810,FF,12,95.15833333333335,16.57,-7.16,6.25,5.9316666666666675,-1.0416666666666667,2265.5,-0.5726752841110122,-0.8178627486330998,R,0.2553191489361702,2026,Logan Gillaspie,MLB
670810,SI,10,94.84,11.376000000000001,-15.084,6.25,5.92,-0.958,2128.6,-0.6080889655944366,-0.7896409380848647,R,0.2127659574468085,2026,Logan Gillaspie,MLB
670810,ST,10,83.92999999999999,0.05999999999999996,12.863999999999999,6.21,5.833,-1.292,2350.4,0.8456212038226931,0.491016463435746,R,0.2127659574468085,2026,Logan Gillaspie,MLB
670912,CU,34,75.82941176470588,-2.0223529411764707,10.492941176470588,6.9411764705882355,5.703235294117647,-2.756176470588235,2281.9411764705883,0.9531293038453577,0.28876488236882925,R,0.2236842105263158,2026,Johan Oviedo,MLB
670912,FF,57,92.9719298245614,13.35157894736842,-3.7536842105263157,7.215789473684211,5.321228070175438,-3.061052631578947,2213.3333333333335,-0.5823662791306605,-0.8072665470045877,R,0.375,2026,Johan Oviedo,MLB
670912,SI,22,91.99090909090908,7.358181818181818,-10.243636363636362,7.2272727272727275,5.322272727272727,-3.0395454545454546,2213.7727272727275,-0.49996977139060667,-0.854299466683376,R,0.14473684210526316,2026,Johan Oviedo,MLB
670912,SL,39,82.90512820512821,-0.19999999999999998,7.172307692307691,7.1641025641025635,5.546666666666667,-2.988717948717949,2306.076923076923,0.9656875104224394,-0.15020887255209298,R,0.2565789473684211,2026,Johan Oviedo,MLB
670950,CH,361,79.93850415512465,-1.5486980609418284,-11.660941828254849,6.426592797783933,6.247867036011081,-2.511523545706371,2570.3296398891966,-0.9799739517068332,-0.13292742751493816,R,0.27705295471987723,2026,Trevor Richards,MLB
670950,FF,828,91.89734299516908,19.52695652173913,-7.382753623188406,6.55108695652174,6.332391304347826,-2.2007971014492753,2262.6195652173915,-0.35786575086990446,-0.9316205039305614,R,0.6354566385264774,2026,Trevor Richards,MLB
670950,SL,114,84.95701754385965,4.194736842105263,3.933684210526316,6.493859649122807,6.172719298245615,-2.515701754385965,2156.561403508772,0.06723901734131306,-0.8834321613506834,R,0.08749040675364543,2026,Trevor Richards,MLB
670970,CH,324,92.02962962962962,-1.1322222222222222,-10.705925925925925,6.174691358024691,5.950586419753087,-2.6468827160493826,1034.2253086419753,0.948379064169549,-0.2966428074268201,L,0.23326133909287258,2026,Adrian Morejon,MLB
670970,FF,190,99.25368421052632,15.225473684210527,-6.024,6.276315789473684,5.992473684210526,-2.419578947368421,2447.0315789473684,0.5525404058005642,-0.8260171857279816,L,0.13678905687544995,2026,Adrian Morejon,MLB
670970,SI,668,99.46781437125749,9.301976047904192,-16.014610778443114,6.236526946107785,5.9187874251497,-2.512200598802395,2400.803892215569,0.5982652572169515,-0.7848381032921017,L,0.48092152627789775,2026,Adrian Morejon,MLB
670970,SL,207,89.37777777777778,-0.5553623188405797,5.711304347826087,6.166183574879227,5.8256038647343,-2.876328502415459,2887.9613526570047,-0.9559962918800831,0.1859575185557041,L,0.1490280777537797,2026,Adrian Morejon,MLB
670990,CU,150,84.282,-5.9832,13.755200000000002,6.899333333333334,5.564733333333334,-2.5704,2452.4866666666667,0.7315232476662207,0.6723075924783811,R,0.10608203677510608,2026,Yohan Ramírez,MLB
670990,FF,297,96.58754208754209,13.062626262626262,-10.720404040404041,6.902020202020203,5.047138047138047,-2.601952861952862,2354.4612794612794,-0.8076445384094679,-0.5849152851420537,R,0.21004243281471005,2026,Yohan Ramírez,MLB
670990,SI,345,96.3263768115942,5.680695652173913,-17.382608695652173,6.942608695652173,5.035884057971015,-2.8679130434782607,2246.968115942029,-0.7853887080513904,-0.6139761616095973,R,0.24398868458274398,2026,Yohan Ramírez,MLB
670990,ST,622,84.25016077170417,2.7009646302250805,16.06668810289389,6.918488745980707,5.270530546623794,-2.922540192926045,2664.1334405144694,0.8870349891045686,0.43073787385460155,R,0.43988684582743987,2026,Yohan Ramírez,MLB
671096,CH,570,86.16280701754387,8.715157894736842,-14.573473684210525,6.530877192982456,5.966543859649122,-2.6601754385964913,2007.2929824561404,0.6635542911550829,-0.7364202252449108,L,0.1937457511896669,2026,Andrew Abbott,MLB
671096,CU,380,79.75052631578947,-6.666947368421053,9.043894736842105,6.442368421052631,6.131815789473684,-2.442842105263158,2810.6184210526317,-0.6841880412890233,0.7152699311663756,L,0.12916383412644458,2026,Andrew Abbott,MLB
671096,FC,101,88.87029702970297,7.303366336633664,4.125148514851485,6.477227722772278,6.059108910891089,-2.5380198019801976,2604.1188118811883,-0.07232794430220642,-0.9636736489301544,L,0.03433038749150238,2026,Andrew Abbott,MLB
671096,FF,1316,92.42522796352584,16.5361094224924,-6.649513677811551,6.516337386018237,6.018601823708206,-2.485212765957447,2339.4870820668693,0.4530978126463254,-0.8879511229477242,L,0.44731475186947656,2026,Andrew Abbott,MLB
671096,ST,575,82.18591304347827,-0.9516521739130436,13.975721739130435,6.531652173913043,6.021895652173913,-2.5302956521739133,2860.0921739130436,-0.7991840072753742,0.5458113756999555,L,0.1954452753229096,2026,Andrew Abbott,MLB
671106,CH,55,82.08181818181818,4.987636363636364,-8.993454545454545,6.325454545454545,5.182545454545455,-2.2381818181818183,1013.5090909090909,0.7988901008357149,-0.5842269725728839,L,0.13414634146341464,2026,Logan Allen,MLB
671106,FC,99,84.87777777777778,5.496969696969697,4.19030303030303,6.285858585858586,5.097373737373737,-2.3453535353535355,2291.3939393939395,-0.2053859552623389,-0.8908658956911245,L,0.24146341463414633,2026,Logan Allen,MLB
671106,FF,109,90.79908256880734,14.46605504587156,-8.124770642201835,6.281651376146789,5.110825688073395,-2.260275229357798,2168.1284403669724,0.628811694751046,-0.7695334450711793,L,0.2658536585365854,2026,Logan Allen,MLB
671106,SI,70,89.20857142857143,7.606285714285715,-14.415428571428572,6.3185714285714285,5.031285714285715,-2.3085714285714283,1942.4857142857143,0.7290417226292834,-0.6811823719681152,L,0.17073170731707318,2026,Logan Allen,MLB
671106,ST,77,78.16623376623377,0.9272727272727274,15.151168831168832,6.283116883116883,5.063376623376623,-2.336883116883117,2324.5584415584417,-0.941384090162281,0.3138392008087222,L,0.1878048780487805,2026,Logan Allen,MLB
671109,FF,34,95.00588235294117,11.474117647058824,-10.005882352941176,6.7,5.8420588235294115,-1.5123529411764707,2034.264705882353,0.7215893395236598,-0.6876741960056622,L,0.6415094339622641,2026,Jake Eder,MLB
671109,SL,19,85.98421052631579,0.49263157894736836,4.850526315789473,6.542105263157895,5.862105263157894,-1.8726315789473684,2314.2631578947367,-0.82133262904535,-0.25024374553578016,L,0.3584905660377358,2026,Jake Eder,MLB
671111,CH,71,83.73802816901409,-1.0276056338028168,-16.30816901408451,6.749295774647887,4.73056338028169,-2.8880281690140848,1881.7605633802816,0.9957145118342051,-0.06419760868766894,L,0.1775,2026,Sammy Peralta,MLB
671111,FF,59,88.36271186440678,8.316610169491526,-8.849491525423728,6.672881355932203,4.506101694915254,-3.040508474576271,2195.3898305084745,0.8746710046114583,-0.47808210927462286,L,0.1475,2026,Sammy Peralta,MLB
671111,SI,105,88.77047619047619,3.5634285714285716,-14.557714285714285,6.7,4.860571428571428,-2.7453333333333334,2129.2761904761905,0.7742409110336198,-0.6278323700287952,L,0.2625,2026,Sammy Peralta,MLB
671111,SL,83,80.40722891566266,7.727710843373494,6.6014457831325295,6.471084337349398,4.526385542168675,-3.208433734939759,2381.6746987951806,-0.9872125676006909,-0.01850724870560876,L,0.2075,2026,Sammy Peralta,MLB
671111,ST,82,79.63414634146342,5.833170731707317,13.545365853658536,6.423170731707318,4.546585365853659,-3.1953658536585365,2432.0365853658536,-0.9886998311776359,0.0631912307845129,L,0.205,2026,Sammy Peralta,MLB
671131,FC,20,87.545,6.87,2.442,6.51,6.1515,-1.417,2065.6,-0.30171265426545635,-0.94828965764068,R,0.45454545454545453,2026,Jackson Rutledge,MLB
671131,FS,12,85.71666666666665,3.4600000000000004,-12.770000000000001,6.508333333333333,6.161666666666666,-1.24,1474.4166666666667,-0.7564349006368013,-0.6517735528957496,R,0.2727272727272727,2026,Jackson Rutledge,MLB
671131,SI,12,94.74166666666667,11.56,-14.299999999999999,6.508333333333333,6.069166666666667,-1.5233333333333334,2270.5833333333335,-0.68576319665953,-0.7268713522982354,R,0.2727272727272727,2026,Jackson Rutledge,MLB
671162,CH,81,85.29135802469136,-2.4562962962962964,-12.508148148148148,6.079012345679012,5.176666666666667,-1.4595061728395062,1392.9753086419753,0.9618499528506991,-0.25041294188812163,L,0.1937799043062201,2026,Connor Thomas,MLB
671162,FC,68,87.52352941176471,3.010588235294118,1.316470588235294,6.147058823529412,5.093088235294117,-1.3395588235294118,2762.426470588235,-0.3170632087062382,-0.3548367753081069,L,0.16267942583732056,2026,Connor Thomas,MLB
671162,FF,95,91.68105263157895,13.717894736842105,-7.702736842105263,6.169473684210526,5.113368421052631,-1.3167368421052632,2502.0315789473684,0.7494326315882708,-0.6427790762828258,L,0.22727272727272727,2026,Connor Thomas,MLB
671162,SI,98,90.97755102040816,3.961224489795918,-15.923265306122449,6.210204081632654,4.962448979591836,-1.4673469387755103,2343.0510204081634,0.8234115804323886,-0.5623244832389873,L,0.23444976076555024,2026,Connor Thomas,MLB
671162,ST,76,82.76842105263158,-4.474736842105263,12.9,6.084210526315789,5.085263157894737,-1.440657894736842,2824.657894736842,-0.7236211818221954,0.6847449530075828,L,0.18181818181818182,2026,Connor Thomas,MLB
671212,FF,77,97.31558441558442,14.922077922077921,-7.684675324675325,6.588,5.6657142857142855,-1.4506493506493507,2568.2077922077924,-0.636121404869015,-0.7643973402288753,R,0.2219020172910663,2026,Joe Boyle,MLB
671212,FS,50,92.486,1.9032,-17.5344,6.72,5.627000000000001,-1.4794,2087.94,-0.8368683102795429,-0.5426443489019636,R,0.1440922190201729,2026,Joe Boyle,MLB
671212,SI,65,97.28307692307692,6.982153846153846,-15.814153846153847,6.658730158730159,5.635076923076923,-1.4040000000000001,2438.6923076923076,-0.6636372842745311,-0.7404640945314115,R,0.1873198847262248,2026,Joe Boyle,MLB
671212,SL,112,89.04196428571429,1.4282142857142859,3.9214285714285713,6.593636363636363,5.663303571428571,-1.5150892857142857,2652.8035714285716,0.8085401978211345,-0.35724990835333986,R,0.3227665706051873,2026,Joe Boyle,MLB
671212,ST,43,84.86511627906977,0.7367441860465116,16.677209302325583,6.4785714285714295,5.724186046511628,-1.5137209302325583,2638.5813953488373,0.8575797967954661,0.4932592617178526,R,0.1239193083573487,2026,Joe Boyle,MLB
671345,FF,81,96.12839506172838,12.97037037037037,-10.911111111111111,6.769135802469135,5.543086419753086,-1.805679012345679,2188.641975308642,-0.7906667452789987,-0.579884869957605,R,0.18080357142857142,2026,Jason Foley,MLB
671345,FS,61,89.09016393442623,-0.580327868852459,-8.036065573770491,6.814754098360655,5.370491803278689,-1.9711475409836066,1002.639344262295,-0.9678867597128569,-0.19901059311275485,R,0.13616071428571427,2026,Jason Foley,MLB
671345,SI,187,95.56844919786096,3.5724064171122993,-17.161283422459892,6.754010695187166,5.444438502673797,-1.7624064171122995,2120.2085561497324,-0.8226554343028104,-0.5647824340573854,R,0.4174107142857143,2026,Jason Foley,MLB
671345,SL,119,85.94789915966386,-0.7401680672268908,4.031596638655462,6.764705882352941,5.686386554621849,-1.6243697478991597,2334.1008403361343,0.9310852740984416,-0.051927984902426165,R,0.265625,2026,Jason Foley,MLB
671382,FC,38,89.86315789473684,7.8852631578947365,1.1936842105263157,6.681578947368421,6.148157894736842,-1.0621052631578947,2510.184210526316,-0.10912592818471159,-0.9229814063689253,R,0.20105820105820105,2026,Cameron Foster,MLB
671382,FF,110,96.12,18.223636363636363,-7.873090909090909,6.725454545454545,6.207727272727273,-0.883909090909091,2478.672727272727,-0.46800832003777154,-0.8815263669749398,R,0.582010582010582,2026,Cameron Foster,MLB
671382,SL,41,84.0219512195122,-5.446829268292682,2.277073170731707,6.607317073170731,6.192439024390244,-1.0058536585365854,2575.0,0.6134820137138735,0.7666232367846896,R,0.21693121693121692,2026,Cameron Foster,MLB
671737,CU,287,82.7418118466899,-12.34369337979094,3.790243902439024,6.301742160278745,6.249337979094077,-1.0200696864111498,2405.3135888501743,0.3117442303096294,0.9438753753498781,R,0.09379084967320261,2026,Taj Bradley,MLB
671737,FC,744,89.71438172043011,3.912258064516129,4.625483870967742,6.365188172043011,6.133373655913978,-1.2186693548387098,2200.0833333333335,0.4130662508407432,-0.8416464256051085,R,0.24313725490196078,2026,Taj Bradley,MLB
671737,FF,1435,97.15909407665504,18.257811846689894,-5.817365853658536,6.430731707317073,6.1662787456445995,-1.1204599303135887,2310.8578397212545,-0.3541303701292111,-0.9322278897652007,R,0.46895424836601307,2026,Taj Bradley,MLB
671737,FS,594,91.49966329966331,6.094545454545455,-10.615353535353536,6.464141414141414,6.1014478114478115,-1.2171043771043772,1741.993265993266,-0.5782334213065278,-0.8052099669884176,R,0.19411764705882353,2026,Taj Bradley,MLB
671922,FF,825,97.42448484848485,16.737309090909093,-7.610909090909091,7.410181818181818,5.697866666666666,-2.152339393939394,2366.9321212121213,-0.5202268794737474,-0.8518552061647732,R,0.6410256410256411,2026,Cade Smith,MLB
671922,FS,327,86.9737003058104,-5.163302752293578,-5.608440366972477,7.326911314984709,5.661345565749236,-2.2145871559633026,575.6605504587156,-0.6679275978333904,0.6320152167225032,R,0.2540792540792541,2026,Cade Smith,MLB
671922,ST,135,85.47037037037038,2.2791111111111113,13.792,7.260740740740741,5.647407407407408,-2.3353333333333333,2164.162962962963,0.9277787176930288,0.3255535829744183,R,0.1048951048951049,2026,Cade Smith,MLB
671936,CH,84,84.47261904761905,2.79,-15.208571428571428,5.946428571428571,5.623928571428571,-1.9495238095238094,1484.702380952381,0.9693798656437735,-0.235048128169666,L,0.14558058925476602,2026,Adam Macko,MLB
671936,FF,230,94.55478260869565,15.876521739130434,-6.813913043478261,6.017391304347826,5.706391304347826,-1.6776521739130434,2285.9217391304346,0.5570648525738835,-0.827640929175053,L,0.3986135181975737,2026,Adam Macko,MLB
671936,KC,32,78.7625,-14.565,9.78375,5.78125,5.6571875,-1.834375,2854.90625,-0.523358039607664,0.84882426760393,L,0.05545927209705372,2026,Adam Macko,MLB
671936,SL,231,85.23636363636363,3.6316883116883116,3.612987012987013,5.884415584415584,5.601515151515152,-1.9125974025974026,2524.017316017316,-0.1111339840623352,-0.7130984409392087,L,0.4003466204506066,2026,Adam Macko,MLB
672021,FC,28,90.34642857142856,10.538571428571428,0.34285714285714286,6.642857142857143,6.398214285714286,-1.3592857142857144,2191.4285714285716,-0.4245002265471089,-0.8954039152585651,R,0.22950819672131148,2026,Eric Cerantola,MLB
672021,FF,45,94.4888888888889,15.888000000000002,-6.101333333333334,6.777777777777778,6.450444444444444,-1.3726666666666665,2157.0,-0.4998428250547865,-0.8642103405884234,R,0.36885245901639346,2026,Eric Cerantola,MLB
672021,SL,49,84.19795918367346,-1.6946938775510203,-0.029387755102040832,6.504081632653061,6.4346938775510205,-1.453061224489796,2431.6326530612246,0.4055539083639698,0.47606056713269984,R,0.4016393442622951,2026,Eric Cerantola,MLB
672282,CH,281,83.75195729537366,11.112170818505337,-11.611387900355872,6.364412811387901,6.012775800711744,-1.7503558718861212,1607.6903914590748,0.7522188915645092,-0.6548853997477873,L,0.09295401918623883,2026,Reid Detmers,MLB
672282,CU,333,72.32072072072071,-14.743423423423424,11.687207207207207,6.177777777777777,6.256126126126126,-1.7387687687687687,2522.4548192771085,-0.5654262082993975,0.8201610003824457,L,0.11015547469401257,2026,Reid Detmers,MLB
672282,FF,1385,94.05140794223827,16.98645487364621,-9.171119133574008,6.438740043446778,5.974844765342961,-1.885046931407942,2135.501445086705,0.5784460011284858,-0.8083389802675401,L,0.45815415150512734,2026,Reid Detmers,MLB
672282,SI,31,93.50645161290322,13.77290322580645,-14.698064516129032,6.32258064516129,5.918064516129032,-1.8622580645161289,2094.1935483870966,0.5503812582496123,-0.8320928024110418,L,0.010254713860403573,2026,Reid Detmers,MLB
672282,SL,993,86.01148036253775,-3.9933534743202417,3.48,6.322199798183653,6.012034239677744,-1.9126686807653575,2440.5911379657605,-0.815774101136088,0.4843595080427222,L,0.32848164075421765,2026,Reid Detmers,MLB
672335,CU,136,85.53161764705882,-10.102058823529413,3.7094117647058824,5.836842105263157,5.557867647058823,-1.4228676470588235,2662.8823529411766,-0.49919953495661473,0.8616087119125835,L,0.1681087762669963,2026,Cionel Pérez,MLB
672335,FF,169,96.67100591715976,13.986745562130178,-6.008520710059172,5.841212121212121,5.516863905325444,-1.342544378698225,2150.4674556213017,0.5929034172689802,-0.8008232695640547,L,0.2088998763906057,2026,Cionel Pérez,MLB
672335,SI,239,96.45774058577406,6.644686192468619,-14.644518828451883,5.837238493723849,5.505815899581591,-1.2978242677824268,2187.543933054393,0.5685094020286287,-0.8189822336700615,L,0.2954264524103832,2026,Cionel Pérez,MLB
672335,SV,265,85.57358490566038,-4.029735849056604,12.651169811320754,5.810227272727273,5.512415094339622,-1.388188679245283,2619.166037735849,-0.6757048619199921,0.7224002230806362,L,0.32756489493201485,2026,Cionel Pérez,MLB
672442,FF,88,100.0715909090909,12.519545454545455,-12.357272727272727,6.082954545454545,5.922727272727273,-2.806590909090909,2097.5813953488373,-0.770037812270079,-0.636345786816182,R,0.3076923076923077,2026,Yovanny Cruz,MLB
672442,FS,20,89.565,1.638,-5.766,6.305000000000001,6.078,-2.685,1351.0,-0.8820235919343926,-0.45058036325027045,R,0.06993006993006994,2026,Yovanny Cruz,MLB
672442,SI,46,100.01739130434783,9.589565217391305,-17.11826086956522,6.208695652173914,5.8519565217391305,-2.853913043478261,2105.0652173913045,-0.7626237642922631,-0.6448563147359373,R,0.16083916083916083,2026,Yovanny Cruz,MLB
672442,SL,132,91.25151515151515,1.9845454545454548,0.9736363636363637,6.2696969696969695,6.070757575757576,-2.8895454545454546,2388.507575757576,-0.07325012509427863,-0.647646705014859,R,0.46153846153846156,2026,Yovanny Cruz,MLB
672456,CH,314,86.95350318471338,9.094777070063696,-15.03707006369427,6.411464968152867,5.741624203821655,-2.3970700636942674,1993.4713375796177,-0.7032216196565806,-0.7077910307633056,R,0.1362847222222222,2026,Keider Montero,MLB
672456,FF,691,94.29753979739507,16.352301013024604,-5.996700434153401,6.354492753623189,5.849956584659913,-2.2406078147612156,2231.7130434782607,-0.5191431902550765,-0.85047264891196,R,0.2999131944444444,2026,Keider Montero,MLB
672456,KC,319,80.30846394984326,-7.208652037617555,10.923009404388715,6.1852664576802505,5.946959247648903,-2.1688087774294673,2872.7993730407525,0.6502427851350521,0.7524516243270003,R,0.1384548611111111,2026,Keider Montero,MLB
672456,SI,529,94.59810964083177,11.438790170132325,-15.171720226843101,6.386011342155009,5.772778827977316,-2.3192249527410205,2233.476370510397,-0.5404797871069351,-0.8378828314705232,R,0.22960069444444445,2026,Keider Montero,MLB
672456,SL,451,85.99445676274945,2.0250997782705102,6.189445676274945,6.224833702882483,5.858159645232816,-2.431640798226164,2575.731707317073,0.9116964962068951,0.13464629293842525,R,0.1957465277777778,2026,Keider Montero,MLB
672578,FF,28,98.39285714285714,15.497142857142858,-9.175714285714287,7.0,5.736785714285714,-1.436785714285714,2318.6785714285716,-0.6353450314778808,-0.7697283719720959,R,0.56,2026,Carlos Hernández,MLB
672578,FS,12,87.95833333333333,3.49,-1.8299999999999998,7.091666666666666,5.861666666666667,-1.1633333333333333,720.5,-0.6837197861597092,-0.7183033123208918,R,0.24,2026,Carlos Hernández,MLB
672578,SL,10,85.65,2.8440000000000003,4.356,6.81,5.805,-1.5370000000000001,2008.8,0.9236106299912225,-0.2506717904157637,R,0.2,2026,Carlos Hernández,MLB
672582,CH,16,89.975,6.6825,-14.205,5.78125,5.236875,-2.621875,1677.1875,0.8813191815729571,-0.4673301562987725,L,0.06896551724137931,2026,Angel Zerpa,MLB
672582,FF,14,95.12142857142858,10.757142857142856,-9.565714285714284,5.578571428571428,5.237857142857143,-2.7857142857142856,1983.0714285714287,0.727524859872968,-0.6767260294910008,L,0.0603448275862069,2026,Angel Zerpa,MLB
672582,SI,155,95.54451612903226,3.2771612903225806,-17.317935483870965,5.620645161290323,5.107935483870968,-2.8489032258064517,2028.6903225806452,0.8338383916660568,-0.5175163490369058,L,0.6681034482758621,2026,Angel Zerpa,MLB
672582,SL,47,87.11702127659575,-2.4051063829787234,2.494468085106383,5.559574468085106,5.1448936170212765,-2.7734042553191487,2530.148936170213,-0.6725612051606711,0.6108497647481919,L,0.2025862068965517,2026,Angel Zerpa,MLB
672629,FC,98,92.82244897959184,7.574693877551021,0.6685714285714285,6.493877551020408,5.291530612244898,-2.741734693877551,2376.5408163265306,-0.3901456780777766,-0.8829598107837809,R,0.3006134969325153,2026,Gerardo Carrillo,MLB
672629,FF,36,96.96388888888889,13.373333333333333,-9.65,6.425000000000001,5.384166666666667,-2.6727777777777777,2276.5555555555557,-0.776857459010801,-0.6253247695046282,R,0.11042944785276074,2026,Gerardo Carrillo,MLB
672629,FS,81,84.30864197530865,4.225185185185185,-6.924444444444444,6.680246913580247,5.3244444444444445,-2.6439506172839504,874.8024691358024,-0.8665080221288173,-0.25737781105722607,R,0.24846625766871167,2026,Gerardo Carrillo,MLB
672629,SI,70,96.91285714285713,5.559428571428572,-16.606285714285715,6.5,5.345,-2.681142857142857,2215.3142857142857,-0.7754858773668145,-0.6279200651339392,R,0.2147239263803681,2026,Gerardo Carrillo,MLB
672629,ST,41,86.49024390243902,0.6995121951219513,9.111219512195122,6.482926829268293,5.226341463414634,-2.6721951219512197,2809.5365853658536,0.8529460967933716,0.44943198741409784,R,0.12576687116564417,2026,Gerardo Carrillo,MLB
672782,CH,64,91.8546875,3.4875,-17.02875,6.934375,5.28515625,-2.1931249999999998,1819.28125,-0.8809340793930995,-0.46562070001501493,R,0.0564373897707231,2026,Yoendrys Gómez,MLB
672782,FC,173,91.8092485549133,9.354450867052023,1.8943352601156072,6.815606936416184,5.44242774566474,-2.103757225433526,2536.8612716763005,-0.13504020424554714,-0.9609887299993407,R,0.15255731922398588,2026,Yoendrys Gómez,MLB
672782,FF,525,95.89580952380953,16.169600000000003,-7.147657142857143,6.849142857142858,5.387085714285714,-2.108228571428571,2481.9485714285715,-0.5438454268946603,-0.8348442648796075,R,0.46296296296296297,2026,Yoendrys Gómez,MLB
672782,SI,101,94.31188118811882,11.48910891089109,-16.59920792079208,6.768316831683168,5.274851485148515,-1.9452475247524752,2368.792079207921,-0.6322211212461365,-0.7705986425836745,R,0.0890652557319224,2026,Yoendrys Gómez,MLB
672782,ST,271,84.66273062730627,5.512915129151292,12.818302583025831,6.807749077490775,5.3357195571955724,-2.3521771217712177,2760.4317343173434,0.9800975938051754,0.14197606194869122,R,0.23897707231040563,2026,Yoendrys Gómez,MLB
672841,FC,75,93.67466666666667,7.1872,1.312,6.518666666666666,5.915866666666667,-2.418533333333333,2290.24,-0.2816105714351789,-0.8998691185908577,R,0.23510971786833856,2026,Carlos Vargas,MLB
672841,SI,158,96.21075949367088,5.73493670886076,-13.841012658227848,6.615822784810126,5.879556962025316,-2.4701898734177217,2112.8734177215188,-0.5421700316463806,-0.8014605212758141,R,0.4952978056426332,2026,Carlos Vargas,MLB
672841,SL,86,88.3953488372093,2.0148837209302326,8.489302325581395,6.42093023255814,6.088139534883721,-2.4546511627906975,2527.4418604651164,0.8322585991843492,0.37820193985165146,R,0.26959247648902823,2026,Carlos Vargas,MLB
673380,FF,113,96.63274336283186,15.612743362831859,-6.203893805309734,6.380530973451328,5.338230088495576,-2.4048672566371683,2375.221238938053,-0.5595450691870488,-0.8195037034732056,R,0.5406698564593302,2026,Dedniel Núñez,MLB
673380,SL,96,88.55312500000001,-0.013749999999999993,1.3262500000000002,6.352083333333333,5.496770833333333,-2.2213541666666665,2457.4895833333335,0.501241663058554,0.15998463814604127,R,0.45933014354066987,2026,Dedniel Núñez,MLB
673513,FF,445,91.97662921348314,19.264719101123593,-4.829123595505618,5.823146067415731,6.119932584269662,-1.8854606741573032,2452.3955056179775,0.37706883812919223,-0.9232017764481298,L,0.3906935908691835,2026,Yuki Matsui,MLB
673513,FS,285,83.45122807017543,3.680421052631579,-8.487157894736843,5.846666666666667,6.067122807017544,-2.043859649122807,1172.4666666666667,0.8352166381546805,-0.5351215943357673,L,0.25021949078138717,2026,Yuki Matsui,MLB
673513,SI,34,90.99117647058823,12.398823529411764,-12.645882352941175,5.758823529411765,6.080588235294118,-1.9782352941176473,2128.8823529411766,0.42411841012611057,-0.9022621412988093,L,0.029850746268656716,2026,Yuki Matsui,MLB
673513,SL,344,84.89941860465116,2.773953488372093,4.353837209302326,5.701453488372093,6.076482558139535,-1.862441860465116,2729.389534883721,-0.5226963705970443,-0.4346051893569272,L,0.30201931518876207,2026,Yuki Matsui,MLB
673513,ST,31,81.1,-2.6980645161290324,14.12516129032258,5.696774193548387,6.107096774193548,-1.833225806451613,2877.8709677419356,-0.6807443773800295,0.7222226262104986,L,0.027216856892010536,2026,Yuki Matsui,MLB
673540,FC,149,90.02348993288591,7.29503355704698,-0.9841610738255034,6.368456375838926,6.016845637583892,-1.8673825503355705,2428.0536912751677,-0.34137321277094096,-0.9073666354400116,R,0.13220940550133098,2026,Kodai Senga,MLB
673540,FF,481,96.33762993762994,16.211725571725573,-6.908108108108109,6.381288981288981,5.968607068607069,-2.0134927234927233,2373.6632016632016,-0.5829218974101169,-0.8088156703753366,R,0.42679680567879325,2026,Kodai Senga,MLB
673540,FO,302,83.27185430463575,0.697748344370861,-11.184635761589405,6.274503311258279,5.984105960264901,-2.0756291390728476,1183.2582781456954,-0.9536870918205084,-0.26996428337257433,R,0.26796805678793256,2026,Kodai Senga,MLB
673540,SI,36,90.22222222222223,6.993333333333333,-15.606666666666667,6.241666666666666,5.949999999999999,-2.035,2231.1111111111113,-0.658225752489549,-0.7470073000491807,R,0.03194321206743567,2026,Kodai Senga,MLB
673540,SL,67,86.68805970149255,2.023880597014925,0.4029850746268657,6.377611940298507,5.966119402985075,-1.9234328358208956,2542.7462686567164,-0.32921556242076827,0.2307849675109254,R,0.05944986690328305,2026,Kodai Senga,MLB
673540,ST,92,81.60108695652174,-4.818260869565218,9.885652173913044,6.228260869565218,5.909782608695653,-1.9730434782608697,2582.978260869565,0.5036517682571711,0.8444696254814943,R,0.08163265306122448,2026,Kodai Senga,MLB
673929,FF,177,95.7774011299435,19.105762711864404,-3.511864406779661,6.858823529411764,5.916553672316384,-1.01090395480226,2299.0338983050847,-0.24930324290111175,-0.9654263366232415,R,0.5267857142857143,2026,Jordan Leasure,MLB
673929,FS,10,87.03,9.228,-7.272,6.8,5.835,-1.0530000000000002,1059.1,-0.45279328175993205,-0.8811550015886226,R,0.02976190476190476,2026,Jordan Leasure,MLB
673929,SI,11,95.60909090909091,17.694545454545455,-10.145454545454545,6.863636363636363,5.982727272727273,-0.9081818181818182,2285.181818181818,-0.24604250379611142,-0.9670301315910067,R,0.03273809523809524,2026,Jordan Leasure,MLB
673929,SL,138,87.17173913043479,3.2121739130434785,6.337391304347826,6.73969465648855,5.927898550724637,-1.0288405797101448,2420.8840579710145,0.6849827742617959,-0.6462990461282538,R,0.4107142857142857,2026,Jordan Leasure,MLB
674003,CH,224,80.94955357142858,9.178392857142857,-14.190535714285714,7.176339285714286,6.1423660714285715,-0.8740625,1594.267857142857,0.7533692007174411,-0.6546849633221071,L,0.31154381084840055,2026,Cody Bradford,MLB
674003,CU,32,74.41875,-4.57875,6.7425,7.065625,6.2834375,-0.826875,1957.375,-0.6387184688851278,0.7619511602677725,L,0.04450625869262865,2026,Cody Bradford,MLB
674003,FF,370,88.57324324324324,16.823027027027027,-3.4783783783783786,7.201081081081082,6.269270270270271,-0.6721081081081082,2060.6513513513514,0.42660792203531134,-0.9021923611147071,L,0.5146036161335188,2026,Cody Bradford,MLB
674003,SI,15,88.09333333333333,13.768,-12.296,7.153333333333333,6.2733333333333325,-0.6806666666666666,1934.0666666666666,0.42935410974271154,-0.9014990396378637,L,0.02086230876216968,2026,Cody Bradford,MLB
674003,SL,78,80.76282051282051,0.8584615384615386,5.133846153846154,7.228205128205127,6.174743589743589,-0.9012820512820513,2058.2179487179487,-0.7703339890398484,-0.4062582678050873,L,0.10848400556328233,2026,Cody Bradford,MLB
674073,CH,15,85.66666666666667,4.4959999999999996,-13.208,6.96,5.568666666666667,-1.7033333333333334,1604.7333333333333,-0.8285572808004124,-0.5546616532451162,R,0.07425742574257425,2026,Jack Weisenburger,MLB
674073,FC,38,89.62894736842105,9.401052631578947,3.363157894736842,6.863157894736842,5.683684210526316,-2.06,2315.157894736842,0.04118527714685412,-0.9610496303269797,R,0.18811881188118812,2026,Jack Weisenburger,MLB
674073,FF,63,95.03492063492064,15.567619047619047,-7.257142857142857,6.863492063492063,5.8638095238095245,-1.721111111111111,2193.9523809523807,-0.49180340848582244,-0.8665962082884038,R,0.3118811881188119,2026,Jack Weisenburger,MLB
674073,SI,37,94.06756756756756,9.353513513513514,-15.347027027027028,6.85945945945946,5.551621621621622,-2.1154054054054052,2122.5405405405404,-0.5945991599776587,-0.8023888847547835,R,0.18316831683168316,2026,Jack Weisenburger,MLB
674073,ST,49,82.02448979591837,1.3322448979591837,14.091428571428573,6.848979591836735,5.590000000000001,-2.373061224489796,2350.795918367347,0.9172520623787941,0.3782956319228123,R,0.24257425742574257,2026,Jack Weisenburger,MLB
674370,CH,20,89.42999999999999,7.446000000000001,-15.474,6.385,5.781000000000001,-2.1384999999999996,2081.8,-0.7813652635842426,-0.6146009676900334,R,0.06006006006006006,2026,Osvaldo Bido,MLB
674370,FF,98,94.53877551020408,14.855510204081632,-8.462448979591837,6.296938775510204,5.814795918367347,-2.1355102040816325,2392.8469387755104,-0.6869104624710555,-0.7230726017989358,R,0.29429429429429427,2026,Osvaldo Bido,MLB
674370,SI,69,94.98985507246377,8.13391304347826,-15.643478260869566,6.36376811594203,5.751304347826086,-2.120289855072464,2333.8260869565215,-0.6618652875495554,-0.7467815393789529,R,0.2072072072072072,2026,Osvaldo Bido,MLB
674370,SL,77,87.07142857142857,1.1890909090909092,3.383376623376623,6.101298701298702,5.9957142857142856,-2.1824675324675327,2342.5714285714284,0.6474463514950216,-0.2372533318775093,R,0.23123123123123124,2026,Osvaldo Bido,MLB
674370,ST,69,85.3159420289855,3.252173913043478,10.32695652173913,6.178260869565218,5.95,-2.1568115942028983,2486.695652173913,0.9271072534734239,0.2794896204639685,R,0.2072072072072072,2026,Osvaldo Bido,MLB
674444,FC,266,93.8718045112782,8.254736842105263,0.012631578947368428,6.577443609022556,5.52906015037594,-3.0451503759398495,2136.4624060150377,-0.2553409363420247,-0.9383847086483244,R,0.28694714131607335,2026,Steven Cruz,MLB
674444,FF,523,98.48298279158699,14.289636711281071,-10.858738049713192,6.574569789674952,5.443499043977055,-3.1224665391969406,2202.636711281071,-0.6833594655727014,-0.7179911130630194,R,0.564185544768069,2026,Steven Cruz,MLB
674444,SL,138,89.43985507246377,3.1460869565217395,5.1869565217391305,6.608695652173913,5.57963768115942,-3.1910144927536233,2175.4565217391305,0.575761545096482,-0.7282289855765042,R,0.1488673139158576,2026,Steven Cruz,MLB
674841,CH,101,86.36138613861387,4.897425742574257,-15.251881188118812,6.162999999999999,6.143465346534653,-1.721980198019802,1824.57,0.7731225073561567,-0.6305617021103891,L,0.05438879913839526,2026,Andrew Alvarez,MLB
674841,CU,594,82.88030303030304,-12.395555555555555,10.8779797979798,6.168686868686868,6.49456228956229,-1.4003367003367002,2730.372053872054,-0.34092132994620084,0.9335858257478346,L,0.3198707592891761,2026,Andrew Alvarez,MLB
674841,FF,521,92.24721689059501,13.755777351247602,-3.061957773512476,6.33704414587332,6.467735124760077,-1.2457581573896352,2323.5201535508636,0.5299887730605437,-0.840955627934001,L,0.28056004308023696,2026,Andrew Alvarez,MLB
674841,SI,265,91.74981132075472,5.654490566037736,-14.01645283018868,6.267169811320755,6.1913207547169815,-1.5845660377358493,2277.0377358490564,0.6749647690170606,-0.715779437477806,L,0.14270328486806677,2026,Andrew Alvarez,MLB
674841,SL,376,84.16675531914893,-2.014468085106383,1.5082978723404254,6.240691489361702,6.384255319148936,-1.4401329787234043,2663.997340425532,-0.2623670635361457,0.8928127860583601,L,0.20247711362412493,2026,Andrew Alvarez,MLB
675512,CH,200,89.2855,1.5162,-10.62,6.921,5.4933000000000005,-1.76485,1305.29,-0.8187776817627388,-0.5633145014789976,R,0.11280315848843768,2026,Troy Melton,MLB
675512,CU,140,79.48357142857144,-8.907428571428571,16.06542857142857,6.787142857142857,5.798571428571428,-1.5447142857142857,2466.7428571428572,0.6632718403455232,0.7448062543349311,R,0.07896221094190638,2026,Troy Melton,MLB
675512,FC,389,92.16992287917738,7.4063753213367605,3.9525964010282775,6.768637532133676,5.603676092544987,-1.7870179948586118,2330.0745501285346,0.08604240311914829,-0.9726089058460093,R,0.21940214326001128,2026,Troy Melton,MLB
675512,FF,581,96.3643717728055,15.197659208261618,-6.602271944922547,6.769191049913942,5.6258175559380375,-1.673511187607573,2265.8072289156626,-0.5365228682092694,-0.8403112726520937,R,0.32769317540891146,2026,Troy Melton,MLB
675512,SI,162,95.7395061728395,10.037777777777777,-14.465185185185186,6.8314814814814815,5.5744444444444445,-1.6420987654320987,2130.740740740741,-0.5716465887496099,-0.8183000920605342,R,0.09137055837563451,2026,Troy Melton,MLB
675512,SL,301,86.94152823920267,-0.17541528239202658,6.58843853820598,6.8172757475083055,5.63641196013289,-1.78734219269103,2423.986710963455,0.9528723391607091,-0.1965673023451388,R,0.1697687535250987,2026,Troy Melton,MLB
675540,CU,37,73.21351351351352,-10.417297297297297,11.795675675675676,5.724324324324325,6.098108108108108,-1.7524324324324325,2530.945945945946,0.6544254221319266,0.7521476765733179,R,0.10632183908045977,2026,Xzavion Curry,MLB
675540,FF,131,90.77251908396947,18.666870229007635,-5.269923664122137,5.893129770992366,6.1666412213740465,-1.5783969465648855,2122.9312977099235,-0.382182875436519,-0.9218183126783643,R,0.3764367816091954,2026,Xzavion Curry,MLB
675540,FS,53,84.0,9.595471698113208,-10.732075471698112,5.866037735849056,6.024716981132076,-1.8979245283018868,1720.6603773584907,-0.46789502654495274,-0.8807538745723145,R,0.15229885057471265,2026,Xzavion Curry,MLB
675540,SI,27,89.34814814814816,12.613333333333333,-10.671111111111111,5.833333333333333,6.084444444444444,-1.7851851851851852,2172.259259259259,-0.33890620380703235,-0.9387272183886639,R,0.07758620689655173,2026,Xzavion Curry,MLB
675540,SL,100,83.756,3.9696,5.562,5.792000000000001,6.0938,-1.8718000000000001,2366.71,0.4726427728418258,-0.8068689884800492,R,0.28735632183908044,2026,Xzavion Curry,MLB
675627,FC,14,89.71428571428571,10.56,5.2457142857142856,6.992857142857143,5.929285714285714,-1.407142857142857,2418.214285714286,0.007363394602235391,-0.9922366760883381,R,0.17073170731707318,2026,Michael Grove,MLB
675627,FF,16,94.1625,16.875,-1.5975000000000001,6.95625,6.008125,-1.269375,2301.625,-0.310479266152655,-0.9486228599877901,R,0.1951219512195122,2026,Michael Grove,MLB
675627,SI,18,93.67222222222222,15.493333333333332,-9.646666666666667,6.983333333333333,6.008333333333334,-1.1783333333333335,2263.5,-0.30853547332163256,-0.9495592793274814,R,0.21951219512195122,2026,Michael Grove,MLB
675627,SL,34,85.14411764705882,-0.8082352941176472,5.527058823529412,6.955882352941177,5.973529411764706,-1.1985294117647058,2341.176470588235,0.9257737038197453,0.2508185476713711,R,0.4146341463414634,2026,Michael Grove,MLB
675660,CH,101,86.25841584158417,3.807920792079208,-12.615445544554456,6.082178217821782,5.40970297029703,-1.62019801980198,1645.979797979798,0.8375059485386339,-0.48791505207572294,L,0.050474762618690654,2026,Shane Drohan,MLB
675660,CU,259,80.6980694980695,-8.585791505791505,10.177297297297297,6.007335907335908,5.584362934362934,-1.6265250965250964,2888.3937007874015,-0.6888569319180777,0.7180902527678642,L,0.1294352823588206,2026,Shane Drohan,MLB
675660,FC,235,90.93787234042554,11.222297872340425,-0.748595744680851,6.123404255319149,5.466042553191489,-1.689276595744681,2685.271111111111,0.513380357851316,-0.8300483873087076,L,0.11744127936031984,2026,Shane Drohan,MLB
675660,FF,535,94.88859813084112,14.088672897196261,-11.620485981308411,6.208411214953271,5.426242990654205,-1.6507289719626168,2443.0948766603415,0.7486359954701246,-0.6550090997196758,L,0.2673663168415792,2026,Shane Drohan,MLB
675660,SI,439,94.85694760820044,7.813120728929385,-16.3951708428246,6.217084282460137,5.428861047835991,-1.657266514806378,2399.4532710280373,0.7606222949815251,-0.6241677924718464,L,0.2193903048475762,2026,Shane Drohan,MLB
675660,SL,432,86.52083333333333,-0.08111111111111109,3.546666666666667,6.088425925925925,5.433495370370371,-1.680439814814815,2862.892018779343,-0.8510387405140222,0.241785819458213,L,0.2158920539730135,2026,Shane Drohan,MLB
675848,CH,27,93.22962962962963,6.657777777777778,-13.0,5.981481481481482,5.771851851851852,-2.007407407407407,2062.296296296296,-0.7193535342259322,-0.6734950016217761,R,0.020594965675057208,2026,Juan Mejia,MLB
675848,FF,708,96.85381355932203,10.542203389830508,-4.84457627118644,6.041666666666667,5.9319350282485885,-1.7379096045197742,2461.1398305084745,-0.4962438059413713,-0.8624638081941531,R,0.540045766590389,2026,Juan Mejia,MLB
675848,SI,60,96.03166666666667,6.922,-10.906,5.991666666666666,5.786166666666667,-2.0923333333333334,2489.883333333333,-0.47571599695286254,-0.8736604212823949,R,0.04576659038901602,2026,Juan Mejia,MLB
675848,SL,25,87.932,1.8528,5.1024,5.968,5.8272,-2.1984,2859.4,0.9383418194274552,0.03126301910589294,R,0.01906941266209001,2026,Juan Mejia,MLB
675848,ST,491,83.92403258655804,-1.7535641547861507,14.008716904276985,5.943177189409369,5.827535641547862,-1.9545213849287169,2869.949083503055,0.8719453445159829,0.46826989085443266,R,0.37452326468344777,2026,Juan Mejia,MLB
675911,CH,71,85.51830985915493,8.124507042253521,-15.542535211267605,6.79718309859155,5.705915492957747,-1.9209859154929576,2095.9154929577467,-0.7347569676194633,-0.6754174883543503,R,0.10274963820549927,2026,Spencer Strider,MLB
675911,CU,100,78.031,-6.860399999999999,6.4056,6.705,5.821899999999999,-1.8111000000000002,2645.33,0.8449474618778245,0.4985477515229759,R,0.1447178002894356,2026,Spencer Strider,MLB
675911,FF,329,95.1322188449848,17.38577507598784,-8.894954407294833,6.7395136778115505,5.837355623100304,-1.705531914893617,2337.577507598784,-0.4769463445327879,-0.87737509305279,R,0.4761215629522431,2026,Spencer Strider,MLB
675911,SL,191,83.965445026178,4.7855497382198955,4.233298429319372,6.7434554973821985,5.78261780104712,-1.8189005235602096,2188.4083769633507,0.15502851496412234,-0.9485902664903634,R,0.276410998552822,2026,Spencer Strider,MLB
675916,CU,64,84.0078125,-5.698125,0.05625000000000001,5.634375,6.4328125,-0.11750000000000001,2503.578125,0.460010791795116,0.8686197470334822,R,0.3950617283950617,2026,James Karinchak,MLB
675916,FF,98,94.98979591836735,19.038367346938774,-6.472653061224491,5.830612244897959,6.4616326530612245,-0.07510204081632653,2407.3367346938776,-0.44291810201270804,-0.8927808403511132,R,0.6049382716049383,2026,James Karinchak,MLB
675919,SI,20,91.67,10.23,-13.608,6.635,5.83,-1.2185000000000001,2069.2,0.521093237768893,-0.8503163967659741,L,0.28169014084507044,2026,Nick Raquet,MLB
675919,SL,20,84.53999999999999,-4.32,4.6259999999999994,6.57,5.8935,-1.2255,2391.8,-0.8071167822734239,0.4224405398994939,L,0.28169014084507044,2026,Nick Raquet,MLB
675919,ST,31,82.8483870967742,-2.5625806451612902,16.420645161290324,6.548387096774194,5.663548387096774,-1.5735483870967741,2400.4193548387098,-0.8024039811497734,0.5757305022235596,L,0.43661971830985913,2026,Nick Raquet,MLB
675920,SI,19,91.70526315789475,2.431578947368421,-15.738947368421053,5.773684210526316,5.816315789473684,-1.4989473684210526,2004.6315789473683,0.7753407564181373,-0.6267028699277543,L,1.0,2026,Seth Lonsway,MLB
675989,CH,42,89.49285714285713,1.5342857142857143,-14.454285714285716,5.973809523809524,5.63,-2.4633333333333334,2017.6666666666667,-0.775007320153431,-0.5370688976411897,R,0.10741687979539642,2026,Cody Bolton,MLB
675989,CU,45,79.19555555555556,-11.701333333333332,13.568,6.028888888888889,5.860222222222221,-2.296222222222222,2683.711111111111,0.7649993968368323,0.6414070530043395,R,0.11508951406649616,2026,Cody Bolton,MLB
675989,FC,93,90.70860215053763,6.1329032258064515,5.412903225806452,6.232258064516129,5.5441935483870965,-2.4309677419354836,2586.3655913978496,0.22809374356282408,-0.9457220872589879,R,0.23785166240409208,2026,Cody Bolton,MLB
675989,FF,111,94.82522522522522,14.401081081081081,-4.148108108108108,6.331531531531531,5.663603603603604,-2.2713513513513512,2330.4864864864867,-0.4878441230892292,-0.8677559632423428,R,0.28388746803069054,2026,Cody Bolton,MLB
675989,SI,59,94.50508474576272,8.046101694915254,-15.319322033898306,6.227118644067796,5.61542372881356,-2.2447457627118643,2256.101694915254,-0.6075065149078837,-0.7909850993170968,R,0.15089514066496162,2026,Cody Bolton,MLB
675989,ST,41,82.12439024390244,0.9980487804878049,15.017560975609756,6.2317073170731705,5.566341463414634,-2.4295121951219514,2694.0243902439024,0.8808016694831103,0.4450046153820188,R,0.10485933503836317,2026,Cody Bolton,MLB
676051,CH,50,87.116,5.04,-17.4912,7.343999999999999,5.5412,-1.5794,2141.02,-0.9762129026425957,-0.2075013198955787,R,0.24154589371980675,2026,Codi Heuer,MLB
676051,FF,87,95.48735632183907,13.146206896551725,-12.988965517241379,7.189655172413793,5.64816091954023,-1.6526436781609195,2420.1954022988507,-0.7949496955248287,-0.6022445008165022,R,0.42028985507246375,2026,Codi Heuer,MLB
676051,SL,70,86.54857142857142,0.47485714285714287,4.246285714285714,7.2057142857142855,5.5481428571428575,-1.7102857142857142,2328.6714285714284,0.6243321723367261,-0.6252809725482522,R,0.33816425120772947,2026,Codi Heuer,MLB
676083,CH,351,87.30883190883192,1.2413675213675215,-13.983589743589743,6.337037037037038,5.536495726495726,-1.3093162393162392,1400.8885714285714,-0.8624163830794789,-0.48958099051704923,R,0.17359050445103857,2026,Janson Junk,MLB
676083,CU,185,80.74432432432432,-13.765621621621621,8.095783783783784,6.423783783783784,5.74654054054054,-0.9982702702702703,2510.881081081081,0.6270346258732711,0.7737030402716181,R,0.09149357072205737,2026,Janson Junk,MLB
676083,FF,724,94.08508287292818,18.47254143646409,-6.222430939226519,6.365331491712707,5.701988950276243,-0.9892265193370167,2349.220994475138,-0.4681056660855351,-0.8756176509272169,R,0.3580613254203759,2026,Janson Junk,MLB
676083,SI,78,93.57179487179488,10.812307692307693,-14.583076923076923,6.43974358974359,5.526153846153846,-1.2152564102564103,2241.923076923077,-0.5477950067039716,-0.8292492747514143,R,0.03857566765578635,2026,Janson Junk,MLB
676083,SL,391,86.23452685421994,1.555703324808184,5.93923273657289,6.40537084398977,5.73076726342711,-0.8980562659846547,2448.176470588235,0.726896325481465,-0.6130230701074887,R,0.1933728981206726,2026,Janson Junk,MLB
676083,ST,293,80.1,1.1823890784982936,15.815017064846417,6.5399317406143345,5.633515358361774,-1.0764846416382254,2423.0341296928327,0.8872143588255588,0.4460590996927889,R,0.14490603363006924,2026,Janson Junk,MLB
676105,FF,33,95.35454545454544,10.901818181818182,-8.392727272727273,6.024242424242424,5.5633333333333335,-2.8084848484848486,2367.151515151515,-0.6843262784957984,-0.7268811246927276,R,0.4714285714285714,2026,Jeff Criswell,MLB
676105,SL,37,87.81891891891892,2.1502702702702705,2.1924324324324327,5.954054054054055,5.586216216216216,-2.8183783783783785,2495.162162162162,-0.17412824033292545,-0.3525827385820318,R,0.5285714285714286,2026,Jeff Criswell,MLB
676106,CH,108,87.06574074074075,-1.1211111111111112,-15.217777777777778,6.185185185185185,4.884351851851852,-2.9830555555555556,1531.0277777777778,-0.9901890548087978,0.10039304619521311,R,0.04974666052510364,2026,Emerson Hancock,MLB
676106,CU,97,76.1360824742268,-6.770721649484536,13.63298969072165,6.057731958762886,5.386701030927835,-2.8402061855670104,2577.721649484536,0.9173641120239314,0.38880297668849323,R,0.04467987102717642,2026,Emerson Hancock,MLB
676106,FC,252,85.84087301587302,3.658095238095238,3.546190476190476,6.152777777777778,5.310595238095238,-2.781626984126984,2299.0476190476193,0.3917657115661794,-0.7808597855508979,R,0.11607554122524183,2026,Emerson Hancock,MLB
676106,FF,857,95.41061843640605,8.975915985997666,-12.12098016336056,6.231971995332556,5.023138856476079,-2.906581096849475,2355.767794632439,-0.9112296966049733,-0.3962098129179607,R,0.39474896361123907,2026,Emerson Hancock,MLB
676106,SI,508,94.80531496062991,0.31015748031496065,-18.023622047244096,6.214370078740157,4.913917322834646,-2.975196850393701,2356.753937007874,-0.9441970300854078,-0.31912054169401943,R,0.23399355135882083,2026,Emerson Hancock,MLB
676106,ST,349,77.20114613180516,2.8624641833810887,16.51805157593123,6.075358166189112,5.001604584527221,-3.041461318051576,2612.5128939828082,0.961394717334349,0.2598850356035263,R,0.16075541225241824,2026,Emerson Hancock,MLB
676130,FF,16,94.11875,16.95,-4.3725000000000005,6.25,5.485625,-2.175,2479.0,-0.465474398450144,-0.8800584604698257,R,0.2962962962962963,2026,José Buttó,MLB
676130,SI,25,92.49600000000001,10.32,-15.2976,6.343999999999999,5.389600000000001,-2.1471999999999998,2237.52,-0.47103585859690933,-0.8738738175434232,R,0.46296296296296297,2026,José Buttó,MLB
676130,SL,13,85.08461538461538,0.18461538461538454,2.575384615384616,6.223076923076923,5.380769230769231,-2.226153846153846,2655.6153846153848,0.5294076580979613,0.12793190076155384,R,0.24074074074074073,2026,José Buttó,MLB
676254,FF,25,94.32799999999999,7.5552,-9.4944,6.412000000000001,4.9736,-3.3044,2256.36,-0.709674544441653,-0.4347102256901262,R,0.040584415584415584,2026,Ryan Walker,MLB
676254,SI,402,95.11343283582089,3.058805970149254,-16.437910447761194,6.357070707070707,4.9755223880597015,-3.4635820895522387,2328.6965174129355,-0.8364712616634864,-0.4936370258146207,R,0.6525974025974026,2026,Ryan Walker,MLB
676254,SL,189,83.20476190476191,2.9847619047619047,16.643809523809523,6.398369565217391,5.027619047619048,-3.49973544973545,2498.5343915343915,0.8987565222311393,0.4240519970819117,R,0.3068181818181818,2026,Ryan Walker,MLB
676263,CU,171,80.7859649122807,-16.630175438596492,6.640701754385964,6.651461988304094,6.0122222222222215,-2.0135087719298244,2542.9181286549706,-0.37374655109410976,0.9258794795330372,L,0.16301239275500476,2026,Jack Dreyer,MLB
676263,FF,499,94.04028056112224,19.528496993987975,-6.152224448897796,6.656112224448898,5.985390781563126,-1.7447094188376753,2460.4288577154307,0.3765418406936479,-0.9248841745810497,L,0.47569113441372735,2026,Jack Dreyer,MLB
676263,SL,379,88.64722955145119,3.5531398416886546,2.9189445910290237,6.549868073878629,6.018337730870712,-2.1578891820580477,2394.2480211081793,0.07543821109715795,-0.6961964164550398,L,0.36129647283126787,2026,Jack Dreyer,MLB
676272,CH,10,89.39,7.9799999999999995,-17.232,6.74,6.035,-0.9720000000000001,2296.1,-0.863901061182203,-0.4967717666793295,R,0.07407407407407407,2026,Bobby Miller,MLB
676272,CU,57,79.81754385964913,-13.635789473684211,11.559999999999999,6.696491228070175,6.277719298245613,-0.9842105263157895,2867.9824561403507,0.6265967953862892,0.7748410300489198,R,0.4222222222222222,2026,Bobby Miller,MLB
676272,FF,49,97.22448979591837,15.017142857142858,-7.187755102040816,6.740816326530613,6.051836734693878,-1.0581632653061224,2371.265306122449,-0.5753378697427353,-0.8142653205202867,R,0.362962962962963,2026,Bobby Miller,MLB
676272,SI,19,95.9578947368421,13.503157894736843,-14.753684210526316,6.752631578947369,6.031052631578947,-1.0973684210526315,2363.315789473684,-0.5444421608174225,-0.8367070632306407,R,0.14074074074074075,2026,Bobby Miller,MLB
676282,CH,689,81.07619738751814,12.714600870827287,-9.382467343976778,7.262844702467344,5.857793904208998,-0.6903918722786647,1445.9390420899854,0.7533028864689494,-0.6527021051204703,L,0.24615934262236513,2026,Joey Cantillo,MLB
676282,CU,853,79.98007033997655,-16.952919109026965,9.732098475967174,6.98675263774912,5.982028135990621,-0.9446072684642438,2657.348182883939,-0.45578989621788496,0.8876541605016153,L,0.3047516970346552,2026,Joey Cantillo,MLB
676282,FC,224,87.06160714285714,6.6883928571428575,2.506607142857143,7.147321428571429,5.717991071428571,-1.0828125,2006.4776785714287,-0.5002499906147165,-0.8153286579995552,L,0.08002858163629868,2026,Joey Cantillo,MLB
676282,FF,920,92.2154347826087,16.42904347826087,-6.683869565217391,7.270652173913043,5.871739130434783,-0.6840652173913044,1875.4880434782608,0.48981113480847094,-0.8676951392448424,L,0.32868881743479816,2026,Joey Cantillo,MLB
676282,SL,113,82.78938053097346,-5.967079646017699,3.860176991150442,7.017699115044247,5.9255752212389385,-0.6869026548672567,2325.2743362831857,-0.761478022270737,0.6384440499654224,L,0.040371561271882815,2026,Joey Cantillo,MLB
676395,CH,107,88.3214953271028,-1.3794392523364485,-15.077383177570093,6.214953271028038,5.634672897196261,-3.6595327102803736,1706.6355140186915,0.9165003156248223,-0.38792726576250414,L,0.35313531353135313,2026,Robert Garcia,MLB
676395,FF,134,93.96268656716418,14.344477611940299,-10.372835820895522,6.363432835820896,5.6809701492537314,-3.625149253731343,2269.3283582089553,0.7785077817078172,-0.6212810980512323,L,0.44224422442244227,2026,Robert Garcia,MLB
676395,SL,62,84.93870967741935,0.09096774193548385,5.425161290322581,6.425806451612903,5.7132258064516135,-3.5641935483870966,2421.7741935483873,-0.9263784514399975,-0.055039497945810395,L,0.20462046204620463,2026,Robert Garcia,MLB
676428,CH,55,87.59272727272727,0.14181818181818182,-14.736,6.096363636363637,5.861272727272727,-3.5809090909090906,1645.8727272727272,0.8973537989824585,-0.408199554107299,L,0.10826771653543307,2026,Brant Hurter,MLB
676428,FF,23,91.71739130434783,8.932173913043478,-6.114782608695653,6.086956521739131,6.00695652173913,-3.4791304347826086,2076.782608695652,0.7590395268012166,-0.5293605584227784,L,0.045275590551181105,2026,Brant Hurter,MLB
676428,SI,278,91.83920863309352,1.9648920863309354,-16.060575539568347,6.0780575539568344,5.931726618705036,-3.4974460431654677,2061.528776978417,0.8314093564603263,-0.5300495220523183,L,0.547244094488189,2026,Brant Hurter,MLB
676428,ST,152,81.1828947368421,1.1242105263157895,13.522894736842105,5.852631578947369,5.935789473684211,-3.6442105263157893,2660.375,-0.8983587646113925,0.4292062993436425,L,0.2992125984251969,2026,Brant Hurter,MLB
676440,CH,468,80.90149572649572,12.959743589743589,-11.722051282051282,6.644871794871795,6.22025641025641,-2.1314102564102564,1868.2564102564102,-0.5130118450533326,-0.8507463682243824,R,0.15404871626069783,2026,Tanner Bibee,MLB
676440,CU,336,78.075,-7.957142857142857,14.116785714285713,6.604464285714285,6.338958333333333,-2.112589285714286,2578.7113095238096,0.6332744795670134,0.7629393990597567,R,0.11059907834101383,2026,Tanner Bibee,MLB
676440,FC,737,85.75888738127544,2.067842605156038,6.9280868385345995,6.617232021709633,6.254789687924016,-2.335671641791045,2677.291723202171,0.8937799845509602,-0.12202103410011211,R,0.24259381171823569,2026,Tanner Bibee,MLB
676440,FF,714,93.97605042016806,15.605882352941176,-4.767731092436975,6.721288515406163,6.3448319327731095,-2.027717086834734,2163.112044817927,-0.40115448510466173,-0.9103184127452375,R,0.2350230414746544,2026,Tanner Bibee,MLB
676440,SI,628,93.24633757961783,9.180764331210192,-14.535286624203822,6.648248407643313,6.205668789808917,-2.515414012738854,2144.2555910543133,-0.5896730393710273,-0.8020095915180895,R,0.20671494404213298,2026,Tanner Bibee,MLB
676440,ST,155,82.4683870967742,-0.623225806451613,16.427612903225807,6.538064516129032,6.123225806451613,-2.5111612903225806,2628.722580645161,0.8332784060271017,0.5333803539073375,R,0.05102040816326531,2026,Tanner Bibee,MLB
676454,FF,48,93.65833333333335,14.06,-1.405,6.716666666666666,5.543958333333333,-2.0066666666666664,2358.9791666666665,0.4770072755754861,-0.872706133737878,L,0.48,2026,Brendan Cellucci,MLB
676454,ST,52,84.29807692307692,6.276923076923077,14.044615384615383,6.628846153846154,5.505961538461539,-2.0584615384615383,2456.7115384615386,-0.9845536507313464,0.09347975634905234,L,0.52,2026,Brendan Cellucci,MLB
676467,CH,38,83.98684210526316,7.21578947368421,-13.016842105263157,6.95,5.5102631578947365,-2.7221052631578946,1409.1315789473683,0.8131268183792011,-0.5731446495480433,L,0.14285714285714285,2026,Colton Gordon,MLB
676467,FF,77,91.28181818181818,15.827532467532468,-11.431168831168831,6.824675324675325,5.742727272727273,-2.304025974025974,1977.064935064935,0.7009420306897882,-0.7102114900590202,L,0.2894736842105263,2026,Colton Gordon,MLB
676467,SI,58,91.52758620689656,13.812413793103449,-15.815172413793103,6.958620689655173,5.622241379310345,-2.835,2090.1724137931033,0.6698033703239178,-0.7385012998903717,L,0.21804511278195488,2026,Colton Gordon,MLB
676467,SL,18,84.55555555555556,4.0,3.3533333333333335,6.827777777777778,5.452222222222222,-2.63,2416.5,-0.4350910721652804,-0.6195919685820341,L,0.06766917293233082,2026,Colton Gordon,MLB
676467,ST,75,81.50533333333333,7.3072,9.7472,6.898648648648648,5.282266666666667,-3.0542666666666665,2544.4666666666667,-0.969096270350819,0.06156669166572115,L,0.2819548872180451,2026,Colton Gordon,MLB
676477,CH,146,84.31232876712329,0.7947945205479452,-15.714246575342466,7.254109589041096,5.88945205479452,-1.011095890410959,2245.513698630137,-0.9845567554807371,-0.13953194648444586,R,0.18527918781725888,2026,Garrett Whitlock,MLB
676477,SI,447,94.9496644295302,16.089664429530202,-11.38255033557047,7.193288590604027,5.970201342281879,-0.8661521252796421,2178.1968680089485,-0.7085529696270412,-0.702602090730855,R,0.567258883248731,2026,Garrett Whitlock,MLB
676477,SL,195,86.08564102564102,-1.6596923076923076,0.33415384615384613,7.195897435897436,5.981435897435898,-0.9924102564102565,1966.5435897435898,0.2357204336417545,0.8215607273928127,R,0.24746192893401014,2026,Garrett Whitlock,MLB
676508,CU,17,81.12941176470588,-15.070588235294117,8.971764705882354,5.911764705882353,6.228235294117646,-0.5505882352941176,3078.176470588235,0.589199840899038,0.805765707886418,R,0.13178294573643412,2026,Ben Casparius,MLB
676508,FC,19,92.73157894736842,10.12421052631579,5.292631578947368,5.931578947368421,6.113157894736842,-0.7778947368421052,2737.6315789473683,0.13582871503453328,-0.9694979281312582,R,0.14728682170542637,2026,Ben Casparius,MLB
676508,FF,53,95.8,18.40754716981132,-2.3773584905660377,5.89622641509434,6.186037735849057,-0.7424528301886792,2480.245283018868,-0.31193375472749163,-0.9482880352811125,R,0.4108527131782946,2026,Ben Casparius,MLB
676508,ST,40,87.1225,2.34,11.148,5.8875,6.136,-0.9275,3075.675,0.9043233285010814,0.39941692368777554,R,0.31007751937984496,2026,Ben Casparius,MLB
676510,CH,20,85.28,-7.44,-14.4,6.58,3.5475000000000003,-2.5345,1841.6,-0.9266870486958805,0.36508134277755655,R,0.08733624454148471,2026,Nolan Hoffman,MLB
676510,CU,11,78.16363636363636,-4.450909090909091,15.436363636363637,6.5181818181818185,3.810909090909091,-2.5627272727272725,2397.909090909091,0.9764730172792441,0.20116626340783972,R,0.048034934497816595,2026,Nolan Hoffman,MLB
676510,FC,60,88.36666666666666,6.468,-2.5420000000000003,6.433333333333334,3.809833333333333,-2.561,2321.75,-0.546684166762421,-0.7311530763903104,R,0.26200873362445415,2026,Nolan Hoffman,MLB
676510,FF,58,93.16724137931034,5.86551724137931,-17.621379310344828,6.537931034482758,3.7732758620689655,-2.4844827586206897,2455.448275862069,-0.9744208005028522,-0.2172533949115427,R,0.25327510917030566,2026,Nolan Hoffman,MLB
676510,SI,56,92.80892857142858,-0.51,-18.379285714285714,6.526785714285714,3.707678571428571,-2.509642857142857,2208.035714285714,-0.9881500454445048,-0.142642216585619,R,0.2445414847161572,2026,Nolan Hoffman,MLB
676510,ST,24,80.57916666666667,5.415,13.145000000000001,6.45,3.814166666666667,-2.5629166666666667,2500.1666666666665,0.9919521305380893,0.08403115625168694,R,0.10480349344978165,2026,Nolan Hoffman,MLB
676534,CU,154,85.54415584415584,-13.982337662337663,10.279480519480519,5.918181818181818,5.7848701298701295,-1.1674025974025974,3044.5194805194806,0.5685864002303316,0.817187751424687,R,0.13106382978723405,2026,Calvin Faucher,MLB
676534,FC,375,93.24906666666666,4.60384,3.25664,5.88,5.713253333333332,-1.32568,2748.445333333333,0.12715271038010778,-0.8287937254224778,R,0.3191489361702128,2026,Calvin Faucher,MLB
676534,FF,131,96.312213740458,14.27175572519084,-8.424732824427482,5.955725190839695,5.482366412213741,-1.4642748091603053,2418.8396946564885,-0.7115561550977416,-0.6887183746518442,R,0.11148936170212766,2026,Calvin Faucher,MLB
676534,SI,187,96.00588235294117,4.58951871657754,-16.1075935828877,5.9096256684491975,5.57620320855615,-1.4040106951871658,2287.818181818182,-0.6995721124970881,-0.7007842901140579,R,0.15914893617021278,2026,Calvin Faucher,MLB
676534,SL,29,91.5206896551724,-0.1820689655172414,3.0744827586206895,5.875862068965517,5.881379310344828,-1.1237931034482758,2900.8275862068967,0.7119491777922673,0.04655840881320349,R,0.02468085106382979,2026,Calvin Faucher,MLB
676534,ST,299,87.69632107023412,-1.05752508361204,14.87076923076923,5.922073578595318,5.50448160535117,-1.4664882943143813,3054.9632107023413,0.7838071039070131,0.6087435333163007,R,0.25446808510638297,2026,Calvin Faucher,MLB
676568,CH,47,84.59148936170212,1.6927659574468086,-13.10808510638298,6.672340425531916,5.549148936170213,-2.0487234042553193,1371.5531914893618,-0.9426676596670852,-0.32535654738007413,R,0.2554347826086957,2026,Ricky Vanasco,MLB
676568,CU,44,82.83636363636364,-13.118181818181819,6.04909090909091,6.493181818181818,5.663409090909091,-1.9622727272727274,2306.568181818182,0.4901490411256278,0.8669174818352594,R,0.2391304347826087,2026,Ricky Vanasco,MLB
676568,FF,93,93.83655913978494,14.923870967741935,-12.348387096774195,6.812903225806452,5.6110752688172045,-1.85,2188.1935483870966,-0.6638516279080143,-0.7450892540687077,R,0.5054347826086957,2026,Ricky Vanasco,MLB
676571,CH,82,80.3719512195122,-2.6063414634146342,-13.497073170731706,6.143902439024391,4.380487804878048,-2.4273170731707316,1548.841463414634,0.9956868792649121,0.0676862671474474,L,0.12330827067669173,2026,PJ Poulin,MLB
676571,FF,196,90.17040816326531,8.64795918367347,-14.68591836734694,6.463265306122449,4.443112244897959,-2.306938775510204,2178.9948979591836,0.9270084245266412,-0.36869801548118325,L,0.29473684210526313,2026,PJ Poulin,MLB
676571,SI,152,88.9967105263158,0.8778947368421053,-17.290263157894735,6.346,4.260921052631579,-2.395657894736842,2094.815789473684,0.9591441413350037,-0.25538053174041847,L,0.22857142857142856,2026,PJ Poulin,MLB
676571,ST,235,79.0272340425532,5.57004255319149,7.959829787234042,6.431914893617021,4.354638297872341,-2.4829787234042553,2376.0,-0.8447036855872053,-0.15818696199251267,L,0.3533834586466165,2026,PJ Poulin,MLB
676596,CH,20,81.325,-1.8959999999999997,-13.77,6.659999999999999,5.1850000000000005,-3.2994999999999997,1608.45,0.9727140997393438,-0.2227901396374224,L,0.2631578947368421,2026,Josh Fleming,MLB
676596,CU,26,77.11538461538461,0.18,12.849230769230768,6.56923076923077,5.376153846153846,-3.2776923076923077,2218.5,-0.9080606786130824,0.3259430345875182,L,0.34210526315789475,2026,Josh Fleming,MLB
676596,SI,30,89.48,2.2239999999999998,-16.916,6.316666666666666,5.374333333333333,-3.027,1708.1333333333334,0.905588356667117,-0.41717814193198666,L,0.39473684210526316,2026,Josh Fleming,MLB
676604,CU,44,83.32727272727273,-5.46,11.618181818181817,5.9,5.149545454545454,-2.1929545454545454,2965.2954545454545,0.8867657546529343,0.44823021073724495,R,0.05994550408719346,2026,Tyler Zuber,MLB
676604,FF,295,95.40237288135593,15.677288135593221,-9.211525423728814,6.101016949152542,5.078610169491526,-2.2915254237288134,2377.0440677966103,-0.6893380939279524,-0.720887899739136,R,0.4019073569482289,2026,Tyler Zuber,MLB
676604,SI,85,94.68941176470588,5.8094117647058825,-15.958588235294117,6.115294117647058,4.929647058823529,-2.4848235294117647,2182.141176470588,-0.7886865039426935,-0.6111683977306017,R,0.11580381471389646,2026,Tyler Zuber,MLB
676604,SL,132,89.06515151515151,2.579090909090909,5.996363636363636,5.976515151515152,5.111666666666666,-2.308560606060606,2671.818181818182,0.6862872745467355,-0.5976655956423327,R,0.17983651226158037,2026,Tyler Zuber,MLB
676604,ST,178,83.64157303370787,6.8137078651685385,16.644269662921346,5.965730337078652,4.742865168539326,-2.6578089887640446,2748.3146067415732,0.9737210153940518,0.197475620710751,R,0.24250681198910082,2026,Tyler Zuber,MLB
676617,CH,12,91.01666666666667,4.0,-15.780000000000001,6.7749999999999995,5.554166666666667,-1.6733333333333331,1903.5,-0.7392494658636121,-0.6674565769064249,R,0.011288805268109126,2026,Riley O'Brien,MLB
676617,SI,620,97.72887096774194,4.654258064516129,-16.11058064516129,6.769193548387096,5.687612903225807,-1.6256129032258064,2197.425806451613,-0.7272972126793875,-0.6810946364555374,R,0.5832549388523048,2026,Riley O'Brien,MLB
676617,SL,82,90.55853658536586,3.6790243902439026,2.1526829268292684,6.780487804878049,5.482439024390244,-1.8480487804878047,2444.5731707317073,0.05655165075602905,-0.6817569502284323,R,0.07714016933207903,2026,Riley O'Brien,MLB
676617,ST,349,82.85472779369627,-4.369512893982808,14.633810888252148,6.724068767908309,5.38702005730659,-1.8301432664756447,2317.9856733524357,0.8093046498568818,0.5794955807344226,R,0.32831608654750705,2026,Riley O'Brien,MLB
676620,CH,22,86.53636363636363,2.449090909090909,-11.72181818181818,6.572727272727272,5.382272727272727,-3.005909090909091,2014.590909090909,0.8874720355061679,-0.4293616013718736,L,0.07746478873239436,2026,Blake Weiman,MLB
676620,FF,17,90.05882352941177,13.016470588235293,-1.5388235294117647,6.4411764705882355,5.857647058823529,-2.46,2378.235294117647,0.41455969683188215,-0.9013517352951874,L,0.05985915492957746,2026,Blake Weiman,MLB
676620,SI,36,90.44722222222222,9.793333333333333,-12.066666666666668,6.475,5.578333333333333,-2.7575,2246.4166666666665,0.5124928639737211,-0.8537187067164393,L,0.1267605633802817,2026,Blake Weiman,MLB
676620,SL,69,83.79855072463769,0.0904347826086957,7.24,6.430434782608695,5.742173913043478,-2.573768115942029,2572.3478260869565,-0.8705406593189435,-0.37089391150429285,L,0.24295774647887325,2026,Blake Weiman,MLB
676620,ST,140,79.19785714285715,1.8848571428571428,16.31057142857143,6.524285714285714,5.5895,-2.7561428571428572,2641.092857142857,-0.9498668579309723,0.30390242628459846,L,0.49295774647887325,2026,Blake Weiman,MLB
676661,FC,33,87.83939393939393,4.018181818181818,4.12,6.884848484848486,6.002424242424243,-0.5157575757575757,2322.5757575757575,0.301441950403559,-0.9188402775260652,R,0.21153846153846154,2026,Max Lazar,MLB
676661,FF,61,94.74590163934427,18.119999999999997,-3.1101639344262293,6.947540983606557,5.988524590163935,-0.48672131147540987,2466.0,-0.30355322360632103,-0.9508227607133634,R,0.391025641025641,2026,Max Lazar,MLB
676661,FS,35,86.41142857142857,4.553142857142857,-10.745142857142858,7.02,5.914000000000001,-0.588,1197.4857142857143,-0.7254828068329175,-0.6846862136004394,R,0.22435897435897437,2026,Max Lazar,MLB
676661,KC,27,82.27407407407408,-14.96,5.155555555555555,6.8,5.963703703703704,-0.5255555555555556,2498.962962962963,0.3849629309155799,0.9217833501755099,R,0.17307692307692307,2026,Max Lazar,MLB
676664,CH,110,84.96181818181817,1.8392727272727272,-16.302545454545456,6.276363636363636,4.731454545454546,-1.3496363636363637,1718.581818181818,0.9732369696093086,-0.22081175949298879,L,0.21153846153846154,2026,JP Sears,MLB
676664,FF,182,93.01868131868133,13.515824175824177,-11.04065934065934,6.351098901098902,5.0212637362637365,-1.0731318681318682,1950.857142857143,0.7501095433539207,-0.658412223953396,L,0.35,2026,JP Sears,MLB
676664,SI,78,91.84871794871795,9.263076923076923,-15.238461538461538,6.344871794871795,4.8302564102564105,-1.1765384615384615,1985.3376623376623,0.8021433486683723,-0.594529346375199,L,0.15,2026,JP Sears,MLB
676664,SL,74,81.15,-1.9897297297297298,4.628108108108108,6.356756756756757,4.733513513513513,-1.3222972972972973,2279.7297297297296,-0.9552142278116623,0.15978960136036297,L,0.1423076923076923,2026,JP Sears,MLB
676664,ST,76,79.70263157894736,5.805789473684211,12.361578947368422,6.328947368421052,4.703684210526316,-1.4101315789473685,2217.2894736842104,-0.9729430038003053,-0.09179614672883499,L,0.14615384615384616,2026,JP Sears,MLB
676680,FF,75,88.58800000000001,10.459200000000001,-5.3392,6.038666666666666,4.8136,-2.5684,2523.0666666666666,0.7522594619935252,-0.6453323737451369,L,0.2798507462686567,2026,Tom Cosgrove,MLB
676680,SI,15,88.31333333333333,6.576,-12.072000000000001,6.093333333333334,4.836666666666667,-2.6726666666666667,2523.3333333333335,0.742723126333371,-0.6578371594003651,L,0.055970149253731345,2026,Tom Cosgrove,MLB
676680,ST,178,73.35617977528089,1.8775280898876403,18.268314606741573,5.8393258426966295,4.5874719101123596,-2.941685393258427,2798.0955056179773,-0.9831705313019701,0.1651303718350823,L,0.664179104477612,2026,Tom Cosgrove,MLB
676684,CH,58,89.41896551724139,4.911724137931034,-15.161379310344827,6.375862068965517,5.616896551724137,-1.9941379310344827,1613.7758620689656,-0.7736743964090057,-0.6296752728673521,R,0.11439842209072978,2026,Will Vest,MLB
676684,FF,223,95.79686098654709,16.800538116591927,-5.746008968609865,6.3753363228699556,5.719865470852018,-1.8544394618834081,2247.251121076233,-0.5117772236215086,-0.856460098854002,R,0.43984220907297833,2026,Will Vest,MLB
676684,SI,78,95.28846153846153,11.315384615384616,-14.218461538461538,6.365384615384615,5.692564102564102,-1.9283333333333332,2145.653846153846,-0.5521737579311454,-0.8314147922003888,R,0.15384615384615385,2026,Will Vest,MLB
676684,SL,148,87.73648648648648,-1.2145945945945946,3.488918918918919,6.320945945945946,5.6043918918918925,-2.035810810810811,2664.027027027027,0.47029362840380895,0.6824680445823607,R,0.29191321499013806,2026,Will Vest,MLB
676702,FC,11,93.4909090909091,10.036363636363637,3.48,6.454545454545454,5.877272727272728,-2.46,2438.6363636363635,-0.17850588317633836,-0.9722029241941805,R,0.2037037037037037,2026,Hunter Stratton,MLB
676702,FF,25,96.75200000000001,14.078399999999998,-2.4672,6.452000000000001,5.962000000000001,-2.354,2496.76,-0.3696248607289602,-0.9218772089567625,R,0.46296296296296297,2026,Hunter Stratton,MLB
676702,SL,18,84.85555555555555,-2.586666666666667,8.333333333333334,6.627777777777777,5.761111111111111,-2.4972222222222222,2640.222222222222,0.9881589464429514,0.10581590532988776,R,0.3333333333333333,2026,Hunter Stratton,MLB
676742,CH,69,90.5376811594203,0.010434782608695624,-13.132173913043479,6.021739130434782,5.917681159420289,-2.993913043478261,1720.9855072463768,-0.8549958832274356,-0.5059381978643244,R,0.12614259597806216,2026,Cam Sanders,MLB
676742,FF,250,95.9636,15.84672,-5.682720000000001,6.178,5.91176,-3.10208,2595.064,-0.558604975407429,-0.8256587095654484,R,0.4570383912248629,2026,Cam Sanders,MLB
676742,SI,16,95.625,5.235,-14.370000000000001,6.18125,5.829375,-3.000625,2467.4375,-0.6372015544753858,-0.766139404369635,R,0.029250457038391225,2026,Cam Sanders,MLB
676742,SL,212,85.6566037735849,-0.6328301886792452,3.5733962264150945,5.961320754716981,6.018962264150943,-3.0023584905660377,2728.8190476190475,0.7490975812042925,0.09684213166806216,R,0.3875685557586837,2026,Cam Sanders,MLB
676755,CH,75,85.99066666666667,5.6352,-9.1632,6.78,5.8664000000000005,-1.4045333333333334,1255.96,-0.8123908387258346,-0.5646158710312273,R,0.10107816711590296,2026,Isaac Mattson,MLB
676755,FF,523,94.14894837476099,18.12642447418738,-9.289101338432122,6.703824091778203,5.860458891013384,-1.3583938814531549,2352.5869980879543,-0.5112587017080117,-0.8564351455540693,R,0.7048517520215634,2026,Isaac Mattson,MLB
676755,SL,68,84.9779411764706,2.9752941176470586,2.5376470588235294,6.547058823529412,5.926617647058824,-1.4232352941176472,2194.323529411765,0.58921565672759,-0.1921884454180145,R,0.09164420485175202,2026,Isaac Mattson,MLB
676755,ST,76,82.93157894736842,-0.361578947368421,8.80421052631579,6.481578947368422,5.9848684210526315,-1.4225,2305.684210526316,0.7697458094567794,0.5922156004227851,R,0.10242587601078167,2026,Isaac Mattson,MLB
676760,CH,293,81.80887372013652,1.039863481228669,-17.883276450511946,6.843003412969283,4.934436860068259,-2.9960409556313996,2219.641638225256,-0.9905441989992503,0.015958377639218063,R,0.2756349952963311,2026,Ron Marinaccio,MLB
676760,FC,221,86.48325791855203,6.3279638009049775,2.154027149321267,6.743891402714932,5.116470588235294,-2.7799547511312217,2201.126696832579,0.21702740104021773,-0.9017562513366023,R,0.2079021636876764,2026,Ron Marinaccio,MLB
676760,FF,452,93.72455752212389,13.155398230088496,-14.090442477876106,6.645796460176991,5.0288938053097345,-2.876305309734513,2180.754424778761,-0.7642000097484855,-0.6393489485615497,R,0.42521166509877706,2026,Ron Marinaccio,MLB
676760,ST,97,81.89896907216495,4.621855670103093,11.204536082474226,6.829896907216495,4.814226804123711,-2.7736082474226804,2422.1546391752577,0.9730753942135473,0.1522126522130336,R,0.09125117591721543,2026,Ron Marinaccio,MLB
676775,FF,158,96.07848101265823,14.373417721518987,-9.546075949367088,6.192405063291139,6.220886075949367,-1.4227215189873417,2343.481012658228,-0.6908441630301108,-0.7195040258340374,R,0.2453416149068323,2026,Keaton Winn,MLB
676775,FS,294,89.28707482993198,0.4359183673469388,-13.49469387755102,6.306802721088435,6.115204081632653,-1.489047619047619,1555.938775510204,-0.883237942411713,-0.45877416380750824,R,0.45652173913043476,2026,Keaton Winn,MLB
676775,SI,144,95.3423611111111,6.516666666666667,-13.191666666666666,6.217361111111111,6.180208333333334,-1.4406249999999998,2312.5625,-0.6684453929831577,-0.7318830591273184,R,0.2236024844720497,2026,Keaton Winn,MLB
676775,SL,48,88.39791666666667,2.8425,0.66,6.183333333333334,6.1085416666666665,-1.4758333333333333,2291.2916666666665,-0.2406156880833734,-0.09945264128105785,R,0.07453416149068323,2026,Keaton Winn,MLB
676879,CH,198,91.8808080808081,4.056969696969697,-13.322424242424242,5.586363636363636,6.448434343434343,-0.49601010101010096,1805.0858585858587,0.6926760296488162,-0.6943809322935561,L,0.11884753901560624,2026,Aaron Ashby,MLB
676879,CU,367,83.66321525885559,-17.18877384196185,6.977329700272479,5.525068119891008,6.487765667574933,-0.37166212534059945,2716.4550408719347,-0.40204699067012545,0.912323848969174,L,0.22028811524609843,2026,Aaron Ashby,MLB
676879,FF,31,97.18709677419355,14.051612903225807,-5.341935483870968,5.467741935483871,6.612258064516129,-0.27999999999999997,2213.032258064516,0.4849162935327283,-0.861493689241345,L,0.018607442977190875,2026,Aaron Ashby,MLB
676879,SI,876,97.6359589041096,8.446301369863013,-13.713972602739727,5.514954337899543,6.589714611872147,-0.24944063926940638,2097.6575342465753,0.49207668525470444,-0.8602604674067819,L,0.5258103241296519,2026,Aaron Ashby,MLB
676879,SL,194,85.12577319587629,-6.575257731958763,8.933195876288659,5.509278350515464,6.4399999999999995,-0.4744845360824742,2538.1082474226805,-0.4218346791030872,0.8759473262321381,L,0.11644657863145258,2026,Aaron Ashby,MLB
676910,FC,22,86.61818181818181,8.956363636363637,3.2072727272727275,6.4818181818181815,5.668181818181818,-0.6495454545454545,2384.0,-0.09781761262727963,-0.9686212816832022,R,0.4230769230769231,2026,Matt Seelinger,MLB
676910,FF,20,92.785,20.663999999999998,-1.9140000000000001,6.565,5.6295,-0.618,2452.05,-0.25171552083474313,-0.9663792580582447,R,0.38461538461538464,2026,Matt Seelinger,MLB
676910,KC,10,80.78,-5.279999999999999,-0.756,6.459999999999999,5.822,-0.11399999999999999,1558.0,-0.2175988781308935,0.973569283549152,R,0.19230769230769232,2026,Matt Seelinger,MLB
676917,CH,218,89.12247706422019,4.4933944954128435,-17.48697247706422,6.328899082568808,5.9387614678899086,-2.0329816513761467,1961.119266055046,-0.8816352401061958,-0.4626588028777558,R,0.07659873506676036,2026,Cade Cavalli,MLB
676917,FC,181,93.54419889502762,8.245524861878453,1.1065193370165747,6.3,5.9633701657458555,-1.8111049723756907,2291.160220994475,-0.3809916978006896,-0.8965478032038955,R,0.06359803232607168,2026,Cade Cavalli,MLB
676917,FF,929,96.8114101184069,14.574251883745964,-6.125812701829925,6.394066882416397,6.022669537136706,-1.8650161463939718,2299.5775862068967,-0.5932616495563997,-0.7965961351294769,R,0.3264230498945889,2026,Cade Cavalli,MLB
676917,KC,755,86.15350993377484,-10.783152317880795,7.022622516556291,6.277586206896552,6.074834437086093,-1.8430993377483442,2250.2934926958833,0.5546829420306671,0.8232300946725064,R,0.2652846099789178,2026,Cade Cavalli,MLB
676917,SI,359,96.10779944289693,7.369805013927577,-14.594206128133704,6.389972144846797,5.948857938718662,-2.0143454038997213,2149.626740947075,-0.6479871788793115,-0.7558697750888559,R,0.12614195361911454,2026,Cade Cavalli,MLB
676917,ST,404,86.27004950495049,-7.651485148514851,14.437722772277228,6.232920792079208,5.8678217821782175,-2.0475247524752476,2301.1955445544554,0.6296096395738956,0.771964682891416,R,0.14195361911454674,2026,Cade Cavalli,MLB
676962,CH,60,90.12666666666668,4.394,-10.136,6.553333333333333,6.2218333333333335,-1.6178333333333332,1290.2833333333333,-0.7635805241055039,-0.6373846395997226,R,0.057692307692307696,2026,Ben Brown,MLB
676962,FF,382,96.36151832460733,15.934240837696334,-8.267120418848167,6.610471204188481,6.301361256544502,-1.5686125654450263,2205.9633507853405,-0.5707740238855107,-0.8123536750664143,R,0.36730769230769234,2026,Ben Brown,MLB
676962,KC,382,86.79973821989529,-3.235602094240838,2.875916230366492,6.428010471204188,6.413952879581152,-1.469371727748691,2304.547120418848,0.8882527025527579,0.3605315416800293,R,0.36730769230769234,2026,Ben Brown,MLB
676962,SI,216,96.44861111111112,12.553333333333333,-14.659444444444444,6.631944444444445,6.299537037037037,-1.494074074074074,2145.847222222222,-0.556638846003928,-0.805095667956274,R,0.2076923076923077,2026,Ben Brown,MLB
676974,CH,183,87.16939890710383,5.3685245901639345,-14.337704918032788,5.893989071038251,5.740819672131147,-1.2742622950819673,1591.8688524590164,-0.784200879911904,-0.6144173567701828,R,0.10229178311906093,2026,Max Meyer,MLB
676974,FF,430,95.1,17.420651162790698,-9.189209302325581,6.127906976744186,5.961116279069768,-0.9740232558139534,2613.8558139534885,-0.6356091871139741,-0.769478175039179,R,0.2403577417551705,2026,Max Meyer,MLB
676974,SI,173,93.56127167630058,8.896647398843932,-16.39491329479769,6.060115606936416,5.829710982658959,-1.1508670520231215,2454.0867052023123,-0.7158883116510892,-0.6950853111081435,R,0.09670206819452208,2026,Max Meyer,MLB
676974,SL,466,90.14678111587983,-1.6254077253218886,0.9337339055793992,6.058583690987125,5.909420600858369,-0.976824034334764,2690.8798283261804,-0.051871046163612364,0.904776460639725,R,0.2604807154835103,2026,Max Meyer,MLB
676974,ST,537,88.98715083798882,-6.348156424581005,8.887374301675978,6.0251396648044695,5.758938547486034,-1.1552327746741156,2799.290502793296,0.31400644493366625,0.9341772844863627,R,0.30016769144773614,2026,Max Meyer,MLB
676979,CH,22,88.23636363636363,5.901818181818182,-12.883636363636363,6.840909090909091,5.947727272727272,-2.3922727272727276,1819.090909090909,0.7476079423623524,-0.651693430194697,L,0.03618421052631579,2026,Garrett Crochet,MLB
676979,FC,157,90.91528662420383,6.768152866242038,2.8547770700636943,6.780254777070064,6.139872611464968,-2.418471337579618,2615.2229299363057,-0.028429112047099088,-0.8984549805319912,L,0.2582236842105263,2026,Garrett Crochet,MLB
676979,FF,198,95.78131313131314,16.37939393939394,-8.040606060606061,6.806060606060606,6.097323232323232,-2.4682828282828284,2383.10101010101,0.6273343812316722,-0.7712864762512961,L,0.3256578947368421,2026,Garrett Crochet,MLB
676979,SI,140,95.2342857142857,8.142857142857142,-16.127142857142857,6.817142857142857,5.975071428571429,-2.522357142857143,2357.35,0.6840617534186644,-0.7246691231521921,L,0.23026315789473684,2026,Garrett Crochet,MLB
676979,ST,91,83.32637362637362,-1.32,13.777582417582417,6.662637362637362,6.186593406593407,-2.285934065934066,2408.197802197802,-0.8290519316763698,0.5419990993400942,L,0.14967105263157895,2026,Garrett Crochet,MLB
677020,CH,50,85.694,8.5824,-13.7928,7.104,5.979400000000001,-3.076,1814.6,0.5013892279447633,-0.8607178025224025,L,0.09900990099009901,2026,Josh Walker,MLB
677020,FF,127,93.02047244094489,15.822992125984252,-3.4129133858267715,7.11259842519685,6.234566929133858,-2.8741732283464567,2187.968503937008,0.4696444062423781,-0.878383936896371,L,0.2514851485148515,2026,Josh Walker,MLB
677020,SI,137,92.65255474452555,9.865401459854015,-12.76029197080292,7.152554744525547,6.155036496350365,-2.964014598540146,2131.3284671532847,0.48834880135829,-0.8671617152493621,L,0.2712871287128713,2026,Josh Walker,MLB
677020,SL,191,83.16858638743456,3.6584293193717277,5.901989528795811,7.206282722513089,6.0245549738219895,-3.0280104712041886,2053.0314136125653,-0.903028078207655,-0.12425219527014915,L,0.3782178217821782,2026,Josh Walker,MLB
677053,CH,48,89.49583333333334,4.8575,-15.409999999999998,6.6812499999999995,5.436458333333333,-3.1429166666666664,1486.8541666666667,0.8151537859489921,-0.5717317739708905,L,0.11678832116788321,2026,Andrew Nardi,MLB
677053,FF,199,94.39849246231155,17.16964824120603,-7.139095477386935,6.691959798994975,5.658492462311558,-2.999899497487437,2383.708542713568,0.6179062329304164,-0.7828224732636667,L,0.48418491484184917,2026,Andrew Nardi,MLB
677053,SL,59,85.75084745762712,1.9647457627118645,5.379661016949152,6.6169491525423725,5.588983050847458,-3.118983050847458,2354.8474576271187,-0.9010395941347445,-0.17179533601983482,L,0.1435523114355231,2026,Andrew Nardi,MLB
677053,ST,105,82.50571428571429,4.034285714285715,13.952,6.612380952380952,5.546571428571428,-3.109142857142857,2460.4285714285716,-0.9520799656983406,0.264697228654476,L,0.25547445255474455,2026,Andrew Nardi,MLB
677161,CH,10,83.6,2.2920000000000003,-18.612000000000002,7.35,5.25,-2.9850000000000003,2080.0,-0.9926595829120985,-0.09212083021442431,R,0.032679738562091505,2026,Zack Kelly,MLB
677161,FC,137,90.7065693430657,7.141313868613139,3.84963503649635,7.185401459854014,5.411532846715328,-3.2804379562043797,2471.985401459854,0.08549091777014678,-0.9785555774726309,R,0.4477124183006536,2026,Zack Kelly,MLB
677161,FF,44,96.0909090909091,15.77727272727273,-7.527272727272727,7.05,5.522954545454545,-3.1904545454545454,2188.931818181818,-0.5752359338755203,-0.814614357427181,R,0.1437908496732026,2026,Zack Kelly,MLB
677161,SI,49,95.93673469387754,10.929795918367345,-16.302857142857142,7.091836734693878,5.457959183673469,-3.186938775510204,2182.8571428571427,-0.6335808220042797,-0.761460193242191,R,0.16013071895424835,2026,Zack Kelly,MLB
677161,ST,66,81.63181818181818,2.4581818181818185,18.3,7.157575757575757,5.24969696969697,-3.3192424242424243,2618.4242424242425,0.912731629201766,0.38956901636133723,R,0.21568627450980393,2026,Zack Kelly,MLB
677312,SL,12,81.625,-1.2,14.089999999999998,6.558333333333334,5.588333333333334,-2.658333333333333,2391.0833333333335,0.8292027641254486,0.4737366685712674,R,1.0,2026,Zane Mills,MLB
677865,CH,116,80.27844827586206,-0.02896551724137935,-11.043103448275861,6.8870689655172415,4.757586206896551,-3.4742241379310346,1426.7327586206898,0.9213270050498915,-0.36019983057459537,L,0.08669656203288491,2026,Justin Bruihl,MLB
677865,FC,16,87.39375,6.15,0.4575,6.56875,5.2456249999999995,-3.211875,2449.8125,0.4526804196936265,-0.7029266120326801,L,0.01195814648729447,2026,Justin Bruihl,MLB
677865,FF,83,91.70602409638555,11.838072289156628,-5.5359036144578315,6.633734939759036,5.152650602409639,-3.2448192771084337,2257.012048192771,0.7905061424335028,-0.5938271871800365,L,0.06203288490284006,2026,Justin Bruihl,MLB
677865,SI,581,90.17142857142856,1.8883993115318418,-16.042616179001723,6.647676419965577,4.851927710843373,-3.475972461273666,2168.511187607573,0.8408752947920104,-0.5149916913893846,L,0.4342301943198804,2026,Justin Bruihl,MLB
677865,ST,542,77.90940959409595,-1.6047232472324724,17.88287822878229,6.741512915129151,4.832158671586717,-3.525092250922509,2547.512915129151,-0.8557107426529118,0.5114543920752616,L,0.40508221225710017,2026,Justin Bruihl,MLB
677944,CH,41,83.14634146341463,5.288780487804878,-12.46829268292683,6.699999999999999,5.762195121951219,-2.232439024390244,1425.0487804878048,-0.7841092573819087,-0.6169064818774797,R,0.019922254616132166,2026,Slade Cecconi,MLB
677944,CU,306,76.06405228758169,-12.79372549019608,9.132941176470588,6.462745098039216,6.007352941176471,-1.914019607843137,2425.4444444444443,0.6202802137515173,0.7803036249978258,R,0.14868804664723032,2026,Slade Cecconi,MLB
677944,FC,519,88.53410404624277,6.900346820809249,1.3939884393063584,6.473603082851638,5.775664739884394,-2.237552986512524,2254.495183044316,-0.2264773063757351,-0.9188535933668976,R,0.2521865889212828,2026,Slade Cecconi,MLB
677944,FF,561,93.6204991087344,16.164491978609625,-10.971336898395721,6.520855614973262,5.899180035650624,-2.0549910873440282,2374.9607843137255,-0.6634608821452461,-0.7458068963709783,R,0.2725947521865889,2026,Slade Cecconi,MLB
677944,SI,409,93.5119804400978,9.173105134474328,-16.51452322738386,6.602444987775061,5.738899755501222,-2.2282151589242054,2273.474327628362,-0.749731824583492,-0.6597424295336607,R,0.1987366375121477,2026,Slade Cecconi,MLB
677944,SL,92,83.42934782608695,-5.246086956521739,2.433913043478261,6.5,5.8713043478260865,-2.2668478260869565,2534.5652173913045,0.8106792046330185,0.5535778248694208,R,0.04470359572400389,2026,Slade Cecconi,MLB
677944,ST,130,83.00999999999999,-0.2630769230769231,10.79723076923077,6.526923076923077,5.7476153846153855,-2.234923076923077,2493.376923076923,0.7920851042078777,0.5796337289124663,R,0.06316812439261418,2026,Slade Cecconi,MLB
677952,CU,638,84.96065830721004,-10.561692789968651,6.855987460815047,6.056426332288401,6.234043887147336,-0.8175705329153605,2731.438871473354,0.6756963110691687,0.7313637085287689,R,0.26440116038126815,2026,Braxton Ashcraft,MLB
677952,FF,739,97.28119079837619,15.337591339648172,-9.416995940460081,6.363870094722597,6.098024357239512,-0.888403247631935,2346.5629228687417,-0.6856223778350787,-0.7229555230785333,R,0.3062577704102777,2026,Braxton Ashcraft,MLB
677952,FS,100,91.79,5.7576,-14.6952,6.309,6.038200000000001,-1.0059,1899.12,-0.7559773140252145,-0.6507163961164961,R,0.04144218814753419,2026,Braxton Ashcraft,MLB
677952,SI,400,97.05875,6.794099999999999,-16.1742,6.358,6.026575,-0.922225,2309.325,-0.7059538374791103,-0.7041260587612722,R,0.16576875259013676,2026,Braxton Ashcraft,MLB
677952,SL,536,91.7901119402985,4.433507462686568,0.9976119402985075,6.209141791044776,6.126865671641791,-0.9175932835820895,2595.0671641791046,-0.054638654800293375,-0.9057839224366749,R,0.22213012847078326,2026,Braxton Ashcraft,MLB
677955,CH,150,85.49466666666667,1.1592,-13.4328,6.188666666666666,5.480466666666667,-1.2082666666666668,1603.1133333333332,-0.9757597520583954,-0.20631625065027426,R,0.20949720670391062,2026,Jaden Hill,MLB
677955,FF,225,96.95733333333334,13.293333333333333,-9.155733333333334,5.827111111111111,5.6546666666666665,-1.2241777777777778,2423.648888888889,-0.7451622141802111,-0.6632367008542199,R,0.31424581005586594,2026,Jaden Hill,MLB
677955,SI,149,97.39395973154363,8.079463087248321,-15.308456375838926,5.865100671140939,5.6888590604026845,-1.1812080536912752,2325.2751677852348,-0.733888133158441,-0.6763546279788138,R,0.20810055865921787,2026,Jaden Hill,MLB
677955,SL,192,88.26510416666667,0.11750000000000001,2.715,5.8390625,5.556718750000001,-1.3288541666666667,2461.9166666666665,0.6753233916982361,-0.43359376198549215,R,0.2681564245810056,2026,Jaden Hill,MLB
677957,SI,10,92.51,16.584,-9.936,7.040000000000001,5.627000000000001,-2.342,2371.0,0.6890292522452354,-0.70781687655552,L,1.0,2026,Brandon Neeck,MLB
677958,CH,81,88.74691358024691,6.238518518518519,-14.521481481481482,6.818518518518518,5.817901234567901,-2.2909876543209875,1635.0246913580247,-0.7849369973474888,-0.6156880544607479,R,0.03245192307692308,2026,Kumar Rocker,MLB
677958,FC,352,90.20681818181818,7.179545454545454,0.8645454545454545,6.705113636363635,5.813835227272727,-2.2492045454545457,2157.8210227272725,-0.47259601155224934,-0.8619933745461771,R,0.14102564102564102,2026,Kumar Rocker,MLB
677958,FF,368,94.52146739130436,12.15,-10.533260869565218,6.748369565217391,5.700597826086957,-2.2664673913043476,2154.103260869565,-0.7247511338501414,-0.6848891243860483,R,0.14743589743589744,2026,Kumar Rocker,MLB
677958,FS,20,87.985,3.906,-13.494,6.705,5.7795000000000005,-2.211,1602.45,-0.7680749744103273,-0.6323094856377885,R,0.008012820512820512,2026,Kumar Rocker,MLB
677958,SI,736,94.30502717391305,7.567989130434783,-16.101847826086956,6.786277173913043,5.797880434782608,-2.2344157608695654,2141.313858695652,-0.6857766055974353,-0.7237456159552814,R,0.2948717948717949,2026,Kumar Rocker,MLB
677958,SL,939,83.10734824281151,-4.020191693290735,0.793482428115016,6.737273695420661,5.96580404685836,-2.060670926517572,2187.4771033013844,0.5909383584175296,0.7428007978672423,R,0.3762019230769231,2026,Kumar Rocker,MLB
677960,CH,590,85.74983050847457,0.7783728813559322,-12.426305084745763,5.824149659863945,5.422305084745762,-2.786135593220339,1952.1271186440679,0.8952317193890623,-0.4047378984335022,L,0.24769101595298068,2026,Ryan Weathers,MLB
677960,FF,538,95.91189591078067,15.313382899628253,-10.967509293680298,5.752173913043478,5.558810408921933,-2.6147955390334574,2381.5780669144983,0.7203359414948655,-0.6905851005691233,L,0.2258606213266163,2026,Ryan Weathers,MLB
677960,SI,495,94.17171717171718,8.346181818181817,-17.74642424242424,5.726262626262626,5.4145252525252525,-2.7884646464646465,2285.29696969697,0.7817250413204417,-0.6189577025443156,L,0.20780856423173805,2026,Ryan Weathers,MLB
677960,SL,277,86.88411552346571,1.1055595667870037,3.8378339350180504,5.764963503649635,5.5404332129963905,-2.7116606498194944,2652.4259927797834,-0.7579155063724269,-0.1214233152398361,L,0.11628883291351805,2026,Ryan Weathers,MLB
677960,ST,482,81.29668049792531,0.5345228215767635,13.266970954356847,5.7105042016806715,5.314398340248963,-3.034979253112033,2625.7510373443984,-0.8573072115931071,0.47238827530201205,L,0.20235096557514692,2026,Ryan Weathers,MLB
677961,CH,59,87.8406779661017,-0.7098305084745762,-16.08406779661017,6.3118644067796605,5.701864406779661,-2.172033898305085,1515.4915254237287,-0.9907588834428983,-0.111821796909576,R,0.11823647294589178,2026,Cole Wilcox,MLB
677961,FF,136,96.62426470588235,11.091176470588236,-13.549411764705882,6.373529411764706,5.755,-2.196764705882353,2101.735294117647,-0.8300630531172442,-0.5547968377937195,R,0.2725450901803607,2026,Cole Wilcox,MLB
677961,SI,82,96.58658536585367,7.437073170731708,-18.032195121951222,6.39390243902439,5.682560975609756,-2.267560975609756,1998.5243902439024,-0.8465942187523624,-0.5295137113615032,R,0.16432865731462926,2026,Cole Wilcox,MLB
677961,SL,89,87.54606741573033,-1.0894382022471911,-0.25887640449438204,6.4,5.787640449438203,-2.308988764044944,2181.1685393258426,0.2781050240590068,0.921605456711679,R,0.17835671342685372,2026,Cole Wilcox,MLB
677961,ST,133,86.50526315789475,-4.85593984962406,10.401203007518799,6.2368421052631575,5.712706766917293,-2.2981954887218046,2172.2556390977443,0.5459846852242847,0.8314507262683811,R,0.2665330661322645,2026,Cole Wilcox,MLB
677976,CH,279,84.71397849462366,-3.5212903225806453,-7.958279569892474,5.703225806451613,5.320179211469534,-2.0329749103942656,1477.0358422939069,-0.9957034511942274,0.027855327857308,R,0.22072784810126583,2026,Randy Dobnak,MLB
677976,FF,122,92.23114754098361,8.625245901639344,-12.03049180327869,5.718032786885246,5.513442622950819,-1.8960655737704917,2033.8934426229507,-0.8993823790613099,-0.4092051466422582,R,0.09651898734177215,2026,Randy Dobnak,MLB
677976,SI,488,91.46413934426229,1.3064754098360658,-14.713032786885247,5.7579918032786885,5.42702868852459,-1.9401434426229507,1949.2397540983607,-0.898866958419545,-0.425995020986487,R,0.3860759493670886,2026,Randy Dobnak,MLB
677976,SL,63,83.74761904761905,-3.0685714285714285,-2.1676190476190476,5.552380952380952,5.456825396825397,-2.0266666666666664,2224.7301587301586,0.37522779426924274,0.8645624277910904,R,0.049841772151898736,2026,Randy Dobnak,MLB
677976,ST,312,82.43012820512821,-1.083846153846154,8.627692307692309,5.563461538461539,5.356185897435898,-2.0924679487179487,2480.852564102564,0.7465062825712373,0.624898376013773,R,0.2468354430379747,2026,Randy Dobnak,MLB
678020,FF,325,98.9356923076923,14.362707692307692,-9.143630769230768,6.8529230769230765,6.042984615384616,-2.1410769230769233,2310.396923076923,-0.5631083301060616,-0.8221942889224231,R,0.5996309963099631,2026,Seth Halvorsen,MLB
678020,FS,48,90.61458333333333,5.7425,-11.782499999999999,6.835416666666667,5.883333333333333,-2.563125,1616.1458333333333,-0.7560700409409523,-0.6490780504363142,R,0.08856088560885608,2026,Seth Halvorsen,MLB
678020,SI,12,98.05,10.459999999999999,-14.71,6.825,5.756666666666667,-2.3891666666666667,2115.3333333333335,-0.6314510196307631,-0.7728581061809673,R,0.02214022140221402,2026,Seth Halvorsen,MLB
678020,SL,157,86.65477707006369,-2.08968152866242,5.511592356687898,6.798089171974522,6.106369426751592,-2.1380891719745225,2629.0382165605097,0.8180021646735183,0.539095860529636,R,0.2896678966789668,2026,Seth Halvorsen,MLB
678022,CH,389,89.52185089974293,0.3917737789203084,-12.837223650385605,6.332390745501286,5.474498714652956,-1.8600771208226223,1182.9537275064267,-0.9513868557103047,-0.3002765861878625,R,0.18837772397094432,2026,Jack Perkins,MLB
678022,CU,34,84.5,-7.881176470588235,4.927058823529412,6.344117647058823,5.569117647058824,-1.7197058823529412,2805.0,0.681967892591264,0.7260211975161037,R,0.01646489104116223,2026,Jack Perkins,MLB
678022,FC,315,92.61619047619047,7.65447619047619,-0.6312380952380953,6.2628571428571425,5.363873015873016,-1.9826984126984126,2456.069841269841,-0.5071261024518432,-0.8406337292590177,R,0.15254237288135594,2026,Jack Perkins,MLB
678022,FF,607,95.72767710049423,14.560527182866556,-9.887841845140033,6.330642504118616,5.4030477759472815,-2.1069192751235586,2237.4365733113673,-0.6905229468171894,-0.7186558480634037,R,0.2939467312348668,2026,Jack Perkins,MLB
678022,SI,114,94.80175438596491,8.913684210526316,-16.045263157894738,6.32719298245614,5.367719298245614,-1.7476315789473684,2262.964912280702,-0.7046088242047771,-0.7069717450852456,R,0.05520581113801453,2026,Jack Perkins,MLB
678022,SL,19,88.29473684210525,-1.7936842105263158,4.206315789473685,6.326315789473685,5.443157894736842,-2.261578947368421,2738.8947368421054,0.7941385106233655,0.1582359678668698,R,0.009200968523002421,2026,Jack Perkins,MLB
678022,ST,587,86.26456558773425,1.7378534923339013,11.86609880749574,6.2456558773424184,5.35679727427598,-2.101788756388416,2773.4071550255535,0.8157645823032984,0.5484105429631101,R,0.28426150121065374,2026,Jack Perkins,MLB
678061,CS,17,80.13529411764705,-8.943529411764706,8.59764705882353,6.2176470588235295,5.385294117647058,-1.5358823529411765,2315.764705882353,-0.7210999423577084,0.6849053371545486,L,0.05647840531561462,2026,Ray Kerr,MLB
678061,CU,99,81.13333333333333,-3.3878787878787877,0.8242424242424242,6.214141414141414,5.326262626262626,-1.566060606060606,2023.3333333333333,-0.53192632115428,0.8285384663318546,L,0.3289036544850498,2026,Ray Kerr,MLB
678061,FC,23,90.8913043478261,9.062608695652173,-0.6678260869565217,6.247826086956521,5.264347826086956,-1.6708695652173913,2059.391304347826,0.590969871683399,-0.7992720181138301,L,0.07641196013289037,2026,Ray Kerr,MLB
678061,FF,96,94.68333333333334,14.70375,-8.60375,6.1968749999999995,5.2960416666666665,-1.5435416666666668,2239.875,0.6383491507624653,-0.7666475709269384,L,0.31893687707641194,2026,Ray Kerr,MLB
678061,SI,66,94.30454545454546,10.24909090909091,-14.892727272727273,6.203030303030303,5.25030303030303,-1.5883333333333334,2068.621212121212,0.6151179858267458,-0.7851554337687183,L,0.21926910299003322,2026,Ray Kerr,MLB
678368,CH,42,80.6595238095238,2.5571428571428574,-15.274285714285714,6.057142857142857,5.519523809523809,-1.276904761904762,1799.9761904761904,-0.8566139421473854,-0.4667337384480503,R,0.19534883720930232,2026,Valente Bellozo,MLB
678368,FC,55,86.48181818181818,10.066909090909093,0.874909090909091,5.990909090909091,5.8385454545454545,-0.9838181818181818,2389.4545454545455,0.19443778068801845,-0.9625487841346462,R,0.2558139534883721,2026,Valente Bellozo,MLB
678368,FF,45,90.60444444444444,15.098666666666668,-4.688000000000001,6.022222222222222,5.855555555555555,-0.898888888888889,2075.6666666666665,-0.4884297436464781,-0.8699919377493547,R,0.20930232558139536,2026,Valente Bellozo,MLB
678368,SI,25,88.56,7.579199999999999,-12.398399999999999,6.004,5.7379999999999995,-1.1064,2026.92,-0.5452068982961688,-0.8332468638357173,R,0.11627906976744186,2026,Valente Bellozo,MLB
678368,ST,48,79.12083333333334,4.7700000000000005,12.6175,6.04375,5.754791666666667,-1.054375,2640.8958333333335,0.9854003420271488,-0.03189077925739094,R,0.22325581395348837,2026,Valente Bellozo,MLB
678391,EP,53,45.58867924528302,14.458867924528302,1.8860377358490565,3.8264150943396227,7.246226415094339,-1.0416981132075471,1118.98,-0.1986257003897223,-0.9608482737793749,R,1.0,2026,Jorbit Vivas,MLB
678394,CH,392,89.08418367346938,5.618571428571428,-16.243163265306123,6.276785714285714,5.4687755102040825,-1.8177551020408163,1753.0765306122448,-0.8902838619389114,-0.4450096691075207,R,0.203425012973534,2026,Brayan Bello,MLB
678394,CU,64,83.440625,-8.296875,1.779375,6.1875,5.821875,-1.5178125,2438.546875,0.5087917893769524,0.8551921078206692,R,0.03321224701608718,2026,Brayan Bello,MLB
678394,FC,277,87.53826714801444,2.31898916967509,-0.12866425992779784,6.196750902527076,5.664981949458484,-1.556606498194946,2327.231046931408,-0.3720015894475897,-0.10358547706322371,R,0.14374675661650232,2026,Brayan Bello,MLB
678394,FF,185,95.80216216216218,12.009729729729731,-6.060324324324324,6.235135135135135,5.680864864864865,-1.548108108108108,2015.0216216216215,-0.6570630289974279,-0.7463792189059507,R,0.096004151530877,2026,Brayan Bello,MLB
678394,SI,746,95.36380697050937,6.233887399463808,-16.28702412868633,6.24343163538874,5.662265415549598,-1.574450402144772,2005.0174262734583,-0.7140516833098738,-0.6913314971756653,R,0.38713025428126624,2026,Brayan Bello,MLB
678394,ST,263,86.04144486692016,-3.379619771863118,8.389505703422053,6.102661596958175,5.544410646387833,-1.7496958174904944,2324.8631178707224,0.4869430126255929,0.8534309779849327,R,0.13648157758173327,2026,Brayan Bello,MLB
678576,FF,13,95.8076923076923,10.144615384615385,-14.27076923076923,7.5,5.394615384615384,-2.2884615384615383,2215.6923076923076,-0.887511017417987,-0.4537120531955151,R,0.26,2026,Wilkin Ramos,MLB
678576,SI,37,94.47837837837838,3.70054054054054,-18.038918918918917,7.440540540540541,5.395675675675675,-2.3805405405405407,2128.5945945945946,-0.9044411190247851,-0.4207455353082178,R,0.74,2026,Wilkin Ramos,MLB
678606,CH,198,87.6,3.593939393939394,-18.811515151515152,5.918181818181818,5.61020202020202,-2.9973737373737372,2244.7979797979797,0.9871996846474568,-0.008277269951385283,L,0.1778975741239892,2026,José A. Ferrer,MLB
678606,SI,769,97.53888166449934,6.125461638491547,-18.33113133940182,6.004551365409623,5.770559167750325,-2.9016124837451236,2141.2058047493406,0.9171779720269192,-0.38716520065106036,L,0.6909254267744834,2026,José A. Ferrer,MLB
678606,SL,146,88.4054794520548,0.3493150684931507,2.716438356164384,5.775342465753425,5.647397260273973,-3.094452054794521,2443.554794520548,-0.702751820117192,0.03842581416061603,L,0.13117699910152741,2026,José A. Ferrer,MLB
678868,CH,50,89.36,4.7376,-12.3648,6.482,5.5454,-1.6912,1981.72,-0.9075383822383547,-0.41402163632497496,R,0.3048780487804878,2026,Eddy Yean,MLB
678868,SI,97,96.7762886597938,5.245360824742268,-12.25360824742268,6.465979381443299,5.509587628865979,-1.6715463917525772,2348.6907216494847,-0.6291477140512589,-0.7671406734949368,R,0.5914634146341463,2026,Eddy Yean,MLB
678868,SL,17,88.72941176470589,3.317647058823529,-0.11294117647058825,6.347058823529412,5.55,-1.8288235294117647,2517.529411764706,-0.5017812522057311,-0.16192115782002053,R,0.10365853658536585,2026,Eddy Yean,MLB
678906,CH,126,86.9515873015873,4.366666666666667,-14.61142857142857,6.461904761904762,5.593333333333333,-2.333968253968254,1640.3095238095239,-0.8793523318635268,-0.4698940266725686,R,0.09859154929577464,2026,Kai-Wei Teng,MLB
678906,CU,116,82.40862068965517,-8.322413793103449,16.389310344827585,6.282758620689655,5.644568965517241,-2.3185344827586207,2622.2413793103447,0.6562147542948582,0.7461606456627288,R,0.09076682316118936,2026,Kai-Wei Teng,MLB
678906,FF,349,93.34527220630372,13.306590257879655,-9.941432664756446,6.334957020057307,5.5470773638968485,-2.2892836676217767,2471.908309455587,-0.7721116223673204,-0.6220015350488977,R,0.2730829420970266,2026,Kai-Wei Teng,MLB
678906,SI,215,93.20093023255814,5.819162790697674,-15.94213953488372,6.301395348837209,5.476279069767442,-2.363767441860465,2407.251162790698,-0.787707847817328,-0.6114433588709629,R,0.16823161189358374,2026,Kai-Wei Teng,MLB
678906,SL,21,85.48095238095237,2.8685714285714288,3.948571428571429,6.2285714285714295,5.362857142857143,-2.548571428571429,2677.2380952380954,0.7425440672533137,0.44566311407346315,R,0.01643192488262911,2026,Kai-Wei Teng,MLB
678906,ST,451,84.20088691796009,0.8655432372505544,15.013037694013304,6.282926829268292,5.452062084257206,-2.431130820399113,2731.4833702882484,0.8358988403201072,0.5298632884936744,R,0.35289514866979654,2026,Kai-Wei Teng,MLB
679057,SL,10,86.51,5.148000000000001,3.564,6.58,5.2219999999999995,-2.093,2096.3,0.3311087889201734,-0.9160425994985404,L,1.0,2026,Mason Green,MLB
679358,CU,63,82.0047619047619,-5.352380952380952,15.590476190476192,6.980952380952381,5.626190476190476,-1.9804761904761905,2887.7301587301586,0.7551993960069189,0.6490531340078448,R,0.0898716119828816,2026,Eric Orze,MLB
679358,FF,180,92.76833333333333,17.954,-9.592,7.141666666666667,5.7972222222222225,-1.7005555555555556,2270.0944444444444,-0.5428527523944703,-0.8377054051129886,R,0.25677603423680456,2026,Eric Orze,MLB
679358,FS,358,83.53351955307262,0.9653631284916202,-14.81463687150838,7.08659217877095,5.756731843575419,-1.6901396648044693,1681.0474860335196,-0.8760733857579595,-0.47000686978090783,R,0.5106990014265336,2026,Eric Orze,MLB
679358,SL,100,87.40100000000001,6.1692,4.314,7.117999999999999,5.8276,-1.7853,2552.51,0.22998583555810664,-0.9251357677595162,R,0.14265335235378032,2026,Eric Orze,MLB
679775,CH,38,80.2578947368421,2.82,-14.681052631578947,7.276315789473684,4.406052631578947,-3.076842105263158,1633.2631578947369,0.9702765299058186,-0.21196558909637933,L,0.10242587601078167,2026,Kyle Backhus,MLB
679775,SI,209,90.78803827751196,1.0151196172248804,-18.802679425837322,7.227751196172249,4.322153110047847,-3.0840191387559805,2179.511961722488,0.9805911208412984,-0.1724248444397385,L,0.5633423180592992,2026,Kyle Backhus,MLB
679775,ST,124,78.34354838709677,3.016451612903226,10.996451612903225,7.024193548387097,4.0905645161290325,-3.2521774193548385,2132.4112903225805,-0.9537149824559827,0.26158722233293413,L,0.33423180592991913,2026,Kyle Backhus,MLB
679883,CH,134,89.45447761194029,6.301791044776119,-14.871940298507463,6.645522388059701,6.025223880597015,-1.9405223880597013,2064.634328358209,-0.7927849909611621,-0.6033134616421006,R,0.10363495746326373,2026,Luinder Avila,MLB
679883,CU,191,83.01151832460734,-4.744712041884817,7.172356020942408,6.542931937172775,6.144450261780104,-1.8041884816753928,2716.30890052356,0.870234909142831,0.4398675989552329,R,0.1477184841453983,2026,Luinder Avila,MLB
679883,FF,336,96.14791666666667,14.450714285714284,-0.7732142857142857,6.7125,6.204791666666667,-1.585029761904762,2490.4821428571427,-0.3158055939923472,-0.942552427272535,R,0.25986078886310904,2026,Luinder Avila,MLB
679883,SI,353,96.38385269121812,10.892804532577903,-11.350368271954673,6.730878186968838,6.217733711048159,-1.5129461756373939,2414.042492917847,-0.3596294561356853,-0.9102905589530105,R,0.27300850734725446,2026,Luinder Avila,MLB
679883,SL,279,88.084229390681,-1.076989247311828,6.507956989247312,6.662007168458781,6.024802867383513,-1.833405017921147,2702.2293906810037,0.9254869684873194,-0.02942409568289754,R,0.21577726218097448,2026,Luinder Avila,MLB
679885,FF,84,101.61309523809524,14.347142857142858,-10.245714285714286,6.151190476190477,6.114285714285715,-2.781904761904762,2311.2619047619046,-0.6911888223872744,-0.7193016073598958,R,0.3620689655172414,2026,Justin Martinez,MLB
679885,FS,54,90.33888888888889,-0.5844444444444444,-8.78888888888889,6.292592592592593,6.321481481481482,-2.615555555555556,722.7222222222222,-0.9651602323253906,0.14972856237644538,R,0.23275862068965517,2026,Justin Martinez,MLB
679885,SI,84,101.76071428571429,8.128571428571428,-15.611428571428572,6.210714285714286,6.1085714285714285,-2.844642857142857,2146.4166666666665,-0.7117177796510731,-0.7005796461334554,R,0.3620689655172414,2026,Justin Martinez,MLB
679885,SL,10,93.31,7.140000000000001,-1.416,6.1899999999999995,6.236,-2.798,2356.7,-0.4640853613630552,-0.876441304231373,R,0.04310344827586207,2026,Justin Martinez,MLB
679922,FF,13,95.63846153846154,12.36923076923077,-9.507692307692308,6.607692307692308,5.633076923076923,-2.490769230769231,2187.230769230769,-0.7408916845560815,-0.6616320858298729,R,0.5,2026,Carlos Duran,MLB
679922,SI,13,94.4,4.68,-16.08923076923077,6.684615384615385,5.536153846153846,-2.585384615384615,2212.3076923076924,-0.7845685910116061,-0.612888856553529,R,0.5,2026,Carlos Duran,MLB
680474,EP,14,47.57142857142857,14.76,-1.2,4.771428571428571,6.175714285714285,-3.202142857142857,1258.0,0.05013541960085096,-0.8887672376048451,R,1.0,2026,Max Schuemann,MLB
680570,CH,467,83.18008565310492,4.261927194860814,-10.610364025695931,7.258458244111349,5.668351177730193,-2.516595289079229,1741.6402569593147,-0.9443789484639588,-0.315889310551467,R,0.2636928289102202,2026,Grayson Rodriguez,MLB
680570,CU,207,80.80966183574878,-8.265507246376812,6.831884057971014,7.0251207729468605,5.769806763285024,-2.5057971014492755,2657.990338164251,0.6266116223888301,0.7736482009413371,R,0.11688311688311688,2026,Grayson Rodriguez,MLB
680570,FF,905,96.11082872928178,15.370872928176794,-11.63496132596685,7.164530386740331,5.678861878453039,-2.507204419889503,2257.870718232044,-0.6287965039790843,-0.7679434104064158,R,0.5110107284020328,2026,Grayson Rodriguez,MLB
680570,SL,192,84.93697916666666,1.313125,5.145625,7.024479166666667,5.695052083333334,-2.6402083333333333,2385.2552083333335,0.8784415675805995,-0.24335848599862617,R,0.10841332580463016,2026,Grayson Rodriguez,MLB
680573,CU,117,76.71709401709401,-13.57025641025641,6.815384615384615,6.483760683760684,6.501880341880342,-1.119230769230769,2578.059829059829,0.48290684652302657,0.8693644035133149,R,0.09397590361445783,2026,Simeon Woods Richardson,MLB
680573,FF,542,92.55369003690036,18.36088560885609,-5.558081180811808,6.708856088560886,6.498948339483395,-1.1382472324723247,2201.9981549815498,-0.2922047828539919,-0.9527837961433843,R,0.4353413654618474,2026,Simeon Woods Richardson,MLB
680573,FS,305,86.7511475409836,6.956459016393444,-11.403934426229508,6.809180327868853,6.396295081967214,-1.259672131147541,1135.1868852459017,-0.6440703697863455,-0.743516808079349,R,0.24497991967871485,2026,Simeon Woods Richardson,MLB
680573,SL,281,85.9306049822064,6.105480427046263,4.115444839857651,6.567615658362989,6.428540925266904,-1.288220640569395,2214.3807829181496,0.25842487788108204,-0.9281884219348944,R,0.22570281124497993,2026,Simeon Woods Richardson,MLB
680604,CH,47,88.9659574468085,-0.16851063829787233,-12.94468085106383,5.595744680851064,4.7687234042553195,-2.278936170212766,1527.7659574468084,-0.9235476401819481,-0.37791971406001246,R,0.10307017543859649,2026,Blas Castaño,MLB
680604,FC,63,90.40793650793651,6.270476190476191,1.958095238095238,5.3349206349206355,4.882063492063492,-2.3193650793650793,2430.0158730158732,-0.35193609073919374,-0.9077252599181317,R,0.13815789473684212,2026,Blas Castaño,MLB
680604,FF,57,94.53508771929825,11.920000000000002,-7.873684210526316,5.257894736842105,5.138421052631578,-1.8549122807017544,2240.0,-0.7343563196308477,-0.6735821652636437,R,0.125,2026,Blas Castaño,MLB
680604,SI,185,94.14756756756756,4.560648648648649,-14.929297297297298,5.3394594594594595,5.0061081081081085,-2.0126486486486486,2129.5459459459457,-0.7849548166852663,-0.6136898985329198,R,0.4057017543859649,2026,Blas Castaño,MLB
680604,ST,104,82.78365384615384,1.3176923076923077,12.790384615384616,5.4326923076923075,4.8167307692307695,-2.5009615384615387,2574.0096153846152,0.922687938808687,0.3600255994603254,R,0.22807017543859648,2026,Blas Castaño,MLB
680686,CU,15,81.61999999999999,-6.088,0.9760000000000001,5.66,5.046666666666667,-1.5006666666666668,2401.866666666667,0.6891231977533562,0.7111094923649197,R,0.28846153846153844,2026,Josiah Gray,MLB
680686,FF,12,92.25,16.41,-10.0,5.708333333333333,5.2325,-1.0641666666666667,2139.0,-0.5834142545327611,-0.8103898928363442,R,0.23076923076923078,2026,Josiah Gray,MLB
680686,SL,25,86.764,6.5088,1.0848,5.696000000000001,5.0552,-1.5268000000000002,1949.88,-0.4408184274422463,-0.888124267090813,R,0.4807692307692308,2026,Josiah Gray,MLB
680689,CH,28,87.34642857142856,2.292857142857143,-17.832857142857144,5.882142857142857,5.160714285714286,-1.4957142857142858,1882.8214285714287,-0.940541925489188,-0.3330476969778991,R,0.5384615384615384,2026,Lyon Richardson,MLB
680689,SI,24,95.63333333333333,8.334999999999999,-18.3,5.733333333333333,5.252083333333333,-1.23125,2235.5416666666665,-0.8014862615268362,-0.5948709177645246,R,0.46153846153846156,2026,Lyon Richardson,MLB
680694,CH,14,90.36428571428571,8.597142857142858,-15.454285714285716,6.235714285714286,6.204285714285715,-1.4907142857142859,1573.857142857143,-0.7711401903063455,-0.6356826078250316,R,0.005179430262671106,2026,Kyle Bradish,MLB
680694,CU,586,84.8192832764505,-12.492901023890786,6.490443686006826,6.341638225255973,6.342235494880546,-1.2342832764505118,2650.0358361774743,0.49398637101040893,0.8619756569199555,R,0.21679615242323344,2026,Kyle Bradish,MLB
680694,FF,468,94.15470085470086,13.292051282051283,1.794871794871795,6.316239316239316,6.343824786324786,-1.2679059829059829,2396.613247863248,-0.09512237231778234,-0.9837250104640368,R,0.17314095449500555,2026,Kyle Bradish,MLB
680694,SI,978,94.72740286298568,12.703435582822085,-11.16073619631902,6.399897750511248,6.220950920245399,-1.2229856850715746,2189.3047034764827,-0.2654046610802884,-0.9532511779751458,R,0.36182019977802443,2026,Kyle Bradish,MLB
680694,SL,657,87.37366818873669,-0.10666666666666666,12.669406392694063,6.346879756468797,6.168219178082191,-1.4550380517503805,2609.875190258752,0.7987023085553052,0.5805568819875502,R,0.24306326304106549,2026,Kyle Bradish,MLB
680702,FC,54,88.65370370370371,9.273333333333333,3.54,6.37037037037037,5.225185185185186,-1.9475925925925925,2308.1296296296296,-0.06781775967374898,-0.9818262564729824,R,0.43548387096774194,2026,Joey Gerber,MLB
680702,FF,70,93.50142857142858,16.760571428571428,-6.929142857142858,6.44,5.2492857142857146,-1.9041428571428571,2296.542857142857,-0.5821540349035442,-0.8088762691159032,R,0.5645161290322581,2026,Joey Gerber,MLB
680704,FF,22,91.37272727272727,11.874545454545455,-12.234545454545456,6.740909090909091,4.425909090909091,-3.1759090909090912,2363.6190476190477,-0.8640476200637218,-0.41150373497807324,R,0.13095238095238096,2026,Nick Sandlin,MLB
680704,FS,40,84.2375,-0.675,-12.285,6.58,4.39325,-3.0829999999999997,1747.6666666666667,-0.9130599028527004,0.006313744431246504,R,0.23809523809523808,2026,Nick Sandlin,MLB
680704,SI,16,91.4125,3.945,-16.155,6.71875,4.5325,-3.07125,2345.3571428571427,-0.7251194572813068,-0.3929463245912377,R,0.09523809523809523,2026,Nick Sandlin,MLB
680704,SL,90,77.19,7.688,19.150666666666666,6.5777777777777775,4.140000000000001,-3.2295555555555557,2699.6363636363635,0.9911107361526365,0.09193966862639495,R,0.5357142857142857,2026,Nick Sandlin,MLB
680723,FF,183,91.6398907103825,16.764590163934425,-5.167213114754098,5.875409836065574,5.789344262295082,-1.2195628415300548,2272.6666666666665,0.44870356581339654,-0.8906743912838767,L,0.61,2026,Drew Rom,MLB
680723,FS,36,88.48888888888888,8.67,-8.103333333333333,5.802777777777778,5.6930555555555555,-2.0211111111111113,1669.0,0.6339405761033508,-0.7564355749511891,L,0.12,2026,Drew Rom,MLB
680723,SI,46,92.1304347826087,11.83304347826087,-12.680869565217392,5.873913043478261,5.740217391304348,-1.2134782608695651,2237.0,0.5067418355316627,-0.860249515532847,L,0.15333333333333332,2026,Drew Rom,MLB
680723,ST,35,81.34571428571428,-9.596571428571428,8.664,5.6571428571428575,5.732285714285714,-1.5582857142857143,2395.6857142857143,-0.5221952033458259,0.8448106923064428,L,0.11666666666666667,2026,Drew Rom,MLB
680730,CU,117,78.81452991452991,-8.443076923076923,8.527179487179488,6.711965811965811,6.214615384615385,-1.5208547008547009,2255.6837606837607,-0.4429645431215813,0.890413854793266,L,0.15961800818553887,2026,Mitchell Parker,MLB
680730,FF,247,93.50566801619433,18.031093117408908,-5.571497975708502,6.866396761133603,6.339433198380567,-0.880242914979757,2161.7611336032387,0.27831858027814876,-0.9583951080222015,L,0.3369713506139154,2026,Mitchell Parker,MLB
680730,SL,369,83.11056910569106,0.312520325203252,7.912845528455285,6.767479674796747,5.911463414634146,-2.0006233062330625,2270.6314363143633,-0.692945277700642,0.6904166970179325,L,0.5034106412005457,2026,Mitchell Parker,MLB
680732,CH,60,85.855,9.99,-13.316,6.953333333333333,6.114833333333333,-2.194666666666667,1830.6166666666666,-0.7240363747982738,-0.6878738914807929,R,0.019317450096587252,2026,Sean Burke,MLB
680732,FC,334,89.76347305389221,9.261556886227545,3.6043113772455087,6.735329341317365,6.046317365269461,-2.3118263473053893,2644.982035928144,-0.09117732211076704,-0.9723314420651454,R,0.10753380553766903,2026,Sean Burke,MLB
680732,FF,1160,94.72241379310344,18.578793103448277,-4.408448275862069,6.81801724137931,6.233913793103448,-2.0826293103448275,2579.841379310345,-0.3794103126450898,-0.9211008739347911,R,0.3734707018673535,2026,Sean Burke,MLB
680732,KC,631,78.96291600633914,-14.015467511885896,5.460285261489699,6.765927099841521,6.200443740095087,-2.0729635499207606,2453.0760697305864,0.4470174403681711,0.8898696707821983,R,0.2031551835157759,2026,Sean Burke,MLB
680732,SI,415,94.65421686746988,14.54689156626506,-12.934843373493976,6.83566265060241,6.14978313253012,-2.138289156626506,2404.9614457831326,-0.45385529915059203,-0.887324603242652,R,0.13361236316806183,2026,Sean Burke,MLB
680732,SL,506,86.43754940711463,3.384426877470356,5.533754940711463,6.761857707509882,6.1036363636363635,-2.254822134387352,2532.8656126482215,0.3734489157789475,-0.8234794790554102,R,0.16291049581455247,2026,Sean Burke,MLB
680736,CH,106,85.61415094339623,5.407924528301887,-13.916603773584907,5.604716981132076,5.398490566037736,-2.260943396226415,1513.8867924528302,0.787612625542539,-0.5971975114698822,L,0.04851258581235698,2026,Justin Wrobleski,MLB
680736,CU,100,75.253,-6.1404,6.6744,5.257000000000001,5.7033000000000005,-2.2828,2236.66,-0.7083363785088679,0.7012423311850863,L,0.04576659038901602,2026,Justin Wrobleski,MLB
680736,FC,34,91.38235294117646,6.857647058823529,1.447058823529412,5.5,5.452647058823529,-2.385882352941177,2532.676470588235,0.1631369578927437,-0.9036359079748728,L,0.015560640732265447,2026,Justin Wrobleski,MLB
680736,FF,1069,94.67072029934518,16.145893358278766,-6.294555659494855,5.496164639850327,5.595444340505145,-2.11666978484565,2461.275958840037,0.5991695465063203,-0.7967918888037835,L,0.48924485125858125,2026,Justin Wrobleski,MLB
680736,SI,179,93.96480446927374,9.964692737430168,-14.167374301675977,5.523463687150838,5.551396648044693,-2.1660893854748604,2218.335195530726,0.5639708732912082,-0.8162431506376839,L,0.08192219679633868,2026,Justin Wrobleski,MLB
680736,SL,624,86.56778846153847,-0.03576923076923077,3.562115384615385,5.376442307692308,5.544551282051282,-2.328253205128205,2464.5753205128203,-0.8758056552169691,-0.0253606986538076,L,0.28558352402745996,2026,Justin Wrobleski,MLB
680736,ST,73,84.86575342465753,-2.99013698630137,14.9572602739726,5.306849315068493,5.5810958904109595,-2.3887671232876713,2645.1917808219177,-0.7489358882304661,0.6542892338322174,L,0.033409610983981694,2026,Justin Wrobleski,MLB
680742,CH,140,90.50428571428571,5.427428571428572,-12.217714285714285,6.691428571428571,6.095142857142857,-2.693571428571429,1583.0357142857142,-0.5818348493157441,-0.7998985876252735,R,0.13806706114398423,2026,Jonathan Bowlan,MLB
680742,FF,491,97.09429735234217,18.04521384928717,-7.944439918533605,6.65274949083503,6.289531568228106,-2.4910997963340122,2412.2525458248474,-0.5213108203405851,-0.849083559196646,R,0.48422090729783035,2026,Jonathan Bowlan,MLB
680742,SI,113,97.14424778761061,12.563893805309736,-15.166725663716813,6.70353982300885,6.262477876106194,-2.492035398230089,2296.070796460177,-0.5617316623448615,-0.8234797444345169,R,0.11143984220907298,2026,Jonathan Bowlan,MLB
680742,SL,185,86.81189189189189,-1.3900540540540542,2.4564324324324325,6.63027027027027,6.19945945945946,-2.591891891891892,2485.8432432432433,0.7390976739353667,0.5252713195231313,R,0.18244575936883628,2026,Jonathan Bowlan,MLB
680742,ST,85,84.82235294117646,-0.984,14.961882352941176,6.4799999999999995,6.154000000000001,-2.760705882352941,2579.9176470588236,0.7614548820736721,0.6262237647466201,R,0.08382642998027613,2026,Jonathan Bowlan,MLB
680743,FF,23,96.66521739130435,15.714782608695652,-6.673043478260869,6.8478260869565215,6.1726086956521735,-2.6713043478260867,2178.5652173913045,-0.4825167272976472,-0.871807081002383,R,0.4423076923076923,2026,Ryan Cusick,MLB
680743,SL,29,88.32068965517242,2.4496551724137934,5.780689655172415,6.741379310344827,6.115172413793103,-2.8758620689655174,2233.137931034483,0.7178642710399459,-0.006415831641161183,R,0.5576923076923077,2026,Ryan Cusick,MLB
680744,FC,159,87.55660377358491,3.8935849056603775,1.8120754716981133,5.859748427672956,5.796981132075472,-2.2451572327044027,2554.930817610063,-0.10878767427937355,-0.6068779080129854,R,0.21228304405874499,2026,Ty Madden,MLB
680744,FF,247,93.47651821862348,15.66753036437247,-4.697975708502025,5.87085020242915,6.0232388663967615,-1.9302024291497974,2306.748987854251,-0.5243252071100506,-0.8456288278990742,R,0.32977303070761016,2026,Ty Madden,MLB
680744,FS,104,85.40673076923076,2.210769230769231,-10.850769230769231,5.998076923076923,5.750096153846154,-2.159519230769231,1461.576923076923,-0.8129983554224048,-0.576068396936523,R,0.13885180240320427,2026,Ty Madden,MLB
680744,SI,82,92.35365853658537,11.038536585365854,-13.485365853658536,5.934146341463415,5.943048780487804,-1.897560975609756,2255.548780487805,-0.5205054361887959,-0.8475045563867634,R,0.10947930574098798,2026,Ty Madden,MLB
680744,SL,157,83.82229299363057,-4.118980891719745,0.8797452229299363,5.826751592356688,5.911273885350319,-2.0853503184713373,2633.8025477707006,0.6098709776963258,0.7309489855264819,R,0.2096128170894526,2026,Ty Madden,MLB
680755,CU,375,81.33359999999999,-12.4288,3.2895999999999996,5.3616,6.569039999999999,0.50512,2487.424,0.3877100935351256,0.9164187833527901,R,0.2959747434885556,2026,Braydon Fisher,MLB
680755,FC,30,92.57,11.383999999999999,-0.836,5.4399999999999995,6.560666666666666,0.41600000000000004,2160.6,-0.3063589043605034,-0.8990970010155669,R,0.02367797947908445,2026,Braydon Fisher,MLB
680755,FF,248,94.3225806451613,17.484193548387097,-4.698387096774193,5.41491935483871,6.5814919354838715,0.5987903225806451,2206.0282258064517,-0.4087029608804344,-0.9088586275679374,R,0.1957379636937648,2026,Braydon Fisher,MLB
680755,SL,614,88.02508143322476,4.524625407166123,0.7123778501628664,5.412866449511401,6.5535667752443,0.475814332247557,2292.390879478827,-0.1303718186669974,-0.9173780538364246,R,0.4846093133385951,2026,Braydon Fisher,MLB
680767,CH,160,92.1375,2.46075,-15.01275,6.751875,5.1850000000000005,-2.2653125,1874.41875,-0.8810010275423237,-0.4548354390564057,R,0.15194681861348527,2026,Victor Vodnik,MLB
680767,FC,15,92.6,2.1839999999999997,2.424,6.826666666666667,5.351333333333333,-2.1366666666666663,2309.9333333333334,0.38536307882214765,-0.681908168330896,R,0.014245014245014245,2026,Victor Vodnik,MLB
680767,FF,475,98.58463157894737,13.290947368421053,-5.420463157894736,6.704842105263158,5.427768421052631,-2.0490736842105264,2268.8063157894735,-0.49887186320997107,-0.8602318284650339,R,0.45109211775878444,2026,Victor Vodnik,MLB
680767,SI,40,98.62,9.141,-14.493,6.69,5.47025,-1.8435,2173.2,-0.5466667343588959,-0.8330355257616759,R,0.03798670465337132,2026,Victor Vodnik,MLB
680767,SL,293,88.97098976109216,-1.2712627986348124,2.3582252559726964,6.738566552901024,5.306484641638225,-2.243071672354949,2320.19795221843,0.7752679437462119,0.0034008600568040926,R,0.27825261158594494,2026,Victor Vodnik,MLB
680767,SV,70,87.34857142857142,-9.421714285714286,5.2542857142857144,6.684285714285714,5.301142857142857,-2.220285714285714,2587.7285714285713,0.719332647623088,0.6881072852078575,R,0.06647673314339982,2026,Victor Vodnik,MLB
680770,FC,11,88.79090909090908,3.043636363636364,6.414545454545455,5.827272727272727,5.651818181818182,-3.1363636363636362,2352.0,0.5193186020832257,-0.15150400183982551,R,1.0,2026,Chance Huff,MLB
680802,CH,79,89.07721518987343,1.4172151898734178,-11.576202531645569,6.435443037974683,5.885949367088608,-2.3745569620253164,1313.128205128205,-0.8333791798044248,-0.5410242743073896,R,0.1490566037735849,2026,Ryan Weiss,MLB
680802,CU,18,80.75555555555555,-10.786666666666667,8.3,6.388888888888889,6.177777777777778,-2.176111111111111,2355.0,0.5700301343363455,0.8191277859959807,R,0.033962264150943396,2026,Ryan Weiss,MLB
680802,FF,196,95.21173469387755,17.201632653061225,-6.140204081632653,6.446153846153846,5.876734693877551,-2.288775510204082,2448.030612244898,-0.5298905462017377,-0.8448078728525205,R,0.36981132075471695,2026,Ryan Weiss,MLB
680802,SI,66,93.11363636363636,10.667272727272726,-14.507272727272728,6.412121212121212,5.965151515151515,-2.2484848484848485,2282.348484848485,-0.5003189837269072,-0.8619379272928047,R,0.12452830188679245,2026,Ryan Weiss,MLB
680802,ST,171,83.79649122807018,-0.5557894736842106,15.692631578947369,6.348538011695906,5.9197660818713445,-2.3305847953216374,2616.035087719298,0.7945696446137892,0.5986421651452521,R,0.32264150943396225,2026,Ryan Weiss,MLB
680880,FF,17,94.88235294117646,15.43764705882353,-8.421176470588236,7.194117647058824,6.015294117647059,-1.6847058823529413,1964.8235294117646,-0.6699308825449932,-0.7409782046996698,R,0.53125,2026,Grant Holman,MLB
680880,FS,15,88.06666666666666,0.3920000000000001,-12.392,7.233333333333333,5.8293333333333335,-1.826,1105.9333333333334,-0.933214000996178,-0.3482329354925637,R,0.46875,2026,Grant Holman,MLB
680899,CH,92,84.72934782608696,0.2204347826086956,-12.872608695652174,6.367391304347826,5.9841304347826085,-1.7343478260869565,1260.2934782608695,0.9340688595513683,-0.33946246207189806,L,0.2875,2026,Erik Tolman,MLB
680899,FF,163,96.81656441717791,16.301595092024538,-9.077300613496933,6.429447852760736,6.0420858895705525,-1.6274233128834354,2351.674846625767,0.6482335044031738,-0.7569056480429336,L,0.509375,2026,Erik Tolman,MLB
680899,SL,65,86.91538461538461,2.2264615384615385,3.2695384615384615,6.233846153846153,6.097846153846154,-1.7484615384615385,2234.923076923077,-0.5519906843815467,-0.6029442286095242,L,0.203125,2026,Erik Tolman,MLB
680916,CH,28,88.22857142857143,6.158571428571428,-16.174285714285713,6.860714285714286,5.647857142857142,-1.991785714285714,1803.0357142857142,-0.9260813271447861,-0.37079149846738535,R,0.06557377049180328,2026,Franco Aleman,MLB
680916,FF,283,96.05088339222615,12.505441696113074,-14.555194346289753,6.851590106007067,5.5241342756183744,-2.123851590106007,2517.0141342756183,-0.8240962695624932,-0.5626199401172933,R,0.6627634660421545,2026,Franco Aleman,MLB
680916,SL,116,86.02844827586206,1.976896551724138,3.7158620689655173,6.637931034482759,5.909741379310344,-2.1291379310344825,2554.2672413793102,0.6442222078301543,0.4256079727264456,R,0.2716627634660422,2026,Franco Aleman,MLB
680933,FF,23,93.82608695652173,14.478260869565217,-5.806956521739131,6.478260869565218,5.689565217391305,-1.433478260869565,2283.217391304348,-0.479872063431642,-0.8750873004093108,R,1.0,2026,Joander Suarez,MLB
680951,FF,18,87.38888888888889,17.026666666666667,-9.713333333333333,6.9944444444444445,5.655,-2.796666666666667,1884.8333333333333,0.6673613646443091,-0.742610817652921,L,1.0,2026,Doug Nikhazy,MLB
681006,CU,39,79.95128205128205,-8.526153846153846,10.153846153846153,5.78974358974359,5.157179487179487,-1.1533333333333333,2481.4615384615386,-0.8830074842537042,0.46292072331895956,L,0.2785714285714286,2026,Josh Simpson,MLB
681006,SI,59,92.90847457627119,3.945762711864407,-14.808813559322035,5.8338983050847455,5.120338983050848,-1.3261016949152542,2197.576271186441,0.7511532596285695,-0.6554301170363829,L,0.42142857142857143,2026,Josh Simpson,MLB
681006,ST,42,80.8047619047619,1.3342857142857143,12.817142857142855,5.816666666666667,4.806190476190476,-1.5397619047619049,2406.6666666666665,-0.9554416535681041,0.27665075015879903,L,0.3,2026,Josh Simpson,MLB
681035,CU,100,81.87899999999999,-6.6528,9.7644,6.903,5.301,-2.9647,2677.21,0.909491705712176,0.391632754432882,R,0.05094243504839532,2026,Christian Scott,MLB
681035,FC,372,89.62123655913977,6.975806451612903,2.8458064516129036,6.946236559139785,5.228602150537634,-3.079569892473118,2415.2808988764045,-0.013267533561762268,-0.9527101408022244,R,0.18950585838003056,2026,Christian Scott,MLB
681035,FF,926,95.50421166306695,15.213952483801297,-9.49451403887689,6.9599352051835846,5.273725701943845,-3.016187904967602,2298.6042841037206,-0.6740136560612665,-0.7349707100224208,R,0.4717269485481406,2026,Christian Scott,MLB
681035,FS,84,84.70952380952382,1.62,-12.911428571428571,7.038095238095239,5.309285714285714,-2.9413095238095237,1180.841463414634,-0.9085223512749285,-0.39255206102934864,R,0.04279164544065207,2026,Christian Scott,MLB
681035,SI,33,92.2030303030303,9.258181818181818,-16.24,6.951515151515152,5.301818181818182,-2.9703030303030302,2169.6666666666665,-0.7009158550352547,-0.690023420419919,R,0.016811003565970453,2026,Christian Scott,MLB
681035,ST,448,81.36049107142857,5.159196428571429,16.784196428571427,6.8819196428571425,5.164754464285714,-3.1922321428571427,2517.202325581395,0.9455322212512803,0.27949467683645396,R,0.228222109016811,2026,Christian Scott,MLB
681084,FF,16,95.03125,15.4125,-7.44,6.25625,6.383125,-1.891875,1981.5625,-0.5754686824336194,-0.8161661130954022,R,0.47058823529411764,2026,Tanner Andrews,MLB
681084,FS,18,85.73888888888888,2.953333333333333,-12.106666666666667,6.233333333333333,6.323888888888889,-2.0655555555555556,1020.8333333333334,-0.927489488008374,-0.3642884413590996,R,0.5294117647058824,2026,Tanner Andrews,MLB
681117,FF,11,92.07272727272726,8.978181818181818,-10.68,6.318181818181818,4.95,-3.51,2290.4545454545455,0.9207093812882079,-0.3856822829599693,L,1.0,2026,Evan Taylor,MLB
681151,CH,23,89.2,6.495652173913044,-15.615652173913045,6.165217391304348,5.712173913043478,-2.2369565217391307,1927.0869565217392,-0.9063123602141047,-0.3950965203308557,R,0.07590759075907591,2026,Jayden Murray,MLB
681151,FC,14,91.08571428571429,6.8999999999999995,0.1542857142857143,6.014285714285714,5.722142857142857,-2.3085714285714287,2354.3571428571427,-0.5100843497946331,-0.8443198185949207,R,0.0462046204620462,2026,Jayden Murray,MLB
681151,FF,162,95.34938271604939,15.36962962962963,-8.842962962962963,6.201234567901235,5.787962962962963,-2.0790740740740743,2462.6975308641977,-0.6875147727046844,-0.7232444091013964,R,0.5346534653465347,2026,Jayden Murray,MLB
681151,SI,29,94.92758620689655,8.664827586206897,-16.09655172413793,6.151724137931034,5.731379310344828,-2.102413793103448,2349.0,-0.6677156468426781,-0.7397899223308017,R,0.09570957095709572,2026,Jayden Murray,MLB
681151,ST,75,81.05333333333333,-1.1104,16.4512,6.096,5.654,-2.291866666666667,2443.1466666666665,0.8498253997790978,0.5157251885155874,R,0.24752475247524752,2026,Jayden Murray,MLB
681168,FF,62,95.46290322580644,13.983870967741936,-13.629677419354838,6.217741935483871,5.903225806451613,-3.221290322580645,2323.0806451612902,-0.7095834573881266,-0.7008079543964536,R,0.27555555555555555,2026,Luis Curvelo,MLB
681168,FS,47,83.01489361702127,4.557446808510638,-9.125106382978723,6.3936170212765955,6.168510638297873,-3.0780851063829786,1135.276595744681,-0.7690048792518919,-0.6365698096501509,R,0.2088888888888889,2026,Luis Curvelo,MLB
681168,SI,49,94.62244897959184,13.858775510204083,-14.37061224489796,6.208163265306122,5.7359183673469385,-3.384081632653061,2273.877551020408,-0.7492797039427553,-0.6603023097434714,R,0.21777777777777776,2026,Luis Curvelo,MLB
681168,SL,67,83.85820895522389,3.3850746268656717,1.6065671641791044,6.31044776119403,6.084925373134328,-3.181492537313433,2174.507462686567,-0.1730429409292501,-0.3803543662895499,R,0.29777777777777775,2026,Luis Curvelo,MLB
681190,CH,198,88.59242424242424,4.868484848484849,-17.103636363636365,6.101010101010101,5.8797979797979805,-1.8848484848484848,2003.6010101010102,-0.8361645299931734,-0.49751391240805865,R,0.08608695652173913,2026,Randy Vásquez,MLB
681190,CU,185,84.00594594594595,-3.041513513513513,9.958702702702702,6.0124324324324325,5.969891891891892,-1.949081081081081,3107.6648648648647,0.9730612627111807,0.12655464052865098,R,0.08043478260869565,2026,Randy Vásquez,MLB
681190,FC,557,90.97486535008977,9.00689407540395,2.283877917414722,6.006104129263914,5.948438061041293,-1.8839497307001793,2704.385996409336,-0.1282456306837195,-0.9399696229630651,R,0.24217391304347827,2026,Randy Vásquez,MLB
681190,FF,725,95.08758620689655,15.937986206896554,-9.366786206896553,6.059862068965517,5.981931034482758,-1.8078620689655174,2430.2827586206895,-0.6086977542530948,-0.7907206448377264,R,0.31521739130434784,2026,Randy Vásquez,MLB
681190,SI,387,95.0767441860465,10.906046511627908,-15.927441860465116,6.049870801033592,5.959741602067184,-1.7705943152454782,2391.847545219638,-0.6209681343635247,-0.7795187726499113,R,0.16826086956521738,2026,Randy Vásquez,MLB
681190,SL,137,86.01094890510949,3.056058394160584,7.188613138686132,6.048175182481752,5.903430656934306,-1.8848175182481754,2987.3649635036495,0.934077784840751,-0.1603234788761893,R,0.05956521739130435,2026,Randy Vásquez,MLB
681190,ST,111,84.29639639639639,1.3978378378378378,10.47135135135135,6.057657657657657,5.888918918918918,-1.9124324324324324,3105.810810810811,0.9844275736475784,0.0390913547148326,R,0.04826086956521739,2026,Randy Vásquez,MLB
681217,FF,477,95.8880503144654,16.04,-6.8337106918238995,5.9647798742138365,5.84979035639413,-1.9883228511530397,2404.2079831932774,-0.5428840859473,-0.8340628660978127,R,0.424,2026,Chase Silseth,MLB
681217,FS,273,88.12161172161173,1.756043956043956,-10.580659340659341,5.891208791208791,5.925128205128205,-1.9815018315018316,1064.8768656716418,-0.898076140777228,-0.3816158451946457,R,0.24266666666666667,2026,Chase Silseth,MLB
681217,SI,140,95.68928571428572,9.349714285714287,-14.099142857142859,5.96,5.864071428571429,-2.029857142857143,2329.442857142857,-0.5148424266554839,-0.8216379181522894,R,0.12444444444444444,2026,Chase Silseth,MLB
681217,ST,235,85.88978723404254,-0.7394042553191489,10.339914893617022,5.91872340425532,5.64868085106383,-2.234468085106383,2871.6452991452993,0.7795808892977885,0.601755215230978,R,0.2088888888888889,2026,Chase Silseth,MLB
681252,CU,10,77.16,-7.536,6.215999999999999,6.18,6.363,0.325,2396.7,0.4778610977108696,0.876417882040351,R,0.05128205128205128,2026,Jack Anderson,MLB
681252,FF,66,90.96969696969697,18.325454545454544,-3.0145454545454546,6.243939393939394,6.386212121212122,0.26484848484848483,2114.530303030303,-0.25763290998046384,-0.9625910535138664,R,0.3384615384615385,2026,Jack Anderson,MLB
681252,FS,44,81.90681818181818,4.284545454545455,-2.8445454545454543,6.295454545454546,6.317045454545454,0.4602272727272727,615.6363636363636,-0.5785966149860765,-0.7351240675252804,R,0.22564102564102564,2026,Jack Anderson,MLB
681252,SL,47,84.39787234042552,3.2093617021276595,5.560851063829787,6.287234042553192,6.310851063829787,0.0823404255319149,2191.2340425531916,0.5216941098407597,-0.7166438722852108,R,0.24102564102564103,2026,Jack Anderson,MLB
681252,ST,28,80.01428571428572,0.8185714285714286,12.467142857142857,6.3428571428571425,6.186071428571429,-0.20464285714285715,2262.964285714286,0.9061723992000642,0.2784471521618065,R,0.14358974358974358,2026,Jack Anderson,MLB
681293,CH,155,84.23096774193547,4.369548387096774,-13.583225806451614,7.469677419354839,4.668838709677419,-2.446516129032258,1480.1290322580646,-0.8820918392578907,-0.4637452805631504,R,0.07981462409886715,2026,Spencer Arrighetti,MLB
681293,CU,665,76.48586466165413,-6.736421052631579,17.283067669172933,7.1732330827067665,4.911187969924812,-2.4857443609022556,2825.157894736842,0.8442444602788428,0.5312643865095006,R,0.34243048403707516,2026,Spencer Arrighetti,MLB
681293,FC,131,87.78625954198473,10.409770992366413,1.7157251908396947,7.3,4.747862595419847,-2.4687786259541986,2330.7557251908397,-0.2640479065764284,-0.9407660035050688,R,0.0674562306900103,2026,Spencer Arrighetti,MLB
681293,FF,546,92.40457875457875,13.825494505494506,-11.431428571428572,7.33003663003663,4.848717948717949,-2.3785714285714286,2330.0274725274726,-0.7231301660516303,-0.6865092072180273,R,0.2811534500514933,2026,Spencer Arrighetti,MLB
681293,SI,204,92.14803921568628,9.12,-17.154705882352943,7.4073529411764705,4.751666666666667,-2.3901470588235294,2283.151960784314,-0.7558328734826508,-0.6511518037388808,R,0.10504634397528322,2026,Spencer Arrighetti,MLB
681293,SL,16,82.24375,4.4475,7.7475,7.28125,4.72,-2.745,2672.25,0.9607901020711076,0.20855507520085576,R,0.008238928939237899,2026,Spencer Arrighetti,MLB
681293,ST,225,79.69911111111111,1.9968,16.08533333333333,7.180888888888889,4.721555555555555,-2.5889333333333333,2762.862222222222,0.9239936483888117,0.35623776259426315,R,0.11585993820803296,2026,Spencer Arrighetti,MLB
681320,CH,25,80.72399999999999,7.2528,-14.779200000000001,7.272,5.450399999999999,-1.4568,1683.32,0.9144752154409236,-0.3956900633793821,L,0.08503401360544217,2026,Nate Lavender,MLB
681320,FF,216,92.40138888888889,18.208333333333332,-6.037222222222222,7.12037037037037,5.5129166666666665,-1.5102314814814815,2286.587962962963,0.4572295563421108,-0.8867000270201963,L,0.7346938775510204,2026,Nate Lavender,MLB
681320,SL,31,84.95806451612903,5.369032258064516,7.1651612903225805,7.051612903225807,5.5283870967741935,-1.5748387096774195,2508.3870967741937,-0.5592343386137341,-0.7425268484768826,L,0.1054421768707483,2026,Nate Lavender,MLB
681320,ST,22,79.75,5.258181818181818,14.634545454545453,7.068181818181818,5.448181818181818,-1.7286363636363637,2627.5454545454545,-0.968732895322291,0.1478853749630842,L,0.07482993197278912,2026,Nate Lavender,MLB
681343,CH,56,90.29464285714286,0.010714285714285676,-14.635714285714286,6.814285714285715,5.75875,-2.002678571428571,1579.0535714285713,-0.8122972243271345,-0.4794918441560586,R,0.18791946308724833,2026,Shane Smith,MLB
681343,CU,65,82.22615384615385,-10.949538461538461,3.4560000000000004,6.676923076923077,6.048,-1.8423076923076922,2099.3230769230768,0.4996635221707452,0.8622212786099398,R,0.2181208053691275,2026,Shane Smith,MLB
681343,FF,78,95.32692307692308,16.006153846153847,-7.343076923076923,6.821794871794872,5.785641025641026,-1.9502564102564104,2230.4615384615386,-0.5667730200951999,-0.8199195345321058,R,0.26174496644295303,2026,Shane Smith,MLB
681343,SI,54,96.15555555555555,10.157777777777778,-15.135555555555554,6.859259259259259,5.662592592592592,-1.8868518518518518,2075.685185185185,-0.5523378141598551,-0.8304342445086325,R,0.18120805369127516,2026,Shane Smith,MLB
681343,SL,45,90.07333333333334,3.6533333333333333,3.8346666666666667,6.688888888888889,5.862,-1.9595555555555555,2127.3555555555554,0.176147097798609,-0.7909654987932697,R,0.15100671140939598,2026,Shane Smith,MLB
681347,CH,441,86.68163265306121,5.751836734693877,-15.038367346938776,6.359183673469388,5.955578231292517,-2.2662811791383217,1480.4671201814058,-0.8432537750218855,-0.5310070445305111,R,0.26824817518248173,2026,Mike Burrows,MLB
681347,CU,234,79.0405982905983,-13.158974358974358,10.784615384615384,6.13405172413793,6.009743589743589,-2.1736324786324785,2904.9270386266094,0.6839670437103688,0.725032201213058,R,0.14233576642335766,2026,Mike Burrows,MLB
681347,FF,468,94.92970085470085,16.49692307692308,-8.68923076923077,6.368387096774194,5.930405982905983,-2.2275641025641026,2272.440170940171,-0.5704072533980955,-0.8175579897878221,R,0.2846715328467153,2026,Mike Burrows,MLB
681347,SI,227,94.51629955947136,12.717885462555067,-14.652687224669602,6.408370044052863,5.9465638766519815,-2.3369603524229077,2161.6960352422907,-0.5873228827035608,-0.8039354103846251,R,0.1380778588807786,2026,Mike Burrows,MLB
681347,SL,274,89.53029197080292,7.205693430656934,3.6797080291970805,6.294160583941606,5.8950000000000005,-2.381167883211679,2521.7426470588234,0.002661123982535852,-0.967547222665498,R,0.16666666666666666,2026,Mike Burrows,MLB
681387,FF,11,94.37272727272726,14.541818181818183,-6.098181818181818,6.127272727272728,5.835454545454545,-1.630909090909091,2114.818181818182,0.6686988489931945,-0.7426768621542515,L,1.0,2026,Caden Monke,MLB
681402,CH,17,91.24117647058823,3.388235294117647,-12.811764705882352,6.664705882352941,5.121764705882353,-1.566470588235294,1235.764705882353,-0.8398397232704137,-0.5368764905672867,R,0.028192371475953566,2026,Gus Varland,MLB
681402,FF,346,95.11069364161851,18.335375722543354,-9.320809248554914,6.719653179190751,5.327658959537572,-1.1889306358381504,2309.57225433526,-0.49639596561493826,-0.8618498233032437,R,0.5737976782752903,2026,Gus Varland,MLB
681402,SL,240,87.56291666666667,1.5100000000000002,1.3419999999999999,6.62875,5.3294999999999995,-1.322625,2206.1087866108787,0.6142954980530978,-0.30668904519513196,R,0.39800995024875624,2026,Gus Varland,MLB
681432,FF,14,95.74285714285715,8.794285714285715,-5.314285714285715,7.6499999999999995,5.560714285714285,-3.547857142857143,2288.6428571428573,0.7652386745084102,-0.6355375074732478,L,1.0,2026,Luke Little,MLB
681517,CH,339,88.61474926253688,1.7168141592920354,-11.453097345132743,7.186725663716815,5.459233038348083,-1.8946902654867255,1454.410029498525,-0.761098449689252,-0.6350279485515999,R,0.14568113450795014,2026,Kyle Leahy,MLB
681517,CU,381,83.03070866141732,-10.78267716535433,8.623937007874016,7.0611548556430455,5.659265091863516,-1.8139107611548557,2311.015748031496,0.7122450263291983,0.6760939163760588,R,0.16373012462397937,2026,Kyle Leahy,MLB
681517,FF,605,94.25322314049586,14.465652892561982,-4.460826446280992,7.247603305785124,5.612396694214876,-1.8446446280991735,2177.196694214876,-0.4298495838878126,-0.8988723938590201,R,0.2599914052428019,2026,Kyle Leahy,MLB
681517,SI,307,94.24104234527687,10.563908794788274,-13.155048859934853,7.280781758957654,5.586254071661238,-1.769674267100977,2187.6188925081433,-0.4701100911466142,-0.8743199484867296,R,0.13192952299097552,2026,Kyle Leahy,MLB
681517,SL,379,89.40580474934038,3.796622691292876,5.041899736147758,7.130606860158311,5.537862796833773,-2.0238786279683376,2311.4089709762534,0.38589042151315006,-0.8605504314636603,R,0.16287064890416847,2026,Kyle Leahy,MLB
681517,ST,316,84.81075949367089,2.1467088607594937,16.498101265822783,7.0474683544303796,5.550379746835444,-2.056107594936709,2631.1550632911394,0.9099600088950778,0.38697493759004103,R,0.13579716373012463,2026,Kyle Leahy,MLB
681520,FF,15,97.13333333333334,13.264000000000001,-6.760000000000001,6.7266666666666675,5.838666666666667,-1.5906666666666667,2277.3333333333335,0.6050318143342218,-0.7951693394496153,L,0.29411764705882354,2026,Antoine Kelly,MLB
681520,SI,10,95.94,8.867999999999999,-12.492,6.62,5.841,-1.717,2134.8,0.43964303487157624,-0.8889395792048151,L,0.19607843137254902,2026,Antoine Kelly,MLB
681520,SL,26,87.69615384615385,8.94,8.007692307692308,6.657692307692307,5.693461538461539,-1.875,2462.6923076923076,-0.8322965134232637,-0.45053085922930436,L,0.5098039215686274,2026,Antoine Kelly,MLB
681544,FC,43,89.96744186046512,6.463255813953489,1.3897674418604653,6.337209302325581,5.409767441860465,-2.5174418604651163,2365.046511627907,-0.31411025433687817,-0.9114311960974742,R,0.14285714285714285,2026,Wyatt Olds,MLB
681544,FF,161,96.49627329192546,16.84024844720497,-11.851677018633541,6.473291925465839,5.622422360248447,-2.3164596273291926,2363.658385093168,-0.637781205457508,-0.7678242134884338,R,0.5348837209302325,2026,Wyatt Olds,MLB
681544,SL,97,86.9979381443299,-10.333608247422681,4.849484536082474,6.349484536082474,5.533711340206185,-2.376494845360825,2460.2886597938145,0.6593270281166821,0.7443709962713992,R,0.3222591362126246,2026,Wyatt Olds,MLB
681676,CH,46,87.28478260869565,5.924347826086956,-12.592173913043478,6.471739130434782,5.858478260869566,-1.9000000000000001,1464.0217391304348,-0.711685175955769,-0.6967399062765542,R,0.11886304909560723,2026,Ryan Fernandez,MLB
681676,FC,16,92.05625,11.7825,2.3850000000000002,6.46875,5.991875,-1.8875,2293.0,-0.09883007251110837,-0.9925670551753649,R,0.041343669250646,2026,Ryan Fernandez,MLB
681676,FF,158,94.72151898734177,17.741772151898733,-6.898481012658228,6.5898734177215195,5.9101265822784805,-1.6413291139240505,2150.987341772152,-0.3893466596332256,-0.9183609308869507,R,0.4082687338501292,2026,Ryan Fernandez,MLB
681676,SL,167,87.63293413173653,1.7360479041916168,3.4850299401197606,6.405389221556886,5.946347305389222,-1.9922754491017962,2538.5149700598804,0.6720632035061747,-0.5146906546684479,R,0.4315245478036176,2026,Ryan Fernandez,MLB
681751,CU,41,76.18780487804878,-11.879999999999999,9.61170731707317,6.197560975609756,5.750487804878049,-0.4797560975609756,2609.243902439024,0.5506173833291907,0.8306835396254122,R,0.15708812260536398,2026,Lazaro Estrada,MLB
681751,FC,64,86.6015625,8.499375,2.175,6.2015625,5.68609375,-0.6989062500000001,2337.515625,-0.0030135898513883757,-0.9787200682677604,R,0.24521072796934865,2026,Lazaro Estrada,MLB
681751,FF,115,92.88521739130434,19.119652173913043,-7.609043478260869,6.24695652173913,5.739217391304348,-0.4501739130434783,2275.791304347826,-0.43783460319449247,-0.8962930948062747,R,0.44061302681992337,2026,Lazaro Estrada,MLB
681751,FS,20,84.9,10.512,-7.2299999999999995,6.335,5.7225,-0.5745,1135.8,-0.569843396555407,-0.8168643422491388,R,0.07662835249042145,2026,Lazaro Estrada,MLB
681751,SL,21,83.3952380952381,-0.7085714285714286,4.154285714285714,6.333333333333333,5.595714285714286,-0.6576190476190477,2412.285714285714,0.943933306362393,0.12442337986572619,R,0.08045977011494253,2026,Lazaro Estrada,MLB
681799,FC,196,92.91377551020408,13.714285714285714,-0.6238775510204082,6.351530612244899,5.3188775510204085,-1.4386734693877552,2788.2065217391305,-0.3177237689630972,-0.9410084577948546,R,0.44954128440366975,2026,Ethan Roberts,MLB
681799,SI,71,93.60985915492958,8.618028169014085,-12.68281690140845,6.390140845070422,5.161690140845071,-1.5695774647887324,2483.686567164179,-0.492936780727523,-0.8651885502341747,R,0.1628440366972477,2026,Ethan Roberts,MLB
681799,ST,169,83.54319526627218,-0.981301775147929,19.8305325443787,6.28698224852071,5.1886390532544375,-1.6122485207100594,3190.6560509554142,0.8515125202356558,0.508348604258185,R,0.3876146788990826,2026,Ethan Roberts,MLB
681806,FC,22,89.5409090909091,6.147272727272727,4.680000000000001,6.263636363636365,5.800909090909091,-2.002727272727273,2517.1363636363635,0.09433348280226875,-0.9610919996351033,R,0.29333333333333333,2026,Andrew Wantz,MLB
681806,FF,28,94.30357142857143,15.887142857142857,-5.1899999999999995,6.360714285714286,6.0424999999999995,-1.7560714285714287,2394.464285714286,-0.5063596001798271,-0.8596810689612183,R,0.37333333333333335,2026,Andrew Wantz,MLB
681806,SI,15,93.32666666666667,8.808,-14.848,6.366666666666666,5.813999999999999,-2.0826666666666664,2335.0,-0.5562256332162437,-0.8267950070685852,R,0.2,2026,Andrew Wantz,MLB
681806,ST,10,82.97999999999999,4.896,16.740000000000002,6.1899999999999995,5.738,-2.107,2658.8,0.9482478660331697,0.2918509829215946,R,0.13333333333333333,2026,Andrew Wantz,MLB
681810,CH,20,87.12,0.378,-17.034,6.484999999999999,4.8295,-2.3985,1864.35,-0.9813756966217211,-0.18189518932421866,R,0.021482277121374866,2026,Austin Warren,MLB
681810,CU,63,84.18253968253968,-7.2,9.106666666666667,6.314285714285714,4.978253968253968,-2.4247619047619047,2757.126984126984,0.8242817628026169,0.555419485277406,R,0.06766917293233082,2026,Austin Warren,MLB
681810,FC,14,89.01428571428572,6.471428571428571,-0.4285714285714285,6.442857142857143,4.982142857142857,-2.355714285714286,2468.5,-0.4910160413121292,-0.7658823918987111,R,0.015037593984962405,2026,Austin Warren,MLB
681810,FF,149,93.91543624161073,14.682684563758388,-11.638389261744965,6.485906040268456,5.030604026845637,-2.1765100671140942,2391.6375838926174,-0.7821974494934596,-0.6192828510728028,R,0.16004296455424274,2026,Austin Warren,MLB
681810,SI,261,94.0823754789272,6.160919540229885,-18.365517241379308,6.530268199233717,4.8663601532567045,-2.292567049808429,2278.1111111111113,-0.8344285549800087,-0.547289877620868,R,0.280343716433942,2026,Austin Warren,MLB
681810,ST,424,84.84929245283018,-1.4043396226415095,15.35433962264151,6.325,4.883608490566038,-2.46375,2766.8915094339623,0.7749515993407374,0.6193759090779305,R,0.45542427497314714,2026,Austin Warren,MLB
681867,CH,179,85.23966480446927,-6.410279329608938,-13.509720670391063,6.527374301675978,4.68877094972067,-1.9539664804469272,1545.04469273743,-0.9959054806779473,0.061737633418521225,R,0.26957831325301207,2026,Cooper Criswell,MLB
681867,FC,139,87.10431654676259,5.893812949640288,1.502158273381295,6.620863309352518,4.842661870503597,-1.9580575539568346,2300.5251798561153,-0.3972013492238688,-0.8596646057869702,R,0.20933734939759036,2026,Cooper Criswell,MLB
681867,FF,45,90.61777777777777,9.717333333333332,-9.565333333333333,6.7555555555555555,4.868444444444445,-1.8206666666666669,2265.222222222222,-0.9302586895855666,-0.3599583989886038,R,0.0677710843373494,2026,Cooper Criswell,MLB
681867,SI,185,90.69675675675677,-3.474162162162162,-15.851027027027028,6.577297297297297,4.722918918918919,-1.9028648648648647,2058.518918918919,-0.9833699297835574,-0.16849704938803808,R,0.2786144578313253,2026,Cooper Criswell,MLB
681867,ST,116,78.33448275862068,6.490344827586207,19.069655172413793,6.621551724137931,4.754827586206896,-1.9245689655172413,2628.3275862068967,0.9912610435924423,0.10823981244703754,R,0.1746987951807229,2026,Cooper Criswell,MLB
681870,CU,156,81.86474358974358,-10.470769230769232,5.674615384615385,6.5807692307692305,6.147820512820513,-1.2069871794871794,2639.8451612903227,-0.4395373584189103,0.8834334768319021,L,0.1780821917808219,2026,Erik Sabrowski,MLB
681870,FF,564,94.07393617021276,19.2531914893617,-9.919787234042554,6.6173758865248224,5.966879432624114,-1.3168971631205675,2538.909574468085,0.5427199735633557,-0.8376410809479942,L,0.6438356164383562,2026,Erik Sabrowski,MLB
681870,SL,156,86.69679487179488,4.717692307692308,1.6661538461538463,6.564743589743589,6.051858974358974,-1.3766666666666667,2558.825806451613,-0.005843798853092725,-0.6819302961562753,L,0.1780821917808219,2026,Erik Sabrowski,MLB
681892,CH,53,88.9377358490566,1.0120754716981133,-15.704150943396227,6.9075471698113216,5.6766037735849055,-2.4801886792452827,1884.8490566037735,0.8933311381229511,-0.4393156207688336,L,0.05843439911797133,2026,Kody Funderburk,MLB
681892,FC,320,92.4890625,12.709875,-1.30275,6.89375,5.833937499999999,-2.3395,2313.475,0.5015031341794202,-0.8508312329900745,L,0.3528114663726571,2026,Kody Funderburk,MLB
681892,SI,316,92.91487341772151,7.485569620253164,-15.65012658227848,6.968987341772151,5.726582278481012,-2.4596835443037977,2367.3132911392404,0.623805365342906,-0.7725671335018813,L,0.3484013230429989,2026,Kody Funderburk,MLB
681892,SL,38,87.57368421052632,5.058947368421053,0.39473684210526316,6.921052631578948,5.753684210526316,-2.4213157894736845,2468.8947368421054,-0.052788130195084805,-0.9407803035435837,L,0.04189636163175303,2026,Kody Funderburk,MLB
681892,ST,180,81.59611111111111,-3.3360000000000003,15.006,6.852222222222223,5.632444444444444,-2.5106111111111113,2500.9,-0.7937799991838556,0.600244299613165,L,0.19845644983461963,2026,Kody Funderburk,MLB
681895,CH,74,83.58648648648648,3.194594594594595,-16.595675675675675,6.987837837837838,5.143918918918919,-3.635945945945946,2130.8783783783783,0.9073962132321346,-0.40967920016764925,L,0.08883553421368548,2026,Evan Sisk,MLB
681895,CU,221,77.6343891402715,-6.228597285067873,11.337556561085972,7.040723981900452,5.1190950226244345,-3.777239819004525,2216.2217194570135,-0.912089018337644,0.400830740548895,L,0.2653061224489796,2026,Evan Sisk,MLB
681895,FF,144,91.52708333333334,12.961666666666666,-7.211666666666667,6.956944444444444,5.313402777777778,-3.580833333333333,2040.5,0.7325991474368581,-0.6741242126999669,L,0.17286914765906364,2026,Evan Sisk,MLB
681895,SI,256,91.14375,5.9071875,-15.64171875,6.963671875,5.1390234375,-3.6469921875,1969.61328125,0.7700314481200009,-0.6157298878405477,L,0.30732292917166865,2026,Evan Sisk,MLB
681895,ST,138,80.33333333333333,5.469565217391304,11.195652173913043,6.894202898550724,4.79659420289855,-3.951739130434783,2234.4202898550725,-0.9692780568126657,0.1980021912021835,L,0.16566626650660263,2026,Evan Sisk,MLB
681911,CH,145,82.79241379310345,15.491586206896553,-10.222344827586207,6.452413793103449,5.918206896551724,-0.5433103448275862,1880.489655172414,0.6990599980687141,-0.7119718606186566,L,0.1379638439581351,2026,Alex Vesia,MLB
681911,FF,584,92.12876712328767,21.183082191780823,-4.3553424657534245,6.417979452054794,5.962123287671233,-0.13763698630136986,2511.4674657534247,0.22093258219153827,-0.9731112617651844,L,0.5556612749762131,2026,Alex Vesia,MLB
681911,SL,322,84.43105590062112,3.327577639751553,5.801366459627329,6.33944099378882,6.15167701863354,0.025652173913043478,2376.0683229813662,-0.575738312506526,-0.7977953545504382,L,0.30637488106565175,2026,Alex Vesia,MLB
681916,CU,44,80.77499999999999,-11.738181818181818,10.56,6.631818181818182,6.2065909090909095,-1.149318181818182,2504.431818181818,0.35714419915408274,0.931550423889597,R,0.06258890469416785,2026,Dylan Smith,MLB
681916,FF,402,95.59701492537313,18.17373134328358,-4.048955223880597,6.643283582089552,6.147860696517413,-1.3684328358208955,2453.208955223881,-0.3503066747916221,-0.9337478181302545,R,0.5718349928876245,2026,Dylan Smith,MLB
681916,FS,42,86.05,4.2628571428571425,-7.554285714285713,6.769047619047619,5.912619047619048,-1.5973809523809526,887.8809523809524,-0.9329039659514616,-0.2582305545080634,R,0.059743954480796585,2026,Dylan Smith,MLB
681916,SI,58,95.27241379310345,14.290344827586207,-12.382758620689655,6.6706896551724135,6.061896551724137,-1.3863793103448274,2231.793103448276,-0.41223430204328654,-0.9089942582906372,R,0.08250355618776671,2026,Dylan Smith,MLB
681916,ST,157,86.01019108280255,5.503184713375796,8.496305732484077,6.596178343949044,5.999554140127389,-1.5927388535031848,2480.5859872611463,0.9377406973807353,0.2383208783702042,R,0.2233285917496444,2026,Dylan Smith,MLB
681973,CU,15,75.11999999999999,-12.127999999999998,11.248,6.413333333333333,6.178,-2.4353333333333333,2537.6,-0.5290152361743407,0.846555251950596,L,0.20833333333333334,2026,Josh Hendrickson,MLB
681973,FC,32,86.471875,6.1125,1.48125,6.640625,6.035625,-2.52625,2120.9375,0.20448503762040116,-0.9037311482021224,L,0.4444444444444444,2026,Josh Hendrickson,MLB
681973,FF,25,92.32,17.9904,-7.5456,6.66,6.104399999999999,-2.3480000000000003,2053.6,0.5190725289002686,-0.8530383515632504,L,0.3472222222222222,2026,Josh Hendrickson,MLB
681982,CH,31,86.25483870967743,-2.938064516129032,-13.823225806451612,6.635483870967741,4.280645161290322,-2.0674193548387096,1621.9032258064517,-0.9630711883855112,-0.19304137002072375,R,0.033261802575107295,2026,Grant Anderson,MLB
681982,FF,328,93.44573170731708,12.473414634146343,-11.302682926829268,6.573475609756097,4.607987804878049,-2.0916158536585363,2413.548780487805,-0.8485383021893164,-0.5055355813799695,R,0.351931330472103,2026,Grant Anderson,MLB
681982,SI,228,93.04254385964913,1.6442105263157893,-17.374736842105264,6.527192982456141,4.528026315789474,-2.1303508771929827,2276.2631578947367,-0.8803305391777552,-0.44093079875848756,R,0.2446351931330472,2026,Grant Anderson,MLB
681982,ST,345,81.21217391304349,3.5975652173913044,11.987826086956522,6.495942028985507,4.107710144927537,-2.1979710144927536,2618.0840579710143,0.9880712972758028,0.11045987036734191,R,0.3701716738197425,2026,Grant Anderson,MLB
682052,CH,199,82.40452261306532,4.425527638190955,-17.585125628140705,6.854040404040403,4.9743718592964825,-3.5541206030150754,2105.809045226131,0.9621206171493722,-0.2349283183739526,L,0.08655937364071335,2026,Jacob Lopez,MLB
682052,FC,461,86.16637744034706,8.216225596529284,-0.6127548806941432,6.920390455531454,5.191626898047723,-3.5468329718004337,2224.4837310195226,0.4830059600185528,-0.8426394645039507,L,0.2005219660722053,2026,Jacob Lopez,MLB
682052,FF,796,90.3391959798995,12.668442211055277,-13.494723618090452,7.060403530895334,5.275301507537689,-3.350879396984925,2195.469849246231,0.8209079246581049,-0.5627086093672168,L,0.3462374945628534,2026,Jacob Lopez,MLB
682052,SI,67,89.75223880597014,6.639402985074627,-17.8244776119403,7.092537313432835,5.208955223880597,-3.423731343283582,2062.313432835821,0.8230595815890762,-0.5596782514220466,L,0.029143105698129623,2026,Jacob Lopez,MLB
682052,SL,776,76.16817010309278,2.890515463917526,10.273298969072165,6.691979301423027,4.997384020618556,-3.626881443298969,2389.064516129032,-0.9815926085803064,0.11177449981409722,L,0.3375380600260983,2026,Jacob Lopez,MLB
682077,FC,19,88.1263157894737,9.625263157894736,0.48,6.61578947368421,5.9389473684210525,-2.673157894736842,2584.6315789473683,-0.3551533836541565,-0.8626901237523327,R,0.296875,2026,Gabe Mosser,MLB
682077,FF,13,90.0,15.276923076923076,-6.747692307692308,6.546153846153846,5.913846153846153,-2.5615384615384613,2374.5384615384614,-0.6669461632233055,-0.7407974564730674,R,0.203125,2026,Gabe Mosser,MLB
682077,SI,11,90.22727272727273,7.167272727272728,-13.865454545454547,6.590909090909091,5.829090909090909,-2.571818181818182,2297.6363636363635,-0.6974717882642268,-0.7107632394027054,R,0.171875,2026,Gabe Mosser,MLB
682077,ST,21,79.0047619047619,-2.7142857142857144,14.14857142857143,6.423809523809524,5.843809523809524,-2.8647619047619046,2750.6666666666665,0.8689825542459498,0.47258423167587194,R,0.328125,2026,Gabe Mosser,MLB
682120,CU,314,80.26242038216562,-3.4173248407643313,11.331210191082803,6.2624203821656055,6.037006369426751,-1.9912420382165605,2322.646496815287,-0.6247163050006468,0.7672119557056968,L,0.3096646942800789,2026,Tim Herrin,MLB
682120,FF,201,94.6542288557214,11.99044776119403,-7.103283582089552,6.460696517412935,5.7003980099502485,-1.8020895522388058,2348.9751243781093,0.7309414905759177,-0.6674665279414559,L,0.19822485207100593,2026,Tim Herrin,MLB
682120,SI,241,93.62365145228216,5.26804979253112,-15.345560165975105,6.482157676348548,5.677136929460581,-1.8368464730290457,2215.9585062240662,0.7247514016027801,-0.6675557652132529,L,0.23767258382642997,2026,Tim Herrin,MLB
682120,SL,258,87.23682170542635,2.4725581395348835,-0.0916279069767442,6.431007751937985,5.839457364341085,-2.0698062015503877,2167.0658914728683,-0.20290802249757947,0.059961775497980055,L,0.25443786982248523,2026,Tim Herrin,MLB
682175,SI,13,91.56923076923077,-2.870769230769231,-15.221538461538461,6.0,4.405384615384616,-3.37,1965.4615384615386,0.997718333989928,0.012021573687024757,L,1.0,2026,Joe Jacques,MLB
682227,CH,210,85.50333333333333,6.476,-16.208,5.984761904761904,6.39647619047619,-1.2615238095238095,1864.057142857143,0.8995425868321919,-0.4274538402568814,L,0.21384928716904278,2026,Brandon Williamson,MLB
682227,CU,90,75.34222222222222,-11.208,11.906666666666666,5.887777777777777,6.740444444444444,-1.0134444444444444,2643.6111111111113,-0.745617903996725,0.6582258234685134,L,0.09164969450101833,2026,Brandon Williamson,MLB
682227,FC,324,89.72962962962963,9.844444444444445,1.8759259259259258,5.905864197530864,6.497191358024692,-1.3052777777777778,2425.570987654321,0.2411166642940808,-0.9400752861794573,L,0.329938900203666,2026,Brandon Williamson,MLB
682227,FF,161,92.9527950310559,17.104844720496896,-8.600496894409938,6.049689440993789,6.581739130434783,-1.0022981366459627,2203.726708074534,0.5744453374265744,-0.81566367242607,L,0.16395112016293278,2026,Brandon Williamson,MLB
682227,SI,87,93.23908045977012,14.278620689655172,-13.277241379310347,6.008045977011495,6.544252873563218,-1.1001149425287355,2127.7816091954023,0.6221623274162361,-0.7797787593019901,L,0.08859470468431772,2026,Brandon Williamson,MLB
682227,ST,110,81.73181818181818,2.1654545454545455,13.335272727272725,5.944545454545454,6.414272727272728,-1.4486363636363635,2616.9454545454546,-0.9284177439966566,0.2486547191142336,L,0.1120162932790224,2026,Brandon Williamson,MLB
682243,FC,107,91.15046728971963,9.50803738317757,4.336822429906542,6.269158878504673,5.602242990654206,-1.2300934579439253,2592.429906542056,0.024770226835731476,-0.9767673178738415,R,0.056794055201698515,2026,Bryce Miller,MLB
682243,FF,744,95.9534946236559,18.66951612903226,-4.465967741935484,6.292741935483871,5.764139784946237,-0.9742876344086021,2515.190860215054,-0.36452158023944037,-0.9280993778608517,R,0.39490445859872614,2026,Bryce Miller,MLB
682243,FS,441,84.59410430839003,4.198095238095238,-9.417687074829932,6.451020408163266,5.402063492063492,-1.356235827664399,1114.7981859410431,-0.6189075486015257,-0.7536614024145869,R,0.2340764331210191,2026,Bryce Miller,MLB
682243,KC,80,82.92,-12.651,4.1129999999999995,6.385,5.5813749999999995,-1.1176249999999999,2336.4125,0.4474550821039925,0.8737234811070138,R,0.04246284501061571,2026,Bryce Miller,MLB
682243,SI,162,95.25432098765432,13.662962962962963,-13.222222222222221,6.280864197530864,5.64141975308642,-1.117716049382716,2435.061728395062,-0.43925787356918683,-0.8940611395390792,R,0.08598726114649681,2026,Bryce Miller,MLB
682243,SL,214,87.27429906542056,1.1949532710280373,4.182616822429907,6.268691588785047,5.607523364485981,-1.19196261682243,2478.8644859813085,0.7903922314058444,-0.4140289631839482,R,0.11358811040339703,2026,Bryce Miller,MLB
682243,ST,136,83.70735294117648,-6.938823529411764,14.94794117647059,6.335294117647059,5.497867647058824,-1.2806617647058822,2381.0661764705883,0.5945697052685659,0.7990436384469972,R,0.07218683651804671,2026,Bryce Miller,MLB
682254,CH,26,90.11538461538461,10.684615384615386,-8.524615384615384,7.115384615384615,5.551923076923076,-1.2957692307692308,1656.076923076923,0.35777480202943235,-0.9283603359179978,L,0.02179379715004191,2026,Mason Montgomery,MLB
682254,CU,165,86.48909090909092,-6.6989090909090905,2.0894545454545455,6.877575757575757,5.7112727272727275,-1.0985454545454545,2689.181818181818,-0.5302647828205517,0.8206449869642735,L,0.1383067896060352,2026,Mason Montgomery,MLB
682254,FF,553,98.46817359855335,17.929475587703436,-4.359059674502713,6.960578661844484,5.696817359855335,-1.1085352622061482,2225.012658227848,0.3268524372936718,-0.9414843865387555,L,0.46353730092204526,2026,Mason Montgomery,MLB
682254,SI,286,98.74020979020979,14.618181818181819,-11.521678321678321,6.950699300699301,5.533076923076923,-1.0664685314685314,2219.2727272727275,0.3833932607882251,-0.9185023677602544,L,0.23973176865046103,2026,Mason Montgomery,MLB
682254,SL,163,89.66503067484662,1.459877300613497,1.6402453987730061,6.894478527607362,5.640306748466258,-1.171717791411043,2646.6441717791413,-0.7438650724709571,-0.14149645173304062,L,0.1366303436714166,2026,Mason Montgomery,MLB
682274,FF,90,95.77,19.304,-4.054666666666667,6.002222222222223,6.261666666666666,-0.3198888888888889,2332.233333333333,-0.3078136762679306,-0.9493129366339677,R,0.42857142857142855,2026,Yaramil Hiraldo,MLB
682274,FS,66,86.4939393939394,9.196363636363637,-7.9745454545454555,6.13939393939394,6.236060606060605,-0.3824242424242424,1398.2727272727273,-0.3253632431160622,-0.9271979383637474,R,0.3142857142857143,2026,Yaramil Hiraldo,MLB
682274,SL,54,86.59814814814816,2.7355555555555555,3.7666666666666666,6.07037037037037,6.201666666666666,-0.35703703703703704,2349.6666666666665,0.43338401636389573,-0.7618423826208122,R,0.2571428571428571,2026,Yaramil Hiraldo,MLB
682445,FF,50,92.868,12.3792,-13.711200000000002,6.032,4.6206,-1.8903999999999999,2252.36,-0.8444911919829724,-0.5317876585341679,R,0.3937007874015748,2026,Domingo Gonzalez,MLB
682445,SI,31,92.86774193548388,6.166451612903225,-18.193548387096776,6.061290322580645,4.601612903225806,-1.8993548387096773,2213.5806451612902,-0.8496535713144051,-0.5262841839706763,R,0.2440944881889764,2026,Domingo Gonzalez,MLB
682445,SL,46,86.2,0.8947826086956521,2.634782608695652,6.0826086956521745,4.721956521739131,-1.835217391304348,2358.3478260869565,0.8013471772721324,0.3810497873172074,R,0.36220472440944884,2026,Domingo Gonzalez,MLB
682608,CH,388,83.34922680412372,4.499381443298969,-16.558453608247422,6.927577319587629,5.557680412371134,-2.910747422680412,1793.9896907216496,-0.9058791294124672,-0.41816292326357474,R,0.3987667009249743,2026,Peyton Gray,MLB
682608,FF,407,93.08058968058968,16.54820638820639,-11.523832923832924,6.935872235872236,5.591302211302211,-2.805257985257985,2321.036855036855,-0.6511657293960572,-0.7552333305539258,R,0.4182939362795478,2026,Peyton Gray,MLB
682608,SL,178,86.57752808988764,6.018202247191011,3.5770786516853934,6.790449438202248,5.591573033707865,-3.08314606741573,2552.61797752809,0.2799391188303387,-0.8614554973271796,R,0.1829393627954779,2026,Peyton Gray,MLB
682610,FC,28,91.125,7.392857142857143,0.45,6.1,5.539285714285714,-1.852857142857143,2399.1071428571427,-0.6451020207178878,-0.7497972782111378,R,0.19858156028368795,2026,Roddery Muñoz,MLB
682610,FF,37,95.15675675675676,13.394594594594595,-8.023783783783784,6.066666666666666,5.684864864864865,-1.7413513513513514,2302.2432432432433,-0.7394772496513209,-0.6702477679699635,R,0.2624113475177305,2026,Roddery Muñoz,MLB
682610,SI,16,94.70625,6.6899999999999995,-15.54,6.2375,5.666875,-1.63875,2299.875,-0.6903857681614326,-0.7211910633910938,R,0.11347517730496454,2026,Roddery Muñoz,MLB
682610,SL,60,85.805,-5.117999999999999,5.96,6.049122807017544,5.852666666666667,-1.5668333333333335,2478.8333333333335,0.4606405714569127,0.880542348880227,R,0.425531914893617,2026,Roddery Muñoz,MLB
682624,FC,13,90.45384615384616,5.316923076923077,1.956923076923077,7.130769230769231,5.723846153846154,-1.9153846153846152,2122.769230769231,0.02123707873292424,-0.9584365828645154,R,0.48148148148148145,2026,Sandy Gaston,MLB
682624,FF,14,96.35000000000001,16.337142857142858,-5.125714285714286,7.142857142857143,5.7057142857142855,-1.8335714285714286,2052.8571428571427,-0.46496415762764576,-0.8825009809679957,R,0.5185185185185185,2026,Sandy Gaston,MLB
682668,EP,24,39.65416666666667,16.790000000000003,-1.6950000000000003,4.366666666666666,6.586666666666667,-1.1466666666666667,981.5416666666666,-0.446392191613817,-0.8904634182783998,R,1.0,2026,Luisangel Acuña,MLB
682769,CU,13,83.4,-6.193846153846154,4.735384615384616,6.553846153846154,5.708461538461538,-1.94,2631.777777777778,0.74497871490412,0.5816380939648123,R,0.52,2026,Eiberson Castellano,MLB
682769,FF,12,95.53333333333335,11.0,-6.210000000000001,6.608333333333333,5.646666666666667,-2.1191666666666666,2254.25,-0.6160006942171196,-0.7785525960600732,R,0.48,2026,Eiberson Castellano,MLB
682785,FF,13,97.08461538461538,16.523076923076925,-4.883076923076923,6.199999999999999,5.757692307692308,-1.3030769230769232,2349.230769230769,-0.5780826471880015,-0.8138954516852945,R,1.0,2026,Angel Bastardo,MLB
682825,FF,27,97.21851851851852,9.831111111111111,-2.471111111111111,6.596296296296296,5.414074074074074,-2.1637037037037037,2356.962962962963,-0.6110616145611123,-0.7274414269385872,R,0.03907380607814761,2026,Luis Mey,MLB
682825,SI,412,97.89805825242719,5.225242718446602,-14.619611650485437,6.624029126213592,5.469490291262136,-2.0989077669902914,2266.8616504854367,-0.6444780315004314,-0.7342817427949135,R,0.5962373371924746,2026,Luis Mey,MLB
682825,SL,252,85.12222222222222,2.0238095238095237,12.850952380952382,6.66547619047619,5.586111111111111,-2.0628968253968254,2418.468253968254,0.9007079326751629,0.34708825999823856,R,0.36468885672937773,2026,Luis Mey,MLB
682842,SI,595,98.76352941176471,6.738957983193277,-13.782453781512604,6.479159663865546,5.84981512605042,-1.357798319327731,2300.3596638655463,-0.5297385335158048,-0.8370103864005485,R,0.6146694214876033,2026,Abner Uribe,MLB
682842,SL,373,87.9088471849866,4.247935656836461,10.123431635388739,6.5166219839142085,5.846729222520107,-1.3751474530831098,2534.016129032258,0.9402023773679803,0.13663685760954683,R,0.3853305785123967,2026,Abner Uribe,MLB
682981,SL,11,84.7,2.8145454545454545,10.167272727272728,6.9818181818181815,5.405454545454545,-2.7227272727272727,2436.181818181818,0.5712186821243942,-0.291909203540559,R,1.0,2026,Derek Diamond,MLB
682982,CU,26,75.96538461538461,-15.493846153846153,11.076923076923077,6.623076923076923,5.966538461538462,-1.301153846153846,2506.346153846154,0.5555531676385491,0.8223967772490608,R,0.0912280701754386,2026,Daniel Espino,MLB
682982,FF,175,98.81714285714285,16.865142857142857,-7.167771428571428,6.693714285714286,5.872228571428572,-1.4986857142857142,2439.5714285714284,-0.5213192035994415,-0.8502234128373779,R,0.6140350877192983,2026,Daniel Espino,MLB
682982,SL,84,91.96190476190476,3.9871428571428575,3.56,6.558333333333333,5.838809523809523,-1.4475,2331.0714285714284,0.24085924891576418,-0.9268768422346231,R,0.29473684210526313,2026,Daniel Espino,MLB
682989,FC,276,91.93913043478261,7.212608695652174,0.2882608695652174,6.620652173913044,5.1559057971014495,-2.9662681159420288,2552.2391304347825,-0.5026505267786646,-0.8294423971736641,R,0.4638655462184874,2026,Victor Mederos,MLB
682989,FF,143,97.34685314685315,12.839160839160838,-10.615384615384615,6.608391608391608,5.354965034965035,-2.708741258741259,2427.6783216783215,-0.7966788821238752,-0.598493433692859,R,0.24033613445378152,2026,Victor Mederos,MLB
682989,FS,76,92.08815789473684,3.047368421052632,-12.85578947368421,6.75,5.328421052631579,-2.706578947368421,1568.3026315789473,-0.8071761517587868,-0.580536585137885,R,0.12773109243697478,2026,Victor Mederos,MLB
682989,SI,77,96.34935064935064,5.541818181818181,-17.825454545454544,6.664935064935065,5.141948051948052,-2.987662337662338,2459.7272727272725,-0.8326336943822878,-0.5463474418772439,R,0.12941176470588237,2026,Victor Mederos,MLB
682989,ST,23,83.54782608695652,3.6313043478260867,12.652173913043478,6.695652173913044,5.126086956521739,-3.003478260869565,2608.5652173913045,0.9674384041712528,0.23417145623723803,R,0.03865546218487395,2026,Victor Mederos,MLB
682995,CH,35,85.88857142857142,6.222857142857143,-17.046857142857142,6.328571428571428,5.158285714285714,-3.3254285714285716,1914.2857142857142,0.9438502846360101,-0.31761450071269254,L,0.08771929824561403,2026,Hunter Barco,MLB
682995,FF,153,94.09673202614378,12.294901960784314,-14.781176470588235,6.266666666666667,5.253333333333333,-3.3494117647058825,2349.37908496732,0.8593466819133608,-0.5016129579386646,L,0.38345864661654133,2026,Hunter Barco,MLB
682995,FS,19,85.04736842105264,0.7389473684210527,-7.149473684210527,6.310526315789474,5.187894736842105,-3.311578947368421,711.1578947368421,0.9744155775139083,0.07797362214835431,L,0.047619047619047616,2026,Hunter Barco,MLB
682995,SI,73,93.52191780821919,7.574794520547946,-16.59452054794521,6.278082191780822,5.195753424657535,-3.3353424657534245,2089.054794520548,0.8171394061974852,-0.534842505649815,L,0.18295739348370926,2026,Hunter Barco,MLB
682995,SL,92,82.3195652173913,-3.6717391304347826,2.218695652173913,6.17608695652174,5.0486956521739135,-3.4188043478260868,2194.391304347826,-0.7174763729673271,0.6812198785198005,L,0.23057644110275688,2026,Hunter Barco,MLB
682995,ST,27,82.68148148148148,-2.164444444444445,11.764444444444443,6.107407407407408,5.010000000000001,-3.3796296296296298,2342.3703703703704,-0.7827768929040737,0.6150139421624178,L,0.06766917293233082,2026,Hunter Barco,MLB
682997,CH,10,69.0,14.040000000000001,-8.772,4.9799999999999995,6.235,-2.275,1558.1,-0.7356941514915777,-0.6693418091300154,R,0.35714285714285715,2026,Tyler Callihan,MLB
682997,SL,18,69.80000000000001,14.253333333333334,-6.246666666666666,5.027777777777778,6.459444444444444,-1.7727777777777778,1624.1666666666667,-0.5826116908529753,-0.6599048538185106,R,0.6428571428571429,2026,Tyler Callihan,MLB
683000,FC,99,90.02222222222223,9.316363636363636,1.0751515151515152,6.471717171717172,5.9225252525252525,-2.3363636363636364,2282.222222222222,-0.3201432226012111,-0.9354735243411472,R,0.14452554744525548,2026,Riley Cornelio,MLB
683000,FF,251,96.496812749004,17.225019920318722,-9.33227091633466,6.525498007968128,5.905179282868526,-2.4294023904382467,2362.4541832669324,-0.5294237363851422,-0.8454215275558971,R,0.36642335766423356,2026,Riley Cornelio,MLB
683000,SL,335,84.87432835820896,1.7896119402985073,0.6078805970149255,6.4262686567164184,5.901402985074627,-2.5457910447761196,2313.24776119403,-0.22535950116473738,0.14864963521780944,R,0.48905109489051096,2026,Riley Cornelio,MLB
683003,CH,181,92.80994475138121,3.6411049723756905,-12.25988950276243,6.528888888888889,5.469281767955802,-1.4208839779005524,1621.3038674033148,-0.8117971513547297,-0.5795099053838693,R,0.11077111383108935,2026,Jared Jones,MLB
683003,CU,135,85.66592592592592,-8.876444444444443,5.380444444444445,6.477037037037037,5.515407407407408,-1.3167407407407408,2933.185185185185,0.6246711325381891,0.7707640680056096,R,0.08261933904528763,2026,Jared Jones,MLB
683003,FF,762,98.21482939632546,15.574015748031496,-9.425039370078741,6.668856767411301,5.437729658792652,-1.1735958005249343,2537.8871391076113,-0.6219706527333881,-0.7767440205721211,R,0.4663402692778458,2026,Jared Jones,MLB
683003,SL,556,89.87643884892087,1.5060431654676258,2.5858273381294965,6.512949640287769,5.45181654676259,-1.3587589928057555,2701.2302158273383,0.7354631705295963,-0.3617681192119056,R,0.3402692778457772,2026,Jared Jones,MLB
683004,CH,256,90.048046875,4.26515625,-12.785625,6.61640625,5.6261328125,-1.360078125,1555.3046875,-0.6740862063271877,-0.7225203376779109,R,0.17618719889883,2026,Jack Leiter,MLB
683004,CU,126,81.84365079365078,-12.354285714285716,4.266666666666667,6.534920634920635,5.864603174603175,-1.206746031746032,2753.8492063492063,0.4762293994334099,0.8746402183457426,R,0.08671713695801789,2026,Jack Leiter,MLB
683004,FC,141,93.02695035460992,11.228936170212766,0.9276595744680852,6.636170212765958,5.618014184397163,-1.492127659574468,2456.723404255319,-0.26482442341211226,-0.9522004417195781,R,0.09704060564349622,2026,Jack Leiter,MLB
683004,FF,554,96.71281588447654,17.43335740072202,-8.128808664259926,6.7308664259927795,5.632021660649819,-1.2737725631768952,2436.494584837545,-0.5337689096789032,-0.8432170611515855,R,0.3812801101169993,2026,Jack Leiter,MLB
683004,SI,111,95.81891891891891,14.043243243243243,-14.22162162162162,6.768468468468468,5.643693693693694,-1.1895495495495494,2386.864864864865,-0.49858966005189503,-0.8651505147553638,R,0.07639366827253957,2026,Jack Leiter,MLB
683004,SL,265,86.54037735849057,-0.8476981132075471,3.312452830188679,6.579622641509434,5.7181132075471695,-1.3369433962264152,2639.256603773585,0.8942627101433233,0.05831045086888497,R,0.182381280110117,2026,Jack Leiter,MLB
683101,CH,16,86.55625,2.925,-9.1725,6.65625,5.7,-0.989375,1437.125,-0.6423398955155826,-0.3676338111875738,R,0.37209302325581395,2026,JJ Goss,MLB
683101,FC,12,87.94166666666666,6.66,2.23,6.666666666666667,5.781666666666666,-1.0041666666666667,2030.25,-0.29881408440964463,-0.9478993268094268,R,0.27906976744186046,2026,JJ Goss,MLB
683101,FF,15,92.33333333333333,13.552,-7.928,6.64,5.803333333333333,-0.9226666666666666,1877.0,-0.6551875123424276,-0.7536924455447153,R,0.3488372093023256,2026,JJ Goss,MLB
683155,FC,24,87.89583333333333,8.975,3.405,6.1375,5.709166666666667,-2.63125,2465.4166666666665,-0.13001182212490456,-0.9538251044207978,R,0.20512820512820512,2026,Joey Estes,MLB
683155,FF,43,93.29302325581395,15.086511627906978,-6.217674418604651,6.209302325581396,5.772790697674418,-2.6290697674418606,2411.2558139534885,-0.5624220668465536,-0.8237362067005577,R,0.36752136752136755,2026,Joey Estes,MLB
683155,SI,10,90.2,13.404,-13.8,6.06,5.742,-1.8940000000000001,2298.2,-0.5220922355808773,-0.851987268362367,R,0.08547008547008547,2026,Joey Estes,MLB
683155,SL,19,82.73157894736842,-0.2778947368421053,7.12421052631579,6.173684210526315,5.747894736842105,-2.7005263157894737,2412.7894736842104,0.8517603930917014,-0.24040612532285854,R,0.1623931623931624,2026,Joey Estes,MLB
683155,ST,21,78.58571428571429,5.085714285714285,13.76,6.033333333333333,5.661428571428571,-2.373809523809524,2533.4285714285716,0.9730453495682574,0.12996510124854224,R,0.1794871794871795,2026,Joey Estes,MLB
683175,CU,21,87.00952380952381,-7.257142857142857,4.177142857142857,6.071428571428571,5.7299999999999995,-1.4161904761904762,2229.0476190476193,0.6893822196207285,0.7136981708916799,R,0.033816425120772944,2026,Connor Phillips,MLB
683175,FF,310,98.29,16.26425806451613,-10.01032258064516,6.101290322580645,5.754774193548387,-1.5888709677419355,2469.493548387097,-0.671643964448724,-0.7380395312514338,R,0.499194847020934,2026,Connor Phillips,MLB
683175,ST,290,86.03,1.966344827586207,15.499862068965518,5.95,5.631379310344827,-1.7860689655172415,2485.851724137931,0.893599190048292,0.4334023930936721,R,0.4669887278582931,2026,Connor Phillips,MLB
683232,CH,39,84.51282051282051,2.0707692307692307,-15.449230769230768,6.4974358974358974,6.154102564102564,-1.9994871794871796,1544.6666666666667,-0.9035893507278191,-0.4086550712176805,R,0.10684931506849316,2026,Nick Mears,MLB
683232,CU,49,81.36530612244898,-14.461224489795919,6.61469387755102,6.444897959183674,6.138571428571429,-1.802857142857143,2581.877551020408,0.33222913779914554,0.939051508404712,R,0.13424657534246576,2026,Nick Mears,MLB
683232,FF,133,94.78045112781955,18.85984962406015,-7.390375939849624,6.538345864661654,6.2406015037593985,-1.739624060150376,2265.4210526315787,-0.4159257392279817,-0.8975080004029017,R,0.3643835616438356,2026,Nick Mears,MLB
683232,SI,42,93.7452380952381,14.348571428571429,-13.554285714285713,6.542857142857143,6.2023809523809526,-1.9052380952380952,2197.904761904762,-0.446824706000904,-0.850829536458263,R,0.11506849315068493,2026,Nick Mears,MLB
683232,SL,102,84.61176470588235,-3.5976470588235294,1.9576470588235295,6.439215686274509,6.170882352941176,-1.8212745098039216,2513.205882352941,0.5998584845660753,0.7275510083287906,R,0.27945205479452057,2026,Nick Mears,MLB
683352,CH,71,84.71971830985916,5.790422535211268,-14.217464788732395,6.0478873239436615,5.517605633802817,-2.4022535211267604,1675.4366197183099,0.8247245342552079,-0.5619114187335357,L,0.09779614325068871,2026,Mitch Bratt,MLB
683352,CU,26,76.83076923076922,-9.253846153846153,8.88923076923077,6.050000000000001,5.77576923076923,-2.003846153846154,2314.576923076923,-0.6760687252885755,0.7348178132831874,L,0.03581267217630854,2026,Mitch Bratt,MLB
683352,FF,338,90.96449704142012,15.307100591715978,-5.23810650887574,6.257100591715977,5.5163313609467455,-2.3486686390532543,2335.9289940828403,0.5962709428177232,-0.7975134114104073,L,0.465564738292011,2026,Mitch Bratt,MLB
683352,SI,57,90.82982456140351,10.903157894736843,-14.136842105263158,6.198245614035088,5.415087719298246,-2.423859649122807,2223.6315789473683,0.586207605764505,-0.8078992491394479,L,0.07851239669421488,2026,Mitch Bratt,MLB
683352,SL,65,86.56461538461538,8.084307692307693,3.5095384615384617,6.152307692307692,5.6904615384615385,-2.234923076923077,2421.4153846153845,0.05070537304986269,-0.9712910499268599,L,0.08953168044077135,2026,Mitch Bratt,MLB
683352,SV,169,79.58816568047337,-1.9824852071005918,13.957633136094675,6.092307692307692,5.509881656804733,-2.3928402366863906,2352.319526627219,-0.7987510661411419,0.5949683526424375,L,0.2327823691460055,2026,Mitch Bratt,MLB
683363,CH,96,83.94479166666666,8.321250000000001,-14.39625,6.661458333333333,4.916979166666667,-2.9105208333333334,1589.0520833333333,0.9010853494888714,-0.40937762987043097,L,0.22911694510739858,2026,Matt Wilkinson,MLB
683363,FC,26,84.33076923076922,5.584615384615384,0.7799999999999999,6.6923076923076925,4.84576923076923,-3.1465384615384617,2108.6923076923076,0.09362719256274145,-0.6736789938960043,L,0.06205250596658711,2026,Matt Wilkinson,MLB
683363,FF,237,90.42827004219409,13.774683544303796,-11.174177215189875,6.684810126582279,4.88084388185654,-2.997763713080169,2041.295358649789,0.7295422473503677,-0.6809088118176707,L,0.5656324582338902,2026,Matt Wilkinson,MLB
683363,SL,60,79.21666666666667,1.2659999999999998,10.498,6.673333333333333,4.8745,-3.1398333333333333,2297.4666666666667,-0.8933229607116039,0.4136338118755265,L,0.1431980906921241,2026,Matt Wilkinson,MLB
683409,CH,119,89.8294117647059,6.656470588235294,-12.211764705882354,6.204201680672268,5.689915966386555,-1.6854621848739495,1762.3025210084033,-0.9428725477339998,-0.32059654337349414,R,0.4131944444444444,2026,Angel Chivilli,MLB
683409,FF,59,98.01525423728813,10.72271186440678,-15.59593220338983,6.338983050847458,5.636610169491526,-1.7086440677966102,2202.762711864407,-0.8695305133963016,-0.4890599342517241,R,0.2048611111111111,2026,Angel Chivilli,MLB
683409,SL,110,91.16545454545455,5.7469090909090905,-0.3850909090909091,6.209090909090909,5.679181818181818,-1.834090909090909,2064.190909090909,-0.7684940790192485,-0.5762679067117484,R,0.3819444444444444,2026,Angel Chivilli,MLB
683618,CU,41,82.11463414634147,-12.804878048780488,10.861463414634146,6.539024390243903,6.346829268292682,-1.7695121951219512,2893.951219512195,0.6111147412802693,0.7878074784297506,R,0.041456016177957536,2026,Edgardo Henriquez,MLB
683618,FC,144,94.71875,9.125833333333333,2.058333333333333,6.452777777777778,5.970138888888889,-2.131388888888889,2668.3611111111113,-0.26052800312707597,-0.9379719944380884,R,0.14560161779575329,2026,Edgardo Henriquez,MLB
683618,FF,343,100.71895043731779,15.611545189504374,-8.493760932944607,6.577551020408163,5.992973760932945,-1.930728862973761,2539.932944606414,-0.5518148896862526,-0.831222599137958,R,0.3468149646107179,2026,Edgardo Henriquez,MLB
683618,SI,246,100.88983739837398,11.78439024390244,-15.641463414634147,6.525609756097561,5.917073170731707,-2.0203658536585367,2484.378048780488,-0.626491691079617,-0.776679068977363,R,0.2487360970677452,2026,Edgardo Henriquez,MLB
683618,SL,215,87.42279069767443,0.3309767441860465,7.352372093023256,6.4874418604651165,6.13353488372093,-2.003720930232558,2718.9302325581393,0.8991696783735954,0.14930468788418377,R,0.21739130434782608,2026,Edgardo Henriquez,MLB
683627,CH,125,87.1032,7.67424,-15.220799999999999,6.3528,6.07304,-2.08016,1942.736,-0.7532330609298864,-0.6540507692713721,R,0.2181500872600349,2026,Anthony Molina,MLB
683627,CU,80,84.50625,-0.40800000000000003,4.056,6.33875,6.2231250000000005,-1.8536249999999999,2176.1375,0.8936305966948368,-0.20790090829419383,R,0.13961605584642234,2026,Anthony Molina,MLB
683627,FF,273,96.35018315018314,17.614065934065934,-6.032967032967033,6.416544117647058,6.305311355311355,-1.7441758241758243,2207.611721611722,-0.4373454695611732,-0.897270164029818,R,0.47643979057591623,2026,Anthony Molina,MLB
683627,SL,68,88.01911764705882,6.649411764705882,4.45235294117647,6.319117647058824,6.178676470588235,-1.9652941176470586,2058.5588235294117,0.0073348586782735,-0.9782173968023845,R,0.11867364746945899,2026,Anthony Molina,MLB
683627,SV,27,84.48148148148148,6.555555555555555,4.355555555555555,6.42962962962963,6.188518518518519,-1.9329629629629628,2250.6296296296296,0.9578919197508827,-0.19600451673064512,R,0.04712041884816754,2026,Anthony Molina,MLB
683734,EP,26,38.00769230769231,18.25846153846154,0.14307692307692302,4.530769230769231,7.231538461538462,-1.3599999999999999,866.8461538461538,-0.08059645665273212,-0.9773395596032505,R,0.34210526315789475,2026,Andrew Vaughn,MLB
683734,KN,50,49.166000000000004,9.2616,3.9528000000000003,4.846,6.7112,-2.0662000000000003,755.36,0.055488443742942886,-0.3979443740776064,R,0.6578947368421053,2026,Andrew Vaughn,MLB
683742,CH,47,88.25531914893617,8.560851063829787,-15.656170212765959,6.431914893617021,5.770851063829787,-1.1929787234042553,1709.2340425531916,-0.8047213908662154,-0.5892478906733075,R,0.13505747126436782,2026,Jose Franco,MLB
683742,FF,160,95.08687499999999,16.59525,-10.059000000000001,6.457232704402516,5.8332500000000005,-1.0131875000000001,2345.14465408805,-0.5850200726274013,-0.8068582382603258,R,0.45977011494252873,2026,Jose Franco,MLB
683742,SL,141,85.08156028368795,1.0536170212765958,3.1472340425531913,6.271631205673758,5.871489361702127,-1.1431205673758866,2508.3333333333335,0.6511531827039058,-0.2636047861831849,R,0.4051724137931034,2026,Jose Franco,MLB
683766,EP,28,49.003571428571426,1.8942857142857144,10.384285714285713,5.371428571428572,6.3914285714285715,-1.5710714285714287,1352.142857142857,0.9768382630105734,0.0257761819304399,R,1.0,2026,Christian Koss,MLB
683769,CH,200,79.6945,8.8164,-18.8646,7.201499999999999,5.787000000000001,-2.16705,2237.7,-0.9362349558291754,-0.3379201990336939,R,0.20080321285140562,2026,Hunter Gaddis,MLB
683769,FF,295,95.15762711864407,16.763389830508473,-6.6809491525423725,6.9894915254237295,6.1789830508474575,-2.1573559322033895,2258.35593220339,-0.46409578325133455,-0.8830057775547883,R,0.2961847389558233,2026,Hunter Gaddis,MLB
683769,SL,501,89.52614770459081,4.511137724550898,6.10059880239521,6.892215568862276,6.222834331337325,-2.1752095808383234,2283.6806387225547,0.4311685101482608,-0.8642606477901538,R,0.5030120481927711,2026,Hunter Gaddis,MLB
684007,CU,84,74.44761904761906,-13.158571428571427,8.854285714285714,6.166666666666667,5.705,-1.1796428571428572,2514.440476190476,-0.5680781007874979,0.8206887009294751,L,0.029055690072639227,2026,Shota Imanaga,MLB
684007,FF,1157,91.58902333621435,17.717372515125323,-11.228038029386344,6.170844212358573,5.4665600691443395,-1.4879948141745893,2496.935135135135,0.5759667545614564,-0.8146710666016894,L,0.400207540643376,2026,Shota Imanaga,MLB
684007,FS,994,82.77786720321932,5.6449496981891345,-11.43199195171026,6.282139253279516,5.4889034205231395,-1.5329476861167002,1125.8934426229507,0.8037812385759577,-0.5833394148517398,L,0.34382566585956414,2026,Shota Imanaga,MLB
684007,SI,175,90.24,9.829028571428571,-16.2624,6.194857142857142,5.413771428571429,-1.6508571428571428,2462.1974522292994,0.6740431460290026,-0.7363401833202744,L,0.06053268765133172,2026,Shota Imanaga,MLB
684007,SL,54,86.41296296296296,7.191111111111111,3.1955555555555555,6.187037037037038,5.44037037037037,-1.4424074074074074,2476.6481481481483,0.09745567591697804,-0.9387402370742836,L,0.0186786579038395,2026,Shota Imanaga,MLB
684007,ST,427,81.06674473067916,-0.3133489461358314,13.891334894613584,6.118439716312056,5.431826697892271,-1.6917096018735363,2549.2843373493974,-0.8522443094416445,0.5035372755866405,L,0.14769975786924938,2026,Shota Imanaga,MLB
684049,CH,11,91.71818181818182,8.389090909090909,-12.610909090909091,6.5181818181818185,6.084545454545455,-0.85,1465.8181818181818,-0.5782967202605055,-0.7901065284445117,R,0.033846153846153845,2026,Brandan Bidois,MLB
684049,FF,178,96.87921348314607,19.264719101123596,-3.496179775280899,6.540449438202248,6.203595505617978,-0.47915730337078655,2338.8595505617977,-0.21769768909755463,-0.973821075442921,R,0.5476923076923077,2026,Brandan Bidois,MLB
684049,SL,136,86.35367647058824,-1.3455882352941178,6.132352941176471,6.485294117647059,6.254117647058824,-0.41073529411764703,2671.3088235294117,0.8785201989423399,-0.21405728606409652,R,0.41846153846153844,2026,Brandan Bidois,MLB
684320,FF,36,95.63055555555555,16.05333333333333,-6.02,6.275,5.975555555555555,-1.356111111111111,2438.1111111111113,-0.5485895922933476,-0.8313190418667139,R,0.20930232558139536,2026,Yariel Rodríguez,MLB
684320,FS,42,88.22380952380952,4.162857142857143,-14.814285714285715,6.5285714285714285,6.018571428571429,-1.174047619047619,1497.4761904761904,-0.8545514311569912,-0.5144878006601751,R,0.2441860465116279,2026,Yariel Rodríguez,MLB
684320,SI,26,95.70384615384616,11.57076923076923,-16.246153846153845,6.369230769230769,5.866153846153846,-1.3273076923076923,2353.923076923077,-0.5921931596749858,-0.8027182670073798,R,0.1511627906976744,2026,Yariel Rodríguez,MLB
684320,SL,68,85.99117647058823,1.1964705882352942,4.489411764705883,6.116176470588235,5.868970588235293,-1.4836764705882353,2679.8529411764707,0.6922945264039455,0.1908734973391233,R,0.3953488372093023,2026,Yariel Rodríguez,MLB
684384,SL,11,81.4090909090909,3.174545454545455,2.847272727272727,6.0,6.4818181818181815,-1.4272727272727272,2229.2727272727275,0.5867669052281366,-0.7280824692585174,R,1.0,2026,Chase Plymell,MLB
684442,CH,73,81.6027397260274,8.094246575342465,-15.683835616438357,6.535616438356165,5.77945205479452,-1.3667123287671232,1902.6575342465753,0.8967332810067229,-0.43683308523007536,L,0.19109947643979058,2026,Kohl Drake,MLB
684442,CU,65,78.49692307692308,-10.881230769230768,5.052923076923077,6.498461538461538,5.828615384615385,-1.384,2513.4461538461537,-0.6351949355357444,0.7673399111287985,L,0.17015706806282724,2026,Kohl Drake,MLB
684442,FC,44,86.17954545454546,8.67,0.29454545454545455,6.577272727272727,5.715909090909091,-1.4484090909090908,2285.3863636363635,0.44730696214388604,-0.8862207392599957,L,0.11518324607329843,2026,Kohl Drake,MLB
684442,FF,165,91.56181818181818,16.20072727272727,-11.462545454545454,6.48,5.8852121212121205,-1.3851515151515152,2272.4,0.6475733307767849,-0.7600961868731297,L,0.4319371727748691,2026,Kohl Drake,MLB
684442,SL,35,81.70571428571428,1.1314285714285715,2.9691428571428573,6.574285714285714,5.622571428571429,-1.4362857142857144,2379.714285714286,-0.7014720609708922,-0.08750519152073445,L,0.09162303664921466,2026,Kohl Drake,MLB
684516,CH,18,90.89444444444445,1.02,-10.54,6.222222222222222,5.683333333333334,-2.265,1348.2777777777778,-0.8335983979238287,-0.544711855705597,R,0.3050847457627119,2026,Hancel Rincon,MLB
684516,FF,22,95.80909090909091,12.305454545454547,-5.705454545454545,6.263636363636365,5.655454545454545,-2.2818181818181817,2340.590909090909,-0.48266688952587083,-0.8724147830277856,R,0.3728813559322034,2026,Hancel Rincon,MLB
684516,SL,19,85.54736842105264,-2.2042105263157894,1.3010526315789475,6.152631578947369,5.686315789473684,-2.2789473684210524,2282.684210526316,0.8402698800771266,0.4822139814283535,R,0.3220338983050847,2026,Hancel Rincon,MLB
684665,CH,29,92.3103448275862,4.911724137931034,-14.466206896551723,6.482758620689655,5.713793103448276,-2.106551724137931,1580.5172413793102,-0.7985348300551582,-0.5972247865100124,R,0.07611548556430446,2026,Luke Murphy,MLB
684665,FC,80,90.40875,6.1034999999999995,2.733,6.404999999999999,5.859,-1.987125,2309.3625,-0.060439397519892565,-0.9721681768180856,R,0.2099737532808399,2026,Luke Murphy,MLB
684665,FF,209,95.66985645933015,15.617224880382775,-10.71732057416268,6.467464114832536,5.922392344497608,-1.8069856459330145,2241.028708133971,-0.6657997467896025,-0.7200550353860171,R,0.5485564304461942,2026,Luke Murphy,MLB
684665,SL,63,84.32539682539682,2.9904761904761905,8.095238095238095,6.387301587301587,5.913968253968254,-1.8088888888888888,2257.5238095238096,0.8840016142199553,0.33762497643111516,R,0.16535433070866143,2026,Luke Murphy,MLB
684974,CH,340,78.9364705882353,-6.242470588235294,-15.80435294117647,7.113235294117647,4.8153235294117644,-2.006588235294118,2486.426470588235,-0.8973063137680585,0.42605902485585023,R,0.5396825396825397,2026,Craig Yoho,MLB
684974,FC,79,90.7253164556962,9.768607594936709,0.4207594936708861,6.988607594936709,4.996835443037975,-2.2025316455696204,2547.721518987342,-0.41757741361706574,-0.8907811393703202,R,0.1253968253968254,2026,Craig Yoho,MLB
684974,FF,103,94.25728155339806,10.92116504854369,-15.96116504854369,7.000970873786408,4.94252427184466,-2.1206796116504854,2448.990291262136,-0.8718862955706446,-0.48659230823627975,R,0.1634920634920635,2026,Craig Yoho,MLB
684974,SI,108,94.41203703703704,6.319999999999999,-17.766666666666666,7.09537037037037,4.971388888888889,-2.0832407407407407,2392.185185185185,-0.8731467505262935,-0.48363781365367814,R,0.17142857142857143,2026,Craig Yoho,MLB
685005,CH,16,88.3875,2.6175,-13.612499999999999,6.4125,6.180625,-2.17125,1887.75,-0.8489832653638042,-0.5240983475562593,R,0.08205128205128205,2026,Christian Roa,MLB
685005,FF,53,95.94716981132075,14.024150943396226,-8.950188679245283,6.392452830188679,6.34,-2.1918867924528302,2156.188679245283,-0.6549408001318492,-0.7529167283903613,R,0.2717948717948718,2026,Christian Roa,MLB
685005,SI,62,95.69032258064516,9.809032258064516,-14.531612903225808,6.469354838709678,6.29,-2.121451612903226,2040.2903225806451,-0.6480692445291205,-0.7596673919931171,R,0.31794871794871793,2026,Christian Roa,MLB
685005,SL,64,87.3375,1.2225,7.10625,6.3828125,6.16234375,-2.37171875,2402.359375,0.6849589736683748,0.7074135745308965,R,0.3282051282051282,2026,Christian Roa,MLB
685112,FC,104,88.55288461538461,0.8642307692307691,5.267307692307692,6.088461538461539,5.608942307692308,-1.290576923076923,2641.375,0.8241548985949454,-0.39788891191274406,R,0.4406779661016949,2026,Zach McCambley,MLB
685112,FF,82,93.93414634146342,11.691219512195122,-1.8995121951219511,6.204878048780488,5.639024390243902,-1.2369512195121952,2499.3536585365855,-0.45181715944517764,-0.8823913773045019,R,0.3474576271186441,2026,Zach McCambley,MLB
685112,ST,50,83.848,-2.1384,15.324000000000002,6.136,5.7764,-1.1608,2788.74,0.8025965416271583,0.5832807119408734,R,0.211864406779661,2026,Zach McCambley,MLB
685126,CH,147,84.7673469387755,4.149387755102041,-12.202448979591837,7.198639455782313,4.929795918367347,-4.142244897959183,1331.1360544217687,0.781058417368005,-0.6101716314000234,L,0.1875,2026,Brandon Eisert,MLB
685126,FF,311,89.99581993569132,15.295176848874599,-6.985466237942123,7.160450160771704,5.0901286173633435,-3.982668810289389,2113.151125401929,0.6051756251362137,-0.7915749346186768,L,0.39668367346938777,2026,Brandon Eisert,MLB
685126,SI,52,89.14615384615385,9.542307692307691,-15.083076923076923,7.18076923076923,4.974615384615385,-4.052692307692308,2015.4615384615386,0.6759774320267058,-0.7102981582703015,L,0.0663265306122449,2026,Brandon Eisert,MLB
685126,SL,274,83.85875912408758,1.7465693430656934,5.457372262773722,7.116058394160584,5.055948905109489,-4.009014598540146,2220.7664233576643,-0.7300156261264473,-0.5456318000308471,L,0.3494897959183674,2026,Brandon Eisert,MLB
685299,CH,378,84.56058201058201,8.182222222222222,-13.019365079365079,6.302645502645503,6.279523809523809,-2.7742592592592596,2093.309523809524,-0.8203953222713027,-0.5642419802764707,R,0.22340425531914893,2026,Tanner Gordon,MLB
685299,CU,159,81.23899371069183,-2.198490566037736,1.4166037735849057,6.112578616352201,6.229748427672956,-2.820440251572327,2249.3207547169814,0.6311442983288416,0.5652987533487849,R,0.09397163120567376,2026,Tanner Gordon,MLB
685299,FC,35,89.55142857142857,8.533714285714286,-1.032,6.042857142857143,6.186,-2.913142857142857,2032.7428571428572,-0.5169476285370029,-0.8526130573716468,R,0.020685579196217493,2026,Tanner Gordon,MLB
685299,FF,730,92.66150684931506,15.034520547945206,-9.369041095890411,6.14958904109589,6.342753424657534,-2.7203287671232874,2228.4260273972604,-0.6098084303781485,-0.7904068444858984,R,0.4314420803782506,2026,Tanner Gordon,MLB
685299,SI,38,92.18947368421053,14.84842105263158,-11.706315789473685,6.307894736842105,6.270263157894737,-2.7089473684210525,2071.5263157894738,-0.6492743339620203,-0.7587976362918403,R,0.022458628841607566,2026,Tanner Gordon,MLB
685299,SL,352,86.84346590909091,5.7617045454545455,0.9323863636363636,6.075284090909091,6.16872159090909,-2.9255113636363634,2074.6761363636365,-0.465418119431695,-0.801966952577649,R,0.20803782505910165,2026,Tanner Gordon,MLB
685377,SL,11,87.85454545454546,4.1454545454545455,3.72,5.8,6.16,-1.32,2348.6363636363635,-0.03215397646755046,-0.8867912563780597,R,1.0,2026,Misael Tamarez,MLB
685464,CU,76,79.51842105263158,-11.08421052631579,9.142105263157895,6.84078947368421,5.144868421052632,-1.0180263157894738,2282.3552631578946,0.6526317310336553,0.7536017385613469,R,0.2783882783882784,2026,Cade Winquest,MLB
685464,FC,70,92.27857142857142,6.493714285714286,2.0142857142857142,6.91,4.986142857142857,-1.22,2555.6714285714284,-0.08628275318452415,-0.9679212343589112,R,0.2564102564102564,2026,Cade Winquest,MLB
685464,FF,92,95.8445652173913,12.667826086956522,-0.4969565217391304,6.941304347826088,5.289891304347826,-0.803804347826087,2484.25,-0.4005878704611128,-0.9117688548832739,R,0.336996336996337,2026,Cade Winquest,MLB
685464,SI,35,95.49428571428572,8.252571428571429,-10.405714285714286,6.894285714285715,5.045999999999999,-1.0745714285714285,2469.885714285714,-0.5131470097430687,-0.8501545271155492,R,0.1282051282051282,2026,Cade Winquest,MLB
685801,FF,179,96.48435754189944,18.555754189944135,-4.051173184357542,6.777401129943502,5.757877094972067,-0.7196089385474861,2389.68156424581,-0.3162452230648301,-0.9420513340928942,R,0.518840579710145,2026,Hunter Bigge,MLB
685801,FS,19,87.82105263157894,0.9915789473684209,-9.88421052631579,6.800000000000001,5.511052631578947,-0.8368421052631579,1289.2105263157894,-0.8183573134324196,-0.5596366932287646,R,0.05507246376811594,2026,Hunter Bigge,MLB
685801,SL,147,88.65850340136053,4.243265306122449,4.809795918367347,6.8061643835616445,5.61469387755102,-0.9180272108843537,2327.0068027210887,0.6858895915264254,-0.6396455473444174,R,0.4260869565217391,2026,Hunter Bigge,MLB
686218,CH,315,85.4542857142857,-0.5356190476190477,-13.778666666666666,6.532698412698413,5.441428571428571,-1.2555555555555555,1274.384126984127,-0.9893556434999803,-0.0734470571935908,R,0.15486725663716813,2026,Emmet Sheehan,MLB
686218,CU,248,77.67379032258064,-12.888870967741935,10.163225806451614,6.540890688259109,5.435403225806452,-1.1591129032258063,2630.439516129032,0.6832495325867138,0.7235734504124801,R,0.12192723697148476,2026,Emmet Sheehan,MLB
686218,FF,872,94.36628440366972,18.28376146788991,-9.075688073394495,6.652981651376146,5.458543577981652,-1.1629357798165139,2447.020642201835,-0.49531313736990107,-0.8647134238224875,R,0.4287118977384464,2026,Emmet Sheehan,MLB
686218,SL,599,86.63222036727879,3.0480801335559264,2.3633388981636063,6.580968280467446,5.366410684474124,-1.2689816360601003,2369.312186978297,0.1831722327700963,-0.8084824700709312,R,0.2944936086529007,2026,Emmet Sheehan,MLB
686228,FC,19,91.5,4.8315789473684205,2.5136842105263155,6.110526315789474,4.9731578947368416,-2.3010526315789472,2573.684210526316,0.1911232103342011,-0.9064020179880439,R,0.5,2026,Juan Burgos,MLB
686228,SI,19,96.39999999999999,1.5789473684210527,-15.063157894736841,5.942105263157895,4.957894736842105,-2.1257894736842107,2417.9473684210525,-0.80903212989056,-0.5787224848458755,R,0.5,2026,Juan Burgos,MLB
686475,EP,106,46.609433962264156,14.413584905660377,-0.8535849056603774,4.307547169811321,6.957830188679245,-1.7349056603773585,1182.632075471698,-0.4144499750990391,-0.900454190150657,R,1.0,2026,Tyler Tolbert,MLB
686560,FC,165,90.60606060606061,3.4290909090909087,0.6101818181818183,6.073939393939394,5.051212121212122,-3.756787878787879,2685.030303030303,0.44104290162853954,-0.6734159987204964,R,0.32803180914512925,2026,Gavin Collyer,MLB
686560,FF,138,97.37608695652173,12.291304347826088,-11.712173913043477,6.2181159420289855,5.141231884057971,-3.6517391304347826,2474.391304347826,-0.8800431863027999,-0.4685855803381014,R,0.27435387673956263,2026,Gavin Collyer,MLB
686560,SI,88,95.85227272727273,1.862727272727273,-17.166818181818183,6.1863636363636365,5.046931818181818,-3.662386363636364,2384.0795454545455,-0.8732021994929327,-0.4790555804063726,R,0.1749502982107356,2026,Gavin Collyer,MLB
686560,ST,112,85.84910714285715,4.4957142857142856,12.112499999999999,5.96875,4.8602678571428575,-3.833660714285714,2881.285714285714,0.9661679975046403,0.22926168041716122,R,0.22266401590457258,2026,Gavin Collyer,MLB
686563,FF,44,94.76818181818182,14.637272727272727,-7.8136363636363635,6.354545454545455,5.822045454545455,-2.3845454545454547,2333.181818181818,-0.6764279178193683,-0.7311434055882823,R,1.0,2026,Jonathan Cannon,MLB
686580,CU,18,84.57222222222222,-13.24,6.3533333333333335,6.833333333333333,5.950555555555556,-0.9522222222222223,2711.1666666666665,0.38778573977848196,0.915946395738454,R,0.03435114503816794,2026,Justin Slaten,MLB
686580,FC,219,93.56164383561644,9.007671232876712,4.1008219178082195,6.769406392694064,5.931004566210046,-1.0987671232876712,2517.0045662100456,-0.013452837459609788,-0.9835713476393806,R,0.4179389312977099,2026,Justin Slaten,MLB
686580,FF,132,96.55530303030302,17.164545454545458,-1.6336363636363638,6.836363636363636,5.976666666666667,-0.9396212121212121,2460.818181818182,-0.3011865620098049,-0.9499830030674026,R,0.25190839694656486,2026,Justin Slaten,MLB
686580,SI,65,97.26923076923077,14.843076923076922,-11.29476923076923,6.932307692307693,5.878461538461539,-1.0596923076923077,2379.7846153846153,-0.4909021016445092,-0.8680336446330171,R,0.12404580152671756,2026,Justin Slaten,MLB
686580,ST,90,86.03111111111112,1.98,13.865333333333332,6.781111111111111,5.779333333333333,-1.2397777777777779,2628.588888888889,0.8987786273830655,0.3662001827425017,R,0.1717557251908397,2026,Justin Slaten,MLB
686610,CU,63,81.53650793650795,-3.5714285714285716,14.721904761904762,6.6460317460317455,5.773809523809524,-2.2655555555555553,2334.6984126984125,-0.7470356456052442,0.6467924008513858,L,0.3987341772151899,2026,Ken Waldichuk,MLB
686610,FC,31,87.63548387096773,7.347096774193548,2.5587096774193547,6.683870967741935,5.77741935483871,-2.3106451612903225,2326.0967741935483,0.2495553714874892,-0.9208997341338627,L,0.1962025316455696,2026,Ken Waldichuk,MLB
686610,FF,52,93.17692307692307,17.296153846153846,-9.84,6.738461538461538,5.893461538461538,-2.1351923076923076,2413.0384615384614,0.6251870896184782,-0.7758459112671682,L,0.3291139240506329,2026,Ken Waldichuk,MLB
686610,ST,12,84.43333333333334,2.1599999999999997,5.26,6.608333333333333,5.788333333333333,-2.35,2308.0,-0.39861712328204213,-0.5458219501973915,L,0.0759493670886076,2026,Ken Waldichuk,MLB
686613,CH,176,87.57727272727273,4.909772727272728,-13.264772727272726,6.830113636363635,5.852386363636364,-2.286306818181818,1471.2727272727273,-0.7875510655536815,-0.6097857811837498,R,0.088,2026,Hunter Brown,MLB
686613,FC,42,93.05714285714286,7.642857142857143,2.6857142857142855,6.580952380952381,6.081428571428571,-2.08,2225.9523809523807,-0.2692426862592396,-0.9519326609299812,R,0.021,2026,Hunter Brown,MLB
686613,FF,608,96.19407894736842,16.609934210526315,-7.982368421052631,6.7625,6.143009868421053,-1.9442598684210524,2234.8815789473683,-0.5471833039097378,-0.8320541879800674,R,0.304,2026,Hunter Brown,MLB
686613,KC,363,83.43415977961432,-16.328595041322313,5.983471074380165,6.607438016528926,6.133140495867768,-2.1011019283746557,2528.129476584022,0.37228835753284206,0.9247811694296841,R,0.1815,2026,Hunter Brown,MLB
686613,SI,614,96.01400651465798,11.053289902280131,-15.131530944625407,6.748045602605863,6.0285667752442995,-2.0737947882736156,2137.1237785016287,-0.5789433503632595,-0.8106323503240426,R,0.307,2026,Hunter Brown,MLB
686613,SL,176,90.65511363636364,5.010681818181818,3.6620454545454546,6.690340909090909,6.044431818181818,-2.101647727272727,2224.840909090909,0.009253911994052405,-0.9327995820123387,R,0.088,2026,Hunter Brown,MLB
686613,SV,21,86.97142857142858,-6.834285714285714,1.2742857142857145,6.6380952380952385,5.94904761904762,-2.0295238095238095,2236.1428571428573,0.44189872333440666,0.8907008108894733,R,0.0105,2026,Hunter Brown,MLB
686628,FF,11,94.07272727272726,17.41090909090909,-2.9236363636363634,6.354545454545455,5.699090909090909,-2.570909090909091,2447.3636363636365,-0.30377203695303745,-0.9503607629540909,R,1.0,2026,Blake Burkhalter,MLB
686678,SI,22,93.18181818181819,11.694545454545453,-16.456363636363633,6.8,5.610454545454545,-1.1318181818181818,1974.2272727272727,-0.5199443069519828,-0.8514375970231072,R,0.5945945945945946,2026,Chase Solesky,MLB
686678,ST,15,82.82666666666667,6.056,14.336,6.7733333333333325,5.552666666666667,-1.2026666666666666,2090.3333333333335,0.9866035094640043,0.02482604753301358,R,0.40540540540540543,2026,Chase Solesky,MLB
686701,FF,25,94.524,17.0976,-8.860800000000001,6.28,5.8904,-1.9088,2501.92,-0.5245441223177817,-0.8080240758954484,R,0.5208333333333334,2026,Ryan Bergert,MLB
686701,SI,12,93.89166666666667,11.770000000000001,-14.22,6.266666666666667,5.6925,-2.1033333333333335,2257.75,-0.4897177967939965,-0.7619484609693216,R,0.25,2026,Ryan Bergert,MLB
686701,ST,11,82.73636363636363,-2.127272727272727,15.763636363636364,6.181818181818182,5.771818181818182,-2.161818181818182,2811.181818181818,0.7631519357793767,0.20381195279938227,R,0.22916666666666666,2026,Ryan Bergert,MLB
686730,CH,10,86.61,4.176,-15.912,6.590000000000001,5.186,-0.6990000000000001,1664.9,-0.8974112528888197,-0.43964320225212533,R,0.11904761904761904,2026,Carson Spiers,MLB
686730,FF,10,91.95,14.580000000000002,-3.228,6.640000000000001,5.439,-0.5269999999999999,2375.9,-0.4859773890084614,-0.8694195365387133,R,0.11904761904761904,2026,Carson Spiers,MLB
686730,SI,27,91.28518518518518,6.4222222222222225,-14.991111111111111,6.681481481481482,5.221481481481481,-0.582962962962963,2214.6296296296296,-0.6255265962858578,-0.7755723356460176,R,0.32142857142857145,2026,Carson Spiers,MLB
686730,ST,37,79.21081081081081,-1.4983783783783784,18.405405405405407,6.548648648648649,5.147297297297297,-0.7964864864864865,2778.2432432432433,0.8787562995445912,0.4678626707734188,R,0.44047619047619047,2026,Carson Spiers,MLB
686747,ST,15,78.48,2.552,11.032,6.453333333333333,5.137333333333333,-3.2733333333333334,2086.8,-0.9594631940974898,0.26059228096779896,L,1.0,2026,Joe La Sorsa,MLB
686751,CU,29,82.25172413793103,-3.6662068965517243,14.482758620689655,6.475862068965518,5.538275862068966,-1.7065517241379309,2759.3793103448274,0.7687129189948593,0.6083055524405239,R,0.048494983277591976,2026,Seth Johnson,MLB
686751,FF,281,97.70925266903915,17.00711743772242,-8.356868327402136,6.402135231316726,5.672669039145908,-1.6197508896797153,2380.5302491103203,-0.5625787010506094,-0.8234483846026192,R,0.4698996655518395,2026,Seth Johnson,MLB
686751,SI,54,95.64629629629628,9.36,-14.333333333333334,6.448148148148148,5.565740740740741,-1.8038888888888889,2149.425925925926,-0.6106570840034002,-0.7889306197401015,R,0.0903010033444816,2026,Seth Johnson,MLB
686751,SL,203,88.33251231527093,2.231527093596059,4.633300492610838,6.439408866995074,5.594137931034482,-1.7343842364532018,2545.4679802955666,0.5995517813703629,-0.7212835532200988,R,0.3394648829431438,2026,Seth Johnson,MLB
686751,ST,31,84.6741935483871,6.476129032258064,13.443870967741935,6.445161290322581,5.368709677419355,-2.0193548387096776,2731.7419354838707,0.948813293424048,0.2183977918158016,R,0.051839464882943144,2026,Seth Johnson,MLB
686753,CH,64,89.5609375,4.205625,-16.329375,5.7515625,5.47359375,-2.29375,1935.375,-0.8674546417872337,-0.492376376477754,R,0.20915032679738563,2026,Drey Jameson,MLB
686753,FF,62,96.76935483870967,16.349032258064515,-9.903870967741934,5.746774193548387,5.7420967741935485,-1.8501612903225806,2356.8064516129034,-0.5830093716572616,-0.8101020255748876,R,0.20261437908496732,2026,Drey Jameson,MLB
686753,SI,54,95.67962962962963,11.020000000000001,-14.564444444444446,5.7592592592592595,5.558888888888889,-2.1385185185185187,2252.6111111111113,-0.6900263817745557,-0.7219788024039575,R,0.17647058823529413,2026,Drey Jameson,MLB
686753,SL,104,87.05384615384615,3.436153846153846,2.4565384615384613,5.698076923076924,5.529903846153847,-2.199903846153846,2542.4615384615386,0.7148558897473377,-0.32288530078712563,R,0.33986928104575165,2026,Drey Jameson,MLB
686753,ST,22,83.00454545454545,0.39272727272727276,12.834545454545456,5.5227272727272725,5.622272727272727,-2.123181818181818,2685.681818181818,0.7636857587888423,0.6248163463624868,R,0.0718954248366013,2026,Drey Jameson,MLB
686780,SL,11,49.82727272727273,18.774545454545457,-7.570909090909091,4.309090909090909,6.657272727272727,-1.3718181818181818,1294.7272727272727,-0.6508162493497962,-0.7535894122280922,R,1.0,2026,Pedro Pagés,MLB
686790,CH,172,83.77674418604651,1.3290697674418603,-13.273255813953488,6.928488372093024,4.98296511627907,-2.205813953488372,1615.6918604651162,-0.9034825954276624,-0.4183039731534768,R,0.14891774891774892,2026,Trevor McDonald,MLB
686790,FF,11,93.97272727272728,9.72,-11.192727272727273,6.709090909090909,5.161818181818182,-2.0527272727272727,2248.4545454545455,-0.895989079239585,-0.43879191517739996,R,0.009523809523809525,2026,Trevor McDonald,MLB
686790,SI,668,93.41586826347306,1.1326347305389222,-16.393652694610775,6.702095808383233,5.104011976047905,-2.0692365269461077,2278.1691616766466,-0.8889438031959348,-0.4523809848051402,R,0.5783549783549784,2026,Trevor McDonald,MLB
686790,SL,304,85.80756578947368,-4.041315789473684,9.97342105263158,6.5473684210526315,5.030559210526316,-2.2615460526315787,2745.815789473684,0.5233543963752442,0.8378795451770966,R,0.2632034632034632,2026,Trevor McDonald,MLB
686796,FF,17,91.63529411764705,15.317647058823528,-10.065882352941177,6.035294117647059,6.040588235294117,-2.807058823529412,2094.0588235294117,0.6919457973554491,-0.7165376182245939,L,0.6296296296296297,2026,Blake Walston,MLB
686796,SL,10,84.22,7.212000000000001,0.9239999999999998,6.05,6.268,-2.812,2198.9,-0.19822313801855632,-0.5381239272767625,L,0.37037037037037035,2026,Blake Walston,MLB
686799,CH,272,89.96286764705883,0.8902941176470588,-10.357058823529412,6.344485294117647,6.162830882352941,-1.4186764705882353,2166.5073529411766,-0.7745114180239402,-0.6210151414113474,R,0.2361111111111111,2026,Jack Kochanowicz,MLB
686799,FF,253,96.16521739130434,13.789090909090909,-6.7788142292490114,6.349407114624507,6.2754940711462455,-1.4241106719367589,2287.7430830039525,-0.6554085479096051,-0.741100793640027,R,0.21961805555555555,2026,Jack Kochanowicz,MLB
686799,SI,438,95.73036529680365,4.703835616438357,-13.04,6.319634703196347,6.31337899543379,-1.3842922374429225,2139.8858447488583,-0.6506964517727322,-0.7442653624982524,R,0.3802083333333333,2026,Jack Kochanowicz,MLB
686799,SL,189,85.72063492063492,-3.9695238095238095,5.789841269841269,6.291534391534391,6.147513227513228,-1.4582010582010583,2825.873015873016,0.581594691688594,0.7730534549686408,R,0.1640625,2026,Jack Kochanowicz,MLB
686894,SL,14,61.4,12.154285714285715,-4.894285714285714,4.771428571428571,6.347857142857143,-1.9064285714285716,1634.7857142857142,-0.6108300713206708,-0.7519943433749867,R,1.0,2026,Joey Wiemer,MLB
686900,SL,12,87.80833333333334,4.68,0.81,5.758333333333333,5.2908333333333335,-1.16,2439.75,0.5665165464634836,-0.6023103672360628,L,1.0,2026,Evan Shawver,MLB
686930,CH,69,85.3463768115942,1.1269565217391304,-9.25391304347826,6.155072463768116,5.9168115942028985,-2.3594202898550725,992.3333333333334,-0.9167803005402907,-0.38473956954161553,R,0.07590759075907591,2026,Mason Barnett,MLB
686930,CU,93,78.99569892473119,-15.228387096774194,8.748387096774193,6.027956989247312,6.236774193548387,-1.9150537634408602,2697.2903225806454,0.3667940266171993,0.9283413489293606,R,0.10231023102310231,2026,Mason Barnett,MLB
686930,FF,447,94.86040268456375,15.084026845637585,-1.087248322147651,6.234004474272931,5.980492170022372,-2.196912751677852,2229.089485458613,-0.26666950230787273,-0.9606428736310808,R,0.49174917491749176,2026,Mason Barnett,MLB
686930,SL,162,87.32777777777778,-2.4392592592592592,3.425925925925926,6.047530864197531,6.186481481481482,-2.0469753086419753,2503.0246913580245,0.8158232087702326,0.25489922377947943,R,0.1782178217821782,2026,Mason Barnett,MLB
686930,ST,138,83.60072463768115,-4.218260869565217,15.650434782608693,6.07536231884058,6.028840579710145,-2.2871014492753625,2685.355072463768,0.6490478223566633,0.7543538951763314,R,0.15181518151815182,2026,Mason Barnett,MLB
686934,FF,143,99.42097902097903,14.759160839160838,-9.334825174825175,6.322377622377623,5.487692307692308,-2.271958041958042,2544.3146853146854,-0.6890308190426823,-0.7181239826778956,R,0.4307228915662651,2026,Alex McFarlane,MLB
686934,SI,89,99.13932584269662,9.573033707865168,-16.538426966292135,6.352808988764044,5.436067415730337,-2.082247191011236,2493.044943820225,-0.6830184488925234,-0.7238652283937025,R,0.2680722891566265,2026,Alex McFarlane,MLB
686934,SL,72,87.15555555555555,-1.46,4.693333333333333,6.340277777777778,5.273472222222222,-2.2993055555555557,2802.125,0.8216934467197676,0.5363749352859988,R,0.21686746987951808,2026,Alex McFarlane,MLB
686934,ST,28,86.21785714285714,0.46714285714285714,12.925714285714287,6.335714285714286,5.226071428571429,-2.157857142857143,2896.464285714286,0.8351997182107033,0.5283351383498786,R,0.08433734939759036,2026,Alex McFarlane,MLB
686973,CH,224,93.08258928571429,1.4726785714285715,-12.006964285714286,6.947767857142857,5.297544642857143,-2.9995982142857143,1702.34375,-0.784955158118846,-0.6064318836399386,R,0.1794871794871795,2026,Louis Varland,MLB
686973,FF,514,98.79785992217899,16.26513618677043,-7.630038910505837,6.888326848249027,5.383326848249028,-2.901828793774319,2273.1364522417152,-0.5684764580427297,-0.8124250960562964,R,0.41185897435897434,2026,Louis Varland,MLB
686973,KC,379,87.67493403693932,-7.40580474934037,5.971820580474934,6.766490765171504,5.458390501319261,-2.9379947229551453,2552.467018469657,0.719306582466865,0.6830579204741201,R,0.3036858974358974,2026,Louis Varland,MLB
686973,SI,30,97.02,10.924000000000001,-16.664,7.02,5.27,-2.817,2137.7,-0.6505797619934744,-0.751212666191084,R,0.02403846153846154,2026,Louis Varland,MLB
686973,SL,101,92.07128712871288,5.217029702970296,4.710891089108911,6.792079207920792,5.414257425742575,-2.9768316831683173,2495.4356435643563,0.26495301152208134,-0.8757114918519397,R,0.08092948717948718,2026,Louis Varland,MLB
686993,FC,225,88.6591111111111,6.473066666666667,2.8090666666666664,6.563555555555555,5.435777777777777,-2.8276444444444446,2630.0133333333333,0.12848186818343396,-0.9580695054640889,R,0.3082191780821918,2026,Justin Sterner,MLB
686993,FF,289,93.49031141868512,17.518754325259515,-7.997231833910034,6.613148788927336,5.456782006920415,-2.7850519031141867,2333.1314878892736,-0.5726762743111372,-0.8178557162587514,R,0.3958904109589041,2026,Justin Sterner,MLB
686993,ST,216,81.36805555555556,3.5744444444444445,14.49611111111111,6.614814814814815,5.408842592592593,-2.8291666666666666,2709.453703703704,0.9020108668135349,0.4115944097862459,R,0.2958904109589041,2026,Justin Sterner,MLB
687040,SI,15,89.86666666666666,8.248,-10.984,6.133333333333334,5.395333333333332,-1.0833333333333333,2379.6,0.5592021764632398,-0.8249715251991122,L,1.0,2026,Sayer Diederich,MLB
687060,FC,13,86.79230769230769,5.630769230769231,3.1015384615384614,6.015384615384615,5.684615384615385,-1.886923076923077,2236.769230769231,0.02794430089147362,-0.9804778758432573,R,0.48148148148148145,2026,Blake Adams,MLB
687060,FF,14,92.07857142857142,13.825714285714286,-5.031428571428571,6.021428571428571,5.649285714285715,-1.8707142857142858,2057.0,-0.46666814708296656,-0.8829365060195146,R,0.5185185185185185,2026,Blake Adams,MLB
687064,CU,296,75.19155405405405,-15.541216216216215,12.749594594594594,6.127364864864865,6.115844594594594,-1.5294932432432433,2708.5945945945946,0.5851278331688992,0.8071581707832021,R,0.11699604743083004,2026,Brandon Young,MLB
687064,FF,1014,94.38984220907298,17.718224852071003,-5.770532544378698,6.461637080867851,5.973629191321499,-1.3884516765285997,2239.2406311637083,-0.4640023531361699,-0.882379179702356,R,0.4007905138339921,2026,Brandon Young,MLB
687064,FS,478,84.45627615062762,2.318410041841004,-8.950041841004184,6.427405857740586,5.966046025104602,-1.6221757322175732,1433.4539748953976,-0.7866201906764639,-0.5987287087728561,R,0.18893280632411066,2026,Brandon Young,MLB
687064,SI,349,93.88252148997135,11.248710601719198,-14.848022922636103,6.502005730659025,5.917936962750717,-1.4728080229226361,1876.942693409742,-0.5769328806666866,-0.813292943398734,R,0.13794466403162056,2026,Brandon Young,MLB
687064,SL,393,84.51806615776081,3.250992366412214,2.072671755725191,6.211450381679389,6.050254452926208,-1.5193384223918576,2044.9516539440203,-0.0471693555589233,-0.7656238079729512,R,0.15533596837944663,2026,Brandon Young,MLB
687075,CH,147,91.37823129251701,2.8857142857142857,-14.564897959183673,6.385034013605442,5.489931972789115,-2.560340136054422,1702.3379310344828,-0.9227278083274665,-0.37238255872628395,R,0.08216880939072108,2026,Brandon Sproat,MLB
687075,CU,181,82.94585635359117,-11.270055248618785,10.77414364640884,6.205,5.780828729281768,-2.4075690607734805,2531.617142857143,0.7505695444484153,0.6486469938966414,R,0.10117384013415316,2026,Brandon Sproat,MLB
687075,FC,374,92.98475935828878,7.764705882352941,1.6748663101604278,6.304812834224599,5.583395721925134,-2.540641711229947,2143.4201680672268,-0.22675193215747474,-0.9518689685025468,R,0.20905533817775293,2026,Brandon Sproat,MLB
687075,FF,432,96.78726851851852,12.684722222222222,-7.200555555555555,6.33611111111111,5.628078703703704,-2.430648148148148,2047.1605839416059,-0.6857450619307518,-0.7243428580097668,R,0.24147568474007824,2026,Brandon Sproat,MLB
687075,SI,471,96.15796178343949,5.4940127388535025,-15.231592356687898,6.364755838641189,5.507430997876858,-2.5085774946921444,1987.0022675736961,-0.716194650944134,-0.6841046993820232,R,0.26327557294577975,2026,Brandon Sproat,MLB
687075,ST,184,86.20869565217392,3.430434782608696,13.05913043478261,6.3038043478260875,5.483260869565217,-2.607554347826087,2512.153846153846,0.8783678849905934,0.3840412782883893,R,0.10285075461151481,2026,Brandon Sproat,MLB
687102,FF,11,93.94545454545455,14.563636363636363,-12.13090909090909,6.127272727272728,5.233636363636363,-2.498181818181818,2228.6363636363635,-0.7477599160622219,-0.662619069092308,R,1.0,2026,Ross Carver,MLB
687134,CU,29,83.63793103448276,-13.609655172413794,2.110344827586207,6.2620689655172415,6.266206896551724,-1.3948275862068966,2533.2758620689656,0.3262000511476805,0.925984720763143,R,0.145,2026,Bradley Blalock,MLB
687134,FC,11,93.61818181818181,9.916363636363636,2.389090909090909,6.409090909090909,6.141818181818182,-1.8081818181818183,2341.909090909091,-0.22750550703380437,-0.9594395352128366,R,0.055,2026,Bradley Blalock,MLB
687134,FF,54,95.86666666666667,18.759999999999998,-3.6622222222222223,6.385185185185185,6.297592592592593,-1.412037037037037,2210.5555555555557,-0.2483142131414564,-0.9665815152986705,R,0.27,2026,Bradley Blalock,MLB
687134,FS,28,89.07857142857142,4.598571428571428,-6.784285714285715,6.417857142857143,6.083214285714286,-1.9632142857142856,848.4642857142857,-0.8178051301586013,-0.5430134609419597,R,0.14,2026,Bradley Blalock,MLB
687134,SI,17,95.40588235294118,15.755294117647058,-13.030588235294118,6.411764705882353,6.057058823529411,-1.8705882352941177,2148.4117647058824,-0.41406101256226896,-0.9071228959682446,R,0.085,2026,Bradley Blalock,MLB
687134,SL,35,87.74571428571429,-1.5497142857142858,4.2137142857142855,6.331428571428571,6.185714285714286,-1.685142857142857,2437.7714285714287,0.9259721109759913,0.09794631793695596,R,0.175,2026,Bradley Blalock,MLB
687134,ST,26,85.67307692307692,-1.9153846153846152,11.80153846153846,6.165384615384616,6.124615384615385,-2.0384615384615383,2596.6153846153848,0.670889451550673,0.733294134225614,R,0.13,2026,Bradley Blalock,MLB
687209,FC,58,92.75,8.282068965517242,0.9248275862068965,6.205172413793103,6.187931034482758,-2.362931034482759,2218.862068965517,-0.33359544664060614,-0.9269637132061079,R,0.1858974358974359,2026,Zach Maxwell,MLB
687209,FF,187,98.81176470588235,16.77946524064171,-9.346524064171122,6.174331550802139,6.149625668449198,-2.4189839572192513,2459.1176470588234,-0.5796541254833167,-0.8114099719510364,R,0.5993589743589743,2026,Zach Maxwell,MLB
687209,ST,67,86.50746268656717,-1.9791044776119402,9.535522388059702,6.262686567164179,6.107611940298507,-2.44044776119403,2689.5373134328356,0.6333036924536609,0.6823610089166284,R,0.21474358974358973,2026,Zach Maxwell,MLB
687223,FC,31,82.04193548387097,4.8503225806451615,2.4812903225806453,7.358064516129032,4.958064516129032,-3.000967741935484,1955.6774193548388,0.09413606709646076,-0.9654788696537983,L,0.09904153354632587,2026,Carson Palmquist,MLB
687223,FF,49,91.18775510204081,11.688979591836734,-11.608163265306121,7.255102040816326,4.874081632653062,-3.2463265306122446,2162.530612244898,0.8679741834119664,-0.4901383984341983,L,0.15654952076677317,2026,Carson Palmquist,MLB
687223,SI,102,90.58823529411765,4.6505882352941175,-16.534117647058824,7.341176470588235,4.807843137254902,-3.167745098039216,2159.049019607843,0.8530094959247426,-0.5134517432795809,L,0.3258785942492013,2026,Carson Palmquist,MLB
687223,ST,131,73.85648854961832,1.042442748091603,12.621068702290076,7.3725190839694665,4.929618320610687,-2.9421374045801527,1993.1908396946565,-0.9818268059821662,0.14519590390163273,L,0.4185303514376997,2026,Carson Palmquist,MLB
687239,CH,12,88.39166666666667,7.989999999999999,-12.049999999999999,6.541666666666667,5.791666666666667,-1.36,1472.0833333333333,-0.6704957879058321,-0.7338192243252867,R,0.0425531914893617,2026,Ben Peoples,MLB
687239,FF,163,96.0,16.252269938650308,-0.8164417177914112,6.529447852760736,6.0149079754601225,-0.9836196319018405,2303.963190184049,-0.25073340462799665,-0.9643409367470097,R,0.5780141843971631,2026,Ben Peoples,MLB
687239,SL,107,87.76542056074766,-0.06280373831775699,3.5360747663551404,6.408411214953271,5.9749532710280375,-1.155233644859813,2482.8504672897197,0.7810910010489039,-0.36369692685722477,R,0.37943262411347517,2026,Ben Peoples,MLB
687273,CH,138,83.0449275362319,4.361739130434782,-10.998260869565218,6.538405797101449,5.117753623188406,-1.4846376811594202,1344.608695652174,0.9292540888337514,-0.35678073124615445,L,0.15916955017301038,2026,Quinn Mathews,MLB
687273,CU,116,75.76637931034483,-12.126206896551725,9.858620689655172,6.481896551724137,5.603793103448275,-0.8727586206896552,2442.5344827586205,-0.6103171842884468,0.786510552564919,L,0.13379469434832755,2026,Quinn Mathews,MLB
687273,FF,335,93.44089552238806,16.31176119402985,-5.055402985074626,6.635820895522388,5.33044776119403,-1.2383582089552239,2241.644776119403,0.43639894714335775,-0.8943516590633113,L,0.3863898500576701,2026,Quinn Mathews,MLB
687273,SI,83,92.85421686746987,12.507469879518071,-10.844819277108433,6.619277108433734,5.30843373493976,-1.2896385542168676,2238.0361445783133,0.28872074196429864,-0.9510600044014348,L,0.09573241061130335,2026,Quinn Mathews,MLB
687273,SL,195,84.83948717948718,1.324923076923077,3.5015384615384617,6.561025641025641,5.348358974358975,-1.166974358974359,2348.9076923076923,-0.8741606706990583,-0.297058157333602,L,0.22491349480968859,2026,Quinn Mathews,MLB
687287,CU,14,77.85000000000001,-8.922857142857143,10.088571428571429,6.114285714285714,6.0721428571428575,-1.8021428571428573,2491.9285714285716,-0.8492469379892668,0.5247997137092509,L,0.2413793103448276,2026,Patrick Monteverde,MLB
687287,FC,11,85.60000000000001,7.8,1.1563636363636363,6.163636363636363,5.8963636363636365,-1.8545454545454545,2069.181818181818,0.20310954791293775,-0.9697207261972839,L,0.1896551724137931,2026,Patrick Monteverde,MLB
687287,FS,12,80.85833333333333,-2.9499999999999997,-7.919999999999999,6.116666666666667,5.778333333333333,-1.8550000000000002,1065.6666666666667,0.9638478558660634,0.24318728837809336,L,0.20689655172413793,2026,Patrick Monteverde,MLB
687287,SI,11,89.33636363636364,11.258181818181818,-16.39636363636364,6.154545454545455,5.802727272727273,-1.8772727272727272,1953.090909090909,0.6850510531986932,-0.7276552810182494,L,0.1896551724137931,2026,Patrick Monteverde,MLB
687287,SL,10,80.71000000000001,5.796,8.472,6.21,5.787,-2.034,2359.5,-0.9553212142082101,0.2377277144292437,L,0.1724137931034483,2026,Patrick Monteverde,MLB
687309,CH,40,81.02250000000001,-3.4859999999999998,-15.759,7.065,3.7769999999999997,-2.81675,2226.425,0.9501428966482827,0.2954190908806767,L,0.15748031496062992,2026,Cooper Hjerpe,MLB
687309,FC,24,86.22083333333335,7.72,-0.42500000000000004,6.9624999999999995,3.7887500000000003,-2.9370833333333333,1997.0,0.7285947756569211,-0.6634994258231687,L,0.09448818897637795,2026,Cooper Hjerpe,MLB
687309,FF,132,90.41590909090908,8.423636363636364,-12.738181818181818,7.106060606060606,3.8324242424242425,-2.766060606060606,2038.6060606060605,0.945023495011776,-0.31053042822885946,L,0.5196850393700787,2026,Cooper Hjerpe,MLB
687309,ST,58,77.53275862068965,2.5220689655172412,15.337241379310344,6.956896551724138,3.8315517241379307,-2.848275862068965,2443.8275862068967,-0.9909638232767788,0.11110574996585004,L,0.2283464566929134,2026,Cooper Hjerpe,MLB
687312,CH,127,87.80944881889764,3.573543307086614,-10.659212598425198,6.82755905511811,5.391259842519686,-2.7381102362204723,1487.1417322834645,-0.7813643277377006,-0.6133247050439006,R,0.11120840630472854,2026,Gabriel Hughes,MLB
687312,CU,138,78.71884057971015,-12.179130434782609,8.405217391304348,6.8847826086956525,5.773623188405797,-2.1368840579710144,2507.4057971014495,0.5904120195723992,0.8030136126836687,R,0.12084063047285463,2026,Gabriel Hughes,MLB
687312,FF,568,92.4132042253521,10.390774647887325,1.221338028169014,6.9290492957746475,5.451654929577464,-2.485492957746479,2211.3521126760565,-0.14872268557373824,-0.982456659359701,R,0.4973730297723292,2026,Gabriel Hughes,MLB
687312,SI,119,92.86470588235294,8.753949579831932,-8.683361344537815,6.907563025210084,5.397563025210084,-2.6535294117647057,2055.1428571428573,-0.3288042191153749,-0.9378846742701944,R,0.1042031523642732,2026,Gabriel Hughes,MLB
687312,SL,91,86.48351648351648,3.4087912087912087,5.537142857142857,6.881318681318682,5.616373626373626,-2.3325274725274725,2289.3296703296705,0.9249469952344652,-0.26906267228079367,R,0.0796847635726795,2026,Gabriel Hughes,MLB
687312,ST,99,85.5040404040404,4.718787878787879,12.304242424242423,6.825252525252526,5.625959595959596,-2.407777777777778,2297.060606060606,0.9775362584969026,0.04049220815352848,R,0.08669001751313485,2026,Gabriel Hughes,MLB
687330,CH,277,85.85379061371842,-7.514512635379061,-12.379061371841155,6.9492700729927,3.5785559566787004,-1.704187725631769,1877.3068592057762,-0.9904938447136589,0.11162162232634719,R,0.2815040650406504,2026,Kevin Kelly,MLB
687330,FF,70,93.15,9.86057142857143,-12.915428571428572,7.138571428571429,4.024857142857143,-1.7542857142857142,2113.4,-0.9286369998003867,-0.3612415723397485,R,0.07113821138211382,2026,Kevin Kelly,MLB
687330,SI,568,91.33661971830985,-4.107887323943662,-17.09007042253521,7.013780918727916,3.671848591549296,-1.6183098591549296,2041.681338028169,-0.9807422668128767,-0.18055277188580127,R,0.5772357723577236,2026,Kevin Kelly,MLB
687330,ST,69,78.33478260869566,5.866086956521739,18.598260869565216,6.929411764705883,3.603623188405797,-1.887536231884058,2551.2028985507245,0.9966610462113663,0.03837838845113113,R,0.0701219512195122,2026,Kevin Kelly,MLB
687377,CH,124,86.48145161290323,13.848387096774195,-10.169032258064517,6.435483870967742,6.396854838709678,-2.1931451612903223,2028.6612903225807,-0.6920234185800103,-0.7196306627465351,R,0.16124837451235371,2026,Orlando Ribalta,MLB
687377,FF,215,96.9306976744186,17.465302325581394,-8.575255813953488,6.3748837209302325,6.535348837209302,-1.989906976744186,2600.767441860465,-0.5446281466374551,-0.8353326771010575,R,0.2795838751625488,2026,Orlando Ribalta,MLB
687377,SI,130,96.86153846153846,13.331076923076923,-14.027076923076923,6.435384615384615,6.554615384615385,-1.9836923076923076,2452.7846153846153,-0.5237544357367718,-0.8495659095363097,R,0.16905071521456436,2026,Orlando Ribalta,MLB
687377,SL,300,86.72666666666667,3.4872,2.7948000000000004,6.347666666666666,6.561933333333333,-2.0755999999999997,2091.0266666666666,-0.026495060201496567,-0.9043988605463983,R,0.39011703511053314,2026,Orlando Ribalta,MLB
687396,FF,641,94.08486739469579,17.506146645865837,-8.054789391575662,6.943837753510141,6.352542901716069,-1.69798751950078,2307.556942277691,0.5420405394886366,-0.8379514264799324,L,0.48634294385432475,2026,Brent Headrick,MLB
687396,FS,164,84.68353658536586,3.850975609756097,-9.67390243902439,6.857926829268293,6.234390243902439,-1.8675,1002.3414634146342,0.8899042224667711,-0.43378970423061614,L,0.1244309559939302,2026,Brent Headrick,MLB
687396,SI,113,93.36283185840708,14.04,-14.646371681415928,6.9734513274336285,6.345663716814159,-1.7044247787610618,2351.787610619469,0.5052325700055437,-0.8609112038337475,L,0.08573596358118361,2026,Brent Headrick,MLB
687396,SL,400,84.31774999999999,4.7511,2.7693,6.809,6.306725,-1.7670500000000002,2027.675,0.09656016755909873,-0.9460654756339103,L,0.30349013657056145,2026,Brent Headrick,MLB
687473,CH,190,87.16000000000001,2.162526315789474,-13.108421052631579,6.472631578947368,5.706631578947368,-1.7018947368421053,1289.0947368421052,-0.9085874049912877,-0.3849539410905691,R,0.13231197771587744,2026,Ryan Gusto,MLB
687473,CU,131,78.41145038167939,-16.71114503816794,7.683664122137405,6.416793893129771,5.941603053435115,-1.3898473282442747,2494.7480916030536,0.3952942108444531,0.9159751870657309,R,0.09122562674094707,2026,Ryan Gusto,MLB
687473,FC,172,89.31860465116279,8.623953488372093,4.592790697674419,6.559883720930232,5.755058139534884,-1.6665116279069767,2367.982558139535,0.0704161803573092,-0.9813195812347932,R,0.11977715877437325,2026,Ryan Gusto,MLB
687473,FF,411,94.6807785888078,16.764671532846716,-4.68,6.495863746958638,5.805669099756691,-1.4738199513381995,2396.4549878345497,-0.39404467952092326,-0.9162639421817936,R,0.2862116991643454,2026,Ryan Gusto,MLB
687473,SI,175,93.14342857142857,7.0121142857142855,-15.150857142857143,6.484571428571428,5.6088571428571425,-1.8235999999999999,2195.7314285714288,-0.6435596348346718,-0.7613947024997,R,0.12186629526462396,2026,Ryan Gusto,MLB
687473,SL,168,85.3625,-1.5735714285714286,4.954285714285715,6.535714285714286,5.786964285714286,-1.5992261904761906,2355.2440476190477,0.9509812918862895,0.02899571778048343,R,0.116991643454039,2026,Ryan Gusto,MLB
687473,ST,189,81.6126984126984,-1.4717460317460318,15.753650793650793,6.607407407407407,5.615502645502645,-1.806719576719577,2535.0,0.8487398905053398,0.5197534701310934,R,0.13161559888579388,2026,Ryan Gusto,MLB
687531,FC,25,87.264,5.284800000000001,1.6128,6.18,4.518,-2.448,2623.0,0.16433277762252793,-0.8222224494074911,R,0.12886597938144329,2026,William Kempner,MLB
687531,FF,96,95.4875,11.66625,-16.47625,6.179166666666667,4.442916666666666,-2.4620833333333336,2395.125,-0.899766527644668,-0.4313910175879838,R,0.4948453608247423,2026,William Kempner,MLB
687531,SI,29,94.03103448275863,3.6662068965517243,-19.66344827586207,6.2,4.283103448275861,-2.6086206896551727,2251.689655172414,-0.9331645383936708,-0.355644517293387,R,0.14948453608247422,2026,William Kempner,MLB
687531,ST,44,81.63181818181819,5.214545454545455,16.077272727272728,6.161363636363637,4.553181818181819,-2.4343181818181816,2905.5,0.9634073648145663,0.24313263852659492,R,0.2268041237113402,2026,William Kempner,MLB
687562,CH,438,83.52191780821917,5.356712328767123,-12.844109589041096,7.215981735159817,5.653675799086757,-3.0117123287671235,1983.9703196347032,0.9616991687798945,-0.2642019399734802,L,0.27070457354758964,2026,Jake Bennett,MLB
687562,CU,40,78.795,-9.626999999999999,3.63,6.935,5.71025,-3.09775,2219.325,-0.5345648741748462,0.8263606709604667,L,0.024721878862793572,2026,Jake Bennett,MLB
687562,FC,60,85.02666666666667,3.0420000000000003,-0.484,7.02,5.6080000000000005,-3.122666666666667,2063.1833333333334,0.7289397326995104,0.3261296117861624,L,0.037082818294190356,2026,Jake Bennett,MLB
687562,FF,569,92.77891036906854,11.789736379613355,-11.951493848857645,7.095606326889279,5.571757469244288,-3.0767135325131814,2149.1212653778557,0.8702897221707072,-0.48232412009050896,L,0.3516687268232386,2026,Jake Bennett,MLB
687562,SI,388,92.34226804123712,4.420824742268041,-16.796907216494844,7.128350515463918,5.570515463917526,-3.0619587628865976,2040.930412371134,0.8691418178225652,-0.48485053875285217,L,0.23980222496909764,2026,Jake Bennett,MLB
687562,ST,123,79.57235772357723,-6.0078048780487805,11.54048780487805,6.829268292682927,5.560650406504065,-3.2326829268292685,2232.2520325203254,-0.5815231472351704,0.7825323213222629,L,0.07601977750309023,2026,Jake Bennett,MLB
687570,CH,207,86.69468599033816,4.111304347826087,-13.649275362318841,5.792270531400966,5.938599033816425,-1.815024154589372,1912.0579710144928,0.7803130541128137,-0.6202204095547401,L,0.10014513788098693,2026,Connor Prielipp,MLB
687570,CU,385,83.27766233766233,-7.0279480519480515,12.421402597402597,5.724155844155844,6.114727272727273,-1.4575844155844155,3240.4623376623376,-0.6929047158799885,0.7094702875692626,L,0.18626028059990324,2026,Connor Prielipp,MLB
687570,FF,546,95.56520146520147,15.185494505494507,-8.297802197802199,5.841575091575091,6.050402930402931,-1.5932234432234431,2266.2875457875457,0.6642575848543136,-0.7444133492809979,L,0.2641509433962264,2026,Connor Prielipp,MLB
687570,SI,316,95.0117088607595,9.479620253164557,-14.79607594936709,5.810126582278481,5.990601265822785,-1.631993670886076,2262.1107594936707,0.6825530555736069,-0.7140704077721983,L,0.1528785679729076,2026,Connor Prielipp,MLB
687570,SL,613,87.94747145187603,1.2939641109298532,2.902512234910277,5.77862969004894,5.941941272430668,-1.651484502446982,2915.4926590538334,-0.6361105042447089,0.0979054012782029,L,0.2965650701499758,2026,Connor Prielipp,MLB
687606,CH,87,86.67011494252874,3.5282758620689654,-7.056551724137931,5.977011494252873,5.923793103448276,-2.4198850574712645,1693.1724137931035,-0.8223026290268007,-0.5247920226864952,R,0.14262295081967213,2026,Paxton Schultz,MLB
687606,FC,272,88.82058823529412,9.007941176470588,2.301176470588235,5.978676470588235,5.796801470588235,-2.623970588235294,2268.549815498155,-0.17843762449075515,-0.9730367763356369,R,0.4459016393442623,2026,Paxton Schultz,MLB
687606,FF,207,93.57198067632851,15.972173913043479,-8.198260869565217,5.984541062801932,5.898115942028986,-2.417826086956522,2249.014492753623,-0.5442444737757426,-0.8366735614329069,R,0.33934426229508197,2026,Paxton Schultz,MLB
687606,SL,44,84.75909090909092,2.7245454545454546,5.334545454545455,6.079545454545454,5.7056818181818185,-2.5838636363636365,2251.7272727272725,0.4904644973006599,-0.7986017537361558,R,0.07213114754098361,2026,Paxton Schultz,MLB
687762,CH,10,86.8,2.82,-14.796000000000001,6.74,5.364,-2.157,1725.4,-0.9042837971075584,-0.21161549119518633,R,0.2,2026,Blake Wehunt,MLB
687762,SI,28,96.02499999999999,12.514285714285716,-13.354285714285714,6.7250000000000005,5.2625,-2.294642857142857,2370.714285714286,-0.7887319843918724,-0.5630839691746315,R,0.56,2026,Blake Wehunt,MLB
687762,SL,12,84.41666666666667,-3.23,13.69,6.441666666666666,5.3500000000000005,-2.3625000000000003,2417.75,0.6668106358630971,0.6721078859835968,R,0.24,2026,Blake Wehunt,MLB
687765,CH,17,88.01176470588236,3.7058823529411766,-11.265882352941176,6.1000000000000005,5.78764705882353,-2.5429411764705883,1868.5294117647059,-0.8574168985725277,-0.5056601722966749,R,0.085,2026,Mitch Spence,MLB
687765,CU,33,81.56363636363636,-10.334545454545456,9.403636363636364,6.242424242424242,6.255454545454546,-2.0739393939393937,2756.090909090909,0.7842684839360902,0.6114766440898295,R,0.165,2026,Mitch Spence,MLB
687765,FC,76,91.87105263157895,7.2915789473684205,2.4994736842105265,6.285526315789474,6.0718421052631575,-2.3073684210526317,2602.8552631578946,-0.23199744550220155,-0.9588209649757996,R,0.38,2026,Mitch Spence,MLB
687765,SI,34,92.49117647058823,7.344705882352941,-11.647058823529411,6.158823529411765,5.878235294117648,-2.4941176470588236,2356.1176470588234,-0.6166587482969212,-0.7733309106236175,R,0.17,2026,Mitch Spence,MLB
687765,SL,40,84.47999999999999,3.507,12.72,6.2299999999999995,5.89675,-2.5245,2702.65,0.8954528214659876,0.41796696599646754,R,0.2,2026,Mitch Spence,MLB
687792,CH,38,82.42631578947368,6.328421052631579,-15.93157894736842,6.768421052631578,5.726315789473684,-2.2594736842105263,2272.0789473684213,0.983106531621731,-0.17148845095410084,L,0.304,2026,DJ Herz,MLB
687792,FF,62,92.85806451612903,16.116774193548387,-12.427741935483871,6.808064516129033,5.782903225806452,-2.1188709677419357,2295.6290322580644,0.6414457313961798,-0.7653117700297841,L,0.496,2026,DJ Herz,MLB
687792,SL,25,87.76,10.1424,-1.6896,6.74,5.6552,-2.2216,1998.24,0.6658107675511235,-0.7396460456394928,L,0.2,2026,DJ Herz,MLB
687849,CU,55,82.09818181818181,-13.132363636363635,6.130909090909091,6.205454545454546,6.2432727272727275,-1.0276363636363637,2812.909090909091,0.5591393639663093,0.8086193904849902,R,0.17405063291139242,2026,Zak Kent,MLB
687849,FF,135,92.79703703703704,11.904,1.0648888888888888,6.138518518518518,6.306074074074075,-1.0477777777777777,2678.362962962963,-0.1472353349335092,-0.9830913886235109,R,0.4272151898734177,2026,Zak Kent,MLB
687849,SL,126,87.37857142857143,-0.58,5.635238095238095,6.193650793650794,6.2126190476190475,-1.1604761904761904,2757.3968253968255,0.9333136666028338,-0.060610130845919014,R,0.3987341772151899,2026,Zak Kent,MLB
687859,CH,20,75.41,13.224,-10.338,5.3100000000000005,6.2385,-1.922,1677.9,0.40654295524193085,-0.9037147835746036,L,0.5714285714285714,2026,Troy Johnston,MLB
687859,SL,15,71.32,13.264000000000001,-4.12,4.92,6.331333333333333,-1.6460000000000001,1560.8666666666666,0.38066848922341745,-0.9203282046214508,L,0.42857142857142855,2026,Troy Johnston,MLB
687911,FF,597,92.00753768844221,13.330653266331657,-3.248643216080402,6.528978224455612,5.595142378559465,-2.666850921273032,2107.1189279731993,0.5637461263697341,-0.8202193852104905,L,0.5527777777777778,2026,Bryan King,MLB
687911,SI,195,91.56564102564103,6.091692307692308,-12.399384615384616,6.6179487179487175,5.520769230769231,-2.672769230769231,1992.451282051282,0.5706581954445756,-0.8054606777840292,L,0.18055555555555555,2026,Bryan King,MLB
687911,ST,288,81.37604166666667,2.9204166666666667,13.54125,6.500347222222222,5.555451388888889,-2.7590625,2245.75,-0.9356190067196157,0.32613678616479774,L,0.26666666666666666,2026,Bryan King,MLB
687924,CH,13,82.79999999999998,2.076923076923077,-14.843076923076923,6.123076923076923,5.244615384615385,-2.1784615384615384,1675.5384615384614,-0.9968408755439633,-0.034853332094183356,R,0.2826086956521739,2026,Julian Aguiar,MLB
687924,SI,22,93.33181818181819,8.105454545454545,-17.721818181818183,6.05,5.365454545454545,-2.1354545454545453,2089.7272727272725,-0.8453261489412861,-0.5319256794747612,R,0.4782608695652174,2026,Julian Aguiar,MLB
687924,SL,11,81.05454545454546,2.6072727272727274,2.705454545454545,6.118181818181818,5.403636363636363,-2.2281818181818185,2152.181818181818,0.8877939475145591,-0.37094717389535936,R,0.2391304347826087,2026,Julian Aguiar,MLB
687931,CH,216,83.3712962962963,7.122777777777777,-15.743333333333332,6.604166666666667,5.95037037037037,-2.0726851851851853,1908.6712962962963,0.9147237497493387,-0.39728095980434025,L,0.3500810372771475,2026,Carson Whisenhunt,MLB
687931,FF,215,92.7693023255814,16.600186046511627,-9.951627906976745,6.641860465116279,6.27460465116279,-1.7246976744186047,2252.079069767442,0.6109413939332049,-0.7866205295198309,L,0.34846029173419774,2026,Carson Whisenhunt,MLB
687931,SI,57,92.88771929824561,9.378947368421054,-15.920000000000002,6.677192982456141,6.017368421052632,-1.9389473684210525,2195.4561403508774,0.6689094958445229,-0.7387075546323193,L,0.09238249594813615,2026,Carson Whisenhunt,MLB
687931,SL,101,85.05346534653465,0.5120792079207921,1.0312871287128713,6.595049504950495,6.084455445544554,-1.830990099009901,2466.227722772277,-0.3180995869171394,0.1761409621388823,L,0.16369529983792544,2026,Carson Whisenhunt,MLB
687931,SV,28,80.74642857142858,-8.018571428571429,11.952857142857143,6.653571428571429,5.936428571428571,-1.8685714285714285,2764.0714285714284,-0.4294664897527111,0.8974956844617535,L,0.04538087520259319,2026,Carson Whisenhunt,MLB
687941,FF,206,95.35388349514564,17.11631067961165,-3.4916504854368933,6.347087378640777,6.478009708737864,-1.3285436893203884,2160.9271844660193,0.3134765502394544,-0.9333204915447904,L,0.4178498985801217,2026,Alec Gamboa,MLB
687941,SI,111,94.44234234234234,9.037837837837838,-12.503783783783785,6.473873873873874,6.228918918918919,-1.8802702702702703,1916.7477477477478,0.5139309809055198,-0.8475966804915684,L,0.22515212981744423,2026,Alec Gamboa,MLB
687941,SL,176,88.52499999999999,1.8068181818181819,3.455454545454545,6.572727272727272,6.240454545454545,-1.8088636363636363,2140.9886363636365,-0.524035568396219,-0.6210312802486272,L,0.35699797160243407,2026,Alec Gamboa,MLB
687985,CU,10,83.45,-5.784000000000001,3.66,6.43,6.417,-0.371,1921.6,0.3739840012013486,0.9206406316976941,R,0.23809523809523808,2026,Josh White,MLB
687985,FF,22,94.38636363636364,17.814545454545456,-4.505454545454546,6.595454545454545,6.365909090909091,-0.46545454545454545,2178.181818181818,-0.3474285019301291,-0.9361052198586474,R,0.5238095238095238,2026,Josh White,MLB
687985,SL,10,87.49,5.244,1.8960000000000001,6.609999999999999,6.121,-0.85,2043.5,0.16295203816419376,-0.9235647361083984,R,0.23809523809523808,2026,Josh White,MLB
688107,CH,198,88.2449494949495,0.5575757575757576,-16.906060606060606,6.874747474747475,4.944646464646464,-2.786212121212121,1969.2727272727273,0.9558685365384497,-0.27812923753223573,L,0.10443037974683544,2026,Robert Gasser,MLB
688107,FC,350,88.506,6.4796571428571434,2.284457142857143,6.896857142857143,5.050142857142857,-2.716742857142857,2413.6228571428574,0.09154218640655472,-0.9296308791679743,L,0.18459915611814345,2026,Robert Gasser,MLB
688107,FF,424,92.88584905660377,14.403962264150943,-7.596792452830188,6.8999999999999995,5.149669811320755,-2.674009433962264,2232.3561320754716,0.6601460035461264,-0.7412270498454328,L,0.22362869198312235,2026,Robert Gasser,MLB
688107,SI,437,92.68215102974828,6.726590389016018,-15.208970251716247,6.910755148741419,4.955903890160183,-2.6785812356979406,2103.4302059496567,0.7199760683804568,-0.6759085447125902,L,0.23048523206751054,2026,Robert Gasser,MLB
688107,SL,10,83.88,1.032,5.808,7.0,5.0009999999999994,-2.658,2537.7,-0.9620653957536017,-0.1622071835724308,L,0.005274261603375527,2026,Robert Gasser,MLB
688107,ST,477,80.47945492662473,4.391698113207547,14.631194968553459,6.852201257861635,5.043647798742139,-2.73104821802935,2460.566037735849,-0.9741831265421149,0.16803623506168672,L,0.25158227848101267,2026,Robert Gasser,MLB
688158,CU,139,82.64244604316546,-11.444028776978417,8.890359712230216,6.0525179856115106,5.443525179856115,-1.7653956834532374,2570.167883211679,0.7498297097005128,0.6570391843675629,R,0.22383252818035426,2026,David Morgan,MLB
688158,FF,197,97.7741116751269,15.103553299492386,-5.384771573604061,6.016751269035533,5.436802030456852,-1.8083248730964467,2460.841836734694,-0.543139699565722,-0.8347566803924308,R,0.3172302737520129,2026,David Morgan,MLB
688158,SI,175,96.91428571428571,6.529371428571429,-16.199314285714287,6.046857142857143,5.169142857142857,-2.092285714285714,2149.5588235294117,-0.7393646262612308,-0.6584244585162871,R,0.28180354267310787,2026,David Morgan,MLB
688158,SL,110,87.98818181818183,-0.09927272727272726,3.9752727272727277,5.987272727272727,5.231181818181818,-2.0214545454545454,2349.6272727272726,0.9029020696893578,-0.15404013774398273,R,0.17713365539452497,2026,David Morgan,MLB
688230,FF,11,92.18181818181819,17.672727272727272,-8.17090909090909,5.9,5.4772727272727275,-0.9963636363636365,2310.090909090909,0.5023802313136937,-0.8638201145157273,L,1.0,2026,Peyton Alford,MLB
688297,FC,144,89.1263888888889,2.2716666666666665,2.1258333333333335,7.040714285714286,5.3748611111111115,-1.6085416666666665,2155.027777777778,0.5070483784915901,-0.7196737361013043,R,0.20224719101123595,2026,Chris Roycroft,MLB
688297,FF,168,95.06607142857143,9.699285714285715,-5.167857142857143,6.95679012345679,5.483035714285714,-1.5810714285714287,2205.2440476190477,-0.73037813628752,-0.6702200058051264,R,0.23595505617977527,2026,Chris Roycroft,MLB
688297,SI,357,96.37282913165265,2.238655462184874,-16.631932773109245,6.9794285714285715,5.365098039215686,-1.578963585434174,2166.296918767507,-0.8728080004715041,-0.48121125923411123,R,0.5014044943820225,2026,Chris Roycroft,MLB
688297,ST,43,85.95813953488371,5.366511627906977,11.146046511627908,7.102325581395348,5.227441860465117,-2.334418604651163,2289.0,0.9876854750988285,0.07092296042056868,R,0.060393258426966294,2026,Chris Roycroft,MLB
688497,CU,10,75.42999999999999,-11.508000000000001,2.472,6.640000000000001,6.404999999999999,-0.012,2067.0,0.13123840183156402,0.9828846413890142,R,0.10204081632653061,2026,Taylor Rashi,MLB
688497,FF,42,90.22380952380952,16.745714285714286,1.842857142857143,6.909523809523809,6.315476190476191,0.010952380952380951,2165.7619047619046,-0.0008355883868373518,-0.9974583125174922,R,0.42857142857142855,2026,Taylor Rashi,MLB
688497,FS,19,85.13684210526316,8.002105263157894,-9.341052631578947,6.684210526315789,6.427894736842105,-0.20473684210526316,1324.2105263157894,-0.5855571253221279,-0.80123173741015,R,0.19387755102040816,2026,Taylor Rashi,MLB
688497,SL,27,85.04074074074073,2.56,5.4,6.78888888888889,6.362222222222222,-0.30592592592592593,2177.4074074074074,0.6767255117275708,-0.5828600565670671,R,0.2755102040816326,2026,Taylor Rashi,MLB
688642,FC,333,91.81861861861861,9.13117117117117,1.2172972972972973,6.097897897897898,5.763363363363363,-2.1685585585585585,2347.5285285285286,-0.37253441102710155,-0.9154338437317754,R,0.2182175622542595,2026,Zach Agnos,MLB
688642,FF,373,94.39329758713136,14.467238605898123,-6.7962466487935655,6.164879356568365,5.841340482573727,-2.0101876675603214,2361.6085790884717,-0.5554620025937924,-0.8282046153383273,R,0.24442988204456095,2026,Zach Agnos,MLB
688642,FS,164,86.1390243902439,1.6843902439024392,-9.925609756097561,6.208536585365854,5.645487804878049,-2.300609756097561,1448.2012195121952,-0.8733898906740618,-0.48052639824193616,R,0.10747051114023591,2026,Zach Agnos,MLB
688642,SI,212,93.54433962264152,8.491132075471699,-14.299811320754717,6.136320754716982,5.642971698113207,-2.1928301886792454,2264.103773584906,-0.6635284059578034,-0.7437519556083193,R,0.13892529488859764,2026,Zach Agnos,MLB
688642,SL,185,84.9,-3.212756756756757,3.2283243243243245,6.082162162162162,5.87081081081081,-2.020216216216216,2314.108108108108,0.7294582370483099,0.6319019539720769,R,0.12123197903014417,2026,Zach Agnos,MLB
688642,ST,259,84.03050193050194,-2.780849420849421,13.761544401544402,6.016988416988418,5.74996138996139,-2.2933976833976835,2478.162162162162,0.7642357358308138,0.6290520054917945,R,0.16972477064220184,2026,Zach Agnos,MLB
688692,FF,37,94.57567567567568,14.912432432432432,-10.375135135135135,6.437837837837837,5.74972972972973,-2.947837837837838,2332.7567567567567,0.7081009453928356,-0.7021682439223397,L,0.3978494623655914,2026,Jared Simpson,MLB
688692,FS,14,85.00714285714285,2.0742857142857143,-11.459999999999999,6.392857142857143,5.8585714285714285,-2.876428571428572,1355.142857142857,0.875769972386368,-0.47836233786937826,L,0.15053763440860216,2026,Jared Simpson,MLB
688692,SI,32,94.64375,8.58375,-17.61375,6.4,5.745,-2.948125,2166.0625,0.7231598611447628,-0.6892508442171507,L,0.34408602150537637,2026,Jared Simpson,MLB
688692,SL,10,84.17,-1.308,0.9360000000000002,6.1,5.774,-3.012,2166.0,-0.6014260210051894,0.6987148390117521,L,0.10752688172043011,2026,Jared Simpson,MLB
688883,CU,106,81.63301886792453,-14.610566037735849,9.284150943396227,5.724528301886792,6.0249056603773585,-2.536509433962264,2772.801886792453,0.4810188017599745,0.8736102781747075,R,0.24311926605504589,2026,Peyton Pallette,MLB
688883,FF,231,95.36969696969697,16.30077922077922,-11.995324675324676,5.704329004329004,5.96008658008658,-2.665194805194805,2277.7662337662337,-0.656270544886338,-0.7519771391215117,R,0.5298165137614679,2026,Peyton Pallette,MLB
688883,SL,99,85.6010101010101,-3.3406060606060604,4.431515151515152,5.649494949494949,5.917575757575758,-2.6572727272727272,2530.939393939394,0.4508236910244304,0.849368478417596,R,0.22706422018348624,2026,Peyton Pallette,MLB
689017,CH,45,85.17999999999999,12.157333333333334,-9.304,5.971111111111111,5.937555555555556,-1.0864444444444445,1812.5333333333333,-0.6237856170935742,-0.775965315434201,R,0.24064171122994651,2026,Landon Knack,MLB
689017,FF,84,93.69404761904762,18.607142857142858,-4.295714285714286,5.954761904761905,5.958571428571428,-0.8970238095238094,2439.9880952380954,-0.3324145720856792,-0.9411532575475432,R,0.44919786096256686,2026,Landon Knack,MLB
689017,KC,27,79.94444444444444,-15.168888888888889,8.182222222222222,5.722222222222222,6.058518518518519,-1.0714814814814815,2899.0,0.43111122236627636,0.9015820895019007,R,0.1443850267379679,2026,Landon Knack,MLB
689017,SL,31,86.8258064516129,4.660645161290323,2.8451612903225807,5.861290322580646,5.913225806451613,-1.1396774193548387,2573.6451612903224,0.5115375575858084,-0.6280204300093541,R,0.1657754010695187,2026,Landon Knack,MLB
689147,FF,378,97.12222222222222,15.922857142857143,-11.186349206349206,6.246296296296296,5.936084656084656,-1.2623280423280423,2346.415343915344,-0.6903548658435644,-0.7215101755813118,R,0.3408476104598738,2026,Orion Kerkering,MLB
689147,FS,62,92.09516129032258,6.601935483870967,-15.683225806451613,6.385483870967741,5.839193548387097,-1.4451612903225806,1687.8225806451612,-0.7511775133593465,-0.6529417114853571,R,0.05590622182146077,2026,Orion Kerkering,MLB
689147,SI,203,96.23990147783252,10.706600985221675,-16.740295566502464,6.260098522167487,5.861773399014779,-1.3444827586206898,2286.0443349753696,-0.6925794655842963,-0.7186629915086381,R,0.18304779080252478,2026,Orion Kerkering,MLB
689147,ST,466,86.99914163090128,-0.49751072961373394,14.08892703862661,5.960944206008584,5.655772532188841,-1.7734978540772532,2925.0086021505376,0.8201867233551761,0.5606200109131557,R,0.42019837691614065,2026,Orion Kerkering,MLB
689149,CU,74,84.02027027027027,-14.333513513513514,5.552432432432433,6.278378378378378,6.052702702702702,-1.5343243243243243,2646.364864864865,0.4452533299396964,0.8919410500920574,R,0.29133858267716534,2026,Chad Dallas,MLB
689149,FC,111,93.02072072072072,12.736216216216217,3.20972972972973,6.472072072072072,5.873243243243243,-1.449009009009009,2408.5405405405404,-0.053799635209262606,-0.9910419005162183,R,0.43700787401574803,2026,Chad Dallas,MLB
689149,ST,69,84.0913043478261,-1.443478260869565,15.542608695652175,6.327536231884058,5.833333333333333,-1.6943478260869564,2686.144927536232,0.8654647704983117,0.4901562187900468,R,0.27165354330708663,2026,Chad Dallas,MLB
689225,CH,54,89.68518518518519,6.053333333333334,-15.693333333333335,5.8962962962962955,6.040555555555556,-1.7483333333333333,2123.5555555555557,-0.7295962533765907,-0.6747853363087726,R,0.13953488372093023,2026,Beau Brieske,MLB
689225,CU,43,85.86511627906977,-7.48186046511628,0.4604651162790698,5.883720930232558,6.180232558139535,-1.566046511627907,2502.6511627906975,0.4513157153330059,0.8809547254404487,R,0.1111111111111111,2026,Beau Brieske,MLB
689225,FF,160,95.55875,16.93575,-5.115,5.99375,6.159125,-1.4344375,2463.90625,-0.4016558284107837,-0.9133717508255218,R,0.4134366925064599,2026,Beau Brieske,MLB
689225,SI,60,95.77,14.81,-13.427999999999999,6.076666666666667,6.178333333333333,-1.4003333333333332,2512.7833333333333,-0.41426484828951904,-0.9076253728993421,R,0.15503875968992248,2026,Beau Brieske,MLB
689225,SL,70,89.56428571428572,4.421142857142858,4.08,5.888571428571429,6.15,-1.5342857142857145,2389.4285714285716,0.16827382217236725,-0.9461851372594944,R,0.18087855297157623,2026,Beau Brieske,MLB
689254,CH,110,87.35818181818182,1.765090909090909,-12.655636363636363,6.756363636363637,5.731363636363636,-3.7140909090909093,1859.209090909091,0.8575199024156137,-0.49013980686587166,L,0.1049618320610687,2026,Mason Fluharty,MLB
689254,FC,524,90.8,11.406870229007634,1.9978625954198475,6.757824427480916,5.79,-3.72881679389313,2639.6431297709923,0.31956420530083146,-0.9263319985994339,L,0.5,2026,Mason Fluharty,MLB
689254,ST,414,82.1659420289855,1.3765217391304347,15.148115942028985,6.885990338164252,5.919347826086957,-3.5255314009661833,2674.586956521739,-0.8759889077071855,0.45668296387034707,L,0.3950381679389313,2026,Mason Fluharty,MLB
689266,FC,302,87.13609271523178,5.789801324503311,-1.5953642384105962,6.22748344370861,5.969238410596026,-2.2244701986754967,2065.9437086092717,0.6147264916382064,-0.7735893852652835,L,0.3599523241954708,2026,Dylan Dodd,MLB
689266,SI,501,93.94610778443113,17.26682634730539,-8.452934131736527,6.208982035928143,6.115728542914172,-1.8851097804391217,2174.4131736526947,0.6854516958758199,-0.7233511198794651,L,0.5971394517282479,2026,Dylan Dodd,MLB
689266,SL,36,82.51111111111112,-1.7866666666666668,-0.7066666666666667,6.311111111111111,5.891111111111112,-2.3405555555555555,2411.0,-0.13621251764583528,0.9313784701445181,L,0.04290822407628129,2026,Dylan Dodd,MLB
689296,CH,220,87.79272727272728,-1.102909090909091,-6.262363636363636,6.635909090909092,5.704454545454546,-1.1390909090909092,1182.7045454545455,-0.9849537212299818,0.10302480474309816,R,0.2215508559919436,2026,Anthony Nunez,MLB
689296,FC,59,90.55932203389831,5.715254237288136,4.03728813559322,6.552542372881356,5.715932203389831,-1.2771186440677964,2534.3728813559323,0.026431419728960633,-0.9435494426190436,R,0.059415911379657606,2026,Anthony Nunez,MLB
689296,FF,297,96.11010101010102,16.591919191919192,-3.8743434343434346,6.548484848484849,5.713333333333333,-1.1594612794612795,2612.6531986531986,-0.4908164184429849,-0.8658621089213009,R,0.2990936555891239,2026,Anthony Nunez,MLB
689296,SI,112,95.71339285714285,9.192857142857141,-15.49392857142857,6.569642857142857,5.638571428571429,-1.085357142857143,2386.8125,-0.6151153299252086,-0.7847366378062082,R,0.11278952668680765,2026,Anthony Nunez,MLB
689296,ST,305,85.81278688524591,-0.7105573770491803,15.466622950819671,6.400655737704918,5.528065573770491,-1.3402950819672133,2903.095081967213,0.7881755267567621,0.5952897976936782,R,0.3071500503524673,2026,Anthony Nunez,MLB
689433,SI,13,97.1923076923077,8.741538461538461,-15.923076923076923,5.661538461538461,6.299230769230769,-1.3092307692307692,1996.6153846153845,-0.8198248573169352,-0.5707782641572353,R,1.0,2026,Derrick Edington,MLB
689441,CU,61,74.12131147540983,-14.622295081967213,17.516065573770494,6.316393442622951,5.3039344262295085,-1.3778688524590164,2953.409836065574,0.7255673478319636,0.683598996278099,R,0.20677966101694914,2026,Coleman Crow,MLB
689441,FC,107,87.37757009345795,7.382803738317757,2.653457943925234,6.365420560747664,5.199252336448598,-1.5320560747663552,2867.0841121495328,0.08073528604054055,-0.9379199406496486,R,0.36271186440677966,2026,Coleman Crow,MLB
689441,FF,54,91.31481481481481,14.102222222222222,-7.54,6.383333333333333,5.20962962962963,-1.5055555555555555,2579.5,-0.5894281983107318,-0.8026290473361973,R,0.18305084745762712,2026,Coleman Crow,MLB
689441,SI,50,91.324,8.1264,-14.2152,6.4239999999999995,5.1088,-1.4168,2510.42,-0.6353851919316955,-0.7691490764925092,R,0.1694915254237288,2026,Coleman Crow,MLB
689441,ST,23,79.09565217391305,1.982608695652174,21.33913043478261,6.391304347826087,4.979130434782609,-1.55,2982.478260869565,0.9236211888516944,0.37560345617460394,R,0.07796610169491526,2026,Coleman Crow,MLB
689520,CH,46,83.09130434782608,-0.6339130434782608,-14.895652173913044,6.447826086956522,5.267608695652174,-1.7780434782608696,1617.5348837209303,-0.9516245153140223,-0.2914205421721088,R,0.1419753086419753,2026,Cody Laweryson,MLB
689520,FC,62,84.46451612903226,2.101935483870968,2.0883870967741935,6.340322580645162,5.258387096774193,-1.8562903225806453,2425.3389830508477,0.6424776897437935,-0.3728631378128858,R,0.19135802469135801,2026,Cody Laweryson,MLB
689520,FF,216,92.65277777777777,14.213333333333333,-13.972777777777777,6.466203703703704,5.197592592592593,-1.8051851851851852,2315.7281553398057,-0.7568518077173314,-0.651180509711412,R,0.6666666666666666,2026,Cody Laweryson,MLB
689546,FF,48,94.75416666666666,10.96,-14.455,6.1000000000000005,5.868541666666666,-1.516875,2047.2083333333333,-0.8542247607992933,-0.5132669196323784,R,0.10786516853932585,2026,Nick Davila,MLB
689546,SI,107,94.79345794392523,5.96411214953271,-17.370841121495328,6.162616822429906,5.72981308411215,-1.6248598130841123,2067.0280373831774,-0.8920127038850756,-0.4421380579880561,R,0.24044943820224718,2026,Nick Davila,MLB
689546,SL,290,87.41862068965517,-4.962206896551724,0.6666206896551724,5.996206896551724,5.870344827586207,-1.626896551724138,2079.189655172414,0.5315842718601363,0.8157120487720267,R,0.651685393258427,2026,Nick Davila,MLB
689557,FF,10,96.16,12.78,-6.372,6.2700000000000005,5.439,-2.223,2366.5,-0.6293385314976352,-0.7743698314905378,R,1.0,2026,Zane Morehouse,MLB
689690,CH,43,72.87906976744186,0.9237209302325581,-21.633488372093023,7.211627906976744,3.8372093023255816,-3.0483720930232563,2092.3023255813955,-0.9872292716744788,0.12901584663057747,R,0.3944954128440367,2026,Alek Jacob,MLB
689690,FF,48,84.65208333333334,13.6325,-14.5075,7.33125,3.9139583333333334,-2.9425000000000003,2298.1875,-0.8672178306926702,-0.49397766337145105,R,0.44036697247706424,2026,Alek Jacob,MLB
689690,SI,18,84.00555555555555,4.98,-18.22,7.322222222222223,3.8188888888888886,-2.5305555555555554,2208.0,-0.9057944250232204,-0.4202369767451422,R,0.1651376146788991,2026,Alek Jacob,MLB
689818,CH,40,90.9475,7.167,-10.596,6.590000000000001,5.73725,-2.495,1325.575,-0.6581786177780342,-0.7478705592874743,R,0.06060606060606061,2026,David Sandlin,MLB
689818,CU,143,83.12727272727274,-8.175944055944056,4.569230769230769,6.496503496503497,5.989720279720279,-2.275664335664336,2574.9300699300697,0.7102240055598458,0.6884915956535209,R,0.21666666666666667,2026,David Sandlin,MLB
689818,FC,122,91.24754098360657,6.959016393442623,3.519344262295082,6.533606557377049,5.812131147540984,-2.492540983606557,2366.9590163934427,0.08515987540002906,-0.9347443157417512,R,0.18484848484848485,2026,David Sandlin,MLB
689818,FF,206,96.52038834951456,15.687961165048545,-5.5106796116504855,6.546116504854369,5.895679611650485,-2.311893203883495,2304.6941747572814,-0.4679297472769859,-0.8807241788548505,R,0.31212121212121213,2026,David Sandlin,MLB
689818,SI,61,95.33278688524591,11.879999999999999,-13.575737704918033,6.5147540983606556,5.885245901639344,-2.292786885245902,2147.065573770492,-0.48174072125568135,-0.8715359146814454,R,0.09242424242424242,2026,David Sandlin,MLB
689818,ST,88,86.49204545454546,0.5836363636363636,8.417727272727273,6.573863636363637,5.666818181818182,-2.5588636363636366,2640.7727272727275,0.8672925620269372,0.44369544685863443,R,0.13333333333333333,2026,David Sandlin,MLB
689981,CH,10,89.65,4.212000000000001,-15.3,6.5,5.49,-2.2990000000000004,1818.1,-0.8398780560170402,-0.5412701358395698,R,0.17543859649122806,2026,River Ryan,MLB
689981,FF,32,96.778125,18.12,-6.1762500000000005,6.575,5.7090625,-1.9796875,2598.53125,-0.4382394604275165,-0.8961186648664848,R,0.5614035087719298,2026,River Ryan,MLB
689981,SL,15,90.63333333333334,-0.664,3.928,6.626666666666667,5.577333333333333,-2.0366666666666666,2672.6666666666665,0.7904281461740142,0.20507897558138277,R,0.2631578947368421,2026,River Ryan,MLB
690155,CH,16,86.9375,2.4225,-12.8325,6.5,6.09,-1.646875,1131.5625,-0.975965780593834,-0.20747202334745954,R,0.11267605633802817,2026,Matt Pushard,MLB
690155,CU,16,82.81875,-4.3425,10.065,6.4375,6.24375,-1.5631249999999999,2565.8125,0.6906234578105689,0.7166444011011738,R,0.11267605633802817,2026,Matt Pushard,MLB
690155,FF,60,95.07166666666667,16.566,-9.498,6.403333333333333,6.193666666666667,-1.5266666666666666,2193.45,-0.594004789683839,-0.802256729902393,R,0.4225352112676056,2026,Matt Pushard,MLB
690155,SL,31,88.53548387096774,6.313548387096774,3.774193548387097,6.474193548387096,6.218064516129032,-1.6225806451612903,2426.8064516129034,0.02483131029858643,-0.9497841158899364,R,0.21830985915492956,2026,Matt Pushard,MLB
690155,ST,19,84.65789473684211,1.269473684210526,12.094736842105263,6.389473684210526,6.082105263157895,-1.7189473684210526,2572.3684210526317,0.7907369880223288,0.6012356578792767,R,0.13380281690140844,2026,Matt Pushard,MLB
690229,FF,10,95.02000000000001,15.803999999999998,-5.064,7.24,5.102,-1.698,2256.1,-0.4418386913037651,-0.8940387212478941,R,1.0,2026,LJ McDonough,MLB
690279,CH,23,88.07826086956521,4.351304347826087,-13.648695652173913,6.765217391304348,4.978695652173913,-1.2695652173913043,1781.695652173913,-0.8057315207253964,-0.5891547888502909,R,0.049145299145299144,2026,Mason Adams,MLB
690279,CU,87,81.95632183908046,-12.982068965517241,7.5600000000000005,6.6689655172413795,5.1097701149425285,-1.0855172413793104,2339.712643678161,0.5635335567570948,0.8233295447154483,R,0.1858974358974359,2026,Mason Adams,MLB
690279,FC,29,88.40689655172415,5.966896551724138,0.7489655172413793,6.679310344827586,5.063103448275863,-1.190344827586207,2344.137931034483,-0.4760098515912273,-0.8663955115803278,R,0.06196581196581197,2026,Mason Adams,MLB
690279,FF,147,93.12108843537415,11.49469387755102,-6.855510204081632,6.7312925170068025,5.108435374149661,-1.139047619047619,2300.5578231292516,-0.6295416118856092,-0.7730488633870898,R,0.3141025641025641,2026,Mason Adams,MLB
690279,SI,119,92.29327731092437,4.325042016806722,-12.756302521008404,6.715966386554622,5.004033613445379,-1.223781512605042,2307.4201680672268,-0.6635819311969335,-0.7414386629306579,R,0.25427350427350426,2026,Mason Adams,MLB
690279,ST,63,85.71587301587302,-5.478095238095238,10.217142857142857,6.653968253968253,5.035714285714286,-1.2276190476190476,2360.5714285714284,0.6148938915251851,0.7809039875736381,R,0.1346153846153846,2026,Mason Adams,MLB
690440,FC,12,88.06666666666666,8.91,4.72,6.433333333333334,5.059166666666667,-2.0216666666666665,2682.75,0.0255755037788598,-0.9306343964703662,R,0.08391608391608392,2026,Bradley Hanner,MLB
690440,FF,60,92.73,15.133999999999999,-7.0520000000000005,6.455,5.110333333333333,-1.9946666666666666,2510.1,-0.6683482242801302,-0.7391951121309759,R,0.4195804195804196,2026,Bradley Hanner,MLB
690440,SI,35,92.33142857142857,6.644571428571429,-15.507428571428571,6.585714285714285,5.000571428571428,-1.9971428571428573,2482.057142857143,-0.7102522072978169,-0.7004079669483011,R,0.24475524475524477,2026,Bradley Hanner,MLB
690440,ST,36,78.27777777777777,2.3866666666666667,20.863333333333333,6.663888888888889,4.8116666666666665,-2.177222222222222,3051.5833333333335,0.9490387666664617,0.3053320960121337,R,0.2517482517482518,2026,Bradley Hanner,MLB
690829,FF,174,100.99712643678161,14.809655172413795,-9.418620689655173,6.88103448275862,5.094597701149426,-1.704080459770115,2360.8390804597702,-0.6456676057408002,-0.7590090134945404,R,0.6718146718146718,2026,Ben Joyce,MLB
690829,SI,62,94.8241935483871,5.21225806451613,-14.084516129032258,6.953225806451614,5.1291935483870965,-1.618548387096774,1862.2903225806451,-0.746426127965424,-0.6618879563678693,R,0.23938223938223938,2026,Ben Joyce,MLB
690829,SL,23,86.39565217391304,0.777391304347826,6.9965217391304355,6.804347826086956,5.042173913043478,-1.7082608695652173,2653.8260869565215,0.9744963367398674,-0.11722371923371981,R,0.0888030888030888,2026,Ben Joyce,MLB
690925,FF,409,95.7484107579462,17.66523227383863,-3.547481662591687,6.058435207823961,5.939877750611247,-1.1159413202933985,2411.0,-0.3312674090093269,-0.941270193090212,R,0.49696233292831105,2026,Clayton Beeter,MLB
690925,SL,414,86.29082125603865,-5.844347826086956,3.4414492753623187,5.909756097560976,6.0833816425120775,-1.0343961352657005,2811.5555555555557,0.46915068043164304,0.8704909796584095,R,0.503037667071689,2026,Clayton Beeter,MLB
690928,CU,106,79.2622641509434,-10.821509433962264,6.6113207547169806,6.220754716981132,6.11377358490566,-1.2187735849056605,2582.443396226415,0.7006595513336866,0.7067848080207102,R,0.11373390557939914,2026,Hunter Dobbins,MLB
690928,FF,300,94.64133333333334,12.9648,0.24359999999999998,6.215,6.163,-1.2806666666666666,2378.0266666666666,-0.23076204777387171,-0.9673187421941976,R,0.3218884120171674,2026,Hunter Dobbins,MLB
690928,FS,109,88.03853211009175,5.010275229357799,-13.420183486238532,6.377777777777777,5.8480733944954135,-1.696605504587156,2184.8981481481483,-0.7555791924769897,-0.6462088617691867,R,0.11695278969957082,2026,Hunter Dobbins,MLB
690928,SI,122,94.43360655737705,9.397377049180328,-11.618360655737705,6.33360655737705,6.040081967213115,-1.374672131147541,2206.3196721311474,-0.3842117088970056,-0.9161151060085659,R,0.13090128755364808,2026,Hunter Dobbins,MLB
690928,SL,158,87.64240506329114,2.5336708860759494,5.72506329113924,6.20759493670886,5.987658227848101,-1.5403164556962026,2640.0696202531644,0.8571659210749631,-0.40299651150077637,R,0.16952789699570817,2026,Hunter Dobbins,MLB
690928,ST,137,82.04963503649634,0.275036496350365,15.554452554744525,6.254014598540146,5.70036496350365,-1.8913138686131388,2736.124087591241,0.8789738626455591,0.46130264525719955,R,0.14699570815450644,2026,Hunter Dobbins,MLB
690953,CH,69,87.52608695652174,2.271304347826087,-9.67478260869565,6.934782608695652,5.485942028985507,-1.8139130434782609,1703.855072463768,-0.6847158717408256,-0.7175811699999112,R,0.16995073891625614,2026,Mick Abel,MLB
690953,CU,47,80.58723404255319,-9.176170212765959,12.117446808510637,6.9787234042553195,5.48063829787234,-1.7261702127659573,2673.255319148936,0.8487830061490531,0.5246273883846395,R,0.11576354679802955,2026,Mick Abel,MLB
690953,FF,174,95.02356321839079,16.89862068965517,-7.48551724137931,6.8982758620689655,5.529252873563219,-1.7594252873563219,2513.442528735632,-0.5453946836702865,-0.8216406760579265,R,0.42857142857142855,2026,Mick Abel,MLB
690953,SI,19,94.44736842105263,10.99578947368421,-14.229473684210527,6.768421052631578,5.527368421052631,-1.7547368421052634,2399.8947368421054,-0.5555859422029075,-0.8272087549090885,R,0.046798029556650245,2026,Mick Abel,MLB
690953,SL,57,87.2719298245614,3.4926315789473685,3.473684210526316,6.875438596491228,5.423333333333333,-1.7601754385964912,2415.964912280702,0.45278057816483336,-0.7386259496903081,R,0.14039408866995073,2026,Mick Abel,MLB
690953,ST,40,83.435,1.7399999999999998,14.955000000000002,6.865,5.375249999999999,-1.8275,2719.875,0.8660593891057848,0.48500031118283876,R,0.09852216748768473,2026,Mick Abel,MLB
690978,CH,32,88.46875,3.9975,-14.0325,6.815625,6.1225,-2.9121875,1595.15625,0.7616829131715557,-0.640462049456829,L,0.06680584551148225,2026,Dax Fulton,MLB
690978,FF,145,95.1944827586207,11.114482758620689,1.1718620689655173,6.9110344827586205,6.347241379310345,-2.575241379310345,2355.3793103448274,0.38776218776484006,-0.914513834763473,L,0.302713987473904,2026,Dax Fulton,MLB
690978,SI,53,94.64150943396227,6.8830188679245285,-9.457358490566039,6.837735849056603,6.282075471698113,-2.72622641509434,2169.7169811320755,0.49820222288913407,-0.8588716604707911,L,0.11064718162839249,2026,Dax Fulton,MLB
690978,SL,100,89.28200000000001,2.4336,5.1804,6.739,6.2774,-2.7944,2409.27,-0.6617672835541094,-0.529601428231157,L,0.20876826722338204,2026,Dax Fulton,MLB
690978,ST,149,83.98791946308725,0.13610738255033555,14.028724832214767,6.668456375838926,6.292885906040269,-2.7826845637583895,2592.3624161073826,-0.8588036936311687,0.48399354433609626,L,0.31106471816283926,2026,Dax Fulton,MLB
690986,CH,200,85.81700000000001,-3.786,-10.236,6.575757575757576,4.94685,-2.84015,1279.305,0.981248605889774,0.06872897040558625,L,0.09144947416552354,2026,Kyle Harrison,MLB
690986,FF,1250,94.7876,14.736,-12.899136,6.615329052969503,5.036848,-2.707296,2366.4056,0.7563615117772666,-0.6493689591692346,L,0.5715592135345222,2026,Kyle Harrison,MLB
690986,SI,46,94.3586956521739,10.528695652173912,-16.489565217391306,6.630434782608695,5.01608695652174,-2.6680434782608695,2268.804347826087,0.7571743754162219,-0.6189521516768183,L,0.021033379058070414,2026,Kyle Harrison,MLB
690986,SV,691,81.9807525325615,-3.688567293777135,10.26356005788712,6.536811594202898,4.949811866859624,-2.918639652677279,2158.298118668596,-0.5961629047771693,0.7892673452006687,L,0.31595793324188387,2026,Kyle Harrison,MLB
690990,CH,29,88.71724137931035,9.790344827586207,-12.732413793103449,6.43448275862069,5.766896551724138,-2.175172413793103,1867.448275862069,-0.4533210785174517,-0.8896628545492473,R,0.18125,2026,Cade Horton,MLB
690990,CU,14,84.28571428571429,-7.551428571428572,2.494285714285714,6.278571428571429,6.0249999999999995,-1.877857142857143,2529.0,0.5261181201549442,0.8441651841046232,R,0.0875,2026,Cade Horton,MLB
690990,FF,75,95.51066666666667,15.388800000000002,0.6816,6.271999999999999,5.952266666666667,-2.047066666666667,2472.1466666666665,-0.16695326440637917,-0.9798566281033916,R,0.46875,2026,Cade Horton,MLB
690990,SI,14,95.25,13.748571428571427,-13.037142857142857,6.285714285714286,5.878571428571428,-2.1885714285714286,2338.4285714285716,-0.2474766627825001,-0.9667929120360396,R,0.0875,2026,Cade Horton,MLB
690990,ST,28,83.78571428571429,-2.19,10.941428571428572,6.203571428571428,5.914285714285714,-2.069642857142857,2561.714285714286,0.7432886186038244,0.6609740559128571,R,0.175,2026,Cade Horton,MLB
690997,CH,181,88.1657458563536,-1.9054143646408839,-13.106519337016575,6.318232044198894,5.337348066298343,-3.79182320441989,1295.5082872928176,-0.9694323608355949,-0.18509579022886785,R,0.06219931271477663,2026,Nolan McLean,MLB
690997,CU,420,82.02595238095239,-12.998,17.47057142857143,6.256666666666667,5.279619047619048,-3.9971666666666668,3370.9142857142856,0.7405832137915607,0.667816586447985,R,0.14432989690721648,2026,Nolan McLean,MLB
690997,FC,306,92.11503267973856,6.809411764705882,0.9666666666666667,6.468954248366013,5.233529411764706,-3.85718954248366,2544.970588235294,-0.3532058956115313,-0.8077838518294886,R,0.10515463917525773,2026,Nolan McLean,MLB
690997,FF,564,96.0404255319149,14.045957446808512,-11.493404255319149,6.485638297872341,5.351063829787234,-3.7911879432624116,2345.8351063829787,-0.7797463553603785,-0.619020474978851,R,0.19381443298969073,2026,Nolan McLean,MLB
690997,SI,1012,95.04367588932806,5.0932411067193675,-17.778260869565216,6.456422924901186,5.299258893280633,-3.863586956521739,2226.655138339921,-0.8054195869761215,-0.5778096703377897,R,0.34776632302405497,2026,Nolan McLean,MLB
690997,SL,115,85.95391304347827,3.9193043478260865,10.790608695652175,6.256521739130434,5.0818260869565215,-4.140086956521739,2961.8608695652174,0.8847352342984677,0.43216248730519047,R,0.03951890034364261,2026,Nolan McLean,MLB
690997,ST,312,84.89102564102564,-1.4326923076923077,18.659615384615385,6.228525641025641,5.154487179487179,-3.980224358974359,3013.86858974359,0.8283297757537097,0.5468245699913538,R,0.10721649484536082,2026,Nolan McLean,MLB
691008,CH,23,85.85652173913044,7.706086956521739,-14.916521739130435,6.534782608695653,5.6521739130434785,-1.5826086956521739,1976.5217391304348,-0.9309487654253819,-0.35898208379791635,R,0.1329479768786127,2026,Max Rajcic,MLB
691008,CU,46,82.6891304347826,-15.26086956521739,8.392173913043479,6.510869565217392,5.874782608695653,-1.3843478260869566,2882.695652173913,0.5451813058385129,0.817275126198509,R,0.2658959537572254,2026,Max Rajcic,MLB
691008,FF,72,95.48750000000001,15.938333333333333,-10.3,6.540277777777778,5.797777777777778,-1.5434722222222221,2261.9583333333335,-0.6232927248459128,-0.7800771300921369,R,0.4161849710982659,2026,Max Rajcic,MLB
691008,SI,13,94.87692307692308,12.563076923076922,-13.993846153846155,6.5307692307692315,5.791538461538462,-1.5146153846153847,2159.4615384615386,-0.6797080351820929,-0.7046692353516583,R,0.07514450867052024,2026,Max Rajcic,MLB
691008,ST,19,83.90526315789474,0.9789473684210527,10.76842105263158,6.484210526315789,5.546315789473684,-1.7121052631578948,2557.684210526316,0.8157284848562413,0.5569208613173326,R,0.10982658959537572,2026,Max Rajcic,MLB
691384,FC,79,93.29493670886076,9.908354430379747,0.40556962025316456,6.039240506329114,5.843670886075949,-1.2377215189873418,2339.3417721518986,-0.17151872877058377,-0.9736370394462606,R,0.316,2026,Luis Perales,MLB
691384,FF,56,99.05535714285715,17.337857142857143,-9.580714285714285,5.983928571428572,6.017321428571429,-1.0385714285714285,2263.375,-0.5286764813658381,-0.8460624432456142,R,0.224,2026,Luis Perales,MLB
691384,FS,81,87.57283950617284,2.9066666666666667,-10.312592592592594,6.2444444444444445,5.838271604938272,-1.1459259259259258,1340.7777777777778,-0.7873813657327532,-0.609148498215643,R,0.324,2026,Luis Perales,MLB
691384,SL,34,87.75,3.914117647058824,4.24235294117647,6.064705882352941,5.817941176470589,-1.286764705882353,2235.176470588235,0.47162799920633147,-0.8329981479634984,R,0.136,2026,Luis Perales,MLB
691548,SI,15,95.55333333333333,6.624,-16.592,5.966666666666667,5.591333333333334,-2.4593333333333334,2073.4666666666667,-0.8556933586015607,-0.5155007186745021,R,0.3488372093023256,2026,Rolddy Muñoz,MLB
691548,SL,28,88.18571428571428,-0.5614285714285715,0.8185714285714285,6.05,5.891071428571428,-2.173928571428571,2452.5,0.29710200200029063,0.8100181150734526,R,0.6511627906976745,2026,Rolddy Muñoz,MLB
691587,CH,242,89.9095041322314,10.100330578512397,-14.408429752066116,6.795867768595041,5.918388429752066,-1.8751239669421487,1667.3760330578511,-0.8033508491861912,-0.5911096116586705,R,0.0878721859114016,2026,Eury Pérez,MLB
691587,CU,179,80.72569832402235,-6.879553072625699,8.71173184357542,6.645251396648045,6.147709497206704,-1.7237988826815642,2721.9944134078214,0.822788551788585,0.5583401614728759,R,0.06499636891793754,2026,Eury Pérez,MLB
691587,FF,1028,98.14289883268482,18.084046692607004,-11.303463035019455,6.620740019474197,6.049922178988327,-1.7236284046692607,2678.44011684518,-0.5909200755608965,-0.8037946950263777,R,0.3732752360203341,2026,Eury Pérez,MLB
691587,SI,472,97.64957627118643,13.738474576271187,-15.677542372881357,6.619279661016949,5.868983050847457,-1.8601483050847458,2634.3008474576272,-0.6505420356417629,-0.7572504999548274,R,0.17138707334785766,2026,Eury Pérez,MLB
691587,SL,475,88.40357894736842,5.1696,1.1153684210526316,6.611578947368421,5.785326315789474,-1.9644842105263158,2434.0947368421052,0.10541772280990937,-0.8866263799016728,R,0.17247639796659406,2026,Eury Pérez,MLB
691587,ST,358,83.59944134078212,10.951508379888267,7.831173184357541,6.569832402234637,5.773826815642459,-2.0025698324022345,2518.9385474860337,0.8820400556720398,-0.34800724890282486,R,0.1299927378358751,2026,Eury Pérez,MLB
691725,CH,246,90.6150406504065,4.800487804878049,-12.675121951219511,6.572357723577236,6.42020325203252,-2.32089430894309,1727.7520325203252,-0.6538652401315127,-0.7492273811495261,R,0.11373092926490985,2026,Andrew Painter,MLB
691725,CU,126,81.28888888888889,-7.881904761904762,7.995238095238095,6.5888888888888895,6.529285714285715,-2.0253968253968253,2650.0079365079364,0.7706266138211999,0.6307288235678706,R,0.05825242718446602,2026,Andrew Painter,MLB
691725,FF,712,96.62092696629215,16.65050561797753,-2.1888202247191013,6.528651685393258,6.530898876404494,-2.099199438202247,2318.0955056179773,-0.3027187549464547,-0.9496879300583236,R,0.32917244567730003,2026,Andrew Painter,MLB
691725,FS,164,87.40792682926829,8.141707317073172,-9.782195121951219,6.564634146341463,6.4730487804878045,-2.2357317073170733,1593.2865853658536,-0.5296470748038539,-0.8413391709770298,R,0.0758206195099399,2026,Andrew Painter,MLB
691725,SI,183,95.124043715847,13.38688524590164,-11.994098360655737,6.554098360655738,6.480382513661203,-2.1494535519125684,2180.1693989071036,-0.27616130118951987,-0.9564019023237006,R,0.08460471567267684,2026,Andrew Painter,MLB
691725,SL,378,88.06216931216932,3.9619047619047616,6.393650793650794,6.633068783068784,6.380978835978836,-2.296798941798942,2585.1798941798943,0.6775867206730304,-0.6701191963870253,R,0.17475728155339806,2026,Andrew Painter,MLB
691725,ST,354,82.74463276836158,1.9067796610169492,16.38508474576271,6.537677053824363,6.171610169491525,-2.645762711864407,2673.815864022663,0.8775439502735655,0.46061603276328583,R,0.1636615811373093,2026,Andrew Painter,MLB
691765,FF,17,93.11764705882354,16.785882352941176,-8.498823529411764,7.152941176470588,5.47,-1.907058823529412,2214.1176470588234,-0.5300071936843411,-0.8422693558852619,R,0.6296296296296297,2026,Jackson Baumeister,MLB
691765,SL,10,85.41,5.136,2.34,7.0,5.456,-1.985,2389.5,0.5936422736654772,-0.5706038252896952,R,0.37037037037037035,2026,Jackson Baumeister,MLB
691769,CH,25,83.22,4.4448,-6.7104,6.5520000000000005,5.4292,-2.0648,1530.88,0.4616455355592139,-0.8032445982589624,L,0.07507507507507508,2026,Philip Abner,MLB
691769,CU,63,81.18730158730159,-6.514285714285715,2.468571428571429,6.449206349206349,5.715873015873016,-1.9625396825396826,2313.6507936507937,-0.7468268650199533,0.652660840472449,L,0.1891891891891892,2026,Philip Abner,MLB
691769,FF,187,90.51069518716578,12.371550802139037,-0.756577540106952,6.465775401069518,5.679572192513368,-2.162139037433155,2350.2085561497324,0.24428605660820715,-0.9604577367235987,L,0.5615615615615616,2026,Philip Abner,MLB
691769,SL,58,80.55172413793103,1.7213793103448276,10.779310344827588,6.505172413793104,5.317068965517241,-2.9106896551724137,2354.862068965517,-0.9347238989868333,0.3318139266290997,L,0.17417417417417416,2026,Philip Abner,MLB
691799,CU,392,83.7765306122449,-15.75122448979592,1.98734693877551,7.020918367346939,5.975331632653061,-0.49780612244897965,2522.956632653061,0.23569644752619945,0.9690927196002614,R,0.27053140096618356,2026,Grant Taylor,MLB
691799,FF,630,98.1015873015873,16.684761904761903,-1.9436190476190476,7.173174603174604,5.926507936507936,-0.5422857142857143,2337.9555555555557,-0.24966244358098302,-0.9651765617398899,R,0.43478260869565216,2026,Grant Taylor,MLB
691799,SI,179,98.92458100558659,13.189944134078212,-11.626592178770949,7.0765363128491625,5.852234636871508,-0.7131843575418995,2307.8379888268155,-0.3872585759913012,-0.919266199061662,R,0.12353347135955832,2026,Grant Taylor,MLB
691799,SL,248,89.48064516129033,0.19935483870967743,5.955,6.976612903225806,5.81883064516129,-0.858225806451613,2617.8870967741937,0.7414236903352672,0.6036420327156831,R,0.17115251897860592,2026,Grant Taylor,MLB
691945,CU,67,84.44776119402985,-12.882985074626864,6.852537313432836,6.538805970149254,5.581492537313433,-1.6135820895522388,2506.3582089552237,0.6636664110132542,0.7436453213512979,R,0.48201438848920863,2026,Carter Baumler,MLB
691945,FF,47,95.16170212765958,18.28085106382979,-9.063829787234043,6.61063829787234,5.616170212765957,-1.5580851063829788,2308.5106382978724,-0.5268271078998042,-0.8487045596293528,R,0.3381294964028777,2026,Carter Baumler,MLB
691945,SI,10,94.65,12.648,-16.308,6.56,5.437,-1.784,2318.8,-0.56044490222466,-0.8245967017058812,R,0.07194244604316546,2026,Carter Baumler,MLB
691945,SL,15,88.38666666666667,7.056,3.152,6.613333333333333,5.471333333333333,-1.7033333333333334,2257.733333333333,0.01414571471179423,-0.9795735517839376,R,0.1079136690647482,2026,Carter Baumler,MLB
691946,CH,104,87.33557692307691,5.736923076923077,-14.637692307692307,6.571153846153846,5.712884615384615,-2.755288461538462,1530.2403846153845,-0.8766924115690125,-0.4726710454307618,R,0.1863799283154122,2026,George Klassen,MLB
691946,CU,24,85.30416666666666,-5.23,5.88,6.3374999999999995,5.6925,-3.0383333333333336,2434.0416666666665,0.49330261005937337,0.8660273911543751,R,0.043010752688172046,2026,George Klassen,MLB
691946,FF,217,96.62811059907834,15.509861751152073,-12.43520737327189,6.363594470046084,5.8270506912442395,-2.703410138248848,2318.6820276497697,-0.6848593110969846,-0.7235517233528113,R,0.3888888888888889,2026,George Klassen,MLB
691946,SI,50,96.788,15.4104,-12.998399999999998,6.374,5.8114,-2.737,2294.64,-0.6909072613938538,-0.7179422721819247,R,0.08960573476702509,2026,George Klassen,MLB
691946,SL,163,90.80429447852761,1.2839263803680983,-0.5352147239263804,6.366871165644172,5.945828220858895,-2.5673006134969327,2282.558282208589,-0.7025733558271244,0.38727484614099483,R,0.2921146953405018,2026,George Klassen,MLB
691947,FF,11,95.32727272727271,18.829090909090908,-0.28363636363636363,6.036363636363637,6.747272727272727,-1.6109090909090908,2410.2727272727275,0.29167977718146987,-0.9540861665783712,L,1.0,2026,Ronan Kopp,MLB
691951,CH,189,80.24338624338624,9.33968253968254,-13.470476190476191,5.914285714285714,5.938042328042328,-1.5826984126984127,1881.936507936508,0.9801696202459274,-0.16391590946366247,L,0.30983606557377047,2026,Sam Aldegheri,MLB
691951,CU,46,74.77608695652174,-8.43391304347826,11.885217391304348,5.643478260869566,6.1193478260869565,-1.5099999999999998,2004.695652173913,-0.5961785533163388,0.7994090790089442,L,0.07540983606557378,2026,Sam Aldegheri,MLB
691951,FC,59,86.5677966101695,5.841355932203389,1.2264406779661017,5.577966101694915,6.157457627118644,-1.4905084745762711,2203.322033898305,0.08589517498780336,-0.872506312738091,L,0.09672131147540984,2026,Sam Aldegheri,MLB
691951,FF,288,92.09027777777777,15.988333333333335,-5.454166666666667,5.647222222222222,6.220937500000001,-1.423923611111111,2198.440972222222,0.46027926274600656,-0.8860278076128362,L,0.4721311475409836,2026,Sam Aldegheri,MLB
691951,SL,28,81.575,-3.814285714285714,2.0228571428571427,5.692857142857143,6.076071428571429,-1.5453571428571429,2147.785714285714,-0.8099415760380004,0.5630904564733922,L,0.04590163934426229,2026,Sam Aldegheri,MLB
692030,CH,27,85.66296296296296,6.497777777777777,-15.657777777777778,7.251851851851852,5.350370370370371,-1.6303703703703705,1568.2222222222222,-0.8745658328938097,-0.4825691417115398,R,0.3103448275862069,2026,Jose Corniell,MLB
692030,FC,15,90.55333333333333,6.984,-3.592,6.873333333333333,5.325333333333333,-1.6853333333333333,2094.133333333333,-0.5270320282419662,-0.8457013423541694,R,0.1724137931034483,2026,Jose Corniell,MLB
692030,FF,27,94.1962962962963,14.644444444444444,-11.257777777777777,6.95925925925926,5.382962962962963,-1.6422222222222222,2051.925925925926,-0.7601605796294308,-0.6479577792521247,R,0.3103448275862069,2026,Jose Corniell,MLB
692030,ST,18,80.17222222222222,-1.1066666666666667,12.38,6.983333333333333,5.268888888888889,-1.8050000000000002,2351.6666666666665,0.8782823595955116,0.4335065119544928,R,0.20689655172413793,2026,Jose Corniell,MLB
692064,CH,23,87.15217391304348,-0.928695652173913,-15.6,6.765217391304348,5.975217391304348,-3.361739130434782,1594.2608695652175,-0.9596283417618929,-0.2658005725947156,R,0.3382352941176471,2026,José Rodríguez,MLB
692064,FF,12,97.63333333333333,14.719999999999999,-10.42,6.591666666666666,6.189166666666666,-3.1666666666666665,2223.9166666666665,-0.6615886322455687,-0.7454524520274588,R,0.17647058823529413,2026,José Rodríguez,MLB
692064,SI,23,97.08260869565218,10.591304347826087,-17.008695652173913,6.708695652173914,6.0200000000000005,-3.286521739130435,2321.8695652173915,-0.7705366501760537,-0.6356731044896989,R,0.3382352941176471,2026,José Rodríguez,MLB
692064,SL,10,86.52000000000001,1.1400000000000001,1.3679999999999999,6.57,5.941,-3.3310000000000004,2129.7,0.5873907137226034,-0.3905025370263634,R,0.14705882352941177,2026,José Rodríguez,MLB
692230,CH,67,87.67462686567164,5.949850746268656,-16.665671641791043,6.329850746268657,5.5694029850746265,-1.3155223880597016,1818.9850746268658,-0.9232452871566964,-0.37974625315259547,R,0.37222222222222223,2026,Carlos Rodriguez,MLB
692230,FC,49,90.12857142857143,9.795918367346939,0.9722448979591837,6.210204081632654,5.834081632653061,-1.2024489795918367,2234.795918367347,-0.19750032478638213,-0.972002755431036,R,0.2722222222222222,2026,Carlos Rodriguez,MLB
692230,FF,49,94.09795918367347,16.52081632653061,-6.4799999999999995,6.240816326530613,5.796734693877552,-1.3583673469387756,2279.326530612245,-0.5560187897882695,-0.8276039229410906,R,0.2722222222222222,2026,Carlos Rodriguez,MLB
692230,ST,15,82.18666666666667,3.56,14.048,6.293333333333334,5.888000000000001,-1.1826666666666665,2422.866666666667,0.9476609203831021,0.28247700575841944,R,0.08333333333333333,2026,Carlos Rodriguez,MLB
692243,SI,14,94.64999999999999,14.768571428571429,-14.297142857142857,6.928571428571429,5.2371428571428575,-2.542857142857143,2264.1428571428573,0.700997621799278,-0.7115549763096111,L,1.0,2026,Jaden Woods,MLB
692437,FF,18,97.69999999999999,14.826666666666666,-9.046666666666667,6.544444444444444,5.641666666666667,-1.9861111111111112,2262.777777777778,-0.5711175657994709,-0.8190572358643062,R,0.6428571428571429,2026,Winston Santos,MLB
692437,SL,10,84.84,0.696,1.4760000000000002,6.42,5.577,-2.218,2369.5,0.6967055405513906,-0.49041975914166186,R,0.35714285714285715,2026,Winston Santos,MLB
692838,FF,10,94.67999999999999,18.36,-6.5040000000000004,6.590000000000001,6.499,-1.274,2223.9,-0.30678957296971154,-0.9498437749418871,R,1.0,2026,Jaydenn Estanista,MLB
693308,CH,96,82.76145833333334,2.145,-14.38875,7.125,5.970104166666666,-3.8686458333333333,2403.03125,-0.9810504409327484,-0.17517824789701383,R,0.24615384615384617,2026,Nick Frasso,MLB
693308,FC,47,90.67446808510638,7.9812765957446805,2.443404255319149,7.002127659574469,6.0212765957446805,-3.7223404255319146,2380.31914893617,-0.29413995562406003,-0.9444814927316099,R,0.12051282051282051,2026,Nick Frasso,MLB
693308,FF,217,95.53456221198157,13.825437788018432,-10.48700460829493,6.964976958525346,6.3437327188940085,-3.327741935483871,2289.6129032258063,-0.5891075858834723,-0.8044317703915684,R,0.5564102564102564,2026,Nick Frasso,MLB
693308,SL,30,84.95,-5.715999999999999,1.792,7.013333333333334,6.155666666666666,-3.447666666666667,2444.1666666666665,0.5230470484061454,0.759480789277083,R,0.07692307692307693,2026,Nick Frasso,MLB
693312,CU,35,83.75142857142858,-10.018285714285714,7.621714285714286,6.8028571428571425,5.725142857142857,-0.9622857142857143,2613.057142857143,0.7137074899917956,0.6920761488832081,R,0.15555555555555556,2026,Kyle Nicolas,MLB
693312,FF,114,96.83684210526316,17.530526315789473,-8.191578947368422,6.973684210526316,5.802368421052631,-0.988421052631579,2374.342105263158,-0.5108555271788509,-0.8566954773501965,R,0.5066666666666667,2026,Kyle Nicolas,MLB
693312,SL,76,90.00657894736842,3.276315789473684,3.8731578947368424,6.855263157894737,5.751710526315789,-1.1140789473684212,2525.1973684210525,0.45184309031513825,-0.7813932765840861,R,0.3377777777777778,2026,Kyle Nicolas,MLB
693313,FC,122,94.3688524590164,4.8354098360655735,-1.0475409836065575,6.5393442622950815,5.902049180327868,-2.62827868852459,2439.2295081967213,-0.7149039279191142,-0.62335060566971,R,0.2206148282097649,2026,Carson Seymour,MLB
693313,FF,97,97.23711340206185,12.890721649484536,-8.291134020618557,6.511340206185567,5.978762886597939,-2.4189690721649484,2233.1958762886597,-0.7473780851023806,-0.6091683874482232,R,0.17540687160940324,2026,Carson Seymour,MLB
693313,FS,15,91.72666666666667,-1.488,-11.84,6.673333333333333,5.835333333333334,-2.7046666666666668,1303.1333333333334,-0.9246503034555374,-0.3661564272123339,R,0.027124773960216998,2026,Carson Seymour,MLB
693313,SI,188,96.5808510638298,5.209148936170213,-15.213191489361702,6.548936170212766,5.944893617021277,-2.5057978723404255,2252.9148936170213,-0.7718675671181512,-0.6187460782074006,R,0.3399638336347197,2026,Carson Seymour,MLB
693313,SL,131,88.68931297709923,-6.217099236641221,0.032061068702290085,6.523664122137404,5.920534351145038,-2.628854961832061,2079.4580152671756,0.4509574931767367,0.8834406361635121,R,0.23688969258589512,2026,Carson Seymour,MLB
693433,CH,175,89.60742857142857,2.8409142857142857,-15.651428571428571,6.534857142857143,4.993542857142857,-1.7057714285714285,1947.4285714285713,-0.844120212029824,-0.530860126360683,R,0.06386861313868614,2026,Bryan Woo,MLB
693433,CU,68,82.95294117647059,-5.592352941176471,6.021176470588236,6.457352941176471,5.074117647058824,-1.6229411764705883,2285.735294117647,0.8962345856172793,0.4269703170152612,R,0.024817518248175182,2026,Bryan Woo,MLB
693433,FF,1290,96.05720930232559,14.365581395348837,-10.704651162790698,6.385658914728682,5.0753720930232555,-1.7301240310077521,2260.703875968992,-0.734172602893964,-0.6745720802345392,R,0.4708029197080292,2026,Bryan Woo,MLB
693433,SI,517,95.85628626692456,5.619806576402321,-16.151721470019343,6.406382978723404,5.038568665377176,-1.661605415860735,2266.7001934235977,-0.7216539896602744,-0.684204686030951,R,0.18868613138686133,2026,Bryan Woo,MLB
693433,SL,368,87.14048913043479,1.7214130434782609,2.430978260869565,6.444565217391304,5.018940217391305,-1.752391304347826,2210.0733695652175,0.4674171766154281,-0.5573075183205107,R,0.1343065693430657,2026,Bryan Woo,MLB
693433,ST,322,84.4468944099379,3.4345341614906832,10.444844720496896,6.438509316770186,4.939099378881988,-1.7257142857142855,2478.0404984423676,0.9124439512475221,0.3930036785028358,R,0.11751824817518249,2026,Bryan Woo,MLB
693645,CU,353,86.11586402266289,-10.538923512747877,6.534050991501417,6.762,6.181501416430596,-1.6279603399433427,2536.28045325779,0.6237468333777173,0.7748173187771982,R,0.1071320182094082,2026,Cam Schlittler,MLB
693645,FC,821,94.61132764920828,10.331254567600487,5.67347137637028,6.7246943765281175,6.118611449451888,-1.7907186358099878,2592.4080389768574,0.18048468732526005,-0.9632907564192656,R,0.24916540212443095,2026,Cam Schlittler,MLB
693645,FF,1466,98.04392905866302,16.91066848567531,-5.16237380627558,6.774844074844075,6.108738062755798,-1.7203478854024559,2543.761937244202,-0.4261964982923363,-0.9000616699488704,R,0.4449165402124431,2026,Cam Schlittler,MLB
693645,SI,623,97.86276083467095,10.935601926163724,-13.62876404494382,6.806168831168832,6.0784430176565,-1.7177367576243983,2388.497592295345,-0.4290714477303331,-0.8983673309640978,R,0.1890743550834598,2026,Cam Schlittler,MLB
693645,SL,32,89.2875,3.54375,6.72375,6.821875,6.155,-1.66375,2506.15625,0.8379622462705637,-0.3633964644818295,R,0.009711684370257967,2026,Cam Schlittler,MLB
693686,CU,368,80.89701086956521,-10.482391304347827,13.46967391304348,6.638586956521739,5.819782608695652,-1.3135326086956522,2858.0679347826085,0.7692302788884838,0.6313617287405404,R,0.24338624338624337,2026,Spencer Miles,MLB
693686,FF,217,96.05069124423963,14.910414746543779,-8.2036866359447,6.734562211981567,5.891981566820276,-1.1105990783410138,2228.9953917050693,-0.7209805649910436,-0.6831484297582727,R,0.14351851851851852,2026,Spencer Miles,MLB
693686,SI,682,96.30777126099706,7.418709677419355,-16.286217008797657,6.739589442815249,5.855557184750733,-1.1299853372434017,2277.5102639296188,-0.7215133495125232,-0.6864482595077587,R,0.45105820105820105,2026,Spencer Miles,MLB
693686,SL,245,87.28,-0.7988571428571428,3.8884897959183675,6.741224489795918,5.813551020408163,-1.2938367346938775,2535.1510204081633,0.8654511109588453,-0.061855542462119335,R,0.16203703703703703,2026,Spencer Miles,MLB
693713,SI,25,99.428,6.441599999999999,-16.8576,5.827999999999999,5.6536,-0.9036,2305.52,-0.7375408873438707,-0.6706344651777555,R,0.625,2026,Emiliano Teodo,MLB
693713,SL,15,91.86,3.288,-0.56,5.913333333333333,5.541333333333333,-1.042,2507.8,-0.42095441556054153,-0.38266638052244467,R,0.375,2026,Emiliano Teodo,MLB
693821,CH,276,85.72753623188406,3.863913043478261,-12.044782608695652,6.285144927536232,6.185144927536231,-1.657536231884058,1568.159420289855,-0.766859539031138,-0.6132946254241635,R,0.12293986636971047,2026,Bryce Elder,MLB
693821,FC,336,88.45684523809524,10.331071428571429,1.880357142857143,6.308630952380952,6.184196428571428,-1.5916071428571428,2208.5714285714284,-0.22913471259462015,-0.9603564858981787,R,0.14966592427616926,2026,Bryce Elder,MLB
693821,FF,504,92.4311507936508,15.377619047619048,-4.174047619047618,6.295833333333333,6.18218253968254,-1.573888888888889,2232.9583333333335,-0.43280484295784255,-0.8984097094626068,R,0.2244988864142539,2026,Bryce Elder,MLB
693821,SI,627,91.0,8.084401913875599,-13.680765550239235,6.330781499202552,6.165295055821371,-1.600622009569378,2086.7958532695375,-0.537372836645751,-0.8330670335831487,R,0.27928730512249444,2026,Bryce Elder,MLB
693821,SL,502,83.08426294820718,-3.343027888446215,3.3375298804780877,6.24800796812749,6.2329681274900395,-1.494800796812749,2450.808764940239,0.5971508325673642,0.7680364331582857,R,0.22360801781737194,2026,Bryce Elder,MLB
693855,CH,622,83.45064308681673,7.879099678456592,-15.397620578778135,6.251768488745981,5.734067524115756,-1.4058360128617362,1614.975884244373,0.7936875745480555,-0.5979043166951508,L,0.28440786465477824,2026,Ian Seymour,MLB
693855,CU,14,72.70714285714286,-12.342857142857143,9.668571428571429,6.121428571428572,6.036428571428572,-1.0150000000000001,1941.5,-0.5119138270275571,0.8543682631618907,L,0.006401463191586648,2026,Ian Seymour,MLB
693855,FC,16,87.29375,9.765,1.62,6.3375,5.678125,-1.721875,2116.25,0.23752027995264643,-0.934747159617606,L,0.007315957933241884,2026,Ian Seymour,MLB
693855,FF,599,91.39332220367278,16.803606010016697,-6.855826377295493,6.306700167504188,5.598247078464107,-1.4470951585976626,2162.289782244556,0.5519958176818683,-0.8254707559357766,L,0.273891175125743,2026,Ian Seymour,MLB
693855,SI,369,89.90054200542006,10.191869918699188,-15.171056910569105,6.29429347826087,5.681815718157182,-1.4315447154471546,1956.570652173913,0.5563685596832421,-0.825314005106572,L,0.16872427983539096,2026,Ian Seymour,MLB
693855,SL,140,83.16214285714287,12.246857142857143,3.4002857142857144,6.329285714285715,5.498214285714286,-1.6332142857142857,2114.6857142857143,-0.6307075335298938,-0.7079975985421315,L,0.06401463191586648,2026,Ian Seymour,MLB
693855,ST,427,81.6384074941452,9.578360655737704,12.027259953161593,6.332318501170961,5.539133489461358,-1.6948946135831382,2175.71662763466,-0.8702373347067345,-0.37772722842299644,L,0.19524462734339276,2026,Ian Seymour,MLB
694037,FF,339,99.22271386430678,16.22513274336283,-9.187964601769913,6.899115044247788,5.496784660766962,-0.9534513274336284,2373.7817109144544,-0.5959779925271091,-0.7993283538300141,R,0.6608187134502924,2026,Daniel Palencia,MLB
694037,FS,30,89.44,3.484,-8.132,6.8566666666666665,5.563999999999999,-0.8353333333333333,1170.1666666666667,-0.6649645694844293,-0.7082263088223679,R,0.05847953216374269,2026,Daniel Palencia,MLB
694037,SI,19,98.8736842105263,11.103157894736842,-15.353684210526318,6.9526315789473685,5.295263157894737,-1.1468421052631579,2281.4736842105262,-0.6626090648117787,-0.7468396127182066,R,0.037037037037037035,2026,Daniel Palencia,MLB
694037,SL,125,90.0896,3.24192,1.47648,6.8144,5.3532,-1.20968,2321.056,0.48736803672746654,-0.7779886720024731,R,0.24366471734892786,2026,Daniel Palencia,MLB
694297,CH,324,86.96574074074074,3.525925925925926,-15.975185185185186,6.716358024691358,5.262469135802469,-2.2627777777777776,2096.385802469136,-0.822200937211775,-0.5651869870698988,R,0.1594488188976378,2026,Brandon Pfaadt,MLB
694297,CU,297,82.41649831649832,-11.033131313131314,9.533333333333333,6.473063973063973,5.626262626262626,-2.286060606060606,2506.4377104377104,0.7506002188212575,0.6509392159201643,R,0.14616141732283464,2026,Brandon Pfaadt,MLB
694297,FC,235,90.4268085106383,8.640510638297872,-0.30434042553191487,6.497872340425532,5.462170212765957,-2.2872340425531914,2636.6468085106385,-0.41799294751208527,-0.8724168768387783,R,0.1156496062992126,2026,Brandon Pfaadt,MLB
694297,FF,550,93.20745454545454,14.775272727272727,-6.226036363636364,6.618909090909091,5.5760000000000005,-2.075836363636364,2504.7545454545457,-0.632781989858178,-0.7674325831943087,R,0.2706692913385827,2026,Brandon Pfaadt,MLB
694297,SI,335,93.09641791044776,6.92023880597015,-15.977910447761195,6.642089552238805,5.503970149253731,-2.185283582089552,2347.525373134328,-0.7064843166202835,-0.7038750399252074,R,0.16486220472440946,2026,Brandon Pfaadt,MLB
694297,ST,291,84.21237113402061,4.984742268041237,10.858144329896907,6.49106529209622,5.368006872852233,-2.3358419243986255,2775.0103092783506,0.9575647841552913,0.1823300652597909,R,0.14320866141732283,2026,Brandon Pfaadt,MLB
694298,CH,22,85.86363636363636,11.318181818181818,-12.283636363636363,6.131818181818182,6.045454545454546,-1.4904545454545455,1728.0454545454545,0.6419717210403315,-0.758733466756901,L,0.3142857142857143,2026,Nick Dombkowski,MLB
694298,FC,11,87.54545454545455,10.287272727272727,2.869090909090909,6.127272727272728,6.068181818181818,-1.9281818181818182,2240.3636363636365,0.16024679932141106,-0.9813662897216734,L,0.15714285714285714,2026,Nick Dombkowski,MLB
694298,FF,37,90.95135135135135,16.55027027027027,-8.477837837837837,6.127027027027027,5.986216216216216,-1.6489189189189188,2128.675675675676,0.5272929712317804,-0.8331305797939819,L,0.5285714285714286,2026,Nick Dombkowski,MLB
694335,FC,171,92.00467836257309,5.984561403508772,2.0519298245614035,6.5625730994152045,5.536783625730994,-1.673391812865497,2288.7894736842104,-0.28082998964627415,-0.8967316933477053,R,0.21951219512195122,2026,Matt Svanson,MLB
694335,SI,354,96.28248587570621,7.70135593220339,-15.296949152542373,6.622881355932203,5.521497175141243,-1.6105649717514123,2263.3361581920904,-0.7170358029450955,-0.6938166345026757,R,0.4544287548138639,2026,Matt Svanson,MLB
694335,ST,254,86.58188976377953,2.131653543307087,10.701732283464565,6.402755905511811,5.6187007874015755,-1.6848818897637794,2233.6220472440946,0.9296171774038128,0.30904683275403816,R,0.32605905006418484,2026,Matt Svanson,MLB
694341,CU,19,76.36315789473684,-13.200000000000001,2.696842105263158,6.631578947368421,6.272105263157894,-2.4499999999999997,2154.9473684210525,0.3949788198017103,0.916474695915661,R,0.0778688524590164,2026,Brendan Beck,MLB
694341,FF,113,92.54070796460178,17.81946902654867,-6.624424778761061,6.527433628318584,6.199646017699115,-2.4813274336283184,2200.9823008849557,-0.351901324765222,-0.9326646281653665,R,0.46311475409836067,2026,Brendan Beck,MLB
694341,FS,23,82.66956521739131,4.685217391304348,-7.137391304347826,6.839130434782609,6.042608695652174,-2.643913043478261,815.1304347826087,-0.7179784114223178,-0.6891030475059438,R,0.0942622950819672,2026,Brendan Beck,MLB
694341,SI,16,92.77499999999999,15.3825,-12.51,6.625,6.19125,-2.441875,2114.5625,-0.3431123333971785,-0.9363809293522513,R,0.06557377049180328,2026,Brendan Beck,MLB
694341,SL,73,83.72465753424657,1.1917808219178083,0.9583561643835617,6.423287671232877,5.832191780821918,-2.9583561643835616,2327.4246575342468,0.7837346037204492,0.5708799913405065,R,0.29918032786885246,2026,Brendan Beck,MLB
694346,CU,98,84.14081632653061,-13.773061224489796,8.271428571428572,6.760204081632653,6.078979591836735,-2.3174489795918367,2426.112244897959,0.4973547746195664,0.8642268854403039,R,0.13783403656821377,2026,Trey Gibson,MLB
694346,FC,140,91.61428571428571,9.047142857142857,4.380857142857143,6.842142857142857,5.809785714285714,-2.6055714285714284,2380.7642857142855,0.034987964288395165,-0.9719412948907552,R,0.19690576652601968,2026,Trey Gibson,MLB
694346,FF,151,95.42317880794701,14.766357615894039,-8.966622516556292,6.870860927152318,5.937350993377483,-2.3819205298013246,2018.476821192053,-0.578973088252915,-0.8090685846316156,R,0.21237693389592124,2026,Trey Gibson,MLB
694346,SI,163,94.53374233128834,7.812515337423314,-15.353374233128834,6.868098159509202,5.710245398773006,-2.731533742331288,2000.0,-0.6761754620324748,-0.7330927327289424,R,0.22925457102672292,2026,Trey Gibson,MLB
694346,SL,147,87.80748299319728,-6.15265306122449,3.003265306122449,6.812925170068027,5.9635374149659865,-2.3589795918367344,2208.4285714285716,0.6192576663494511,0.7739521554502015,R,0.20675105485232068,2026,Trey Gibson,MLB
694346,ST,12,84.83333333333333,5.38,14.67,6.758333333333333,5.763333333333333,-2.6166666666666667,2621.1666666666665,0.9554144343303571,0.2605354661398096,R,0.016877637130801686,2026,Trey Gibson,MLB
694350,CH,10,86.76,8.004000000000001,-13.824000000000002,6.43,5.784000000000001,-1.337,2004.2,-0.8784627088509358,-0.4749879188696847,R,0.18518518518518517,2026,Zach Brzykcy,MLB
694350,FF,30,94.07333333333332,16.644,-6.076,6.556666666666667,5.890666666666666,-0.9369999999999999,2254.233333333333,-0.39292106141287964,-0.9182246619524537,R,0.5555555555555556,2026,Zach Brzykcy,MLB
694350,SL,14,87.07142857142857,-0.8657142857142858,1.1828571428571428,6.4,5.748571428571429,-1.3442857142857143,2569.285714285714,0.614413555021776,0.3414117415569534,R,0.25925925925925924,2026,Zach Brzykcy,MLB
694357,CH,12,85.68333333333334,2.48,-15.29,6.175,5.427499999999999,-3.0975,1934.6666666666667,0.957220050918948,-0.28356642237589796,L,0.09917355371900827,2026,Ricky Tiedemann,MLB
694357,FF,47,95.89574468085107,13.225531914893617,-9.94468085106383,6.272340425531915,5.813617021276596,-2.88063829787234,2291.0,0.7621266201924474,-0.5948902577963806,L,0.3884297520661157,2026,Ricky Tiedemann,MLB
694357,ST,62,82.0516129032258,4.2058064516129035,11.498709677419354,6.122580645161291,5.444838709677419,-3.113225806451613,2587.8548387096776,-0.9180092813905637,0.26563904067526944,L,0.512396694214876,2026,Ricky Tiedemann,MLB
694360,CH,14,91.11428571428571,-1.08,-14.425714285714287,6.114285714285714,5.333571428571429,-1.9164285714285714,1801.9285714285713,-0.9835723783729087,-0.1341207630449591,R,0.03508771929824561,2026,Beck Way,MLB
694360,FC,166,91.29518072289157,3.9657831325301207,2.82144578313253,6.349397590361446,5.5769879518072285,-1.7887951807228915,2474.6686746987953,-0.07331229783261142,-0.8840232032983667,R,0.41604010025062654,2026,Beck Way,MLB
694360,FF,58,97.41551724137932,9.64758620689655,-13.862068965517242,6.172413793103448,5.517241379310345,-1.9437931034482758,2083.9310344827586,-0.8786258386000803,-0.470629736393128,R,0.14536340852130325,2026,Beck Way,MLB
694360,SI,99,96.73232323232324,4.4799999999999995,-17.311515151515152,6.158585858585859,5.4640404040404045,-1.9466666666666665,2118.5757575757575,-0.8873912399474285,-0.4547136967466696,R,0.24812030075187969,2026,Beck Way,MLB
694360,ST,62,88.22258064516129,4.6006451612903225,10.271612903225806,6.346774193548387,5.601774193548387,-1.9340322580645162,2651.7096774193546,0.9332124841062331,0.1686046776891748,R,0.15538847117794485,2026,Beck Way,MLB
694361,CU,128,84.96015625,-13.26375,8.6840625,6.5171875,5.748828125,-1.373203125,2480.5078125,0.4146827840945436,0.9054924685443482,R,0.1614123581336696,2026,Will Klein,MLB
694361,FF,405,97.49012345679013,15.656296296296297,-9.21125925925926,6.859012345679012,5.575135802469135,-1.5267654320987656,2210.9555555555557,-0.5911051766050832,-0.8033318505283217,R,0.510718789407314,2026,Will Klein,MLB
694361,SL,39,91.1076923076923,5.233846153846154,1.929230769230769,6.671794871794871,5.453846153846153,-1.9712820512820513,2385.4615384615386,0.02919859774607234,-0.8244189593803711,R,0.04918032786885246,2026,Will Klein,MLB
694361,ST,221,88.55701357466063,-3.5473303167420815,13.001809954751131,6.6624434389140275,5.341900452488687,-2.0125339366515838,2516.3529411764707,0.6686674072238726,0.7291549654700834,R,0.2786885245901639,2026,Will Klein,MLB
694363,CH,34,84.90588235294118,3.028235294117647,-13.683529411764706,6.767647058823529,5.5114705882352935,-1.4823529411764707,1792.1470588235295,0.795737621034042,-0.6009041173496166,L,0.20481927710843373,2026,Jared Shuster,MLB
694363,FC,28,88.60357142857143,9.531428571428572,-0.42000000000000004,6.6499999999999995,5.491785714285714,-1.5039285714285715,2319.5,0.5428676757244217,-0.8322853290621455,L,0.1686746987951807,2026,Jared Shuster,MLB
694363,FF,49,93.43469387755103,13.976326530612246,-9.560816326530613,6.659183673469388,5.423265306122449,-1.5740816326530611,2144.8571428571427,0.6887773716140033,-0.7219165248101603,L,0.29518072289156627,2026,Jared Shuster,MLB
694363,SI,21,91.9952380952381,9.777142857142858,-13.702857142857143,6.714285714285714,5.529047619047619,-1.3528571428571428,2091.0,0.6486862130585068,-0.7576142760173306,L,0.12650602409638553,2026,Jared Shuster,MLB
694363,SL,34,84.47941176470589,-0.388235294117647,1.9235294117647062,6.732352941176471,5.504411764705883,-1.52,2285.176470588235,-0.6694486902990036,0.40436193987164004,L,0.20481927710843373,2026,Jared Shuster,MLB
694370,CU,13,81.14615384615385,-8.252307692307692,10.772307692307692,6.06923076923077,5.723076923076923,-2.3946153846153844,2887.6153846153848,0.7572207997179755,0.644297473096562,R,0.18309859154929578,2026,Levi Wells,MLB
694370,FC,14,91.82857142857142,14.562857142857142,-0.8314285714285715,6.2,5.689285714285715,-2.322857142857143,2394.785714285714,-0.3516731538437747,-0.9202841081132382,R,0.19718309859154928,2026,Levi Wells,MLB
694370,FF,26,96.05384615384615,16.776923076923076,-10.915384615384616,6.15,5.855384615384616,-2.076923076923077,2423.923076923077,-0.6273761731999006,-0.7747771166220294,R,0.36619718309859156,2026,Levi Wells,MLB
694370,SL,18,83.61111111111111,2.52,13.04,6.061111111111111,5.658888888888889,-2.4155555555555552,2664.277777777778,0.7646341652309157,0.33767820740106314,R,0.2535211267605634,2026,Levi Wells,MLB
694397,CH,17,89.11176470588236,2.7741176470588234,-12.825882352941177,6.347058823529412,5.56,-0.9629411764705883,1837.1176470588234,-0.7367596825795982,-0.6730245971561374,R,0.1717171717171717,2026,Marco Raya,MLB
694397,CU,10,84.47,-9.18,4.5600000000000005,6.36,5.79,-0.631,2787.6,0.7419013388548827,0.6522478595210539,R,0.10101010101010101,2026,Marco Raya,MLB
694397,FF,45,94.58444444444444,13.944,-3.52,6.366666666666666,5.731333333333334,-0.7093333333333334,2246.6222222222223,-0.43408230314235957,-0.8979777968461273,R,0.45454545454545453,2026,Marco Raya,MLB
694397,ST,27,84.37407407407407,-2.413333333333333,13.879999999999999,6.262962962962963,5.503333333333334,-0.9370370370370371,2782.740740740741,0.78963537268237,0.6036289562081681,R,0.2727272727272727,2026,Marco Raya,MLB
694462,CU,26,80.91538461538462,-11.529230769230768,7.079999999999999,6.269230769230769,6.132692307692308,-0.8638461538461539,2158.730769230769,0.47747877219115914,0.8752190073607865,R,0.12093023255813953,2026,Hurston Waldrep,MLB
694462,FC,34,91.28823529411765,8.62235294117647,0.6035294117647059,6.323529411764706,6.118235294117647,-0.9367647058823529,2260.8529411764707,-0.35696542323947017,-0.9254888348171687,R,0.15813953488372093,2026,Hurston Waldrep,MLB
694462,FS,41,84.05853658536586,0.5590243902439025,-4.068292682926829,6.3999999999999995,6.087560975609756,-0.828780487804878,788.9512195121952,-0.8838033423413258,-0.3676264820115258,R,0.19069767441860466,2026,Hurston Waldrep,MLB
694462,SI,83,94.23975903614458,10.142168674698794,-12.721445783132532,6.36987951807229,6.1486746987951815,-0.7698795180722892,2136.2289156626507,-0.5226345320487207,-0.8498507368869569,R,0.386046511627907,2026,Hurston Waldrep,MLB
694462,SL,31,85.20967741935483,0.5612903225806452,2.353548387096774,6.364516129032259,6.022258064516129,-0.9490322580645162,2251.2580645161293,0.6733281736500483,-0.527219663067424,R,0.14418604651162792,2026,Hurston Waldrep,MLB
694477,CH,22,90.01818181818182,6.441818181818181,-12.54,6.027272727272727,5.45,-1.079090909090909,2065.9545454545455,-0.6971692852651639,-0.6815388656804626,R,0.012107870115575124,2026,Chad Patrick,MLB
694477,FC,765,89.89398692810457,12.016313725490196,2.6861176470588237,6.088627450980392,5.364470588235294,-1.295437908496732,2467.3503267973856,0.5352116272623395,-0.7682069532071487,R,0.42102366538249864,2026,Chad Patrick,MLB
694477,FF,448,95.57544642857144,15.257410714285713,-7.293214285714286,6.056026785714286,5.564709821428571,-0.9793526785714286,2337.191964285714,-0.5917051407629261,-0.8018595248445826,R,0.24656026417171162,2026,Chad Patrick,MLB
694477,SI,426,95.52981220657276,8.84225352112676,-15.172394366197182,6.07206572769953,5.540915492957746,-0.9506103286384976,2151.3990610328638,-0.5981513441228037,-0.7881343870989689,R,0.2344523940561365,2026,Chad Patrick,MLB
694477,SV,156,86.02051282051282,-2.7653846153846158,4.820769230769231,6.0807692307692305,5.520384615384615,-1.1199999999999999,2423.275641025641,0.9551551769308778,0.17449627514065405,R,0.08585580627407816,2026,Chad Patrick,MLB
694494,FF,87,93.21149425287356,17.590344827586208,-10.313103448275863,6.639080459770115,5.395632183908046,-1.953103448275862,2650.080459770115,-0.6679903631779516,-0.74096467774527,R,0.5403726708074534,2026,Ty Johnson,MLB
694494,SL,74,85.36621621621622,3.4005405405405407,2.9886486486486485,6.654054054054054,5.622432432432433,-1.9062162162162162,2520.027027027027,0.19730718290761695,-0.8600306943392142,R,0.45962732919254656,2026,Ty Johnson,MLB
694536,FF,17,96.65882352941176,14.181176470588236,-13.687058823529412,6.394117647058824,5.372941176470588,-1.698235294117647,2335.764705882353,-0.7668113617973857,-0.6407589987401988,R,1.0,2026,Trent Baker,MLB
694646,FC,60,89.40333333333334,6.026,4.41,6.616666666666666,5.656833333333334,-1.8578333333333332,2562.7166666666667,0.21051783343882102,-0.888064172070708,R,0.40540540540540543,2026,Chayce McDermott,MLB
694646,FF,64,95.253125,17.608125,-5.60625,6.6890625,5.73390625,-1.699375,2235.9375,-0.4060289214702621,-0.9119603688790668,R,0.43243243243243246,2026,Chayce McDermott,MLB
694646,SL,24,82.90833333333333,-4.82,5.3,6.575,5.677499999999999,-1.8304166666666666,2706.8333333333335,0.7446965776064701,0.5946606486751077,R,0.16216216216216217,2026,Chayce McDermott,MLB
694680,CU,17,80.04117647058824,-4.990588235294118,15.63529411764706,6.735294117647059,5.34,-1.954705882352941,2167.235294117647,0.837220763360252,0.5413946436602709,R,0.06415094339622641,2026,Trevor Martin,MLB
694680,FC,59,88.88813559322033,5.727457627118644,3.687457627118644,6.735593220338982,5.438474576271187,-1.9101694915254237,2067.0169491525426,0.14250864801154586,-0.9465030548411177,R,0.22264150943396227,2026,Trevor Martin,MLB
694680,FF,123,94.9219512195122,15.652682926829268,-9.57658536585366,6.7560975609756095,5.454959349593496,-1.8095121951219513,2257.8211382113823,-0.6566654993931907,-0.7483793718910879,R,0.4641509433962264,2026,Trevor Martin,MLB
694680,FS,52,86.76346153846154,-0.3738461538461539,-12.823846153846155,6.736538461538462,5.513461538461538,-1.7846153846153845,1028.076923076923,-0.9941880779858766,-0.02040398569466201,R,0.19622641509433963,2026,Trevor Martin,MLB
694680,SI,14,94.0,9.034285714285714,-16.62857142857143,6.714285714285714,5.481428571428571,-1.7264285714285716,2188.285714285714,-0.7150923280934673,-0.6866081116254564,R,0.052830188679245285,2026,Trevor Martin,MLB
694738,CH,552,87.0893115942029,-2.5928260869565216,-14.996304347826085,6.249275362318841,5.138768115942029,-1.6421195652173914,1858.498188405797,-0.9860876180122272,-0.14313580517626462,R,0.20353982300884957,2026,Landen Roupp,MLB
694738,CU,693,76.72279942279943,-8.375411255411255,19.001731601731603,6.071117561683599,5.498932178932179,-1.4861904761904763,3078.99854862119,0.8210619578410813,0.5674332837863372,R,0.2555309734513274,2026,Landen Roupp,MLB
694738,FC,381,89.26509186351706,5.959370078740157,2.659527559055118,6.257217847769029,5.332677165354331,-1.3946719160104988,2328.3989501312335,-0.02536272646627434,-0.8895973363830428,R,0.1404867256637168,2026,Landen Roupp,MLB
694738,FF,156,92.85641025641026,10.71923076923077,-10.463846153846154,6.424358974358975,5.294102564102564,-1.2148717948717949,2151.397435897436,-0.8081459103449621,-0.5742648843033985,R,0.05752212389380531,2026,Landen Roupp,MLB
694738,SI,930,93.38182795698926,2.8073548387096774,-17.080645161290324,6.4332611050920905,5.195451612903226,-1.3163333333333334,2063.0054288816505,-0.8662441596531832,-0.4883153173073231,R,0.34292035398230086,2026,Landen Roupp,MLB
694753,CH,62,85.82741935483871,9.390967741935484,-17.009032258064515,6.724193548387096,5.7212903225806455,-1.4383870967741936,2532.983870967742,-0.86242782262693,-0.4963115591599726,R,0.17765042979942694,2026,Khristian Curtis,MLB
694753,CU,15,77.24666666666667,-15.672,7.536,6.666666666666667,5.957333333333334,-1.312,2660.866666666667,0.41192390162681025,0.9079068393379991,R,0.04297994269340974,2026,Khristian Curtis,MLB
694753,FC,112,91.68571428571428,8.681785714285715,3.9032142857142857,6.75,5.857946428571429,-1.3155357142857143,2559.098214285714,-0.04786827738928274,-0.9703308458534249,R,0.3209169054441261,2026,Khristian Curtis,MLB
694753,FF,121,95.35619834710744,17.844297520661154,-7.766280991735537,6.8123966942148755,5.8728925619834715,-1.1472727272727272,2401.3884297520663,-0.4726188322584754,-0.879063687677802,R,0.3467048710601719,2026,Khristian Curtis,MLB
694753,SL,39,85.5,-0.6799999999999999,5.018461538461539,6.743589743589744,5.915128205128205,-1.1433333333333333,2714.4358974358975,0.8368823686373554,0.054218967670497026,R,0.11174785100286533,2026,Khristian Curtis,MLB
694795,CU,48,85.91250000000001,-5.73,8.422500000000001,6.7375,5.23125,-3.3666666666666667,2707.875,0.9139505650086552,0.35520457590701127,R,0.08304498269896193,2026,Josh Ekness,MLB
694795,FF,303,98.02640264026402,14.639603960396041,-7.422574257425742,6.751485148514852,5.249339933993399,-3.346105610561056,2526.4917491749175,-0.6998954462481597,-0.7096741773754226,R,0.5242214532871973,2026,Josh Ekness,MLB
694795,SI,73,98.47397260273974,2.9802739726027396,-14.289863013698632,6.708219178082191,5.068493150684931,-3.4973972602739725,2312.054794520548,-0.7516980220944774,-0.654670377002628,R,0.12629757785467127,2026,Josh Ekness,MLB
694795,ST,154,85.3961038961039,4.613766233766234,15.282077922077923,6.667532467532467,5.062142857142858,-3.577792207792208,2626.8376623376626,0.9251682367311916,0.36064036009624734,R,0.2664359861591695,2026,Josh Ekness,MLB
694819,CH,35,92.45428571428572,4.8754285714285714,-15.624,7.371428571428571,5.289428571428571,-1.8094285714285714,2054.4857142857145,-0.9226755123042244,-0.3792200591537827,R,0.01242015613910575,2026,Jacob Misiorowski,MLB
694819,CU,296,87.91587837837838,-7.923648648648649,5.656216216216216,7.259797297297298,5.384155405405406,-1.7815202702702704,2222.6554054054054,0.6969856396374356,0.7089371887975355,R,0.1050390347764372,2026,Jacob Misiorowski,MLB
694819,FC,380,95.81552631578948,7.210421052631579,1.418842105263158,7.563947368421053,5.034894736842105,-2.019263157894737,2576.6,-0.2587242597952313,-0.9251070961144571,R,0.13484740951029098,2026,Jacob Misiorowski,MLB
694819,FF,1788,100.53791946308723,15.286778523489932,-11.225167785234898,7.551621923937359,5.2215939597315435,-1.8947259507829977,2630.243288590604,-0.6674758340135094,-0.7413006491911449,R,0.6344925479063165,2026,Jacob Misiorowski,MLB
694819,SL,319,91.86238244514107,1.8199373040752354,3.4318495297805645,7.4661442006269585,5.093260188087775,-1.9835736677115987,2528.23197492163,0.47279477595598146,-0.3102412031684798,R,0.11320085166784954,2026,Jacob Misiorowski,MLB
694820,FF,21,94.4,12.297142857142857,-4.388571428571429,6.819047619047619,5.3500000000000005,-3.360952380952381,2434.2380952380954,-0.560176072517516,-0.8201767172021397,R,0.20192307692307693,2026,Braxton Roxby,MLB
694820,SI,15,92.61999999999999,7.4399999999999995,-13.639999999999999,6.993333333333334,5.064666666666667,-3.6406666666666667,2300.733333333333,-0.7593607441827654,-0.6463348196395764,R,0.14423076923076922,2026,Braxton Roxby,MLB
694820,SL,30,87.7,3.464,3.824,6.876666666666667,5.057666666666666,-3.716333333333333,2614.3,0.7671351999074794,-0.48651837998268277,R,0.28846153846153844,2026,Braxton Roxby,MLB
694820,ST,38,81.3921052631579,2.8926315789473684,16.44,6.939473684210526,5.007105263157895,-3.7381578947368426,2716.7105263157896,0.9483287777184015,0.30763516989313244,R,0.36538461538461536,2026,Braxton Roxby,MLB
694851,CH,69,87.40579710144928,1.316521739130435,-8.587826086956522,6.594202898550725,5.99536231884058,-0.6097101449275363,883.072463768116,-0.9376794867085125,-0.3143930644207529,R,0.2827868852459016,2026,Andrew Hoffmann,MLB
694851,FF,124,94.5,15.501290322580646,-5.384516129032257,6.562096774193549,6.0062096774193545,-0.5829032258064516,2276.1129032258063,-0.4446026512692358,-0.8879983665834565,R,0.5081967213114754,2026,Andrew Hoffmann,MLB
694851,SL,51,86.11372549019609,1.8023529411764707,4.461176470588235,6.596078431372549,5.9890196078431375,-0.6135294117647059,2325.6666666666665,0.7344561059239706,-0.46967679620180486,R,0.20901639344262296,2026,Andrew Hoffmann,MLB
694918,CH,42,83.36666666666667,5.705714285714286,-11.357142857142858,6.588095238095238,5.939285714285714,-1.7188095238095238,1587.357142857143,-0.9155875648609414,-0.3697464589436485,R,0.043795620437956206,2026,Blade Tidwell,MLB
694918,CU,38,83.42631578947368,-8.857894736842105,4.08,6.4868421052631575,6.019736842105263,-1.733421052631579,2445.8947368421054,0.61386013777681,0.777240834080191,R,0.03962460896767466,2026,Blade Tidwell,MLB
694918,FF,321,95.12866043613707,16.57570093457944,-7.405233644859813,6.538317757009346,6.142866043613707,-1.6780996884735202,2211.080996884735,-0.5592475808051138,-0.8246124909570796,R,0.3347236704900938,2026,Blade Tidwell,MLB
694918,SI,167,93.13652694610778,10.003832335329342,-15.715688622754492,6.54431137724551,5.915868263473054,-1.7438922155688623,2088.4610778443116,-0.6552429835999911,-0.7493632574647818,R,0.17413972888425444,2026,Blade Tidwell,MLB
694918,SL,87,87.99655172413793,3.7131034482758625,4.228965517241379,6.479310344827587,6.1194252873563215,-1.7502298850574713,2416.770114942529,0.45603905486805973,-0.6438762902285693,R,0.09071949947862357,2026,Blade Tidwell,MLB
694918,ST,304,82.4828947368421,5.458421052631579,13.762894736842105,6.468421052631579,5.877006578947368,-1.926578947368421,2868.9111842105262,0.9511263121737917,0.23289721499549015,R,0.3169968717413973,2026,Blade Tidwell,MLB
694973,CH,363,88.66143250688705,6.532561983471075,-15.461818181818183,6.714088397790055,5.550440771349862,-2.524077134986226,1823.5922865013774,-0.9795846148913525,-0.18796706791758722,R,0.12284263959390863,2026,Paul Skenes,MLB
694973,CU,16,81.24375,-7.4025,10.5975,6.51875,5.56,-2.81625,2442.5,0.877870360225028,0.46930427341574366,R,0.0054145516074450084,2026,Paul Skenes,MLB
694973,FF,1204,96.78446843853821,13.026976744186046,-12.540598006644517,6.7682460515378216,5.623446843853821,-2.3788372093023256,2176.817275747508,-0.7950443652842663,-0.6022808353453919,R,0.4074450084602369,2026,Paul Skenes,MLB
694973,FS,293,93.20204778156997,1.721774744027304,-13.272491467576792,6.743686006825939,5.620443686006825,-2.4626621160409554,1638.1194539249148,-0.9112183639889423,-0.4071724168725565,R,0.09915397631133671,2026,Paul Skenes,MLB
694973,SI,360,96.55805555555555,7.326999999999999,-17.053,6.727932960893854,5.593388888888889,-2.579111111111111,2156.4944444444445,-0.8229912952497496,-0.5599881194088917,R,0.1218274111675127,2026,Paul Skenes,MLB
694973,SL,249,86.66305220883534,1.868433734939759,3.2978313253012046,6.77429718875502,5.570361445783132,-2.426425702811245,2316.586345381526,0.7608220516945624,-0.4043339650788028,R,0.08426395939086294,2026,Paul Skenes,MLB
694973,ST,470,84.2540425531915,5.676765957446809,10.197702127659575,6.717234042553192,5.532936170212766,-2.519148936170213,2333.3468085106383,0.9724497487865725,0.08289477767601278,R,0.15905245346869712,2026,Paul Skenes,MLB
695001,FF,18,95.53888888888889,9.466666666666667,-6.72,6.194444444444445,5.7588888888888885,-0.7205555555555556,2118.777777777778,-0.7190292230308258,-0.6834867696435841,R,0.07563025210084033,2026,Alimber Santa,MLB
695001,SI,56,93.85178571428571,4.090714285714286,-13.750714285714285,6.232142857142857,5.517321428571429,-0.9205357142857142,1937.1785714285713,-0.828624432213082,-0.5540300269205726,R,0.23529411764705882,2026,Alimber Santa,MLB
695001,SL,74,87.44189189189188,2.5362162162162165,4.313513513513513,6.154054054054054,5.6812162162162165,-0.8548648648648648,2326.5405405405404,0.48602291151431565,-0.7133097711742625,R,0.31092436974789917,2026,Alimber Santa,MLB
695001,ST,90,82.65,2.509333333333333,16.892,6.1,5.492444444444445,-1.0456666666666667,2785.711111111111,0.9537683012736617,0.2665840473708384,R,0.37815126050420167,2026,Alimber Santa,MLB
695034,CH,42,88.32380952380952,0.6371428571428571,-16.880000000000003,6.347619047619048,5.109523809523809,-2.385952380952381,1739.404761904762,-0.9371580841128258,-0.34109040919424033,R,0.13043478260869565,2026,Kade Morris,MLB
695034,CU,17,76.84117647058824,-12.24705882352941,15.734117647058824,6.158823529411765,5.59235294117647,-2.0682352941176467,2608.3529411764707,0.7429822532548809,0.6675851232295029,R,0.052795031055900624,2026,Kade Morris,MLB
695034,FF,59,94.54745762711865,13.690169491525424,-12.467796610169492,6.176271186440678,5.4289830508474575,-2.1864406779661016,2301.7796610169494,-0.7711103226882147,-0.6327595223257665,R,0.18322981366459629,2026,Kade Morris,MLB
695034,SI,121,93.55123966942149,3.744793388429752,-16.633388429752067,6.205785123966942,5.140330578512397,-2.3952066115702477,2055.9834710743803,-0.8543240220995347,-0.515836905331424,R,0.37577639751552794,2026,Kade Morris,MLB
695034,SL,53,88.28113207547169,5.431698113207547,1.6347169811320754,6.183018867924528,5.200943396226415,-2.387358490566038,2138.2830188679245,-0.45642842774586956,-0.8387154695073344,R,0.16459627329192547,2026,Kade Morris,MLB
695034,ST,30,81.54333333333334,3.42,13.34,6.0600000000000005,5.160333333333333,-2.4526666666666666,2492.5666666666666,0.9304174338164015,0.3358149981118007,R,0.09316770186335403,2026,Kade Morris,MLB
695049,CH,47,81.37234042553192,12.651063829787235,-13.151489361702128,6.3744680851063835,5.816595744680851,-1.588723404255319,1885.787234042553,-0.653511743137829,-0.7551817904666123,R,0.22815533980582525,2026,Brett Kerry,MLB
695049,FF,101,91.62079207920793,17.253861386138613,-6.3481188118811875,6.482178217821783,5.958811881188119,-1.3914851485148514,2175.2574257425745,-0.42362029349422825,-0.9043770344216351,R,0.49029126213592233,2026,Brett Kerry,MLB
695049,SL,58,85.75689655172413,0.7117241379310345,0.6889655172413793,6.455172413793103,5.955,-1.4405172413793104,1949.4310344827586,0.2870471687735442,0.4879320445713894,R,0.2815533980582524,2026,Brett Kerry,MLB
695076,CH,472,86.53580508474576,0.413135593220339,-17.408389830508476,6.183014861995753,5.422288135593221,-2.59739406779661,1937.4300847457628,-0.971981908577725,-0.22671228637711094,R,0.20136518771331058,2026,Rhett Lowder,MLB
695076,CU,67,80.75522388059701,-12.505074626865673,11.405373134328357,5.943283582089552,5.909701492537313,-2.1286567164179107,3085.686567164179,0.7103809701216947,0.6986269743163552,R,0.02858361774744027,2026,Rhett Lowder,MLB
695076,FF,472,93.69872881355933,13.386355932203388,-10.385084745762713,6.14692144373673,5.7655932203389835,-2.3072033898305087,2269.0699152542375,-0.7268089278305205,-0.683296756733884,R,0.20136518771331058,2026,Rhett Lowder,MLB
695076,SI,714,93.17773109243697,6.6939495798319335,-17.068067226890758,6.220646067415731,5.448389355742297,-2.500280112044818,2265.0994397759105,-0.8269550215997847,-0.5573808197004946,R,0.3046075085324232,2026,Rhett Lowder,MLB
695076,SL,619,85.15266558966074,-1.1811954765751211,2.378481421647819,6.0634146341463415,5.640016155088853,-2.429935379644588,2790.9660743134086,0.6319079955860879,0.6627254867030663,R,0.2640784982935154,2026,Rhett Lowder,MLB
695239,CH,102,86.65098039215685,7.068235294117647,-10.531764705882352,6.37156862745098,6.0864705882352945,-2.3201960784313727,1324.0980392156862,0.5823608469850615,-0.805009570607782,L,0.1574074074074074,2026,Robby Ahlstrom,MLB
695239,CU,24,80.97916666666667,-4.115,5.29,6.266666666666667,6.265833333333333,-2.0366666666666666,2598.9166666666665,-0.6367995955751399,0.7512925348512945,L,0.037037037037037035,2026,Robby Ahlstrom,MLB
695239,FF,211,94.39857819905212,17.35905213270142,-5.5939336492891,6.337440758293839,6.263886255924171,-2.0007582938388624,2181.8815165876777,0.46846557741760053,-0.8797886344226513,L,0.3256172839506173,2026,Robby Ahlstrom,MLB
695239,SI,144,94.40069444444445,12.730833333333333,-14.193333333333333,6.35,6.082361111111111,-2.344375,2093.597222222222,0.5596184854333831,-0.8218716953067268,L,0.2222222222222222,2026,Robby Ahlstrom,MLB
695239,SL,167,85.87125748502994,4.470898203592815,2.28,6.364670658682635,6.011497005988024,-2.5390419161676645,2335.437125748503,-0.48686007289546257,-0.7023895759495052,L,0.25771604938271603,2026,Robby Ahlstrom,MLB
695243,CH,23,96.5,3.386086956521739,-14.838260869565216,6.639130434782608,6.061304347826087,-1.7730434782608697,2157.217391304348,-0.7751892616958043,-0.6215492476667065,R,0.018775510204081632,2026,Mason Miller,MLB
695243,FF,596,101.46543624161075,16.33711409395973,-5.91986577181208,6.763758389261745,6.287080536912751,-1.4048657718120805,2503.281879194631,-0.3851646107006735,-0.9182811167268851,R,0.48653061224489796,2026,Mason Miller,MLB
695243,SL,606,88.07194719471947,-4.117821782178218,10.020792079207922,6.777392739273928,6.1546699669967,-1.5023267326732672,2410.582508250825,0.6117952758209717,0.7782811527329014,R,0.4946938775510204,2026,Mason Miller,MLB
695378,CH,11,88.11818181818181,0.49090909090909096,-17.85818181818182,6.581818181818182,5.1000000000000005,-2.1572727272727272,2107.090909090909,-0.9891359584526014,-0.10886699915620102,R,0.0582010582010582,2026,Jack Sinclair,MLB
695378,FF,58,96.97586206896553,9.68689655172414,-15.264827586206897,6.55,5.236034482758621,-2.3218965517241377,2119.793103448276,-0.8996085043100048,-0.4334328999596675,R,0.30687830687830686,2026,Jack Sinclair,MLB
695378,SI,22,95.96818181818183,3.9981818181818185,-19.232727272727274,6.640909090909091,5.157272727272727,-2.859090909090909,2042.5,-0.9123518754770498,-0.4053532431872846,R,0.1164021164021164,2026,Jack Sinclair,MLB
695378,SL,21,88.84761904761905,6.0,2.3485714285714288,6.409523809523809,5.316666666666667,-2.3195238095238095,2561.3809523809523,-0.04407169399305836,-0.8774166556627763,R,0.1111111111111111,2026,Jack Sinclair,MLB
695378,ST,77,83.43636363636364,4.139220779220779,13.789090909090909,6.4363636363636365,5.2475324675324675,-2.837532467532468,2543.8311688311687,0.9543370383913976,0.2565735630138434,R,0.4074074074074074,2026,Jack Sinclair,MLB
695380,FF,278,98.38165467625899,14.73841726618705,-2.938705035971223,6.401459854014599,5.757482014388489,-1.1641726618705035,2288.394160583942,-0.43128598298001314,-0.8966870726738093,R,0.383448275862069,2026,Alex Hoppe,MLB
695380,SI,178,98.39662921348314,9.388314606741572,-14.20988764044944,6.363483146067416,5.649269662921348,-1.347696629213483,2142.4606741573034,-0.5484097151013643,-0.8231101818330182,R,0.24551724137931036,2026,Alex Hoppe,MLB
695380,SL,269,88.65130111524164,-3.221263940520446,4.010855018587361,6.472862453531599,5.704349442379182,-1.1379553903345725,2351.0111524163567,0.9267449381214033,0.2956174770631797,R,0.37103448275862067,2026,Alex Hoppe,MLB
695402,FF,10,96.99,16.368000000000002,-8.616,6.779999999999999,6.318,-1.046,2117.6,-0.5124899365237844,-0.8562666008762501,R,1.0,2026,Najer Victor,MLB
695418,CH,70,86.16428571428571,2.868,-16.402285714285714,5.368571428571428,5.256285714285714,-2.6438571428571427,1963.7857142857142,-0.9895870798611183,-0.12297623203016497,R,0.04691689008042895,2026,Brad Lord,MLB
695418,FF,550,94.60345454545455,10.32458181818182,-15.812072727272726,5.407481751824818,5.417,-2.470090909090909,2450.1368613138684,-0.9068840378429973,-0.4145195015307143,R,0.36863270777479895,2026,Brad Lord,MLB
695418,SI,375,94.34773333333334,3.52736,-18.85536,5.42807486631016,5.30328,-2.5377866666666664,2332.711229946524,-0.9402118833982686,-0.3361583181767606,R,0.25134048257372654,2026,Brad Lord,MLB
695418,SL,285,85.25824561403508,-1.866105263157895,1.6905263157894737,5.247017543859649,5.4058947368421055,-2.5844912280701755,2568.2,0.6456561247148422,0.502622027538648,R,0.19101876675603216,2026,Brad Lord,MLB
695418,ST,212,83.48867924528301,0.27226415094339623,10.339811320754716,5.218009478672986,5.270801886792453,-2.6293396226415093,2695.1990521327016,0.7918323885942554,0.5776920450157375,R,0.14209115281501342,2026,Brad Lord,MLB
695445,CH,14,85.02142857142857,-4.748571428571429,-14.151428571428571,6.042857142857143,4.093571428571429,-2.7692857142857146,1644.857142857143,-0.9970112655696867,0.008722397977890041,R,0.08484848484848485,2026,Chase Lee,MLB
695445,FF,28,90.18571428571428,6.4799999999999995,-7.178571428571429,6.110714285714286,3.914285714285714,-2.804642857142857,2428.5714285714284,-0.9909054568069292,-0.06542202429979174,R,0.1696969696969697,2026,Chase Lee,MLB
695445,SI,59,89.81186440677965,-1.8203389830508476,-10.291525423728814,5.998305084745763,3.900508474576271,-2.789491525423729,2337.728813559322,-0.9955913805353045,-0.032122151519289786,R,0.3575757575757576,2026,Chase Lee,MLB
695445,ST,64,80.89375,6.30375,16.91625,5.840625,3.8534375,-2.81859375,2953.359375,0.9887689247445627,0.12127426374079278,R,0.3878787878787879,2026,Chase Lee,MLB
695505,CH,137,90.19635036496351,10.267445255474453,-14.789781021897811,6.232116788321168,6.395109489051094,-1.5433576642335767,1826.5912408759125,-0.6737131961678978,-0.7337019753058811,R,0.05199240986717268,2026,Chase Burns,MLB
695505,FF,1462,97.65554035567715,18.549274965800276,-3.3981668946648425,6.348079561042524,6.561183310533516,-1.2662790697674418,2628.5656634746924,-0.30065064816345916,-0.9505762681113921,R,0.5548387096774193,2026,Chase Burns,MLB
695505,SI,12,97.08333333333333,13.730000000000002,-11.06,6.183333333333334,6.661666666666666,-1.2025,2519.8333333333335,-0.3862529354600786,-0.921096471242472,R,0.004554079696394687,2026,Chase Burns,MLB
695505,SL,1024,90.2474609375,0.445078125,3.2087109375,6.294921875,6.45611328125,-1.49353515625,2770.65234375,0.7391985767401996,-0.37213951560164266,R,0.3886148007590133,2026,Chase Burns,MLB
695534,CH,110,87.38454545454545,0.7472727272727273,-15.100363636363635,6.470000000000001,5.1979999999999995,-1.7332727272727273,1665.8,-0.9600250981608055,-0.2602158157706471,R,0.23060796645702306,2026,Chase Petty,MLB
695534,FF,71,96.88028169014085,13.36225352112676,-14.650140845070423,6.409859154929578,5.415070422535211,-1.7959154929577466,2318.5915492957747,-0.78719487209011,-0.6128456175984692,R,0.1488469601677149,2026,Chase Petty,MLB
695534,SI,164,96.24024390243902,10.76121951219512,-15.397317073170731,6.378048780487805,5.331768292682927,-1.8196341463414636,2106.2134146341464,-0.8435115271360585,-0.5328409527492314,R,0.3438155136268344,2026,Chase Petty,MLB
695534,SL,45,89.17777777777778,3.3733333333333335,1.6026666666666667,6.506666666666667,5.415777777777778,-1.779111111111111,2198.0444444444443,0.23773999936468057,-0.6249021155129612,R,0.09433962264150944,2026,Chase Petty,MLB
695534,ST,87,83.183908045977,2.6317241379310348,12.575172413793103,6.345977011494253,5.286896551724138,-1.7793103448275864,2292.770114942529,0.926564808702872,0.3050079158688979,R,0.18238993710691823,2026,Chase Petty,MLB
695549,CH,79,86.21265822784811,6.975189873417721,-15.554430379746835,6.2025316455696204,5.635822784810127,-1.82873417721519,1821.886075949367,-0.9155042875872452,-0.39239687981799526,R,0.10246433203631647,2026,Jackson Jobe,MLB
695549,CU,75,85.988,-9.184,4.6128,6.109333333333333,5.778533333333333,-1.7077333333333335,2706.266666666667,0.6719316180529753,0.7300806099996195,R,0.09727626459143969,2026,Jackson Jobe,MLB
695549,FC,12,93.72500000000001,10.28,1.9000000000000001,6.0,5.69,-2.0191666666666666,2609.3333333333335,-0.23328241515243908,-0.9654691686748326,R,0.01556420233463035,2026,Jackson Jobe,MLB
695549,FF,241,97.57219917012449,16.291120331950207,-7.284149377593361,6.130705394190872,5.769502074688797,-1.77850622406639,2427.4398340248963,-0.5703656580759564,-0.8178574031240254,R,0.3125810635538262,2026,Jackson Jobe,MLB
695549,KC,21,81.13809523809525,-14.479999999999999,11.011428571428572,6.061904761904762,5.743333333333333,-1.6304761904761906,2857.6190476190477,0.6372618573288049,0.7685141987825042,R,0.027237354085603113,2026,Jackson Jobe,MLB
695549,SI,143,95.83076923076922,7.257902097902097,-14.921118881118879,6.094405594405594,5.674265734265734,-1.8845454545454545,2412.9300699300697,-0.6364755098286599,-0.7681729049636321,R,0.185473411154345,2026,Jackson Jobe,MLB
695549,SL,200,89.4325,0.6138,6.2406,6.056,5.6722,-1.8967500000000002,2750.89,0.7969983340655835,-0.3282300210364893,R,0.2594033722438392,2026,Jackson Jobe,MLB
695611,CH,164,87.56524390243902,7.29,-12.259756097560976,6.503048780487805,5.412378048780488,-2.0637195121951217,1404.0182926829268,0.7488951435679094,-0.649040035699653,L,0.09339407744874716,2026,Gage Jump,MLB
695611,CU,187,82.29358288770054,-11.829304812834224,7.794224598930481,6.389304812834224,5.663957219251337,-1.840374331550802,2621.1497326203207,-0.6515435539052514,0.752104255500854,L,0.10649202733485194,2026,Gage Jump,MLB
695611,FF,812,96.26342364532019,16.501330049261085,-8.216600985221675,6.460591133004926,5.5556403940886705,-1.8642610837438423,2364.3165024630543,0.5045441863969687,-0.8609854303200635,L,0.4624145785876993,2026,Gage Jump,MLB
695611,SI,93,95.04086021505375,13.055483870967743,-13.336774193548386,6.4,5.458387096774193,-1.970752688172043,2276.6989247311826,0.5385566720339405,-0.8399345192950993,L,0.05296127562642369,2026,Gage Jump,MLB
695611,SL,398,87.15276381909548,1.82321608040201,5.050552763819096,6.3728643216080405,5.589296482412061,-1.9372613065326632,2338.211055276382,-0.7483263570555339,-0.5248465302603103,L,0.2266514806378132,2026,Gage Jump,MLB
695611,ST,102,83.8,3.0105882352941173,13.867058823529412,6.340196078431373,5.567352941176471,-2.0381372549019607,2530.3137254901962,-0.9239864980787692,0.23706891952114606,L,0.05808656036446469,2026,Gage Jump,MLB
695684,CH,39,87.95128205128205,2.753846153846154,-10.390769230769232,6.689743589743589,5.581794871794871,-2.6923076923076925,1322.1025641025642,-0.8970821416739182,-0.3228448214116554,R,0.07862903225806452,2026,Elmer Rodríguez,MLB
695684,CU,72,78.20416666666667,-10.928333333333335,12.74,6.520833333333333,5.950277777777778,-2.347361111111111,2343.8194444444443,0.7250023297497475,0.6843699819304367,R,0.14516129032258066,2026,Elmer Rodríguez,MLB
695684,FF,94,95.42659574468085,12.01276595744681,-9.426382978723405,6.603191489361703,5.7067021276595735,-2.624893617021277,1917.1914893617022,-0.761927236325925,-0.6378224603104707,R,0.18951612903225806,2026,Elmer Rodríguez,MLB
695684,SI,229,95.7650655021834,6.630393013100436,-16.217292576419215,6.593013100436681,5.637729257641921,-2.670524017467249,1893.35807860262,-0.8016692234418139,-0.5885834259402397,R,0.46169354838709675,2026,Elmer Rodríguez,MLB
695684,ST,62,80.35806451612903,-3.321290322580645,17.061290322580643,6.646774193548388,5.599838709677419,-2.6038709677419356,2437.2258064516127,0.8219311103510286,0.555755917683128,R,0.125,2026,Elmer Rodríguez,MLB
695766,CH,18,83.05555555555556,6.566666666666666,-17.506666666666668,6.688888888888889,5.826666666666666,-1.6266666666666667,2163.1111111111113,0.9123852949964919,-0.3957332645290491,L,0.2903225806451613,2026,Mason Molina,MLB
695766,FF,33,93.00909090909092,18.37818181818182,-4.858181818181818,6.6000000000000005,6.142424242424242,-1.1636363636363636,2263.787878787879,0.36748939392629093,-0.9278761282186783,L,0.532258064516129,2026,Mason Molina,MLB
695766,SL,11,82.94545454545454,1.5818181818181818,4.178181818181819,6.327272727272727,6.286363636363637,-1.2027272727272729,2469.7272727272725,-0.7757669417465386,-0.47748371586808536,L,0.1774193548387097,2026,Mason Molina,MLB
696062,CH,11,92.26363636363637,6.992727272727273,-14.760000000000002,6.618181818181818,5.818181818181818,-1.3881818181818182,1832.2727272727273,-0.9170053953402004,-0.3926734808237562,R,0.015580736543909348,2026,Wilber Dotel,MLB
696062,FC,173,92.45433526011561,8.321618497109828,1.693179190751445,6.663005780346821,5.822658959537572,-1.603699421965318,2249.3815028901736,-0.14060089084061264,-0.972755022144856,R,0.24504249291784702,2026,Wilber Dotel,MLB
696062,FF,320,98.2953125,16.1385,-8.92575,6.678749999999999,5.82653125,-1.6397187500000001,2297.3125,-0.5680753335425737,-0.8179703656890138,R,0.45325779036827196,2026,Wilber Dotel,MLB
696062,FS,38,87.40526315789474,4.62,-13.578947368421053,6.757894736842106,5.639473684210526,-2.0818421052631577,1249.5526315789473,-0.8577891070634205,-0.4919794912387028,R,0.053824362606232294,2026,Wilber Dotel,MLB
696062,SI,13,97.14615384615385,14.75076923076923,-13.606153846153846,6.723076923076923,5.836153846153847,-1.0992307692307692,2203.076923076923,-0.5239539614791416,-0.848493478149818,R,0.018413597733711047,2026,Wilber Dotel,MLB
696062,SL,151,87.96754966887417,1.034701986754967,5.407947019867549,6.7,5.885165562913907,-1.4844370860927152,2220.927152317881,0.7213408638912809,-0.5984742566594694,R,0.21388101983002833,2026,Wilber Dotel,MLB
696070,CH,76,88.98947368421052,4.692631578947368,-7.77,6.8394736842105255,5.964736842105263,-1.4497368421052632,1416.092105263158,0.5205487453925262,-0.8448739838941836,L,0.14587332053742802,2026,Kendry Rojas,MLB
696070,FF,226,96.04159292035399,16.017345132743362,-6.445486725663717,6.698230088495575,5.906814159292035,-1.6278761061946903,2253.4557522123896,0.515706345239837,-0.851114832793414,L,0.43378119001919385,2026,Kendry Rojas,MLB
696070,SI,75,94.82,10.217600000000001,-15.0624,6.7026666666666666,5.755199999999999,-1.7067999999999999,2034.4666666666667,0.6014592302364554,-0.7954630857745533,L,0.14395393474088292,2026,Kendry Rojas,MLB
696070,SL,144,88.99236111111111,6.240833333333334,3.955,6.703472222222222,5.884444444444444,-1.6090277777777777,2401.3263888888887,-0.1052074356270288,-0.9244636133435963,L,0.2763915547024952,2026,Kendry Rojas,MLB
696131,CH,23,87.92173913043479,1.2156521739130435,-14.546086956521739,6.626086956521739,4.949565217391305,-2.3904347826086956,1310.2173913043478,-0.9711501623325378,-0.232018473929914,R,0.04136690647482014,2026,Mason Black,MLB
696131,CU,39,81.22307692307692,-6.055384615384615,3.4553846153846153,6.417948717948718,5.134871794871795,-2.407692307692308,2549.897435897436,0.7161134576112629,0.6748808592530489,R,0.07014388489208633,2026,Mason Black,MLB
696131,FC,46,90.42608695652174,7.570434782608696,-3.9730434782608692,6.623913043478261,5.183695652173912,-2.4517391304347824,2152.0652173913045,-0.700081162319411,-0.7039662125581667,R,0.08273381294964029,2026,Mason Black,MLB
696131,FF,118,93.99152542372882,13.921016949152543,-12.515593220338982,6.684745762711864,5.196101694915254,-2.372372881355932,2138.3728813559323,-0.733738267476574,-0.6767501980664457,R,0.21223021582733814,2026,Mason Black,MLB
696131,SI,144,93.81527777777778,8.734166666666667,-16.4925,6.6618055555555555,5.072986111111111,-2.530277777777778,2091.9166666666665,-0.777703502316613,-0.6260324035249126,R,0.2589928057553957,2026,Mason Black,MLB
696131,SL,73,86.90273972602739,1.5747945205479452,-0.07397260273972601,6.535616438356165,5.185890410958904,-2.575205479452055,2359.5753424657532,0.046395849368673955,0.07915557249132872,R,0.13129496402877697,2026,Mason Black,MLB
696131,ST,113,83.0283185840708,-2.9490265486725664,12.880353982300885,6.395575221238938,5.066637168141592,-2.6923893805309733,2616.2743362831857,0.6569540408451117,0.720266779082057,R,0.20323741007194246,2026,Mason Black,MLB
696136,CH,51,82.98627450980392,6.618823529411765,-12.32470588235294,6.3,5.816470588235294,-2.155294117647059,1504.4705882352941,0.7781606339602701,-0.6244707374693804,L,0.2982456140350877,2026,Jordan Wicks,MLB
696136,FF,69,93.12898550724637,15.476521739130437,-2.7043478260869565,6.317391304347826,5.860144927536232,-2.0363768115942027,2293.768115942029,0.31574827974611525,-0.9454921244337823,L,0.40350877192982454,2026,Jordan Wicks,MLB
696136,SI,15,93.20666666666666,10.336,-13.424000000000001,6.319999999999999,5.803333333333333,-2.424,2189.8,0.506219204653525,-0.8605481461508728,L,0.08771929824561403,2026,Jordan Wicks,MLB
696136,SL,36,86.24444444444445,1.28,4.236666666666667,6.347222222222222,6.0025,-2.1769444444444446,2442.0,-0.8559403407328209,-0.32235578620022287,L,0.21052631578947367,2026,Jordan Wicks,MLB
696146,CH,13,87.5076923076923,3.683076923076923,-13.227692307692308,7.076923076923077,5.246153846153846,-3.3499999999999996,1596.8461538461538,0.9081187012640698,-0.40878132376313253,L,0.023297491039426525,2026,Hagen Smith,MLB
696146,FC,111,88.5,6.084324324324324,3.1091891891891894,6.867567567567567,5.401891891891892,-3.320990990990991,2476.198198198198,0.0277454644463897,-0.9484642010276952,L,0.1989247311827957,2026,Hagen Smith,MLB
696146,FF,262,93.94045801526718,14.097251908396947,-8.034045801526718,6.8908396946564885,5.270534351145039,-3.435839694656489,2409.5343511450383,0.6797941056617581,-0.7269136973161925,L,0.46953405017921146,2026,Hagen Smith,MLB
696146,SL,172,83.16046511627907,-3.4499999999999997,5.432093023255814,6.855232558139535,5.374476744186047,-3.2988372093023255,2428.1918604651164,-0.9205373300233628,0.3587152695789053,L,0.30824372759856633,2026,Hagen Smith,MLB
696147,CH,120,91.66083333333333,-2.113,-15.15,6.235833333333333,5.09875,-1.7738333333333332,1873.3083333333334,-0.9429117725971785,-0.2997024210196609,R,0.14527845036319612,2026,Sam Bachman,MLB
696147,FF,29,98.37931034482759,13.33655172413793,-11.879999999999999,6.113793103448276,5.432758620689656,-1.4117241379310344,2314.7586206896553,-0.7861261655843861,-0.6036047635136639,R,0.035108958837772396,2026,Sam Bachman,MLB
696147,SI,250,98.604,8.07264,-16.65936,6.164,5.43904,-1.4526400000000002,2349.6546184738954,-0.7428527546930795,-0.666726330269187,R,0.3026634382566586,2026,Sam Bachman,MLB
696147,SL,427,88.29718969555036,-1.3812646370023418,2.24711943793911,6.04168618266979,5.5216627634660425,-1.4476814988290398,2671.6682352941175,0.7624040216810184,0.4838370925707586,R,0.5169491525423728,2026,Sam Bachman,MLB
696149,CH,383,91.42898172323761,6.274464751958225,-16.450966057441253,6.67154046997389,5.482767624020888,-1.44088772845953,1955.3080939947781,-0.8392338667339534,-0.5157875810211027,R,0.14264432029795157,2026,Bubba Chandler,MLB
696149,CU,122,86.81393442622951,-2.1747540983606557,1.4036065573770493,6.581147540983606,5.585901639344263,-1.3330327868852458,2365.2377049180327,0.7537557486779882,0.3480355012289923,R,0.04543761638733706,2026,Bubba Chandler,MLB
696149,FF,1299,98.2621247113164,17.294133949191686,-8.59325635103926,6.6089299461123945,5.751377983063895,-1.026420323325635,2396.278675904542,-0.5444507781740117,-0.831646572185228,R,0.48379888268156424,2026,Bubba Chandler,MLB
696149,SI,218,97.68669724770642,12.164587155963304,-14.313027522935782,6.606422018348624,5.562293577981651,-1.3313302752293579,2269.376146788991,-0.6296996852648974,-0.7576742004132223,R,0.08119180633147113,2026,Bubba Chandler,MLB
696149,SL,555,91.11999999999999,4.190918918918919,1.3907027027027028,6.635855855855856,5.560972972972973,-1.3732972972972972,2393.9675675675676,0.12420626793990494,-0.6641514632313433,R,0.20670391061452514,2026,Bubba Chandler,MLB
696149,ST,108,87.77962962962964,1.1333333333333333,8.516666666666666,6.533333333333333,5.653888888888889,-1.3306481481481482,2487.277777777778,0.8111779759120423,0.5008755551692378,R,0.04022346368715084,2026,Bubba Chandler,MLB
696263,FF,24,93.08749999999999,13.1,-13.19,6.4875,4.72375,-1.615,2368.875,-0.7663333396211578,-0.6401833689659523,R,1.0,2026,Tyler Thornton,MLB
696270,FC,693,89.74473304473304,9.316536796536797,2.003982683982684,6.191774891774891,5.8123953823953824,-2.9372150072150074,2495.2712842712845,-0.3531115738299405,-0.9184569119655793,R,0.38867077958496915,2026,Ryan Johnson,MLB
696270,FS,364,84.60989010989012,1.6384615384615384,-13.66021978021978,5.991758241758242,5.604752747252747,-3.1918681318681315,1884.0604395604396,-0.9154512661191909,-0.38884667866611416,R,0.2041503084688727,2026,Ryan Johnson,MLB
696270,SI,308,92.4525974025974,6.116493506493507,-14.003376623376623,6.25,5.787045454545455,-2.8131818181818184,2237.4188311688313,-0.6926713463693636,-0.7114873891186925,R,0.17274256870443072,2026,Ryan Johnson,MLB
696270,ST,418,80.84832535885167,6.64133971291866,7.942105263157895,6.160765550239234,5.823755980861244,-2.983803827751196,2430.535885167464,0.9532396583354571,-0.06706851638058778,R,0.23443634324172744,2026,Ryan Johnson,MLB
696519,FF,492,94.89817073170732,19.36390243902439,-5.260731707317073,6.787804878048781,6.088272357723577,-1.143678861788618,2311.262195121951,0.37058964895699953,-0.9243839428992768,L,0.7974068071312804,2026,Samy Natera Jr.,MLB
696519,SL,125,85.516,7.62336,6.94848,6.6128,6.160399999999999,-1.2348,2559.248,-0.7805818265013746,-0.5754269528515225,L,0.2025931928687196,2026,Samy Natera Jr.,MLB
696522,CH,62,88.46612903225805,5.020645161290323,-18.056129032258063,5.97258064516129,5.242258064516129,-1.3953225806451615,2321.2903225806454,-0.8811913645474547,-0.4688584056120242,R,0.21232876712328766,2026,Hayden Juenger,MLB
696522,FC,65,91.0923076923077,10.452923076923078,0.27692307692307694,5.88125,5.440615384615384,-1.2816923076923077,2365.65625,-0.3319326151953391,-0.929602137564959,R,0.2226027397260274,2026,Hayden Juenger,MLB
696522,FF,102,94.59411764705882,16.17294117647059,-11.612941176470589,5.991176470588235,5.467843137254902,-1.1191176470588236,2356.9411764705883,-0.6734737432028761,-0.7364867109969152,R,0.3493150684931507,2026,Hayden Juenger,MLB
696522,SL,63,87.94126984126984,5.8133333333333335,4.76,5.90952380952381,5.406666666666667,-1.2296825396825397,2356.1111111111113,0.14153322747834468,-0.9473246248271209,R,0.21575342465753425,2026,Hayden Juenger,MLB
697812,FF,104,93.3778846153846,13.108846153846153,-12.66,6.947115384615385,5.543557692307692,-2.084423076923077,2332.2596153846152,0.7913340754601168,-0.6082634578233451,L,0.5098039215686274,2026,Joe Rock,MLB
697812,SI,21,93.65238095238095,5.228571428571429,-19.34285714285714,6.814285714285714,5.376190476190477,-2.0795238095238098,2390.4285714285716,0.8288747170889567,-0.551212674510212,L,0.10294117647058823,2026,Joe Rock,MLB
697812,SL,79,84.85443037974683,-2.8997468354430382,4.632911392405063,6.8544303797468356,5.351392405063291,-2.2579746835443038,2536.746835443038,-0.8471731302429861,0.4838709653248613,L,0.3872549019607843,2026,Joe Rock,MLB
699008,CH,36,87.70277777777778,1.8166666666666669,-12.363333333333333,6.391666666666667,5.6561111111111115,-1.7775,1422.4166666666667,-0.8675500974824382,-0.490303595472093,R,0.12286689419795221,2026,Antwone Kelly,MLB
699008,FF,152,98.72894736842105,15.53921052631579,-7.053947368421053,6.358552631578948,5.890460526315789,-1.6826315789473683,2218.2631578947367,-0.5221902896153651,-0.8499200968454481,R,0.5187713310580204,2026,Antwone Kelly,MLB
699008,SI,24,96.92083333333333,9.275,-14.5,6.279166666666666,5.739166666666667,-2.095,2101.5,-0.5981967264785795,-0.7986461700860459,R,0.08191126279863481,2026,Antwone Kelly,MLB
699008,SL,30,89.73666666666666,2.7319999999999998,3.996,6.260000000000001,5.685999999999999,-1.9286666666666668,2127.1,0.39962781819876214,-0.7460018952355146,R,0.10238907849829351,2026,Antwone Kelly,MLB
699008,ST,51,87.38039215686274,4.04235294117647,8.07294117647059,6.372549019607843,5.538823529411765,-2.1545098039215684,2461.705882352941,0.9495024695945433,0.26262469954019796,R,0.17406143344709898,2026,Antwone Kelly,MLB
699044,FF,177,94.77909604519775,19.78779661016949,-5.374915254237288,6.929943502824858,5.752146892655367,-1.6249152542372882,2548.0508474576272,-0.3353113472898612,-0.93967014731955,R,0.6941176470588235,2026,Miguel Ullola,MLB
699044,SL,78,86.01666666666667,6.3476923076923075,5.844615384615385,6.75897435897436,5.612692307692308,-1.889230769230769,2296.423076923077,0.9559571932440948,-0.1678562541451491,R,0.3058823529411765,2026,Miguel Ullola,MLB
699134,CH,533,90.16641651031894,8.143564727954972,-16.483001876172608,6.391369606003752,5.879399624765478,-0.5787242026266416,1800.2124060150377,-0.8001026220313661,-0.5931819089958856,R,0.4223454833597464,2026,Bradgley Rodriguez,MLB
699134,FF,334,98.29011976047904,17.246586826347304,-5.871017964071856,6.205389221556886,6.0398502994011976,-0.4273952095808383,2428.365269461078,-0.48868575194044156,-0.8613397148131074,R,0.26465927099841524,2026,Bradgley Rodriguez,MLB
699134,SI,324,97.84783950617285,12.007037037037037,-14.337037037037037,6.182716049382716,5.969444444444444,-0.5281481481481481,2291.1604938271603,-0.4607982416997641,-0.8763407789243864,R,0.25673534072900156,2026,Bradgley Rodriguez,MLB
699134,SL,71,88.77746478873239,3.9566197183098595,3.6405633802816904,6.2521126760563375,5.87,-0.7570422535211268,2558.154929577465,0.5660791581305427,-0.6972965915079316,R,0.056259904912836764,2026,Bradgley Rodriguez,MLB
699151,CH,88,83.53750000000001,2.8390909090909093,-11.68909090909091,6.679545454545454,5.701704545454546,-3.2447727272727276,1745.090909090909,-0.837844140961715,-0.5377729509022883,R,0.3154121863799283,2026,Jedixson Paez,MLB
699151,CU,51,79.05490196078432,-7.437647058823529,14.854117647058825,6.501960784313726,5.6770588235294115,-3.3219607843137253,2734.098039215686,0.7181537857004854,0.6902249464315565,R,0.1827956989247312,2026,Jedixson Paez,MLB
699151,FC,33,87.13333333333334,6.949090909090909,1.0145454545454546,6.609090909090909,5.823333333333333,-3.1075757575757574,2404.818181818182,-0.40609178152781594,-0.7672810527927963,R,0.11827956989247312,2026,Jedixson Paez,MLB
699151,FF,71,91.89154929577465,16.987605633802815,-8.819154929577465,6.7873239436619714,5.732112676056338,-3.1395774647887325,2437.478873239437,-0.6892383763373782,-0.7215054714607597,R,0.25448028673835127,2026,Jedixson Paez,MLB
699151,SI,36,91.14722222222223,6.96,-15.423333333333334,6.7555555555555555,5.6930555555555555,-3.166944444444445,2300.777777777778,-0.7381938641888526,-0.6711799405450622,R,0.12903225806451613,2026,Jedixson Paez,MLB
699823,FF,303,96.25577557755776,18.435643564356436,-7.935049504950496,6.806600660066007,5.883399339933994,-1.0567326732673268,2406.3366336633662,-0.45615636612481186,-0.8874040826751725,R,0.6209016393442623,2026,Tyler Davis,MLB
699823,FS,31,86.03870967741935,3.669677419354839,-12.979354838709678,6.83225806451613,5.531935483870968,-1.4925806451612904,1233.0,-0.9198426113305934,-0.37655085576809183,R,0.06352459016393443,2026,Tyler Davis,MLB
699823,SL,154,87.52987012987013,0.23844155844155843,5.958701298701299,6.757142857142856,5.789675324675325,-1.3166883116883117,2554.694805194805,0.8952041270918707,-0.2180695211162479,R,0.3155737704918033,2026,Tyler Davis,MLB
700183,FC,12,95.29166666666667,18.0,0.5500000000000002,6.8500000000000005,6.751666666666666,-0.09000000000000001,2141.0833333333335,-0.05359432232600258,-0.9951983006376074,R,1.0,2026,Blake Holub,MLB
700187,FF,32,95.4625,14.205,-15.3525,6.209375,5.7421875,-1.6009375,2317.96875,-0.8080386452299175,-0.5870766924252653,R,0.6666666666666666,2026,Troy Taylor,MLB
700187,SL,16,85.0125,-3.555,2.0700000000000003,6.075,5.724375,-1.604375,2483.125,0.5015599731711419,0.8501285851785408,R,0.3333333333333333,2026,Troy Taylor,MLB
700241,CH,577,86.97227036395147,1.97157712305026,-13.797712305025996,6.725303292894281,5.731438474870017,-2.1710225303292896,1707.6152512998267,-0.7798720913405958,-0.5892353369920813,R,0.20345557122708038,2026,Michael McGreevy,MLB
700241,CU,357,78.54817927170869,-11.809747899159664,12.407058823529411,6.63109243697479,5.796834733893557,-2.0306162464985995,2527.364145658263,0.7374096388905271,0.6715115660454875,R,0.12588152327221439,2026,Michael McGreevy,MLB
700241,FC,320,87.59718749999999,6.185625,0.8947499999999999,6.678437499999999,5.6884375,-2.18434375,2313.65625,-0.3129583903390025,-0.891320296499116,R,0.11283497884344147,2026,Michael McGreevy,MLB
700241,FF,701,91.9148359486448,12.3976604850214,-8.567246790299572,6.721398002853067,5.80114122681883,-2.0403566333808842,2236.4336661911557,-0.6815313347263288,-0.727024343498136,R,0.24717912552891397,2026,Michael McGreevy,MLB
700241,SI,455,90.7956043956044,4.7541098901098895,-12.110241758241758,6.746696035242291,5.695956043956044,-2.092879120879121,2188.9052863436123,-0.6969943716203199,-0.7068647544750433,R,0.16043723554301834,2026,Michael McGreevy,MLB
700241,SL,126,83.59206349206349,-1.6933333333333334,3.4485714285714284,6.708730158730158,5.734523809523809,-2.0746825396825397,2393.277777777778,0.9320563559387984,0.08463644645168857,R,0.04442877291960508,2026,Michael McGreevy,MLB
700241,ST,300,81.76,-1.7452000000000003,14.191199999999998,6.589333333333333,5.612166666666667,-2.1666666666666665,2461.8333333333335,0.7572774784556516,0.6455559651192466,R,0.10578279266572638,2026,Michael McGreevy,MLB
700249,CH,62,85.10645161290323,6.069677419354838,-14.605161290322581,6.333870967741936,5.835645161290323,-1.3253225806451614,1509.8709677419354,0.7122257262542131,-0.6368851002144188,L,0.10147299509001637,2026,Cade Povich,MLB
700249,CU,137,76.37591240875912,-15.319708029197082,8.665401459854015,6.211678832116788,5.946350364963504,-1.217080291970803,2454.8467153284673,-0.49789606772521916,0.8636934589902684,L,0.22422258592471359,2026,Cade Povich,MLB
700249,FF,278,91.82014388489209,18.27453237410072,-6.800287769784172,6.296043165467625,5.967338129496403,-1.2197482014388488,2445.1187050359713,0.5182955263299862,-0.8485908608309877,L,0.45499181669394434,2026,Cade Povich,MLB
700249,SI,52,91.33461538461538,13.693846153846154,-14.434615384615386,6.321153846153846,5.940961538461538,-1.1475,2270.6923076923076,0.5114122349230418,-0.8556910578160243,L,0.0851063829787234,2026,Cade Povich,MLB
700249,SL,82,86.73536585365854,6.771219512195122,5.30780487804878,6.229268292682927,5.969024390243902,-1.1764634146341464,2516.621951219512,-0.2855715264324228,-0.9186581709512742,L,0.1342062193126023,2026,Cade Povich,MLB
700270,FF,87,96.96896551724137,16.478620689655173,-10.020689655172413,5.873563218390805,5.911954022988506,-1.0670114942528734,2265.6666666666665,-0.5611548014754897,-0.8240902634498266,R,0.4915254237288136,2026,Yilber Díaz,MLB
700270,SL,90,87.3788888888889,5.0360000000000005,0.18000000000000002,5.653333333333333,5.700555555555555,-1.3933333333333333,2551.1222222222223,-0.6700182172728476,-0.4169145007289147,R,0.5084745762711864,2026,Yilber Díaz,MLB
700327,FF,28,94.54285714285713,15.27,-8.927142857142858,6.271428571428571,5.690714285714286,-1.5585714285714285,2228.0,0.6104216368640574,-0.7894011636390443,L,0.7368421052631579,2026,Welinton Herrera,MLB
700327,SL,10,84.72999999999999,-1.572,0.45599999999999996,6.04,5.535,-1.766,2109.9,-0.349611056063239,0.8712688895494287,L,0.2631578947368421,2026,Welinton Herrera,MLB
700363,CU,65,76.15230769230769,-11.311384615384615,11.959384615384616,6.618461538461538,5.845846153846154,-2.348,2366.846153846154,0.7610441280824692,0.640656531320285,R,0.10383386581469649,2026,AJ Smith-Shawver,MLB
700363,FC,20,88.4,6.372,2.934,6.765000000000001,5.6725,-2.3835,2228.1,0.04669024094737038,-0.9217415448035636,R,0.03194888178913738,2026,AJ Smith-Shawver,MLB
700363,FF,247,96.4574898785425,15.47174089068826,-10.793684210526315,6.676113360323886,5.694817813765182,-2.46668016194332,2170.2226720647773,-0.6703120376103655,-0.738039392109011,R,0.39456869009584666,2026,AJ Smith-Shawver,MLB
700363,FS,226,83.32964601769912,1.7330973451327434,-11.779115044247787,6.902212389380531,5.634734513274337,-2.2448230088495573,1309.5486725663716,-0.8679118108588222,-0.48980783331120537,R,0.3610223642172524,2026,AJ Smith-Shawver,MLB
700363,SI,42,95.09285714285714,11.491428571428571,-15.614285714285714,6.776190476190477,5.569761904761905,-2.3980952380952383,2085.5238095238096,-0.717661871884064,-0.6941838370649,R,0.0670926517571885,2026,AJ Smith-Shawver,MLB
700363,SL,26,83.81153846153846,0.26769230769230773,3.0,6.85,5.676923076923076,-2.419230769230769,2142.769230769231,0.8318843954063715,-0.18517981616152268,R,0.04153354632587859,2026,AJ Smith-Shawver,MLB
700413,FF,10,92.92999999999999,15.6,-11.34,6.44,5.204,-1.607,2384.8,-0.6809811694026243,-0.7302621208207006,R,0.3225806451612903,2026,Tyler Uberstine,MLB
700413,SI,10,91.89,8.028,-16.380000000000003,6.3100000000000005,5.061,-1.735,2239.5,-0.7196170148837053,-0.6925087641994511,R,0.3225806451612903,2026,Tyler Uberstine,MLB
700413,ST,11,80.88181818181819,1.2981818181818183,15.82909090909091,6.1909090909090905,5.134545454545454,-1.8090909090909089,2607.090909090909,0.8538546772892073,0.388203986426463,R,0.3548387096774194,2026,Tyler Uberstine,MLB
700669,CH,165,88.20181818181818,4.220363636363636,-13.490181818181819,6.346666666666667,5.8729696969696965,-1.4963636363636363,1244.6363636363637,-0.8947807682109709,-0.4389756082239023,R,0.13502454991816695,2026,Gordon Graceffo,MLB
700669,CU,100,83.23100000000001,-16.0344,2.1852,6.096,6.0865,-1.5425,2753.43,0.3011411326162929,0.9498575393503311,R,0.08183306055646482,2026,Gordon Graceffo,MLB
700669,FC,180,89.44833333333334,2.924666666666667,0.816,6.316666666666666,5.8612222222222226,-1.6636666666666666,2367.9222222222224,-0.14047658484543996,-0.4192922210936913,R,0.14729950900163666,2026,Gordon Graceffo,MLB
700669,FF,467,95.34282655246253,15.46201284796574,-7.0458244111349035,6.319271948608137,6.051584582441114,-1.3819271948608138,2049.852248394004,-0.5276586603237772,-0.8467098571013416,R,0.3821603927986907,2026,Gordon Graceffo,MLB
700669,SI,86,94.84418604651164,12.075348837209303,-13.149767441860467,6.365116279069767,5.990697674418605,-1.379767441860465,1980.1511627906978,-0.5220200929922311,-0.8506459307723027,R,0.07037643207855974,2026,Gordon Graceffo,MLB
700669,SL,224,86.68526785714286,-2.669464285714286,0.9546428571428571,6.187053571428572,6.069017857142858,-1.3008482142857143,2411.4241071428573,0.12657168504561747,0.928954910397274,R,0.18330605564648117,2026,Gordon Graceffo,MLB
700712,CH,858,90.97587412587413,5.064195804195804,-16.783916083916083,6.155710955710956,6.290291375291375,-1.139044289044289,1763.770783847981,-0.8297478125423139,-0.5444355543064802,R,0.34156050955414013,2026,Walbert Ureña,MLB
700712,FF,463,97.92159827213823,12.542462203023758,-9.360777537796976,6.06976241900648,6.374816414686825,-1.0626997840172785,2258.308035714286,-0.6928956228223778,-0.7130778567578447,R,0.18431528662420382,2026,Walbert Ureña,MLB
700712,SI,838,98.136276849642,6.748926014319809,-15.50835322195704,6.016706443914081,6.299212410501193,-1.1778639618138425,2179.5831265508687,-0.7210013971527207,-0.6806216882789616,R,0.3335987261146497,2026,Walbert Ureña,MLB
700712,ST,353,87.18980169971671,-1.134730878186969,7.3577337110481595,6.01728045325779,6.36099150141643,-1.426940509915014,2464.722543352601,0.7864731153785753,0.5292665641278731,R,0.14052547770700638,2026,Walbert Ureña,MLB
700842,CH,33,87.05454545454546,6.52,-8.14909090909091,6.587878787878788,6.388181818181819,-1.8284848484848486,1231.6666666666667,0.6762558229064164,-0.7072732425629893,L,0.14537444933920704,2026,Eduardo Rivera,MLB
700842,FF,127,95.20866141732283,16.23496062992126,-3.0283464566929137,6.603937007874016,6.333385826771654,-1.689763779527559,2220.6377952755906,0.42342714355235705,-0.8776500790955618,L,0.5594713656387665,2026,Eduardo Rivera,MLB
700842,SL,67,87.67014925373134,3.897313432835821,3.24,6.550746268656716,6.300746268656716,-2.10955223880597,2267.2537313432836,-0.23928770118208553,-0.7570918396874619,L,0.29515418502202645,2026,Eduardo Rivera,MLB
701121,CH,15,87.17333333333333,-2.04,-14.8,6.673333333333333,4.836,-2.6526666666666667,1742.0,-0.9566400407931976,-0.2815250597437848,R,0.06756756756756757,2026,Logan VanWey,MLB
701121,FF,123,92.9569105691057,13.22829268292683,-7.495609756097561,6.746341463414634,5.09609756097561,-2.5395934959349593,2342.4634146341464,-0.6861248878072332,-0.7206941480538139,R,0.5540540540540541,2026,Logan VanWey,MLB
701121,SI,16,92.71875,6.1425,-13.0125,6.79375,5.05875,-2.601875,2198.75,-0.6936812418869943,-0.7103283787869762,R,0.07207207207207207,2026,Logan VanWey,MLB
701121,ST,68,82.47058823529412,7.0994117647058825,12.781764705882352,6.680882352941176,4.87235294117647,-2.6482352941176472,2410.044117647059,0.992616144339916,0.04749282686005915,R,0.3063063063063063,2026,Logan VanWey,MLB
701195,FF,12,92.45,14.21,-8.229999999999999,5.966666666666666,5.940833333333334,-0.7225,1969.5833333333333,-0.5691935845284511,-0.8204709550667234,R,1.0,2026,Manuel Castro,MLB
701474,CH,11,87.78181818181818,-2.0290909090909093,-12.6,7.081818181818182,4.8554545454545455,-2.5736363636363637,1506.8181818181818,-0.9598103047713451,-0.2670102350936644,R,0.10679611650485436,2026,Duncan Davitt,MLB
701474,FF,49,93.03673469387755,13.944489795918367,-5.191836734693878,7.03265306122449,5.057551020408163,-2.527142857142857,2413.265306122449,-0.6677892057973632,-0.7378317066890443,R,0.47572815533980584,2026,Duncan Davitt,MLB
701474,SL,13,86.6,4.338461538461538,4.716923076923077,7.015384615384615,4.86,-2.161538461538462,2579.6923076923076,0.5728026850506555,-0.7648367210928769,R,0.1262135922330097,2026,Duncan Davitt,MLB
701474,ST,30,82.28666666666666,3.7760000000000002,17.096,7.086666666666667,4.798333333333333,-2.7116666666666664,2728.8,0.8525739102788084,0.4085298510842396,R,0.2912621359223301,2026,Duncan Davitt,MLB
701519,CH,233,86.17596566523605,5.077596566523605,-15.100429184549357,6.0399141630901285,5.71343347639485,-1.171459227467811,1932.4935622317596,-0.7970156579287373,-0.5887186048154684,R,0.24526315789473685,2026,Travis Adams,MLB
701519,FC,195,91.79846153846154,9.265230769230769,3.1470769230769227,6.028717948717948,6.099025641025641,-1.7068717948717946,2507.3384615384616,-0.06901360668051207,-0.9770453176965281,R,0.20526315789473684,2026,Travis Adams,MLB
701519,FF,231,94.44069264069263,16.355324675324674,-5.737142857142857,6.064502164502165,6.047792207792208,-1.6012554112554112,2415.5497835497836,-0.5316122449658072,-0.8407349844770943,R,0.2431578947368421,2026,Travis Adams,MLB
701519,SI,58,94.11896551724138,7.719310344827587,-14.35655172413793,6.029310344827586,5.997758620689655,-2.216896551724138,2223.137931034483,-0.64668220507883,-0.7534107289585505,R,0.061052631578947365,2026,Travis Adams,MLB
701519,SL,233,86.94721030042919,2.104892703862661,4.535793991416309,6.165665236051502,5.931416309012875,-1.729656652360515,2342.7982832618027,0.6387204726735929,-0.6754666782693909,R,0.24526315789473685,2026,Travis Adams,MLB
701542,CH,369,87.25121951219512,0.5642276422764229,-14.790569105691057,6.620718232044198,5.49159891598916,-3.3691869918699187,1661.5772357723577,-0.9038751287880135,-0.4209210014035607,R,0.13551230260741828,2026,Will Warren,MLB
701542,CU,155,81.30193548387096,-11.427096774193549,11.094193548387096,6.566447368421053,5.703290322580645,-3.296838709677419,2803.8967741935485,0.762897568131088,0.6390602644096005,R,0.056922511935365405,2026,Will Warren,MLB
701542,FF,974,93.77381930184805,15.209199178644765,-7.32652977412731,6.720947368421053,5.464784394250513,-3.367104722792608,2545.209660842754,-0.6494967673494223,-0.7543670239027874,R,0.35769372016158646,2026,Will Warren,MLB
701542,SI,664,93.29939759036145,5.878012048192771,-16.35831325301205,6.7227906976744185,5.474849397590361,-3.2913253012048194,2401.767722473605,-0.7315571923283836,-0.6649214888967552,R,0.24384869629085568,2026,Will Warren,MLB
701542,SL,12,86.46666666666665,1.61,5.02,6.7,5.573333333333333,-3.1783333333333332,2604.4166666666665,0.8985113681395772,0.30180517241035987,R,0.0044069041498347415,2026,Will Warren,MLB
701542,ST,549,83.89326047358834,-0.26513661202185795,17.460327868852456,6.5716697936210124,5.519763205828779,-3.4710746812386155,2996.9854280510017,0.8164273329729768,0.5617768765303788,R,0.2016158648549394,2026,Will Warren,MLB
701552,FF,55,94.22363636363637,16.83490909090909,-3.4014545454545453,6.124528301886793,6.709272727272727,-0.7743636363636363,2239.3454545454547,-0.3402036979155996,-0.9374339985441505,R,0.2534562211981567,2026,Andre Granillo,MLB
701552,SI,26,94.36538461538461,12.706153846153846,-12.683076923076923,6.04,6.626923076923077,-0.9988461538461538,2274.0384615384614,-0.38311633421668984,-0.9194463872415475,R,0.11981566820276497,2026,Andre Granillo,MLB
701552,SL,136,82.16176470588235,3.018529411764706,3.6547058823529412,5.962307692307692,6.491029411764706,-1.1444117647058822,2318.3529411764707,0.9219237439511435,-0.0637476563754605,R,0.6267281105990783,2026,Andre Granillo,MLB
701656,CH,568,83.01778169014084,6.601901408450704,-19.2293661971831,6.284683098591549,5.136760563380282,-1.6667077464788733,2556.6390845070423,-0.9621756080851965,-0.2621295425414418,R,0.3543356207111666,2026,Logan Henderson,MLB
701656,FC,241,87.84522821576763,12.25045643153527,0.3236514522821577,6.27136929460581,5.1414937759336095,-1.7155186721991702,2375.48132780083,-0.27546090042914395,-0.9370496434713179,R,0.1503431066749844,2026,Logan Henderson,MLB
701656,FF,744,93.19744623655913,16.93,-11.460483870967742,6.27997311827957,5.19502688172043,-1.6494489247311828,2326.2997311827958,-0.6209870219835812,-0.7788541514948218,R,0.4641297567061759,2026,Logan Henderson,MLB
701656,ST,50,81.128,-3.5040000000000004,14.7456,6.242000000000001,5.0498,-1.7690000000000001,2346.74,0.7232595830366609,0.6834174157348697,R,0.031191515907673113,2026,Logan Henderson,MLB
701719,CH,20,85.425,5.856,-16.044,7.025,5.569,-1.5915000000000001,1742.6,0.8206421630433336,-0.5620810328082207,L,0.06230529595015576,2026,Tyler Samaniego,MLB
701719,FC,27,88.57407407407408,7.395555555555556,0.6844444444444444,6.981481481481482,5.705185185185185,-1.6829629629629628,2321.4074074074074,-0.04065855523880519,-0.9214360627332041,L,0.08411214953271028,2026,Tyler Samaniego,MLB
701719,FF,86,93.60000000000001,14.917674418604651,-3.6962790697674417,7.034883720930233,5.78953488372093,-1.4677906976744186,2160.9186046511627,0.5147098907505948,-0.8542770171110811,L,0.26791277258566976,2026,Tyler Samaniego,MLB
701719,SI,129,93.03255813953488,8.535813953488372,-16.192558139534885,7.0054263565891475,5.582635658914729,-1.708217054263566,2205.2713178294575,0.6277189658682332,-0.7366599347783237,L,0.40186915887850466,2026,Tyler Samaniego,MLB
701719,ST,59,82.19661016949154,1.423728813559322,11.316610169491524,7.077966101694916,5.503050847457628,-1.7515254237288136,2391.9322033898306,-0.8873925676255737,0.3819411341095958,L,0.1838006230529595,2026,Tyler Samaniego,MLB
701780,FF,20,98.14500000000001,14.034,-9.924,6.609999999999999,6.127,-1.107,2452.95,-0.652089006798553,-0.7502242119439623,R,1.0,2026,Tanner McDougal,MLB
701951,FC,13,89.13076923076923,1.9661538461538461,0.5907692307692308,6.484615384615385,6.158461538461538,-1.7446153846153847,2414.923076923077,0.25407088671657735,-0.15847294024461206,R,1.0,2026,Abel Mercedes,MLB
702021,CH,204,77.98186274509804,11.72764705882353,-9.347058823529412,6.045098039215686,5.9873039215686275,-0.6647549019607844,1533.1764705882354,0.3844297539367527,-0.920486757506345,L,0.25757575757575757,2026,Will Dion,MLB
702021,CU,157,80.98216560509555,-9.24,-2.2104458598726118,6.047770700636943,6.07063694267516,-0.6450318471337579,2461.2101910828023,-0.23662907454049,0.9664426267120877,L,0.19823232323232323,2026,Will Dion,MLB
702021,FC,66,86.86363636363636,8.42,4.325454545454546,6.1878787878787875,5.945606060606061,-1.2942424242424242,2398.469696969697,-0.04749484732905054,-0.9837532618466525,L,0.08333333333333333,2026,Will Dion,MLB
702021,FF,336,91.12410714285714,19.9625,-0.41892857142857143,6.262797619047619,5.960446428571428,-0.6082440476190476,2337.875,0.13572389771040166,-0.9880567551042325,L,0.42424242424242425,2026,Will Dion,MLB
702021,SI,29,89.82758620689656,16.51448275862069,-10.17103448275862,6.182758620689656,5.882758620689655,-1.6144827586206896,2360.5172413793102,0.21281926212261446,-0.9706295129964515,L,0.036616161616161616,2026,Will Dion,MLB
702047,CH,13,88.12307692307692,6.350769230769231,-16.163076923076922,6.800000000000001,5.366923076923077,-1.4800000000000002,1726.6923076923076,-0.7956417297170292,-0.6029082207811711,R,0.1326530612244898,2026,Alex Cook,MLB
702047,FF,66,95.35151515151514,18.992727272727272,-6.094545454545455,6.712121212121212,5.670454545454546,-1.1943939393939393,2333.0,-0.34366887280903347,-0.9372787748473108,R,0.673469387755102,2026,Alex Cook,MLB
702047,SL,19,88.08421052631579,8.59578947368421,4.787368421052632,6.678947368421053,5.443157894736842,-1.5215789473684211,2259.0,0.18589625516675592,-0.9665619272964138,R,0.19387755102040816,2026,Alex Cook,MLB
702056,FF,757,94.24768824306473,19.427001321003964,-4.1993659180977545,6.155614266842801,7.06442536327609,-0.2922985468956407,2250.0832232496696,-0.26018880608479267,-0.9632440296040747,R,0.46757257566399013,2026,Trey Yesavage,MLB
702056,FS,470,82.8604255319149,6.7013617021276595,-11.598127659574468,5.973404255319149,7.168808510638298,-0.3739574468085106,1392.4106382978723,-0.6117721408283785,-0.787258880802429,R,0.29030265596046945,2026,Trey Yesavage,MLB
702056,SL,392,87.58724489795918,5.164591836734694,-3.325408163265306,5.911224489795918,7.148265306122449,-0.4143112244897959,2262.219387755102,-0.49325035771421233,-0.8564870592131597,R,0.24212476837554045,2026,Trey Yesavage,MLB
702065,SI,10,88.94,1.9920000000000002,-17.676,5.8100000000000005,5.2509999999999994,-3.989,2158.5,0.8806637587741193,-0.2589027943068915,L,1.0,2026,Aaron Rozek,MLB
702070,CH,578,81.03373702422145,9.738892733564013,-12.570726643598617,6.167474048442907,6.297595155709343,-1.553910034602076,1630.6497373029772,0.7359415706583162,-0.6708208634113144,L,0.19986168741355465,2026,Noah Cameron,MLB
702070,CU,472,81.67627118644067,-9.317796610169491,3.6645762711864407,6.2480932203389825,6.37968220338983,-1.0478601694915253,2293.628205128205,-0.29566489872793184,0.9452842440126623,L,0.1632088520055325,2026,Noah Cameron,MLB
702070,FC,610,89.81295081967214,9.277770491803278,2.506622950819672,6.290983606557377,6.26555737704918,-1.1887377049180328,2334.458609271523,0.14792189521919705,-0.9759071748201125,L,0.21092669432918396,2026,Noah Cameron,MLB
702070,FF,695,92.52258992805756,16.935194244604318,-6.0231366906474815,6.2817266187050365,6.228618705035972,-1.1421438848920862,2306.936046511628,0.4409835153983677,-0.891965959744779,L,0.24031811894882435,2026,Noah Cameron,MLB
702070,SI,147,91.51904761904761,11.102857142857141,-12.626938775510204,6.319047619047619,6.118979591836735,-1.2899319727891156,2243.9591836734694,0.4280861471193265,-0.888457906638082,L,0.0508298755186722,2026,Noah Cameron,MLB
702070,SL,390,85.18717948717949,2.9941538461538464,3.2800000000000002,6.282820512820513,6.230307692307693,-1.2094871794871795,2477.8897435897434,-0.29423819335924656,-0.6014576533391357,L,0.13485477178423236,2026,Noah Cameron,MLB
702153,CH,40,82.69,4.473,-16.125,6.507894736842106,5.8155,-1.0885,1850.05,0.9885592334825937,-0.012424099345138512,L,0.3389830508474576,2026,Brian Fitzpatrick,MLB
702153,FF,26,94.14615384615385,13.615384615384615,-13.20923076923077,6.561538461538461,5.963846153846154,-1.0234615384615384,2418.1923076923076,0.774596560914853,-0.5540600203106781,L,0.22033898305084745,2026,Brian Fitzpatrick,MLB
702153,SI,20,93.365,8.85,-18.372,6.5200000000000005,5.9015,-1.066,2360.9,0.7890300517908106,-0.6088145665828402,L,0.1694915254237288,2026,Brian Fitzpatrick,MLB
702153,SL,21,87.86666666666667,6.137142857142857,3.0971428571428574,6.433333333333333,5.943809523809524,-1.079047619047619,2201.4285714285716,0.13711826938910526,-0.9487617293306544,L,0.17796610169491525,2026,Brian Fitzpatrick,MLB
702153,ST,11,78.37272727272727,-0.43636363636363634,13.701818181818181,6.25,5.905454545454545,-1.1254545454545453,2476.090909090909,-0.8529102768327858,0.5198660041824478,L,0.09322033898305085,2026,Brian Fitzpatrick,MLB
702193,CH,139,89.15251798561151,8.579568345323741,-12.934964028776978,6.18273381294964,6.373309352517985,-1.6702158273381296,1495.136690647482,-0.8033138209524873,-0.5929448645053118,R,0.10733590733590734,2026,Andrew Morris,MLB
702193,CU,17,73.7235294117647,-11.576470588235296,8.978823529411766,6.117647058823529,6.589411764705882,-1.1135294117647059,2254.470588235294,0.6348123656712166,0.769300870404045,R,0.013127413127413128,2026,Andrew Morris,MLB
702193,FC,288,91.3607638888889,6.11625,6.1575,6.270833333333333,6.471666666666667,-1.3741666666666665,2302.628472222222,0.4473458617494426,-0.8673975286893116,R,0.22239382239382238,2026,Andrew Morris,MLB
702193,FF,583,97.38044596912522,16.801029159519725,-4.46778730703259,6.281818181818182,6.434202401372213,-1.3631217838765008,2056.3567753001716,-0.30823095821529717,-0.949427253622219,R,0.45019305019305017,2026,Andrew Morris,MLB
702193,SI,152,96.5796052631579,15.14684210526316,-11.87763157894737,6.244736842105263,6.423157894736843,-1.5045394736842106,2035.625,-0.43048916828494216,-0.9001186510185101,R,0.11737451737451737,2026,Andrew Morris,MLB
702193,ST,116,82.14224137931035,3.1262068965517242,16.042758620689657,6.153448275862068,6.477068965517241,-1.5791379310344829,2440.862068965517,0.8843450995739355,0.4203317811679929,R,0.08957528957528957,2026,Andrew Morris,MLB
702273,CH,121,89.17520661157026,3.1666115702479343,-16.823801652892563,6.383471074380165,5.743057851239669,-1.8694214876033057,1983.5371900826447,0.9009461525573185,-0.4274168078553061,L,0.09587955625990491,2026,Noah Schultz,MLB
702273,CU,41,82.26097560975609,-4.726829268292684,10.08,6.3341463414634145,5.723414634146342,-2.3270731707317074,2729.756097560976,-0.9376300901816305,0.33542029540709406,L,0.03248811410459588,2026,Noah Schultz,MLB
702273,FC,279,89.90394265232975,9.049032258064516,2.1298924731182796,6.329032258064516,6.005627240143369,-2.0336559139784947,2631.283154121864,0.22405500540372053,-0.9199895862258292,L,0.22107765451664024,2026,Noah Schultz,MLB
702273,FF,274,95.25656934306569,11.383357664233577,-10.926569343065694,6.287591240875912,5.813029197080292,-1.9366788321167883,2469.3795620437954,0.7855797084574226,-0.6063212535427703,L,0.21711568938193343,2026,Noah Schultz,MLB
702273,SI,329,95.17355623100303,6.571550151975684,-17.921580547112463,6.23677811550152,5.75145896656535,-1.9371732522796354,2448.562310030395,0.8122089388265273,-0.5694551058565293,L,0.2606973058637084,2026,Noah Schultz,MLB
702273,ST,218,82.5802752293578,0.8218348623853211,14.855779816513762,6.295871559633028,5.713715596330275,-2.1769724770642203,2818.935779816514,-0.9413334529618791,0.31678252002820856,L,0.17274167987321712,2026,Noah Schultz,MLB
702275,CH,226,87.90884955752213,-0.04778761061946903,-13.7670796460177,6.416371681415929,5.500530973451327,-2.032920353982301,1651.641592920354,-0.9129595054577561,-0.39608249188713046,R,0.17683881064162754,2026,JR Ritchie,MLB
702275,CU,336,82.93630952380951,-11.676071428571428,12.905714285714286,6.42827380952381,5.442261904761905,-2.130922619047619,2623.1488095238096,0.749854496000982,0.6579730938672902,R,0.26291079812206575,2026,JR Ritchie,MLB
702275,FC,109,89.03486238532109,7.1669724770642205,1.6877064220183486,6.520183486238532,5.305871559633028,-2.2058715596330276,2471.954128440367,-0.2089053535122481,-0.8801785682995085,R,0.08528951486697965,2026,JR Ritchie,MLB
702275,FF,242,94.65785123966943,14.4500826446281,-9.204793388429751,6.571487603305785,5.39396694214876,-2.069421487603306,2355.0702479338843,-0.7227419365042677,-0.686944434046186,R,0.18935837245696402,2026,JR Ritchie,MLB
702275,SI,289,93.98096885813149,6.499515570934257,-16.12152249134948,6.532871972318339,5.387889273356401,-2.1651211072664363,2299.138408304498,-0.7451623903745968,-0.656760556966886,R,0.22613458528951486,2026,JR Ritchie,MLB
702275,SL,76,85.06447368421053,0.2636842105263158,4.3500000000000005,6.505263157894737,5.361973684210526,-2.0267105263157896,2553.1052631578946,0.9147238381513133,-0.0015179108483067431,R,0.0594679186228482,2026,JR Ritchie,MLB
702281,CH,14,89.40714285714286,4.5685714285714285,-15.317142857142857,6.421428571428572,5.484285714285714,-3.025714285714286,1650.4285714285713,0.7881544101631798,-0.6126175018912707,L,0.19718309859154928,2026,Robby Snelling,MLB
702281,CU,29,83.3896551724138,-7.398620689655172,10.791724137931036,6.2379310344827585,5.443448275862069,-3.0820689655172413,2599.2758620689656,-0.6000202782524608,0.795201049458534,L,0.4084507042253521,2026,Robby Snelling,MLB
702281,FF,28,95.31428571428572,18.72,-5.224285714285714,6.503571428571428,5.718571428571429,-2.7932142857142854,2516.9285714285716,0.5068037603123112,-0.8603646757818548,L,0.39436619718309857,2026,Robby Snelling,MLB
702303,CU,35,85.46571428571428,-11.664,3.5142857142857142,5.582857142857143,6.129428571428572,-2.348857142857143,2540.657142857143,-0.505617458688055,0.852110894861111,L,0.2966101694915254,2026,Riley Martin,MLB
702303,FF,65,94.54307692307692,17.833846153846153,-4.700307692307692,5.823076923076923,6.061538461538461,-2.2696923076923077,2409.0,0.4537903807147057,-0.8887694912603922,L,0.5508474576271186,2026,Riley Martin,MLB
702303,SL,18,89.37777777777778,4.16,2.4466666666666668,5.777777777777778,5.88,-2.4922222222222223,2474.0,-0.27847345150238656,-0.77100885353516,L,0.15254237288135594,2026,Riley Martin,MLB
702318,FF,15,92.76666666666667,20.672,-4.856,6.446666666666667,5.695333333333334,-1.458,2354.866666666667,-0.25051521101206137,-0.9663758803783051,R,0.4838709677419355,2026,Chris Campos,MLB
702318,SL,16,86.4375,8.91,6.952500000000001,6.375,5.751875,-1.66375,2431.5625,0.30337237478284,-0.934978552053783,R,0.5161290322580645,2026,Chris Campos,MLB
702352,CH,21,87.5952380952381,-0.040000000000000036,-9.508571428571429,6.604761904761904,5.784285714285714,-2.9704761904761905,1741.3333333333333,-0.8252173494441645,-0.5544631570936995,R,0.1065989847715736,2026,Spencer Bivens,MLB
702352,FC,13,89.01538461538462,7.107692307692308,2.916923076923077,6.392307692307692,5.958461538461539,-2.5007692307692304,2114.923076923077,-0.09447051242102353,-0.9580274107150519,R,0.06598984771573604,2026,Spencer Bivens,MLB
702352,FF,47,94.43191489361702,11.75744680851064,-8.604255319148935,6.695744680851064,5.9,-3.0617021276595744,1954.9148936170213,-0.7521927769114152,-0.6048577929437546,R,0.23857868020304568,2026,Spencer Bivens,MLB
702352,SI,74,94.76621621621621,3.9113513513513514,-15.418378378378378,6.64054054054054,5.9063513513513515,-2.6875675675675677,1922.081081081081,-0.7361140286762439,-0.6321104402385785,R,0.3756345177664975,2026,Spencer Bivens,MLB
702352,ST,42,81.54523809523809,5.5600000000000005,14.934285714285714,6.480952380952381,5.728095238095238,-2.892142857142857,2293.690476190476,0.9444062450544412,0.3111974899628242,R,0.2131979695431472,2026,Spencer Bivens,MLB
702474,CH,141,87.71205673758865,1.014468085106383,-10.637446808510639,6.43758865248227,5.159787234042553,-1.550354609929078,1452.099290780142,-0.8765189129643554,-0.47009653397725837,R,0.2558983666061706,2026,Mike Paredes,MLB
702474,FC,85,87.38352941176471,6.522352941176471,5.044235294117647,6.603529411764705,5.244,-1.4558823529411764,2390.470588235294,0.19668271345788066,-0.9341494966088464,R,0.1542649727767695,2026,Mike Paredes,MLB
702474,FF,204,93.03382352941178,14.695294117647059,-4.7170588235294115,6.545588235294117,5.373725490196079,-1.3405882352941176,2124.9166666666665,-0.4807561064990228,-0.8740119202110143,R,0.3702359346642468,2026,Mike Paredes,MLB
702474,ST,121,79.24793388429752,1.8495867768595042,16.949752066115703,6.670247933884298,4.925702479338843,-1.6399173553719009,2517.7272727272725,0.9684731918096795,0.23347883241036002,R,0.21960072595281308,2026,Mike Paredes,MLB
702566,CH,42,85.36428571428571,4.1257142857142854,-12.0,6.423809523809524,5.298809523809524,-2.072857142857143,1425.404761904762,-0.7841271404123736,-0.6173660852226919,R,0.2,2026,Owen Murphy,MLB
702566,CU,33,79.28787878787878,-10.021818181818183,6.007272727272728,6.2727272727272725,5.583636363636363,-1.7975757575757576,2617.878787878788,0.5749611280321397,0.7925540622412429,R,0.15714285714285714,2026,Owen Murphy,MLB
702566,FF,110,92.86909090909091,18.77890909090909,-6.7789090909090906,6.3163636363636355,5.582818181818182,-1.781,2460.390909090909,-0.4482948072678415,-0.8913216804424846,R,0.5238095238095238,2026,Owen Murphy,MLB
702566,SL,25,87.824,8.750399999999999,3.0,6.303999999999999,5.5796,-1.814,2488.92,0.03596827998938255,-0.9359532665184598,R,0.11904761904761904,2026,Owen Murphy,MLB
702578,SI,11,95.7,7.876363636363636,-10.090909090909092,6.536363636363637,5.8945454545454545,-2.4681818181818183,1720.6363636363637,0.7845509880811625,-0.618988193764546,L,1.0,2026,Kyle McCoy,MLB
702752,CH,34,87.35000000000001,-3.9035294117647057,-13.044705882352941,6.120588235294117,4.944117647058824,-2.873529411764706,2063.323529411765,-0.9901122614088862,-0.12671048692865058,R,0.06500956022944551,2026,Jonathan Pintaro,MLB
702752,CU,24,82.34166666666667,-6.390000000000001,11.87,6.375,5.50875,-2.6308333333333334,2968.4166666666665,0.7996597641893638,0.5909358675548647,R,0.045889101338432124,2026,Jonathan Pintaro,MLB
702752,FC,277,91.12490974729242,7.848519855595668,3.4145848375451266,6.294584837545126,5.068375451263538,-2.904043321299639,2715.895306859206,-0.011526844308999805,-0.9392840976393124,R,0.5296367112810707,2026,Jonathan Pintaro,MLB
702752,FF,84,95.64761904761905,14.192857142857143,-8.11,6.460714285714286,5.056071428571428,-2.767738095238095,2455.035714285714,-0.7470629475472392,-0.6581340345307675,R,0.16061185468451242,2026,Jonathan Pintaro,MLB
702752,SI,104,94.84326923076924,1.2046153846153846,-15.795,6.290384615384616,4.977884615384616,-2.762019230769231,2238.326923076923,-0.872770092898282,-0.48339075952888677,R,0.1988527724665392,2026,Jonathan Pintaro,MLB
702885,CH,114,86.76140350877192,4.877894736842106,-15.274736842105263,5.801754385964912,5.596052631578948,-2.3764912280701758,1506.9561403508771,0.8803193412767338,-0.4393784982923336,L,0.304,2026,Cesar Perdomo,MLB
702885,FF,174,93.01896551724137,16.093793103448277,-8.360000000000001,5.763218390804598,5.858620689655172,-2.1099425287356324,2199.862068965517,0.6126697281946833,-0.7756572288891632,L,0.464,2026,Cesar Perdomo,MLB
702885,SL,87,85.63103448275862,1.9917241379310344,0.9613793103448276,5.797701149425287,5.622988505747126,-2.3385057471264368,2442.1264367816093,-0.23390881037293326,-0.2279735623764277,L,0.232,2026,Cesar Perdomo,MLB
703360,FF,16,94.5375,15.6375,-5.25,6.075,5.9475,-1.3299999999999998,2122.8125,-0.4190118190384353,-0.9062994381125427,R,1.0,2026,Jose Nova,MLB
703440,FF,15,93.78666666666666,16.48,-12.032,6.213333333333334,5.958666666666667,-1.6193333333333333,2174.866666666667,-0.6679051622187865,-0.7417637340015105,R,1.0,2026,Dylan Howard,MLB
703615,CH,64,86.7078125,3.0375,-15.40125,6.5296875,5.6703125,-1.9665625,1777.6875,-0.9502593675634191,-0.30075640026313183,R,0.13822894168466524,2026,Jose Cabrera,MLB
703615,CU,53,86.09811320754717,-0.8128301886792453,0.48000000000000004,6.441509433962263,6.066603773584905,-1.7141509433962263,2302.6603773584907,0.5252261557374261,0.5541317411824856,R,0.11447084233261338,2026,Jose Cabrera,MLB
703615,FC,108,90.0324074074074,7.845555555555556,0.7722222222222223,6.565740740740741,5.74574074074074,-2.0630555555555556,2398.9814814814813,-0.5200484904974211,-0.8235078103638733,R,0.23326133909287258,2026,Jose Cabrera,MLB
703615,FF,120,93.96916666666667,14.008999999999999,-10.789,6.58,5.813083333333334,-2.00775,2307.168067226891,-0.7642645154454076,-0.6395756806076912,R,0.2591792656587473,2026,Jose Cabrera,MLB
703615,SI,51,93.14509803921568,5.268235294117647,-16.884705882352943,6.5588235294117645,5.642549019607843,-1.9854901960784315,2130.529411764706,-0.8533920436260487,-0.5143616029669223,R,0.1101511879049676,2026,Jose Cabrera,MLB
703615,ST,67,83.57761194029851,2.8029850746268656,9.934925373134329,6.322388059701493,5.554029850746269,-2.1582089552238806,2521.10447761194,0.8726756383688551,0.40115956610260073,R,0.1447084233261339,2026,Jose Cabrera,MLB
703725,CH,234,81.69957264957266,-3.762051282051282,-11.945128205128205,6.835840707964602,5.125555555555556,-1.751025641025641,1542.076923076923,-0.9651798664974377,0.24785946907431847,R,0.36792452830188677,2026,Luis Gastelum,MLB
703725,FF,199,94.06582914572864,14.905326633165828,-10.707738693467338,6.7384615384615385,5.435427135678393,-1.686934673366834,2544.9849246231156,-0.716566701414604,-0.6937824420201495,R,0.3128930817610063,2026,Luis Gastelum,MLB
703725,SI,57,93.30526315789473,6.713684210526316,-16.02315789473684,6.753703703703703,5.2973684210526315,-1.7117543859649123,2365.2105263157896,-0.7827997018690477,-0.6176104838370826,R,0.08962264150943396,2026,Luis Gastelum,MLB
703725,ST,146,84.52465753424657,0.04849315068493149,12.192328767123287,6.656164383561643,5.321575342465754,-1.7557534246575341,2380.705479452055,0.846066662526537,0.5154486142774442,R,0.22955974842767296,2026,Luis Gastelum,MLB
800048,CH,743,85.89851951547779,1.620565275908479,-14.873378196500672,6.276923076923077,5.376675639300134,-1.2179946164199194,1864.06342780027,0.848856396482133,-0.5188827730127225,L,0.23882995821279332,2026,Parker Messick,MLB
800048,CU,258,79.14961240310078,-5.906511627906977,13.965116279069768,6.443579766536965,5.50875968992248,-1.0439147286821704,2289.8793774319065,-0.6797782303256159,0.7257309965676615,L,0.08293153326904533,2026,Parker Messick,MLB
800048,FC,141,90.55602836879433,9.782978723404256,2.4348936170212765,6.527142857142857,5.441985815602838,-1.0280851063829788,2152.8,0.04287931205249894,-0.9742995241504702,L,0.04532304725168756,2026,Parker Messick,MLB
800048,FF,1295,94.36749034749035,16.535907335907336,-5.388324324324325,6.546249033255993,5.430996138996139,-0.9645482625482625,2181.3952049497293,0.4906378616744398,-0.868534051717566,L,0.41626486660237866,2026,Parker Messick,MLB
800048,SI,468,92.83247863247863,10.031025641025641,-13.152564102564101,6.492703862660944,5.409465811965812,-1.0742307692307693,2067.738197424893,0.5863371744853314,-0.8073509950463928,L,0.15043394406943106,2026,Parker Messick,MLB
800048,SL,206,86.95339805825243,4.052621359223301,5.466407766990291,6.5063106796116505,5.47135922330097,-1.0122815533980583,2380.2815533980583,-0.5563532152422113,-0.7449947882991688,L,0.0662166505946641,2026,Parker Messick,MLB
800311,FF,929,97.34122712594187,14.744628632938644,-9.985575888051669,6.879009687836383,4.98048439181916,-2.4564693218514533,2107.7212055974164,-0.6738438040724176,-0.7337810587554031,R,0.671242774566474,2026,Didier Fuentes,MLB
800311,FS,108,88.89166666666667,4.993333333333333,-17.084444444444447,6.809259259259259,4.7988888888888885,-2.529074074074074,1913.962962962963,-0.939241834607907,-0.3203561799324064,R,0.07803468208092486,2026,Didier Fuentes,MLB
800311,SL,347,85.38270893371758,0.7286455331412104,5.951930835734871,6.80806916426513,4.93878962536023,-2.5279250720461093,2471.4380403458213,0.8289184696096867,-0.3598705432998844,R,0.25072254335260113,2026,Didier Fuentes,MLB
800600,CH,139,85.37194244604316,6.645755395683453,-15.796834532374103,6.881294964028777,5.325755395683453,-2.2011510791366904,1808.0503597122301,0.8985783804691949,-0.4330092177580919,L,0.20531757754800592,2026,Jackson Kent,MLB
800600,CU,96,79.12291666666667,-15.055,5.9925,6.878125,5.888645833333334,-1.6347916666666666,2517.5729166666665,-0.41310078279284085,0.9078450598492802,L,0.14180206794682423,2026,Jackson Kent,MLB
800600,FF,212,93.11556603773585,15.914150943396228,-5.4673584905660375,7.041037735849057,5.580707547169811,-1.9266981132075471,2096.443396226415,0.4614806204969155,-0.884376379230646,L,0.31314623338257014,2026,Jackson Kent,MLB
800600,SI,87,92.86551724137931,12.157241379310346,-13.590344827586208,6.967816091954023,5.507011494252874,-2.0313793103448274,2238.4137931034484,0.5065771450394014,-0.8590301723027555,L,0.12850812407680945,2026,Jackson Kent,MLB
800600,SL,143,86.37412587412588,2.364755244755245,2.05006993006993,6.991608391608391,5.557972027972028,-1.9954545454545456,2278.755244755245,-0.6271718032052428,-0.5742916125489806,L,0.21122599704579026,2026,Jackson Kent,MLB
800686,FC,25,87.708,4.7904,5.256,6.064,5.472799999999999,-1.2944,2439.96,0.42312294926539595,-0.7696526435755277,R,1.0,2026,Parker Carlson,MLB
801139,CH,65,88.62923076923076,1.3163076923076924,-10.753846153846155,7.252307692307692,5.283846153846154,-2.8447692307692307,1005.0,0.9173254781637745,-0.3838764360074374,L,0.02748414376321353,2026,Payton Tolle,MLB
801139,CU,224,82.93973214285714,-4.538571428571428,6.987321428571429,7.176785714285714,5.592053571428571,-2.637857142857143,2434.9821428571427,-0.9285301426507282,0.336408839146696,L,0.09471458773784355,2026,Payton Tolle,MLB
801139,FC,465,88.67720430107528,7.317677419354839,2.400774193548387,7.18258064516129,5.456537634408602,-2.7595698924731185,2365.141935483871,0.20549611406718774,-0.9419120799007646,L,0.19661733615221988,2026,Payton Tolle,MLB
801139,FF,1042,96.11113243761996,15.599078694817658,-9.717696737044147,7.35274302213667,5.480038387715931,-2.731948176583493,2270.288739172281,0.683898259454342,-0.725159118149205,L,0.44059196617336155,2026,Payton Tolle,MLB
801139,SI,569,94.79173989455184,9.83683655536028,-16.921054481546573,7.343893805309735,5.460808435852372,-2.761581722319859,2263.849557522124,0.6927889646104883,-0.7178472684208876,L,0.2405919661733615,2026,Payton Tolle,MLB
801403,CH,86,90.62441860465115,3.0641860465116277,-14.040000000000001,6.5127906976744185,5.102790697674418,-1.820813953488372,1886.4651162790697,-0.9395244266113018,-0.33612357064061266,R,0.10941475826972011,2026,Chase Dollander,MLB
801403,CU,64,79.803125,-8.22375,14.41875,6.4859375,5.33984375,-1.7278125,2751.515625,0.8843735314415855,0.45245659901221313,R,0.08142493638676845,2026,Chase Dollander,MLB
801403,FF,291,98.84364261168385,12.97979381443299,-11.585979381443298,6.358419243986254,5.174123711340206,-1.8557731958762886,2355.539518900344,-0.796779349558316,-0.6008550672761597,R,0.3702290076335878,2026,Chase Dollander,MLB
801403,SI,190,98.18736842105262,6.054947368421053,-17.18778947368421,6.369473684210527,5.171631578947369,-1.8315263157894737,2395.2736842105264,-0.8065339659751943,-0.5880195689146935,R,0.24173027989821882,2026,Chase Dollander,MLB
801403,SL,114,87.56754385964913,-0.32631578947368417,6.169473684210526,6.456140350877193,5.16719298245614,-1.8248245614035088,2706.4912280701756,0.8886816883194593,-0.3412005337326106,R,0.1450381679389313,2026,Chase Dollander,MLB
801403,ST,41,85.6951219512195,6.371707317073171,9.389268292682926,6.531707317073171,5.129756097560976,-1.83,2717.8536585365855,0.9788928803667879,-0.008780863373459565,R,0.05216284987277354,2026,Chase Dollander,MLB
801434,FC,19,90.22105263157896,10.509473684210526,0.9600000000000001,7.694736842105263,5.353684210526316,-2.3989473684210525,2268.5263157894738,-0.3762076210208259,-0.9113377927112621,R,0.15447154471544716,2026,Paul Gervase,MLB
801434,FF,55,92.70181818181818,15.824727272727273,-6.746181818181818,7.7309090909090905,5.517090909090909,-2.239272727272727,2205.2727272727275,-0.5427149492923656,-0.8346209288281988,R,0.44715447154471544,2026,Paul Gervase,MLB
801434,SL,49,83.0326530612245,-4.7975510204081635,5.708571428571429,7.610204081632652,5.49734693877551,-2.32265306122449,2363.918367346939,0.9029616174287074,0.30260190711243545,R,0.3983739837398374,2026,Paul Gervase,MLB
801517,FF,15,92.32666666666667,14.448,-4.96,6.92,5.322666666666667,-2.666,2462.2,0.6885607190760418,-0.7230561239492806,L,0.5357142857142857,2026,Spencer Giesting,MLB
801517,ST,13,81.93846153846154,0.8769230769230768,17.593846153846155,6.8076923076923075,5.076153846153845,-2.918461538461538,2842.5384615384614,-0.9086380089482914,0.41045397501823505,L,0.4642857142857143,2026,Spencer Giesting,MLB
801725,FS,26,83.9346153846154,-2.363076923076923,-7.56923076923077,6.061538461538461,6.32923076923077,-1.893846153846154,1123.3461538461538,0.9633549994176845,-0.23539572566997957,L,0.20634920634920634,2026,Luis De León,MLB
801725,SI,85,95.87176470588236,7.689882352941177,-17.98729411764706,5.9011764705882355,6.160470588235294,-1.9388235294117648,2349.576470588235,0.8148575124142894,-0.574847665937517,L,0.6746031746031746,2026,Luis De León,MLB
801725,SL,15,88.12666666666668,1.472,1.792,5.826666666666667,5.996666666666667,-2.226,2723.866666666667,-0.5939781369593929,0.2445260125871251,L,0.11904761904761904,2026,Luis De León,MLB
801739,FF,23,98.9391304347826,15.57391304347826,-6.761739130434783,5.873913043478261,6.464347826086957,-1.695217391304348,2357.782608695652,-0.49788549229400325,-0.8654429690738139,R,0.39655172413793105,2026,Carlos Lagrange,MLB
801739,SL,23,90.53478260869566,6.307826086956522,3.5895652173913044,5.843478260869565,6.542608695652174,-1.7630434782608695,2306.521739130435,-0.031457534855763705,-0.9802845610786892,R,0.39655172413793105,2026,Carlos Lagrange,MLB
801739,ST,12,81.66666666666667,1.95,15.910000000000002,5.6499999999999995,6.171666666666667,-2.256666666666667,2542.75,0.9136856514313844,0.3988501957756356,R,0.20689655172413793,2026,Carlos Lagrange,MLB
802087,FF,11,92.2090909090909,18.403636363636362,-7.647272727272727,6.3,6.0,-1.2281818181818183,2330.181818181818,0.48832211020248,-0.8711695271939959,L,1.0,2026,Frankeli Arias,MLB
802363,FF,24,93.89583333333333,15.730000000000002,-9.270000000000001,6.408333333333334,5.204583333333333,-1.125,2281.2083333333335,-0.6488541822095546,-0.7597118295268839,R,1.0,2026,Jordan Geber,MLB
802372,FC,16,88.9625,4.3725,3.5250000000000004,6.15,5.241875,-2.293125,2231.125,-0.2975509968827612,-0.2002578835478862,R,0.4,2026,Griffin Green,MLB
802372,SI,24,93.40833333333335,3.4299999999999997,-15.049999999999999,6.216666666666666,5.3116666666666665,-2.2529166666666667,2096.7916666666665,-0.8929319820925063,-0.4443888585639793,R,0.6,2026,Griffin Green,MLB
802408,CU,59,78.35762711864407,-10.423728813559322,7.596610169491525,6.376271186440678,5.386949152542373,-3.156779661016949,2362.576271186441,-0.6702574041296432,0.7386579655695452,L,0.19732441471571907,2026,Brycen Mautz,MLB
802408,FF,116,93.50172413793103,12.824482758620691,-10.112068965517242,6.466379310344828,5.307068965517241,-3.2630172413793104,2239.2844827586205,0.7816188580082214,-0.6180789753157389,L,0.3879598662207358,2026,Brycen Mautz,MLB
802408,SI,44,93.22045454545454,4.101818181818182,-17.66181818181818,6.538636363636363,5.166818181818182,-3.3686363636363637,2320.0227272727275,0.7987439604641987,-0.5741793246195829,L,0.14715719063545152,2026,Brycen Mautz,MLB
802408,SL,80,83.58875,-1.671,1.212,6.491249999999999,5.1450000000000005,-3.332,2516.925,-0.598832761489817,0.5927243368301724,L,0.26755852842809363,2026,Brycen Mautz,MLB
804267,CH,58,84.38793103448276,10.069655172413793,-15.453103448275861,6.243103448275862,6.062931034482758,-2.651551724137931,1839.7413793103449,0.7919337713272918,-0.6072902051846634,L,0.046141607000795545,2026,Zac Thornton,MLB
804267,CU,42,76.01666666666667,-10.5,5.9,6.402380952380952,6.345714285714285,-1.9733333333333332,2471.1428571428573,-0.6133073818651643,0.7836570255819659,L,0.03341288782816229,2026,Zac Thornton,MLB
804267,FC,399,88.53934837092731,8.886315789473684,3.4381954887218042,6.240100250626567,6.107293233082706,-2.5579448621553884,2412.4536340852133,0.12259627085544259,-0.9660263542258748,L,0.31742243436754175,2026,Zac Thornton,MLB
804267,FF,320,92.2921875,17.686875,-6.349125,6.2371875,6.4158437500000005,-2.0516562499999997,2281.678125,0.4049636026953943,-0.9106605507721655,L,0.2545743834526651,2026,Zac Thornton,MLB
804267,SI,139,92.19280575539568,12.209784172661871,-15.356546762589927,6.230935251798561,6.021151079136691,-2.655611510791367,2293.8489208633096,0.6263167463272581,-0.7736765178087185,L,0.1105807478122514,2026,Zac Thornton,MLB
804267,SL,101,84.6930693069307,1.7572277227722772,4.92,6.366336633663367,6.0737623762376245,-2.476732673267327,2397.5742574257424,-0.7103662144339213,-0.4381230408157658,L,0.08035003977724742,2026,Zac Thornton,MLB
804267,ST,198,79.96565656565657,1.1109090909090908,12.792727272727273,6.297979797979798,6.1090909090909085,-2.5136363636363637,2474.1522842639592,-0.8661312714068224,0.45770923073692216,L,0.1575178997613365,2026,Zac Thornton,MLB
804541,FF,12,93.95,12.17,-9.32,6.325,5.445833333333333,-1.9841666666666666,2283.3333333333335,-0.7175929993713899,-0.6949877727587466,R,0.3157894736842105,2026,Gary Gill Hill,MLB
804541,SI,14,93.45,4.525714285714286,-13.774285714285714,6.278571428571429,5.357142857142857,-2.0349999999999997,2162.1428571428573,-0.7098059547308609,-0.6260828618685406,R,0.3684210526315789,2026,Gary Gill Hill,MLB
804541,SL,12,86.01666666666667,1.92,4.69,6.266666666666667,5.395833333333333,-2.0733333333333333,2336.5,0.6643087716944835,-0.413425046464982,R,0.3157894736842105,2026,Gary Gill Hill,MLB
804619,CH,40,86.61,2.625,-13.758000000000001,6.779999999999999,5.93325,-1.2870000000000001,1574.45,-0.8144381079822303,-0.5745276828101966,R,0.2702702702702703,2026,John Klein,MLB
804619,CU,16,80.3875,-11.3775,10.7325,6.6375,6.126875,-1.195,2454.5,0.622632852230863,0.7792095776957693,R,0.10810810810810811,2026,John Klein,MLB
804619,FC,14,86.60714285714286,4.945714285714287,2.7771428571428567,6.835714285714286,5.927142857142857,-1.3457142857142856,2212.6428571428573,0.08646089832069578,-0.9208911922649009,R,0.0945945945945946,2026,John Klein,MLB
804619,FF,68,94.75441176470588,16.390588235294118,-11.308235294117647,6.811764705882353,6.112058823529412,-1.1370588235294117,2397.1176470588234,-0.6388314503142549,-0.7650224990020945,R,0.4594594594594595,2026,John Klein,MLB
804619,ST,10,82.32000000000001,5.868,8.508,6.67,5.856,-1.282,2303.4,0.9288477907702528,0.3364709282847966,R,0.06756756756756757,2026,John Klein,MLB
804636,CH,158,86.8632911392405,8.220759493670887,-13.735443037974683,6.649367088607594,5.669113924050633,-2.646139240506329,1652.5506329113923,-0.8196659753446639,-0.5645065185812573,R,0.255663430420712,2026,Jonah Tong,MLB
804636,CU,57,79.56491228070175,-12.51157894736842,7.427368421052631,6.568421052631579,5.6729824561403515,-2.9554385964912284,2723.438596491228,0.5608901883231088,0.8217434681676089,R,0.09223300970873786,2026,Jonah Tong,MLB
804636,FC,126,90.69682539682539,12.743809523809524,2.292380952380952,6.546825396825397,5.6611111111111105,-2.944920634920635,2190.3888888888887,-0.041293982523599476,-0.9882737945171524,R,0.20388349514563106,2026,Jonah Tong,MLB
804636,FF,277,94.96425992779783,18.811841155234656,-6.16158844765343,6.636823104693141,5.785667870036101,-2.644548736462094,2238.516245487365,-0.37391017768501633,-0.9242947897913603,R,0.4482200647249191,2026,Jonah Tong,MLB
804926,FC,25,87.344,4.5648,3.1776,6.8,5.3436,-1.922,2274.28,0.3466127603269271,-0.90722944042098,R,0.2777777777777778,2026,Austin Peterson,MLB
804926,FF,20,91.925,15.396,-7.290000000000001,6.8,5.4965,-1.6934999999999998,2270.55,-0.54466696445726,-0.8320772610665366,R,0.2222222222222222,2026,Austin Peterson,MLB
804926,SI,21,92.91428571428571,8.8,-14.805714285714286,6.895238095238096,5.432380952380952,-1.7204761904761905,2164.095238095238,-0.6384705296288237,-0.7648186870177943,R,0.23333333333333334,2026,Austin Peterson,MLB
804926,ST,24,81.04583333333333,2.285,13.615,6.7,5.25125,-1.9974999999999998,2232.0,0.9668666136196097,0.23070031576987957,R,0.26666666666666666,2026,Austin Peterson,MLB
805074,FF,170,93.00058823529412,14.445882352941178,-8.107764705882353,6.926470588235294,6.113941176470589,-1.3691764705882352,1859.0529411764705,-0.5081041060615497,-0.8579225125850368,R,0.4461942257217848,2026,Yunior Marte,MLB
805074,FS,53,82.70943396226416,3.697358490566038,-7.369811320754717,7.032075471698113,6.086603773584905,-1.4916981132075473,980.2264150943396,-0.7163878010505685,-0.6900084849565679,R,0.13910761154855644,2026,Yunior Marte,MLB
805074,SL,158,85.16708860759493,0.28101265822784816,1.8865822784810125,6.75126582278481,6.03620253164557,-1.684746835443038,2278.993670886076,0.7781113816829759,-0.08089062663591257,R,0.4146981627296588,2026,Yunior Marte,MLB
805123,CH,356,85.89747191011236,3.514044943820225,-16.10123595505618,6.331444759206799,6.0762359550561795,-2.410870786516854,2357.3483146067415,-0.9406944559014973,-0.32197950381200796,R,0.2078225335668418,2026,AJ Blubaugh,MLB
805123,CU,16,80.54375,-12.705,8.9775,6.435714285714285,6.14875,-2.26875,2347.5625,0.6148515459654574,0.7833871596137767,R,0.009340338587273789,2026,AJ Blubaugh,MLB
805123,FC,77,89.1025974025974,8.49974025974026,2.932987012987013,6.464383561643835,6.085844155844156,-2.2133766233766234,2370.714285714286,-0.22555222032332212,-0.9454421540236548,R,0.04495037945125511,2026,AJ Blubaugh,MLB
805123,FF,872,95.80779816513761,17.101100917431193,-10.651100917431194,6.509291521486643,6.125,-2.2363990825688074,2268.8188073394494,-0.6112898592018933,-0.7881474457993571,R,0.5090484530064214,2026,AJ Blubaugh,MLB
805123,ST,392,84.75586734693879,3.501122448979592,12.014387755102042,6.4569230769230765,5.9983673469387755,-2.3538520408163266,2626.420918367347,0.9405864148350653,0.30076808671291705,R,0.22883829538820782,2026,AJ Blubaugh,MLB
805291,FC,19,91.53157894736842,6.461052631578948,2.791578947368421,6.489473684210526,5.32578947368421,-1.7231578947368422,2146.0526315789475,-0.16952259731704852,-0.9369487851675791,R,1.0,2026,Vince Reilly,MLB
805299,FC,149,94.17046979865772,7.645369127516779,-0.8311409395973155,5.436241610738255,5.661342281879194,-1.6763758389261745,2276.510067114094,0.6235425757063683,-0.7415261549809529,L,0.20694444444444443,2026,Brandyn Garcia,MLB
805299,SI,351,97.21396011396011,2.3312820512820513,-16.22358974358974,5.45014245014245,5.643532763532764,-1.6665527065527066,2266.3133903133903,0.8579591046215279,-0.49950479194508535,L,0.4875,2026,Brandyn Garcia,MLB
805299,ST,220,87.60272727272726,4.095272727272728,11.795454545454545,5.470000000000001,5.513545454545454,-1.7336818181818183,2590.2090909090907,-0.9461997604002356,0.2632399814701172,L,0.3055555555555556,2026,Brandyn Garcia,MLB
805326,CH,53,88.36792452830188,4.342641509433962,-13.788679245283017,6.284905660377359,5.760188679245283,-2.3879245283018866,2220.9056603773583,0.681937114005023,-0.6818317060069099,L,0.09363957597173145,2026,Tyler Schweitzer,MLB
805326,CU,38,81.83157894736841,-5.365263157894737,6.656842105263158,6.431578947368421,5.839736842105263,-2.2089473684210525,2649.5526315789475,-0.5887982093044054,0.7955297957094745,L,0.06713780918727916,2026,Tyler Schweitzer,MLB
805326,FF,217,94.01336405529955,15.28811059907834,-3.391520737327189,6.25299539170507,5.864377880184332,-2.1676036866359447,2399.5806451612902,0.4079569571415577,-0.9087520697771351,L,0.3833922261484099,2026,Tyler Schweitzer,MLB
805326,SI,24,92.41666666666667,9.790000000000001,-12.4,6.266666666666667,5.829999999999999,-2.2608333333333333,2458.0833333333335,0.4471105198179815,-0.8797450196031878,L,0.04240282685512368,2026,Tyler Schweitzer,MLB
805326,SL,211,88.19857819905214,4.316018957345971,3.8741232227488154,6.340758293838863,5.81085308056872,-2.290521327014218,2403.4976303317535,-0.16756103323849483,-0.8534898158005487,L,0.37279151943462896,2026,Tyler Schweitzer,MLB
805326,ST,23,83.1,-1.2469565217391305,14.384347826086955,6.408695652173913,5.682608695652173,-2.3882608695652174,2669.5652173913045,-0.7611345310723668,0.6194444667227561,L,0.04063604240282685,2026,Tyler Schweitzer,MLB
805345,CU,66,78.38030303030304,-18.089090909090906,3.6290909090909094,6.677272727272727,6.164242424242425,-0.3886363636363636,2656.621212121212,0.17276794866165526,0.9828747648244837,R,0.18082191780821918,2026,Trent Harris,MLB
805345,FC,110,94.00818181818181,14.993454545454545,2.401090909090909,6.71909090909091,6.116909090909091,-0.39890909090909094,2254.827272727273,-0.018007805068308822,-0.9958736733990013,R,0.3013698630136986,2026,Trent Harris,MLB
805345,SI,82,93.89024390243902,12.687804878048782,-8.277073170731708,6.70609756097561,6.067317073170732,-0.6182926829268293,2258.0975609756097,-0.07014228099865581,-0.9908449983890077,R,0.22465753424657534,2026,Trent Harris,MLB
805345,ST,107,85.02616822429906,-1.5521495327102806,17.01196261682243,6.677570093457944,6.0557009345794395,-0.7670093457943925,2638.1028037383176,0.7672209160869375,0.6061619820186471,R,0.29315068493150687,2026,Trent Harris,MLB
805427,CH,24,88.31666666666666,-0.8249999999999998,-15.18,7.420833333333333,4.52375,-2.955833333333333,1775.4166666666667,0.9840095571725253,-0.16466593982071764,L,0.037383177570093455,2026,Drew Sommers,MLB
805427,FF,219,94.90182648401826,10.59068493150685,-12.973150684931506,7.2465753424657535,4.72703196347032,-2.909771689497717,2208.3561643835615,0.8872572662168395,-0.43362835855645754,L,0.3411214953271028,2026,Drew Sommers,MLB
805427,SI,269,95.01226765799257,4.073308550185874,-16.88297397769517,7.3256505576208175,4.663568773234201,-2.901710037174721,2168.260223048327,0.8577570934474802,-0.5024805179605246,L,0.4190031152647975,2026,Drew Sommers,MLB
805427,SL,130,83.41461538461539,-1.5526153846153847,10.128923076923076,7.2615384615384615,4.715076923076923,-2.8946923076923077,2324.869230769231,-0.8665920996726193,0.48852791571049126,L,0.20249221183800623,2026,Drew Sommers,MLB
805673,CH,280,86.74964285714286,4.429285714285714,-14.635285714285715,6.423214285714286,5.642464285714286,-2.2696785714285714,1516.5464285714286,-0.901452288096678,-0.421931186958664,R,0.13226263580538497,2026,Zebby Matthews,MLB
805673,CU,235,79.84595744680851,-8.858553191489362,8.457191489361703,6.194893617021276,5.892765957446809,-2.236595744680851,2355.4340425531914,0.6962609950119981,0.7122748167242908,R,0.11100614076523382,2026,Zebby Matthews,MLB
805673,FC,263,90.8703422053232,9.681216730038022,0.33992395437262357,6.366920152091255,5.765399239543726,-2.3589733840304183,2491.3041825095056,-0.3431470853024393,-0.9240544931127675,R,0.12423240434577232,2026,Zebby Matthews,MLB
805673,FF,757,95.18282694848084,16.085072655217964,-8.83783355350066,6.4552179656538975,5.913949801849405,-2.1160766182298545,2291.8454425363275,-0.5711746539788362,-0.8166676402683404,R,0.35758148323098726,2026,Zebby Matthews,MLB
805673,SI,99,95.19292929292929,11.185454545454544,-15.527272727272727,6.440404040404041,5.701313131313131,-2.312020202020202,2318.4545454545455,-0.6626123164384758,-0.7459456433766756,R,0.04676428908833254,2026,Zebby Matthews,MLB
805673,SL,483,87.2583850931677,2.9664596273291925,3.476024844720497,6.3097308488612835,5.8591511387163555,-2.3006211180124225,2387.768115942029,0.4656703902417442,-0.7046575071391921,R,0.22815304676428907,2026,Zebby Matthews,MLB
806188,CH,80,86.38875,1.29,-12.0735,5.985,5.66475,-1.6065,1720.85,0.8819190749021043,-0.46012698934762425,L,0.0881057268722467,2026,Cade Gibson,MLB
806188,CU,193,79.03264248704663,-15.363730569948185,14.373886010362694,5.806735751295337,5.846217616580311,-1.413419689119171,3110.544041450777,-0.6682804948310407,0.7412554965925598,L,0.21255506607929514,2026,Cade Gibson,MLB
806188,FF,45,91.95555555555555,14.48,-9.610666666666667,5.984444444444445,5.742666666666667,-1.551111111111111,2330.511111111111,0.6999686641093308,-0.7097801778823415,L,0.04955947136563876,2026,Cade Gibson,MLB
806188,SI,205,92.15268292682927,6.817170731707317,-15.573658536585365,5.998529411764706,5.670731707317073,-1.5725365853658537,2286.4950980392155,0.7259502874788365,-0.6834272948620932,L,0.22577092511013216,2026,Cade Gibson,MLB
806188,SL,144,87.32013888888889,6.0275,3.3,6.003472222222222,5.6225,-1.6474305555555555,2830.465277777778,-0.03484362999386218,-0.8473821579485772,L,0.15859030837004406,2026,Cade Gibson,MLB
806188,ST,241,80.16721991701245,0.08464730290456433,21.432697095435685,5.868049792531121,5.401659751037344,-1.930207468879668,3173.804979253112,-0.8899028485629964,0.4426609656431723,L,0.2654185022026432,2026,Cade Gibson,MLB
806960,CH,38,89.1921052631579,9.55578947368421,-15.628421052631579,6.189473684210526,5.582894736842105,-1.8505263157894736,2024.921052631579,-0.640097290475088,-0.7427454288595879,R,0.09336609336609336,2026,Luis Morales,MLB
806960,FF,179,97.14245810055866,14.623240223463688,-8.59709497206704,6.096648044692738,5.647932960893855,-1.7765921787709498,2425.3016759776538,-0.4630548920200347,-0.8822698267678598,R,0.4398034398034398,2026,Luis Morales,MLB
806960,SI,46,96.46521739130434,12.070434782608697,-14.415652173913044,6.119565217391305,5.655869565217392,-1.8006521739130434,2419.4347826086955,-0.5136959110025578,-0.8533185523125677,R,0.11302211302211303,2026,Luis Morales,MLB
806960,SL,95,85.69684210526316,5.186526315789474,9.563368421052632,6.025263157894736,5.6,-1.8521052631578947,2825.6315789473683,0.9387823006181273,0.04608089098420565,R,0.2334152334152334,2026,Luis Morales,MLB
806960,ST,49,80.58775510204082,-4.55265306122449,17.0865306122449,5.922448979591836,5.731428571428571,-2.013877551020408,2943.285714285714,0.7864566647865658,0.5841020571410603,R,0.12039312039312039,2026,Luis Morales,MLB
807739,CH,96,84.43229166666667,8.05625,-12.1575,6.8062499999999995,6.053020833333334,-1.2491666666666668,1508.6354166666667,0.8012112126706619,-0.5937416395962936,L,0.17744916820702403,2026,Kade Anderson,MLB
807739,CU,83,81.87710843373495,-9.59710843373494,7.519518072289157,6.7855421686746995,6.072289156626506,-1.335421686746988,2543.012048192771,-0.5474842021507097,0.8283435555492151,L,0.1534195933456562,2026,Kade Anderson,MLB
807739,FF,219,93.49543378995433,16.057534246575344,-6.712328767123288,6.918721461187215,5.945433789954338,-1.2892237442922374,2030.1004566210045,0.5310939622574086,-0.8434557781573836,L,0.4048059149722736,2026,Kade Anderson,MLB
807739,SI,10,93.0,11.004,-12.408,6.94,5.8950000000000005,-2.566,1937.2,0.554813313774437,-0.8288340535487227,L,0.018484288354898338,2026,Kade Anderson,MLB
807739,SL,133,87.90075187969924,-0.4646616541353384,4.4796992481203,6.76390977443609,5.987894736842105,-1.566315789473684,2336.7744360902257,-0.8756119526250936,-0.019636309324191956,L,0.24584103512014788,2026,Kade Anderson,MLB
807743,CH,65,77.05538461538463,9.088615384615384,-10.04676923076923,7.7784615384615385,5.601846153846154,-2.9715384615384615,1675.6307692307691,0.8037494417104788,-0.5909453335450997,L,0.15776699029126215,2026,Sean Sullivan,MLB
807743,FC,62,82.69516129032259,5.349677419354839,2.549032258064516,7.488709677419355,5.401935483870968,-3.5341935483870968,2286.6612903225805,0.0425930223728042,-0.8463572367477582,L,0.15048543689320387,2026,Sean Sullivan,MLB
807743,FF,189,87.63227513227513,13.520000000000001,-10.309206349206349,7.7137566137566145,5.510105820105821,-3.344021164021164,2256.1481481481483,0.6741867288368163,-0.7355595463195501,L,0.4587378640776699,2026,Sean Sullivan,MLB
807743,SI,24,86.61666666666667,9.725,-11.700000000000001,7.695833333333333,5.348333333333333,-3.38125,2260.8333333333335,0.6882284620682948,-0.6772475295868116,L,0.05825242718446602,2026,Sean Sullivan,MLB
807743,ST,72,75.36944444444445,-4.0616666666666665,11.411666666666667,7.3500000000000005,5.570972222222222,-3.3745833333333333,2330.7361111111113,-0.7421932797490132,0.6593324053753622,L,0.17475728155339806,2026,Sean Sullivan,MLB
807744,SI,23,94.55652173913045,7.434782608695652,-16.330434782608698,5.57391304347826,5.334782608695653,-1.4791304347826084,2291.5652173913045,-0.806047843381358,-0.5865759504696392,R,0.6764705882352942,2026,Ty Cummings,MLB
807744,SL,11,84.89090909090909,-0.6654545454545454,3.6218181818181816,5.7,5.299090909090909,-1.5581818181818183,2275.818181818182,0.8496954019791169,0.024308840927253363,R,0.3235294117647059,2026,Ty Cummings,MLB
808825,CH,47,87.50425531914894,2.1804255319148935,-12.694468085106383,6.75531914893617,5.256808510638297,-2.2125531914893615,1583.7021276595744,0.7857570136429028,-0.6095661240661042,L,0.12912087912087913,2026,Andrew Sears,MLB
808825,FF,163,93.99570552147239,13.918527607361963,-11.513374233128834,6.736809815950919,5.2773619631901845,-2.117484662576687,2189.6993865030677,0.7676009344846493,-0.6368708869289647,L,0.4478021978021978,2026,Andrew Sears,MLB
808825,SI,43,92.93023255813954,8.882790697674418,-16.325581395348838,6.9186046511627906,5.192325581395349,-2.1790697674418604,2366.3255813953488,0.705516441414088,-0.7061094643637041,L,0.11813186813186813,2026,Andrew Sears,MLB
808825,SL,111,82.2855855855856,0.33297297297297307,5.554594594594594,6.694594594594594,5.12990990990991,-2.383783783783784,2328.3513513513512,-0.9651670409913988,-0.10615858790266859,L,0.30494505494505497,2026,Andrew Sears,MLB
808833,FF,14,94.00714285714285,14.94,-7.5685714285714285,5.857142857142857,5.671428571428572,-2.424285714285714,2299.8571428571427,-0.6009415799293957,-0.7974423653594497,R,1.0,2026,Brady Afthim,MLB
808963,FF,928,97.86379310344829,16.01094827586207,-9.737327586206897,7.102047413793104,6.229493534482759,-1.7914008620689656,2277.3836206896553,-0.6077424505587005,-0.791399659913625,R,0.4216265333939119,2026,Roki Sasaki,MLB
808963,FO,179,85.28882681564247,-3.0516201117318436,-3.2420111731843577,7.132960893854748,6.273407821229051,-1.751508379888268,589.9441340782123,-0.8128876691686203,0.3977250804661998,R,0.0813266696955929,2026,Roki Sasaki,MLB
808963,FS,629,90.25818759936408,1.10060413354531,-7.072559618441972,7.1694753577106525,6.25241653418124,-1.713195548489666,921.1430842607314,-0.8901097575568855,-0.4054164342685033,R,0.28577919127669243,2026,Roki Sasaki,MLB
808963,SL,465,86.62193548387096,-1.7228387096774194,1.3316129032258066,7.06989247311828,6.250258064516129,-1.7993978494623657,2050.7247311827955,0.8083081781549738,0.43882488918359563,R,0.2112676056338028,2026,Roki Sasaki,MLB
808967,CU,375,76.85679999999999,-15.960959999999998,12.49696,6.593315508021391,5.5584533333333335,-1.6823466666666667,2812.1626666666666,0.5761101906084907,0.8143009985093531,R,0.13388075687254553,2026,Yoshinobu Yamamoto,MLB
808967,FC,413,91.62082324455206,8.180629539951573,3.110121065375303,6.5200968523002425,5.331210653753026,-2.0159806295399516,2472.1525423728813,-0.0295482868159362,-0.9679008075697704,R,0.14744734023563014,2026,Yoshinobu Yamamoto,MLB
808967,FF,727,96.08321870701513,16.11053645116919,-8.281980742778542,6.559559834938102,5.4058184319119675,-1.954869325997249,2250.0275103163685,-0.5929973970514635,-0.8023001710440663,R,0.2595501606569082,2026,Yoshinobu Yamamoto,MLB
808967,FS,747,91.47081659973226,1.8403212851405624,-11.72144578313253,6.591164658634539,5.377255689424364,-1.9698527443105756,1436.6104417670683,-0.8556658017461071,-0.5030577941236415,R,0.2666904676901107,2026,Yoshinobu Yamamoto,MLB
808967,SI,366,95.47978142076502,11.662950819672131,-14.426885245901639,6.554644808743169,5.367103825136612,-1.9459562841530056,2310.9836065573772,-0.5543710662666976,-0.8292065516752128,R,0.13066761870760443,2026,Yoshinobu Yamamoto,MLB
808967,SL,173,86.90693641618496,1.8672832369942198,5.454104046242775,6.535838150289018,5.378265895953757,-1.8742774566473988,2770.7456647398844,0.8989655764624673,-0.06538233658916937,R,0.061763655837201,2026,Yoshinobu Yamamoto,MLB
808970,CU,13,81.4,-13.393846153846154,10.458461538461538,6.269230769230769,5.243846153846154,-1.2815384615384615,2674.153846153846,0.6213708853554482,0.7778481143350848,R,0.1511627906976744,2026,Woo-Suk Go,MLB
808970,FF,34,94.4735294117647,14.936470588235295,-6.952941176470588,6.285294117647059,5.164999999999999,-1.5094117647058825,2233.0588235294117,-0.5622001027106679,-0.823442334612881,R,0.3953488372093023,2026,Woo-Suk Go,MLB
808970,FS,10,88.78,6.132,-9.011999999999999,6.37,5.196,-1.4469999999999998,1266.7,-0.6953833130608051,-0.7150863838768771,R,0.11627906976744186,2026,Woo-Suk Go,MLB
808970,SL,29,90.51379310344828,4.853793103448275,0.976551724137931,6.23448275862069,5.188965517241379,-1.4789655172413794,2344.862068965517,-0.18035454638246082,-0.9513298605944757,R,0.3372093023255814,2026,Woo-Suk Go,MLB
809459,FF,14,94.92142857142858,14.459999999999999,-4.7057142857142855,6.485714285714286,5.717142857142858,-1.1964285714285714,1978.2142857142858,-0.3912388396887584,-0.9184590737964603,R,1.0,2026,Morris Austin,MLB
810938,EP,50,49.898,22.6272,-4.747199999999999,4.944,6.823200000000001,-0.9536,1300.82,-0.3529694048073029,-0.9340848183330706,R,1.0,2026,Ben Williamson,MLB
811139,SI,23,95.20869565217392,12.850434782608696,-11.968695652173915,5.521739130434782,4.9073913043478266,-3.0100000000000002,2432.608695652174,0.8544527868381142,-0.5142323446754876,L,0.6764705882352942,2026,Sandro Santana,MLB
811139,SL,11,82.0909090909091,2.76,10.003636363636364,5.709090909090909,5.287272727272727,-2.87,2549.0,-0.9308124435168974,0.3607146824305726,L,0.3235294117647059,2026,Sandro Santana,MLB
811315,CU,39,87.11025641025641,-12.756923076923076,7.88,6.617948717948718,5.05948717948718,-1.8543589743589741,2899.74358974359,0.7160965956491269,0.6927170864449154,R,0.40625,2026,Brody Hopkins,MLB
811315,FF,57,99.92280701754386,17.730526315789472,-8.107368421052632,6.7105263157894735,5.058947368421053,-1.8457894736842104,2689.684210526316,-0.5822277360695938,-0.8085411024925145,R,0.59375,2026,Brody Hopkins,MLB
813266,FF,14,96.12142857142858,14.09142857142857,-8.031428571428572,6.1499999999999995,6.117142857142857,-1.5542857142857145,2216.3571428571427,-0.5352688914761671,-0.8425777366392475,R,1.0,2026,Mitch White,MLB
813349,CH,284,83.70985915492957,-2.4295774647887325,-10.836338028169013,6.6228873239436625,5.451267605633803,-2.787816901408451,1270.5774647887324,0.9867162982322382,-0.12211244312019488,L,0.18181818181818182,2026,Connelly Early,MLB
813349,CU,169,79.99349112426036,-9.374201183431953,9.850650887573964,6.586982248520711,5.560355029585799,-2.673076923076923,2401.526627218935,-0.6064290501465326,0.7876912450016937,L,0.10819462227912932,2026,Connelly Early,MLB
813349,FF,546,93.98772893772895,16.029230769230768,-10.48857142857143,6.800000000000001,5.519670329670329,-2.5242857142857145,2335.686813186813,0.7085235660363214,-0.7019021461125241,L,0.3495518565941101,2026,Connelly Early,MLB
813349,SI,314,92.42929936305732,7.823312101910828,-17.672866242038214,6.773248407643313,5.343726114649682,-2.679108280254777,2164.0859872611463,0.7796813420281445,-0.6221559047827775,L,0.20102432778489115,2026,Connelly Early,MLB
813349,SL,124,87.06048387096774,6.081290322580646,0.3019354838709678,6.689516129032258,5.349596774193548,-2.7941129032258067,2302.0725806451615,0.5615690768465922,-0.7336469606529674,L,0.0793854033290653,2026,Connelly Early,MLB
813349,ST,125,82.45519999999999,-1.93824,13.76544,6.6456,5.32344,-2.82216,2408.72,-0.7631803682946859,0.6179843336281471,L,0.08002560819462227,2026,Connelly Early,MLB
814305,FC,108,90.30277777777779,6.5633333333333335,3.85,7.1037037037037045,5.991111111111111,-0.4362962962962963,2253.1296296296296,0.3144151034355356,-0.9259053488778096,R,0.3698630136986301,2026,Yunior Tur,MLB
814305,FF,88,94.87613636363636,15.526363636363635,-1.3377272727272727,7.081818181818182,6.058636363636364,-0.3153409090909091,2091.4772727272725,-0.1741823788218196,-0.9809106085284026,R,0.3013698630136986,2026,Yunior Tur,MLB
814305,FS,96,86.66562499999999,4.38375,-7.5425,7.167368421052632,5.9634375,-0.46968750000000004,627.9368421052632,-0.8806416315476056,-0.4351357367244567,R,0.3287671232876712,2026,Yunior Tur,MLB
814490,CH,31,87.19999999999999,4.12258064516129,-15.452903225806452,6.33225806451613,5.466129032258064,-3.3106451612903225,1639.967741935484,-0.930589373618496,-0.3608179845070239,R,0.05419580419580419,2026,Ethan Pecko,MLB
814490,CU,74,81.55810810810812,-11.508648648648649,5.378918918918919,6.309459459459459,5.646081081081081,-3.2860810810810808,2571.4864864864867,0.6081772562169856,0.7894696023412391,R,0.12937062937062938,2026,Ethan Pecko,MLB
814490,FC,109,90.09541284403669,8.242568807339449,1.8121100917431194,6.307339449541284,5.58908256880734,-3.355688073394495,2247.8440366972477,-0.36667569803899536,-0.9221954764750869,R,0.19055944055944055,2026,Ethan Pecko,MLB
814490,FF,119,93.45210084033613,15.057478991596637,-8.454453781512605,6.315966386554622,5.675546218487395,-3.291932773109244,2234.873949579832,-0.6074794919904823,-0.7913400131152383,R,0.20804195804195805,2026,Ethan Pecko,MLB
814490,SI,129,92.95426356589148,8.532093023255815,-14.890232558139534,6.365891472868217,5.627751937984496,-3.2472093023255812,2244.5426356589146,-0.6052601507467459,-0.7937769600358586,R,0.22552447552447552,2026,Ethan Pecko,MLB
814490,ST,110,82.69636363636364,4.106181818181819,10.656,6.389090909090909,5.530090909090909,-3.3637272727272727,2369.690909090909,0.9320579616853157,0.32298534825551717,R,0.19230769230769232,2026,Ethan Pecko,MLB
814492,SL,11,85.88181818181819,3.6545454545454548,5.083636363636364,6.372727272727272,5.069090909090909,-1.9700000000000002,2113.2727272727275,0.4107351255679367,-0.6618779807555801,R,1.0,2026,Will Watson,MLB
814783,SI,11,94.0090909090909,1.5054545454545454,-16.025454545454547,6.7,5.337272727272727,-1.8736363636363635,1960.909090909091,-0.7593589127441582,-0.6454226499974964,R,1.0,2026,Casey Anderson,MLB
814837,FC,11,87.65454545454546,5.498181818181819,-0.27272727272727276,6.336363636363637,6.267272727272727,-1.7054545454545456,1984.5454545454545,-0.08036164762588077,-0.989688182203115,R,1.0,2026,Jacob Cravey,MLB
815081,CH,14,86.69285714285715,3.737142857142857,-13.311428571428573,6.378571428571428,5.506428571428572,-1.98,1649.9285714285713,0.9088718255794078,-0.4114882319852032,L,0.04697986577181208,2026,Mark Manfredi,MLB
815081,FF,177,94.28700564971751,13.332203389830509,-8.909152542372881,6.334463276836159,5.4950282485875706,-1.7639548022598872,2430.8418079096045,0.6707631755270338,-0.7385159569163833,L,0.5939597315436241,2026,Mark Manfredi,MLB
815081,SI,10,92.9,10.272,-12.815999999999999,6.4,5.386,-1.77,2278.7,0.6503792596808567,-0.7561190732924374,L,0.03355704697986577,2026,Mark Manfredi,MLB
815081,SL,83,85.57228915662651,4.990843373493976,3.4380722891566267,6.314457831325302,5.396867469879518,-1.9880722891566265,2323.6506024096384,0.014347255602361298,-0.9110951545333253,L,0.2785234899328859,2026,Mark Manfredi,MLB
815081,ST,14,78.41428571428571,2.7085714285714286,11.280000000000001,6.307142857142857,5.2942857142857145,-2.0300000000000002,2310.1428571428573,-0.9684084246894937,0.18055054318167713,L,0.04697986577181208,2026,Mark Manfredi,MLB
815083,CH,248,78.80362903225806,-0.13209677419354837,-15.863709677419354,6.559514170040486,6.167459677419354,-0.8208064516129032,1694.3790322580646,0.9948512279962497,-0.06900061283426913,L,0.2551440329218107,2026,Mitch Farris,MLB
815083,FC,155,88.7516129032258,10.116387096774194,-0.49006451612903223,6.701935483870967,6.126064516129032,-0.901741935483871,2108.8129032258066,0.33388480614051114,-0.9363521025738173,L,0.15946502057613168,2026,Mitch Farris,MLB
815083,FF,434,91.73179723502304,17.29410138248848,-8.955760368663595,6.751748251748252,6.183179723502304,-0.7415898617511522,2163.6497695852536,0.5638001078533977,-0.8235750078238727,L,0.44650205761316875,2026,Mitch Farris,MLB
815083,SL,135,81.70296296296296,-3.837333333333333,2.975111111111111,6.602255639097745,6.123185185185185,-0.9337037037037037,2402.311111111111,-0.7673568625967246,0.6028865679698587,L,0.1388888888888889,2026,Mitch Farris,MLB
815084,FF,15,95.74,15.056000000000001,-12.064,6.426666666666667,5.6466666666666665,-1.62,2309.6666666666665,-0.5800210815425724,-0.8121126091447832,R,1.0,2026,Ben Simon,MLB
820862,CH,46,92.98695652173912,10.964347826086957,-14.848695652173912,6.1695652173913045,6.205,-1.8732608695652175,2127.478260869565,-0.6087165322316955,-0.7716186828233572,R,0.046890927624872576,2026,José Fermin,MLB
820862,FF,69,96.55507246376811,16.655652173913044,-7.613913043478261,6.1695652173913045,6.225652173913043,-1.8115942028985508,2277.866666666667,-0.5357982078264879,-0.8404664913237129,R,0.07033639143730887,2026,José Fermin,MLB
820862,SI,293,96.37713310580205,12.427986348122868,-15.199453924914675,6.2733788395904435,6.168566552901024,-1.8591126279863481,2329.8390410958905,-0.542134017577917,-0.8326798862053972,R,0.29867482161060144,2026,José Fermin,MLB
820862,SL,573,90.49546247818499,2.1313089005235604,-1.3518324607329844,5.940314136125655,6.3040837696335075,-1.8848516579406631,2525.182142857143,-0.45873778519157044,-0.5080092153523089,R,0.5840978593272171,2026,José Fermin,MLB
822038,FF,22,96.85,19.10181818181818,-2.230909090909091,5.927272727272728,6.294090909090909,-1.7699999999999998,2483.7272727272725,-0.3140081600896419,-0.946150592986757,R,1.0,2026,Ryan Lambert,MLB
822627,SI,19,90.58947368421053,5.374736842105263,-5.368421052631579,5.810526315789474,5.975263157894737,-3.099473684210526,2440.157894736842,0.46867479059550105,-0.4995630182212419,L,1.0,2026,Evan Shaw,MLB
823748,SI,11,92.81818181818181,6.8945454545454545,-9.621818181818183,6.872727272727272,4.992727272727273,-2.4909090909090907,2095.5454545454545,-0.8474684961370579,-0.5222981971272578,R,1.0,2026,Garrett Hodges,MLB
828494,FF,13,93.5,12.941538461538462,-4.753846153846154,6.0307692307692315,5.338461538461539,-1.3015384615384618,2619.5384615384614,-0.6008961938180735,-0.7904774825726372,R,0.4482758620689655,2026,Cohen Achen,MLB
828494,SL,16,84.775,-3.375,9.5175,6.01875,5.225625,-1.464375,2640.0625,0.7534096093583412,0.6441685719952089,R,0.5517241379310345,2026,Cohen Achen,MLB
828705,SI,10,92.03999999999999,5.772,-12.623999999999999,6.49,5.368,-2.677,2171.6,-0.7306296037447252,-0.6789586070808765,R,1.0,2026,Tanner Gillis,MLB
837227,CH,39,86.61025641025641,7.436923076923078,-13.16923076923077,5.866666666666667,5.4023076923076925,-2.1656410256410257,1981.7179487179487,-0.9593050042545852,-0.2533478154605876,R,0.02698961937716263,2026,Tatsuya Imai,MLB
837227,FF,643,94.78289269051322,10.878382581648523,-12.698724727838258,5.998133748055988,5.190171073094868,-2.0734059097978226,1996.6205287713842,-0.8292144907549278,-0.5527271753062644,R,0.4449826989619377,2026,Tatsuya Imai,MLB
837227,FS,42,84.66904761904762,3.0114285714285716,-13.317142857142859,5.895238095238095,5.376666666666667,-1.999047619047619,1251.2619047619048,-0.9773699284833273,-0.19800414954213647,R,0.02906574394463668,2026,Tatsuya Imai,MLB
837227,SI,61,94.5,5.470819672131148,-18.045245901639344,5.91639344262295,5.1621311475409835,-1.8308196721311476,1952.2295081967213,-0.8814182467790983,-0.4686593811580639,R,0.04221453287197232,2026,Tatsuya Imai,MLB
837227,SL,660,86.57969696969697,1.007272727272727,-4.145272727272728,5.773181818181818,5.4342424242424245,-2.028212121212121,2274.883333333333,-0.9453455894037099,-0.009818703995944655,R,0.45674740484429066,2026,Tatsuya Imai,MLB
