pitcher_id,pitch_type,n_pitches,velo,ivb,hb,extension,release_height,release_side,spin_rate,spin_axis_sin,spin_axis_cos,throws,usage_pct,year,pitcher_name,level
453286,FF,20,93.315,16.722,-9.426,6.17,5.86,-2.994,2379.0,-0.5895250223305654,-0.8054217613978765,R,0.625,2026,Max Scherzer,AAA
453286,SL,12,86.36666666666667,5.239999999999999,3.08,6.191666666666666,5.724166666666666,-3.1183333333333336,2374.75,-0.04300559587332458,-0.8420997117541282,R,0.375,2026,Max Scherzer,AAA
471911,CH,20,84.885,1.866,-7.836,6.6,5.762,-2.304,1282.05,-0.8285199939960904,-0.5525386339215312,R,0.19230769230769232,2026,Carlos Carrasco,AAA
471911,FC,13,89.23846153846154,11.132307692307693,-0.4153846153846154,6.646153846153846,5.78923076923077,-2.210769230769231,2239.4615384615386,-0.5849263260583076,-0.8026112223965817,R,0.125,2026,Carlos Carrasco,AAA
471911,FF,12,90.71666666666665,11.549999999999999,-5.3,6.55,5.8374999999999995,-2.2983333333333333,2230.25,-0.5677914865980053,-0.7372700573323812,R,0.11538461538461539,2026,Carlos Carrasco,AAA
471911,SI,33,89.89393939393939,5.429090909090909,-13.298181818181819,6.63939393939394,5.797272727272727,-2.2163636363636363,2123.090909090909,-0.6796501670162888,-0.728685254677841,R,0.3173076923076923,2026,Carlos Carrasco,AAA
471911,SL,26,84.83076923076922,4.5600000000000005,2.4276923076923076,6.584615384615384,5.7869230769230775,-2.3003846153846155,2310.269230769231,-0.17705076287465676,-0.7484533536926696,R,0.25,2026,Carlos Carrasco,AAA
500779,CH,11,83.83636363636364,2.5854545454545454,-10.516363636363637,6.2272727272727275,5.930909090909091,-2.510909090909091,1379.909090909091,0.8208350519904433,-0.5670740394557977,L,0.3235294117647059,2026,Jose Quintana,AAA
500779,CU,12,77.93333333333334,-3.1999999999999997,3.8200000000000003,6.141666666666667,6.0,-2.4933333333333336,2187.0,-0.923827552238929,0.35960977234031505,L,0.35294117647058826,2026,Jose Quintana,AAA
500779,SI,11,88.98181818181818,10.538181818181819,-10.505454545454546,6.263636363636365,5.973636363636363,-2.49,2141.6363636363635,0.49170593432788967,-0.8674135724321725,L,0.3235294117647059,2026,Jose Quintana,AAA
518397,SI,13,90.1923076923077,1.4953846153846155,-14.796923076923076,6.253846153846154,5.634615384615385,-1.3776923076923078,2124.923076923077,0.7762613991642819,-0.6268976468492096,L,1.0,2026,Scott Alexander,AAA
518489,FC,20,88.275,9.684000000000001,3.318,6.815,5.7285,-1.5125,2270.35,-0.15828406792143004,-0.9832486007414488,R,0.24096385542168675,2026,Ryan Brasier,AAA
518489,FF,28,93.62142857142858,15.081428571428571,-7.384285714285714,6.721428571428571,5.5925,-1.7785714285714285,2228.8571428571427,-0.5922917933019224,-0.8025324054254517,R,0.3373493975903614,2026,Ryan Brasier,AAA
518489,SI,10,92.82000000000001,11.592,-13.536000000000001,6.74,5.608,-1.593,2128.0,-0.623395275781198,-0.7731131087229246,R,0.12048192771084337,2026,Ryan Brasier,AAA
518489,SL,25,85.39200000000001,3.6240000000000006,4.0896,6.876,5.6948,-1.422,2293.88,0.4985784779697708,-0.6907783608522289,R,0.30120481927710846,2026,Ryan Brasier,AAA
519043,CH,11,83.53636363636363,9.84,-15.70909090909091,6.118181818181818,6.41090909090909,-1.1736363636363636,2069.6363636363635,0.9011561305873449,-0.4271859061662555,L,0.24444444444444444,2026,Matt Moore,AAA
519043,FF,21,93.28095238095239,17.30857142857143,-9.028571428571428,6.1,6.313333333333334,-1.2780952380952382,2352.8571428571427,0.5929375106581914,-0.8018909382874074,L,0.4666666666666667,2026,Matt Moore,AAA
519043,KC,13,81.06923076923077,-9.950769230769232,7.319999999999999,6.06923076923077,6.396923076923077,-1.1153846153846154,2371.3846153846152,-0.5530211231939635,0.8184275859076581,L,0.28888888888888886,2026,Matt Moore,AAA
519141,FF,18,92.84444444444445,14.879999999999999,-2.6933333333333334,5.794444444444444,6.147777777777778,-2.0411111111111113,2519.6111111111113,0.3470530376874646,-0.9365647594108961,L,1.0,2026,Drew Pomeranz,AAA
519326,FF,13,93.11538461538461,13.181538461538462,-8.178461538461537,5.846153846153846,5.890769230769231,-2.8176923076923077,2174.5384615384614,-0.7741667800562028,-0.6303570464516952,R,1.0,2026,Hunter Strickland,AAA
529017,FC,58,85.71896551724137,7.775172413793103,3.229655172413793,6.1689655172413795,5.2462068965517235,-1.5836206896551723,2461.396551724138,-0.1396827932263378,-0.9419338983614189,R,0.2049469964664311,2026,Alexander Cornielle,AAA
529017,FF,97,91.67113402061857,15.629690721649483,-6.3030927835051545,6.191752577319588,5.388247422680412,-1.4870103092783507,2439.938144329897,-0.5757767974694854,-0.8138389315093392,R,0.34275618374558303,2026,Alexander Cornielle,AAA
529017,SI,69,91.5855072463768,9.587826086956522,-15.40695652173913,6.208695652173913,5.321594202898551,-1.1533333333333333,2382.391304347826,-0.6280331256716432,-0.7743102421624204,R,0.24381625441696114,2026,Alexander Cornielle,AAA
529017,ST,59,80.03728813559322,1.9566101694915254,14.184406779661018,6.101694915254237,5.2942372881355935,-1.3798305084745761,2559.3050847457625,0.9129530536905217,0.3000651882809846,R,0.20848056537102475,2026,Alexander Cornielle,AAA
534910,SI,44,93.57045454545455,3.4690909090909092,-18.711818181818185,6.654545454545455,5.412954545454546,-2.4963636363636366,2259.6136363636365,-0.9383216453871636,-0.3326129188788602,R,0.6470588235294118,2026,Jesse Hahn,AAA
534910,ST,24,81.34583333333333,-1.21,19.23,6.454166666666667,5.4941666666666675,-2.5837499999999998,2906.125,0.766665324292697,0.2701753467388838,R,0.35294117647058826,2026,Jesse Hahn,AAA
541640,FC,39,88.26410256410257,7.883076923076923,1.24,6.166666666666667,5.322820512820513,-1.8428205128205128,2258.4358974358975,-0.3664086577425069,-0.9146367377194574,R,0.65,2026,Erasmo Ramírez,AAA
541640,SI,21,90.42380952380952,7.051428571428571,-11.965714285714286,6.133333333333334,5.246190476190476,-1.8199999999999998,2181.8571428571427,-0.6226399737857635,-0.7768939141584745,R,0.35,2026,Erasmo Ramírez,AAA
542194,EP,26,47.46153846153846,15.115384615384615,-3.009230769230769,5.18,6.773846153846154,-1.6019230769230768,1217.1176470588234,-0.5751650151909106,-0.6533620476565849,R,1.0,2026,Christian Bethancourt,AAA
542888,FF,12,92.14999999999999,15.12,-5.73,6.341666666666666,5.993333333333333,-1.8175,2217.5,-0.5825582224957456,-0.809225958600916,R,0.3333333333333333,2026,Shawn Armstrong,AAA
542888,SI,12,93.00833333333333,9.709999999999999,-14.69,6.391666666666667,5.8999999999999995,-1.8008333333333333,2048.3333333333335,-0.6304707163845458,-0.7163299043302861,R,0.3333333333333333,2026,Shawn Armstrong,AAA
542888,ST,12,83.94166666666666,9.63,10.26,6.3999999999999995,6.055833333333333,-1.7516666666666667,2601.5833333333335,0.9222497862432427,-0.2633983630552453,R,0.3333333333333333,2026,Shawn Armstrong,AAA
543238,CH,24,85.58749999999999,13.25,-7.704999999999999,5.804166666666667,5.84875,-0.7000000000000001,1586.4166666666667,0.25956453735055474,-0.960355996936984,L,0.16551724137931034,2026,Anthony Gose,AAA
543238,FF,88,94.46477272727272,17.364545454545453,-3.0,5.718181818181818,5.874090909090909,-0.7906818181818182,2345.2413793103447,0.31421172928765106,-0.9462194000240958,L,0.6068965517241379,2026,Anthony Gose,AAA
543238,SL,33,84.13333333333334,-1.1927272727272726,3.72,5.630303030303031,5.890606060606061,-0.6993939393939395,2228.6363636363635,-0.8497023853713463,-0.17263208364419655,L,0.22758620689655173,2026,Anthony Gose,AAA
544150,CH,27,84.70370370370371,8.671111111111111,-16.813333333333336,6.54074074074074,6.21962962962963,-1.6474074074074077,2017.851851851852,-0.799532723218285,-0.527293339872021,R,0.2967032967032967,2026,Albert Suárez,AAA
544150,FC,10,85.03,8.388,-0.18000000000000002,6.589999999999999,6.335,-1.511,2167.6,-0.5118471723693643,-0.8515322791392317,R,0.10989010989010989,2026,Albert Suárez,AAA
544150,FF,54,93.23518518518519,17.551111111111112,-7.868888888888889,6.4111111111111105,6.647407407407407,-1.3207407407407408,2355.1666666666665,-0.5080035884712996,-0.8118257717967237,R,0.5934065934065934,2026,Albert Suárez,AAA
547184,ST,15,83.55333333333333,-0.608,13.568000000000001,5.72,5.86,-1.912,2706.6,0.9085883174717319,0.4095934074687397,R,1.0,2026,Michael Kelly,AAA
554430,FF,13,93.33846153846154,14.907692307692308,-12.655384615384616,7.176923076923076,5.346153846153846,-2.083076923076923,2323.153846153846,-0.7635307126742933,-0.6441801370213409,R,1.0,2026,Zack Wheeler,AAA
570560,EP,17,49.747058823529414,11.809411764705882,-1.6447058823529412,4.411764705882353,5.99235294117647,-2.9305882352941177,1165.0,-0.6184360943689147,-0.6596698679476829,R,1.0,2026,Yolmer Sánchez,AAA
571510,CH,14,78.41428571428571,4.242857142857143,-15.454285714285716,6.078571428571428,5.373571428571429,-2.4564285714285714,1812.357142857143,0.9110423641327089,-0.4110750876695555,L,0.2916666666666667,2026,Matthew Boyd,AAA
571510,FF,34,93.12058823529412,11.83764705882353,-14.24470588235294,6.220588235294118,5.522352941176471,-2.2479411764705883,2325.323529411765,0.8159723308527981,-0.5744884717164752,L,0.7083333333333334,2026,Matthew Boyd,AAA
571946,FF,17,94.91176470588235,19.080000000000002,-8.844705882352942,6.958823529411765,5.647058823529412,-1.41,2456.3529411764707,-0.48301956059963636,-0.8735336969566879,R,1.0,2026,Shelby Miller,AAA
572143,FF,25,93.98,18.2592,-4.1808,6.763999999999999,5.903200000000001,-2.1064,2401.4,-0.4005761964819728,-0.9133967098061391,R,1.0,2026,Burch Smith,AAA
572971,CH,42,80.0952380952381,4.965714285714286,-12.505714285714285,6.035714285714286,5.843571428571429,-1.2995238095238095,1672.3809523809523,0.8238359439042634,-0.5621959891671866,L,0.28378378378378377,2026,Dallas Keuchel,AAA
572971,FC,17,84.88235294117646,5.668235294117647,2.2870588235294114,5.882352941176471,5.831764705882353,-1.428235294117647,2320.294117647059,0.16113983628644546,-0.8479340677047208,L,0.11486486486486487,2026,Dallas Keuchel,AAA
572971,SI,54,87.41296296296296,5.5488888888888885,-12.26,5.977777777777778,5.878148148148148,-1.4374074074074075,2122.314814814815,0.7072775119376986,-0.7031961711388042,L,0.36486486486486486,2026,Dallas Keuchel,AAA
572971,SL,35,77.43714285714286,-2.825142857142857,10.045714285714286,5.925714285714286,5.702,-1.5091428571428571,2444.114285714286,-0.6170230895869907,0.697920618798006,L,0.23648648648648649,2026,Dallas Keuchel,AAA
573009,CH,17,78.75294117647059,-1.778823529411765,-15.938823529411764,6.247058823529412,5.28,-3.2282352941176473,1548.9411764705883,0.9699805437665359,0.2376356193653061,L,0.29310344827586204,2026,Joe Mantiply,AAA
573009,CU,22,78.38636363636364,-3.4036363636363633,7.538181818181818,6.219047619047619,5.36,-3.2813636363636363,2358.590909090909,-0.28320134456386215,0.9337422468920727,L,0.3793103448275862,2026,Joe Mantiply,AAA
573009,SI,19,87.41052631578947,1.7684210526315791,-18.79578947368421,6.221052631578948,5.322631578947369,-3.2505263157894735,2093.7368421052633,0.9463271132810206,-0.31906102121224417,L,0.3275862068965517,2026,Joe Mantiply,AAA
592094,CH,10,86.86,3.2159999999999997,-15.168000000000001,6.18,6.172,-1.486,2061.5,-0.8572650938852944,-0.5130719403375454,R,0.23809523809523808,2026,Jason Adam,AAA
592094,FF,17,92.68235294117646,17.19529411764706,-9.24,6.417647058823529,6.338823529411765,-1.3188235294117645,2471.470588235294,-0.5464612459387722,-0.832103451622161,R,0.40476190476190477,2026,Jason Adam,AAA
592094,SL,15,83.28666666666666,1.816,0.512,6.246666666666667,6.294,-1.4646666666666666,2482.0666666666666,0.03232075315073012,0.25474952386659017,R,0.35714285714285715,2026,Jason Adam,AAA
592155,FC,31,86.6774193548387,3.6774193548387095,3.5806451612903225,6.390322580645161,5.6890322580645165,-2.6229032258064517,2045.6451612903227,-0.1300884286707804,-0.7766556282182898,L,0.5636363636363636,2026,Cam Booser,AAA
592155,FF,10,94.76,16.02,-8.268,6.5,5.868,-2.379,1968.5,0.5741529457998462,-0.8169085681395967,L,0.18181818181818182,2026,Cam Booser,AAA
592155,ST,14,80.22857142857143,-4.482857142857143,14.151428571428571,6.371428571428572,5.592142857142856,-2.6957142857142857,2057.285714285714,-0.7448242401555938,0.6344209105629047,L,0.2545454545454545,2026,Cam Booser,AAA
592288,CH,41,80.70243902439024,2.7717073170731705,-15.746341463414634,5.7439024390243905,6.095853658536585,-2.355609756097561,1741.4878048780488,0.9062873273675562,-0.37821545294967546,L,0.25625,2026,Kent Emanuel,AAA
592288,SI,60,88.21499999999999,4.112,-16.73,5.633333333333334,6.238166666666667,-2.2651666666666666,2028.7,0.8226858657280377,-0.5392518780659823,L,0.375,2026,Kent Emanuel,AAA
592288,SL,23,84.04782608695652,9.871304347826088,-2.1913043478260867,5.517391304347826,6.2843478260869565,-2.3182608695652176,2269.608695652174,0.7716910023150906,-0.620531497649927,L,0.14375,2026,Kent Emanuel,AAA
592288,ST,36,76.63055555555555,-1.79,16.756666666666668,5.558333333333334,6.048333333333334,-2.441666666666667,2430.777777777778,-0.8305641466806233,0.5316107554382422,L,0.225,2026,Kent Emanuel,AAA
592426,FF,10,93.49,16.656,-8.088,6.62,6.4670000000000005,-1.987,2167.6,-0.4935206499227184,-0.7474122069753161,R,0.45454545454545453,2026,Luke Jackson,AAA
592426,SL,12,86.78333333333332,-2.5900000000000003,0.02999999999999997,6.5,6.328333333333333,-2.433333333333333,2295.5,0.5095411048229782,0.850651545251116,R,0.5454545454545454,2026,Luke Jackson,AAA
592454,CH,43,86.54883720930232,1.7218604651162792,-11.748837209302325,6.602325581395348,5.696976744186046,-2.053953488372093,1268.0,-0.9203442385320071,-0.38139816193799564,R,0.7166666666666667,2026,Tommy Kahnle,AAA
592454,FF,17,93.05882352941177,16.736470588235292,-5.301176470588236,6.658823529411765,5.898235294117647,-1.6194117647058823,2173.8823529411766,-0.46555314631725997,-0.8746757689759955,R,0.2833333333333333,2026,Tommy Kahnle,AAA
592717,CH,24,86.39583333333333,7.09,-12.85,6.891666666666667,5.7004166666666665,-1.7079166666666667,1690.2083333333333,-0.7344960854423833,-0.6377916647246153,R,0.19047619047619047,2026,Aaron Sanchez,AAA
592717,CU,47,77.05106382978724,-4.8459574468085105,14.724255319148936,6.812765957446809,5.763191489361702,-1.6114893617021275,2537.595744680851,0.8444967993672666,0.5197650742421013,R,0.373015873015873,2026,Aaron Sanchez,AAA
592717,FF,39,90.17179487179487,14.563076923076924,-7.470769230769231,6.961538461538462,5.783076923076923,-1.5999999999999999,1999.4102564102564,-0.5370662179633743,-0.8181399825378001,R,0.30952380952380953,2026,Aaron Sanchez,AAA
592717,SI,16,90.74375,7.7925,-15.675,7.00625,5.743125,-1.510625,1966.75,-0.6381544817729772,-0.6188855321830133,R,0.12698412698412698,2026,Aaron Sanchez,AAA
592779,FF,18,95.42777777777778,14.979999999999999,-7.8066666666666675,6.105555555555555,5.390555555555555,-1.6738888888888888,2511.6111111111113,-0.7191179500448605,-0.6605550467125237,R,1.0,2026,Brock Stewart,AAA
592791,ST,13,79.24615384615385,-1.643076923076923,16.430769230769233,6.815384615384615,5.997692307692308,-1.2761538461538462,2661.923076923077,0.7712933468073945,0.6161545439044668,R,1.0,2026,Jameson Taillon,AAA
592826,CH,44,87.23409090909091,5.882727272727272,-11.198181818181817,6.4772727272727275,5.6036363636363635,-2.1863636363636365,1535.4772727272727,-0.7712324316111997,-0.6301598883790009,R,0.13836477987421383,2026,Vince Velasquez,AAA
592826,FC,36,88.83888888888889,10.71,4.953333333333333,6.427777777777778,5.683888888888889,-2.0977777777777775,2591.8333333333335,-0.013530444779827953,-0.9496873061233627,R,0.11320754716981132,2026,Vince Velasquez,AAA
592826,FF,104,92.84903846153846,16.753846153846155,-2.8742307692307696,6.496153846153846,5.681923076923076,-2.0241346153846154,2412.403846153846,-0.43701189010711905,-0.89598470217794,R,0.3270440251572327,2026,Vince Velasquez,AAA
592826,KC,58,80.71724137931035,-7.5,6.006206896551724,6.26551724137931,5.748275862068965,-2.0991379310344827,2449.896551724138,0.7138006292271342,0.6585143810459065,R,0.18238993710691823,2026,Vince Velasquez,AAA
592826,SI,38,91.80263157894737,12.713684210526315,-10.711578947368421,6.473684210526316,5.671315789473684,-2.0271052631578947,2300.0526315789475,-0.36876862794754167,-0.9246805042566728,R,0.11949685534591195,2026,Vince Velasquez,AAA
592826,SL,38,82.85263157894737,1.948421052631579,9.628421052631579,6.3578947368421055,5.709736842105263,-2.084473684210526,2600.842105263158,0.8991880702643625,-0.1291303048602923,R,0.11949685534591195,2026,Vince Velasquez,AAA
593833,CH,30,84.04333333333334,4.843999999999999,-13.58,6.12,5.503,-3.9896666666666665,1760.3666666666666,-0.8229753790151003,-0.5649150691334041,R,0.18633540372670807,2026,Wander Suero,AAA
593833,CU,13,78.1,0.09230769230769226,12.415384615384616,6.276923076923077,5.433076923076923,-3.866153846153846,2289.230769230769,0.8504392605812219,0.430193913837986,R,0.08074534161490683,2026,Wander Suero,AAA
593833,FC,118,89.93813559322035,13.532542372881355,-1.6454237288135594,6.43050847457627,5.239237288135594,-3.8789830508474576,2443.5593220338983,-0.4398102365482166,-0.8843952154713042,R,0.7329192546583851,2026,Wander Suero,AAA
594027,SI,34,98.2235294117647,14.234117647058824,-14.534117647058823,7.035294117647059,6.5538235294117655,-1.7623529411764707,2086.705882352941,-0.5966266386479572,-0.8002920422890816,R,0.7555555555555555,2026,Tyron Guerrero,AAA
594027,SL,11,88.5909090909091,3.578181818181818,3.36,7.027272727272727,6.463636363636363,-1.7827272727272727,2090.2727272727275,0.30970743729292316,-0.872161153535626,R,0.24444444444444444,2026,Tyron Guerrero,AAA
594835,CH,29,80.67931034482758,3.3020689655172415,-14.950344827586207,6.368965517241379,5.170344827586207,-2.5841379310344825,2045.9655172413793,0.9535391167299314,-0.29214112952433596,L,0.20567375886524822,2026,Marco Gonzales,AAA
594835,CU,22,79.80454545454546,-4.969090909090909,-1.0745454545454545,6.35,5.288636363636363,-2.299545454545455,2159.909090909091,-0.32339556535944297,0.9391254330133314,L,0.15602836879432624,2026,Marco Gonzales,AAA
594835,FC,25,86.428,9.3216,-1.608,6.4,5.4196,-2.2048,2063.8,0.6555273972451614,-0.7486712772436911,L,0.1773049645390071,2026,Marco Gonzales,AAA
594835,FF,50,90.046,13.9296,-10.2432,6.45,5.5504,-2.0652,2059.44,0.6916095550010626,-0.7167169040606572,L,0.3546099290780142,2026,Marco Gonzales,AAA
594835,SV,15,80.34666666666666,-7.0,5.688,6.3,5.390666666666666,-2.2933333333333334,2212.9333333333334,-0.31180222478119896,0.9449493509193647,L,0.10638297872340426,2026,Marco Gonzales,AAA
594902,CH,22,84.85454545454546,5.656363636363636,-14.334545454545456,6.822727272727272,5.228181818181818,-1.3718181818181818,1517.4545454545455,-0.8949792170318814,-0.44357227281995704,R,0.14965986394557823,2026,Ben Lively,AAA
594902,CU,14,75.56428571428572,-9.694285714285714,13.85142857142857,6.571428571428571,5.466428571428572,-1.2664285714285715,2152.0714285714284,0.793435077246282,0.6056637312888116,R,0.09523809523809523,2026,Ben Lively,AAA
594902,FC,12,85.83333333333333,12.47,-2.59,6.8,5.168333333333333,-1.4416666666666667,1888.9166666666667,-0.09334090879164843,-0.9863565262081492,R,0.08163265306122448,2026,Ben Lively,AAA
594902,FF,39,91.90512820512821,13.864615384615385,-9.735384615384616,6.771794871794873,5.301282051282051,-1.348974358974359,2034.7692307692307,-0.6633158257017114,-0.7460073833854679,R,0.2653061224489796,2026,Ben Lively,AAA
594902,SI,50,92.196,10.4712,-13.6152,6.8020000000000005,5.229400000000001,-1.3612,2083.58,-0.7146713068659877,-0.6868551383985484,R,0.3401360544217687,2026,Ben Lively,AAA
594902,ST,10,81.3,2.3760000000000003,14.315999999999999,6.720000000000001,5.093,-1.634,2209.3,0.9559610705894277,0.27610396116593217,R,0.06802721088435375,2026,Ben Lively,AAA
595881,CU,20,77.75,-4.746,14.556000000000001,6.11,5.4399999999999995,-1.8355000000000001,2112.6,0.7405375911635369,0.6679672515506245,R,0.29411764705882354,2026,Tyler Beede,AAA
595881,FC,14,86.47142857142856,4.662857142857143,1.6971428571428573,6.242857142857143,5.527142857142857,-1.7407142857142859,2058.3571428571427,-0.4853048250553627,-0.8581970923286893,R,0.20588235294117646,2026,Tyler Beede,AAA
595881,FF,19,92.92631578947368,11.621052631578948,-9.31578947368421,6.257894736842106,5.5884210526315785,-1.6263157894736842,1954.6315789473683,-0.6972871062120376,-0.7141285334739527,R,0.27941176470588236,2026,Tyler Beede,AAA
595881,FS,15,85.04666666666667,1.8880000000000001,-9.336,6.286666666666666,5.443333333333333,-1.8806666666666667,1043.3333333333333,-0.9186231372252646,-0.3743337618314018,R,0.22058823529411764,2026,Tyler Beede,AAA
595897,SI,16,94.54375,0.4725,-17.82,5.91875,5.33875,-1.779375,2041.6875,-0.8758987219365331,-0.47555965439546155,R,0.5517241379310345,2026,Nick Burdi,AAA
595897,SL,13,85.4923076923077,2.0676923076923077,16.46769230769231,6.0,5.398461538461539,-1.9246153846153846,2775.076923076923,0.8383568842176186,0.5349098357644924,R,0.4482758620689655,2026,Nick Burdi,AAA
595928,FF,12,91.64999999999999,15.29,-6.84,6.3999999999999995,6.390833333333333,-2.1391666666666667,2356.5833333333335,-0.5303650192042341,-0.8460194538460564,R,1.0,2026,John Curtiss,AAA
596271,CH,133,81.3796992481203,-1.2803007518796992,-14.053533834586466,6.0203007518797,5.062556390977444,-2.6127067669172934,1612.0,-0.9809666817294925,-0.1760235029684821,R,0.2375,2026,Casey Lawrence,AAA
596271,FC,67,82.78507462686568,7.522388059701493,1.551044776119403,5.889552238805971,5.215522388059702,-2.5710447761194026,2318.3582089552237,-0.3528719953012137,-0.8243223015686989,R,0.11964285714285715,2026,Casey Lawrence,AAA
596271,FF,66,88.78181818181818,11.707272727272727,-12.927272727272728,5.887878787878789,5.142424242424242,-2.5137878787878787,2200.787878787879,-0.8822361066652401,-0.4657951904117529,R,0.11785714285714285,2026,Casey Lawrence,AAA
596271,SI,147,88.40204081632653,4.474285714285714,-15.319183673469388,5.919047619047619,5.232312925170068,-2.531700680272109,2120.496598639456,-0.8678824070592283,-0.49246023025253843,R,0.2625,2026,Casey Lawrence,AAA
596271,ST,147,78.39183673469388,4.992653061224489,11.235102040816326,5.855102040816327,5.0862585034013605,-2.622448979591837,2653.156462585034,0.9615548180945114,0.13221863651503143,R,0.2625,2026,Casey Lawrence,AAA
596295,CH,63,80.78095238095237,6.527619047619048,-14.108571428571429,6.563492063492063,6.52952380952381,-2.092539682539683,1543.142857142857,0.9102966319459956,-0.37700775974433676,L,0.1693548387096774,2026,Austin Gomber,AAA
596295,FC,82,86.68414634146342,12.307317073170733,1.6478048780487806,6.479268292682926,6.674024390243902,-1.9873170731707317,2238.329268292683,0.27242574502120814,-0.9475896309305742,L,0.22043010752688172,2026,Austin Gomber,AAA
596295,FF,128,89.91328125,16.670625,-9.6328125,6.4375,6.6828125,-2.020859375,2038.359375,0.5483292048603358,-0.8109486273289895,L,0.34408602150537637,2026,Austin Gomber,AAA
596295,FS,14,78.81428571428572,2.717142857142857,-13.911428571428571,6.514285714285714,6.674285714285714,-2.125,1431.0,0.9093179197272269,-0.40633169908669337,L,0.03763440860215054,2026,Austin Gomber,AAA
596295,KC,33,76.86666666666666,-10.043636363636363,8.236363636363636,6.46060606060606,6.673030303030303,-2.0363636363636366,2490.6666666666665,-0.5359030055386653,0.8365016451891673,L,0.08870967741935484,2026,Austin Gomber,AAA
596295,SL,52,82.875,1.2484615384615385,2.674615384615385,6.476923076923077,6.648846153846154,-2.046923076923077,2174.1346153846152,-0.4094128349656876,-0.1368855183503515,L,0.13978494623655913,2026,Austin Gomber,AAA
601713,CU,16,77.93125,-12.2025,7.7175,6.625,6.70125,-0.78125,2674.125,0.4475386928624745,0.8904011953487193,R,0.36363636363636365,2026,Nick Pivetta,AAA
601713,FF,28,92.63928571428572,17.802857142857142,-3.2314285714285718,6.810714285714285,6.685357142857143,-0.6921428571428571,2288.964285714286,-0.3087707860490392,-0.9483657759159486,R,0.6363636363636364,2026,Nick Pivetta,AAA
605130,SI,11,89.02727272727272,7.254545454545454,-14.52,6.736363636363635,5.331818181818182,-1.8572727272727272,2203.6363636363635,-0.6246887584233997,-0.7738692725883833,R,1.0,2026,Scott Barlow,AAA
605135,FC,11,88.97272727272728,10.44,-1.8109090909090908,6.4,5.501818181818182,-1.6018181818181818,2135.7272727272725,-0.7123460574684208,-0.6945206684137735,R,0.36666666666666664,2026,Chris Bassitt,AAA
605135,SI,19,91.65263157894738,6.669473684210526,-15.833684210526314,6.373684210526316,5.465263157894737,-1.6331578947368421,2088.0,-0.7661164968262021,-0.6392504661685685,R,0.6333333333333333,2026,Chris Bassitt,AAA
605154,CH,10,86.96000000000001,7.392,-15.48,6.58,5.6530000000000005,-2.255,1957.7,-0.775473550371425,-0.6302001796442974,R,0.07407407407407407,2026,John Brebbia,AAA
605154,FF,60,92.74833333333332,17.259999999999998,-8.864,6.465,5.7764999999999995,-2.056,2286.5333333333333,-0.570947715722476,-0.8174962939101481,R,0.4444444444444444,2026,John Brebbia,AAA
605154,SL,50,84.67,5.867999999999999,7.1136,6.596,5.8464,-2.1108000000000002,2534.48,0.3146565597341283,-0.9250192247998074,R,0.37037037037037035,2026,John Brebbia,AAA
605154,ST,15,78.89333333333335,6.616,13.991999999999999,6.7,5.868666666666667,-1.9986666666666666,2521.2,0.9443130660091119,0.021547375005601183,R,0.1111111111111111,2026,John Brebbia,AAA
605156,CH,33,85.22727272727273,0.8472727272727272,-13.887272727272727,6.027272727272727,6.164848484848485,-2.2236363636363636,1831.6060606060605,-0.8975490818362015,-0.4347923477097168,R,0.23741007194244604,2026,Aaron Brooks,AAA
605156,FF,21,93.39047619047619,13.16,-12.285714285714286,6.080952380952381,6.2680952380952375,-1.9657142857142857,1998.6190476190477,-0.7669939930498941,-0.6381497482625756,R,0.1510791366906475,2026,Aaron Brooks,AAA
605156,SI,34,92.84117647058824,8.287058823529412,-16.147058823529413,6.0588235294117645,6.276176470588235,-1.9823529411764704,1866.3529411764705,-0.7765147737034002,-0.627468571074183,R,0.2446043165467626,2026,Aaron Brooks,AAA
605156,SL,40,86.2325,2.613,2.103,5.9925,6.2255,-2.1765,2514.55,0.056641093731178205,0.061020611877355545,R,0.28776978417266186,2026,Aaron Brooks,AAA
605156,ST,11,81.74545454545455,-2.989090909090909,12.272727272727273,5.963636363636363,6.214545454545455,-2.153636363636364,2308.090909090909,0.5848350238173698,0.8076555904289187,R,0.07913669064748201,2026,Aaron Brooks,AAA
605177,SI,14,87.48571428571428,14.202857142857143,-13.92,6.464285714285714,6.67,-1.8628571428571428,1975.7142857142858,0.5538388318391873,-0.8322421867327341,L,1.0,2026,Andrew Chafin,AAA
605182,CH,15,87.22,5.864000000000001,-14.032,6.633333333333334,5.722666666666667,-1.464,1400.4,-0.7121315039740665,-0.6989555869338058,R,0.15306122448979592,2026,Mike Clevinger,AAA
605182,FC,18,87.73888888888888,5.06,4.273333333333333,6.344444444444445,5.855,-1.4783333333333333,2428.0555555555557,0.23107327377293296,-0.8788935496696917,R,0.1836734693877551,2026,Mike Clevinger,AAA
605182,FF,51,94.78823529411764,17.574117647058824,-7.4258823529411755,6.470588235294118,5.692941176470588,-1.547450980392157,2332.8627450980393,-0.4390530021266284,-0.896334455204653,R,0.5204081632653061,2026,Mike Clevinger,AAA
605182,ST,14,79.99285714285715,-4.808571428571428,16.919999999999998,6.3,5.769285714285714,-1.6014285714285716,2283.6428571428573,0.7845305847788323,0.5825446487392778,R,0.14285714285714285,2026,Mike Clevinger,AAA
605218,CH,75,89.496,9.632,-12.6,6.876,6.493333333333333,-2.240266666666667,1619.7333333333333,-0.4853220155993077,-0.8698848990082303,R,0.1968503937007874,2026,Carl Edwards Jr.,AAA
605218,CU,80,79.81875,-10.011,5.712,6.54125,6.599500000000001,-2.0565,2196.054054054054,0.403659302799049,0.9006187450615134,R,0.2099737532808399,2026,Carl Edwards Jr.,AAA
605218,FF,185,92.91027027027027,15.277621621621622,1.0482162162162163,6.832432432432433,6.51572972972973,-2.265243243243243,2426.467032967033,-0.22054893638970058,-0.9494420593504335,R,0.48556430446194226,2026,Carl Edwards Jr.,AAA
605218,SL,41,83.13414634146342,-3.875121951219512,3.330731707317073,6.807317073170732,6.4939024390243905,-2.2017073170731707,2205.1951219512193,0.5730256722441023,0.671466898971708,R,0.10761154855643044,2026,Carl Edwards Jr.,AAA
605242,CU,41,80.58048780487805,-0.38048780487804884,17.65170731707317,6.404878048780488,6.010243902439025,-2.591219512195122,2667.8048780487807,0.858771604877218,0.5056504526134856,R,0.6029411764705882,2026,Michael Fulmer,AAA
605242,FC,14,88.06428571428572,4.457142857142857,5.545714285714285,6.542857142857143,6.1814285714285715,-2.2849999999999997,2433.5,0.24823119690574522,-0.9169532783341122,R,0.20588235294117646,2026,Michael Fulmer,AAA
605242,SI,13,93.17692307692307,10.07076923076923,-11.455384615384617,6.576923076923077,5.976153846153846,-2.4076923076923076,2345.3076923076924,-0.45716020103102084,-0.8883795358225441,R,0.19117647058823528,2026,Michael Fulmer,AAA
605335,CH,58,79.23103448275862,6.931034482758621,-11.164137931034482,6.508620689655173,6.346724137931035,-1.7182758620689655,1333.5,0.6858141956170458,-0.717785970524713,L,0.2871287128712871,2026,Brandon Leibrandt,AAA
605335,FF,62,87.80000000000001,17.4541935483871,-5.89741935483871,6.462903225806452,6.356451612903226,-1.7220967741935482,2085.6935483870966,0.3545214109650217,-0.9322853260494873,L,0.3069306930693069,2026,Brandon Leibrandt,AAA
605335,SI,13,88.53076923076924,15.433846153846153,-9.581538461538461,6.4692307692307685,6.383846153846154,-1.7838461538461536,1972.1538461538462,0.357561428901434,-0.9315580144597188,L,0.06435643564356436,2026,Brandon Leibrandt,AAA
605335,SL,53,83.6622641509434,6.457358490566038,3.210566037735849,6.4245283018867925,6.30622641509434,-1.9150943396226414,2298.396226415094,-0.04760961626713851,-0.8810590036598529,L,0.2623762376237624,2026,Brandon Leibrandt,AAA
605335,ST,16,77.7375,-1.1400000000000001,12.0075,6.33125,6.208125,-1.909375,2537.6875,-0.7028398812241405,0.6929148660832682,L,0.07920792079207921,2026,Brandon Leibrandt,AAA
605397,CU,10,81.36,-11.964,10.331999999999999,5.99,6.476999999999999,-1.122,2806.0,0.6694093549215634,0.740825553128762,R,0.19607843137254902,2026,Joe Musgrove,AAA
605397,FC,11,90.44545454545454,8.574545454545456,1.5818181818181818,6.054545454545454,6.391818181818182,-1.2372727272727273,2707.818181818182,-0.18684861491626553,-0.8609723432422399,R,0.21568627450980393,2026,Joe Musgrove,AAA
605397,FF,30,93.52,13.968,-4.076,5.98,6.4030000000000005,-1.2236666666666667,2654.6,-0.5538503224493706,-0.8262474634345787,R,0.5882352941176471,2026,Joe Musgrove,AAA
605441,FF,22,96.18181818181819,15.561818181818182,-7.718181818181819,6.3090909090909095,5.534090909090909,-1.6809090909090907,2130.590909090909,-0.6152647838457589,-0.7837158093425526,R,0.5641025641025641,2026,Yacksel Ríos,AAA
605441,SL,17,83.84117647058824,-2.0964705882352943,4.270588235294118,6.270588235294118,5.631176470588236,-1.5358823529411765,2169.176470588235,0.6141739199037125,-0.12315534977803187,R,0.4358974358974359,2026,Yacksel Ríos,AAA
605447,FF,10,94.03999999999999,16.247999999999998,-2.244,7.470000000000001,6.027,-1.544,2256.6,-0.3199524718453775,-0.9453434453402594,R,1.0,2026,Jordan Romano,AAA
605452,CU,47,83.87021276595745,-3.3625531914893614,1.9480851063829787,6.6063829787234045,5.717659574468086,-2.0802127659574468,2150.063829787234,0.7554247689541658,0.6198142669333757,R,0.2146118721461187,2026,Joe Ross,AAA
605452,FF,65,95.34,13.076307692307694,-5.649230769230769,6.546153846153846,5.788923076923076,-2.1876923076923074,2238.9846153846156,-0.6039756056879314,-0.7925609193770546,R,0.2968036529680365,2026,Joe Ross,AAA
605452,FS,36,89.44999999999999,3.673333333333334,-12.28,6.716666666666667,5.703055555555555,-2.123333333333333,1357.6666666666667,-0.8172722225481309,-0.529355010721575,R,0.1643835616438356,2026,Joe Ross,AAA
605452,SI,21,96.2,9.297142857142857,-13.234285714285715,6.619047619047619,5.714761904761905,-2.051428571428571,2254.7619047619046,-0.5815291268018938,-0.8116807515915697,R,0.0958904109589041,2026,Joe Ross,AAA
605452,SL,50,89.662,5.5992,2.5128,6.6,5.650399999999999,-2.3716,1985.12,-0.3360545187496561,-0.8950132312097595,R,0.228310502283105,2026,Joe Ross,AAA
605463,FF,36,93.01944444444445,11.16,-14.22,5.837142857142857,4.926944444444445,-3.239722222222222,2091.657142857143,-0.8780287030068206,-0.4731042288882183,R,0.34951456310679613,2026,Tayler Scott,AAA
605463,FS,14,84.07857142857142,-3.994285714285714,-10.182857142857143,5.75,4.649285714285715,-2.7707142857142855,1470.0714285714287,-0.9963053907891088,-0.022415636640657162,R,0.13592233009708737,2026,Tayler Scott,AAA
605463,SI,15,92.68666666666667,7.287999999999999,-16.904,5.8533333333333335,4.755333333333334,-3.4033333333333333,2142.0666666666666,-0.9024523086429264,-0.4233973396055267,R,0.14563106796116504,2026,Tayler Scott,AAA
605463,SL,24,85.10000000000001,-1.0999999999999999,5.065,5.720833333333334,4.769166666666667,-3.2325,2735.875,0.5477652776635964,0.7716201159666487,R,0.23300970873786409,2026,Tayler Scott,AAA
605463,ST,14,83.47857142857143,-2.468571428571429,11.374285714285715,5.578571428571428,4.67,-3.608571428571428,2691.8571428571427,0.6220471071356967,0.5970561974250168,R,0.13592233009708737,2026,Tayler Scott,AAA
606160,FF,26,93.28076923076924,14.363076923076923,-11.326153846153847,6.138461538461538,5.014230769230769,-1.963846153846154,2300.346153846154,-0.727543270472753,-0.6839561383025419,R,0.33766233766233766,2026,Rafael Montero,AAA
606160,FS,35,86.69714285714286,0.37028571428571433,-12.932571428571428,6.274285714285714,4.883714285714286,-1.895142857142857,1542.0857142857142,-0.9184986907626366,-0.3909611531365846,R,0.45454545454545453,2026,Rafael Montero,AAA
606160,SI,16,93.1125,9.2625,-17.3625,6.24375,4.998125,-1.766875,2198.625,-0.6823571048201407,-0.7285474355345097,R,0.2077922077922078,2026,Rafael Montero,AAA
606303,CH,19,89.39999999999999,-0.5936842105263157,-15.80842105263158,5.889473684210526,5.551578947368421,-2.666315789473684,2007.5263157894738,-0.889464868308572,-0.364657122652053,R,0.12101910828025478,2026,Joel Payamps,AAA
606303,FF,55,94.91818181818182,12.475636363636363,-6.329454545454546,5.9781818181818185,5.5769090909090915,-2.4909090909090907,2464.163636363636,-0.6623250760452266,-0.6702984184512646,R,0.3503184713375796,2026,Joel Payamps,AAA
606303,SI,21,95.13333333333333,6.611428571428571,-14.662857142857144,5.966666666666667,5.608095238095238,-2.4185714285714286,2305.095238095238,-0.5924244723402009,-0.7952984673186788,R,0.1337579617834395,2026,Joel Payamps,AAA
606303,ST,62,84.95967741935483,1.416774193548387,13.579354838709676,5.788709677419354,5.450322580645161,-2.6796774193548383,2837.516129032258,0.7916451270708955,0.5919979727520028,R,0.39490445859872614,2026,Joel Payamps,AAA
607179,FF,34,94.65294117647058,14.152941176470588,-7.4541176470588235,6.488235294117647,5.94,-1.8379411764705882,1890.7941176470588,-0.5078252049668421,-0.8600859332338315,R,0.4857142857142857,2026,Jordan Weems,AAA
607179,FS,12,85.35833333333333,2.18,-7.419999999999999,6.4750000000000005,5.96,-1.8883333333333334,889.8333333333334,-0.9611133281492145,-0.2590026746367931,R,0.17142857142857143,2026,Jordan Weems,AAA
607179,SL,24,87.96249999999999,3.295,4.54,6.341666666666666,5.962083333333333,-1.9308333333333332,2120.9166666666665,0.38643012930706316,-0.8763719126119168,R,0.34285714285714286,2026,Jordan Weems,AAA
607481,SI,10,89.35,3.528,-16.428,6.32,5.154999999999999,-2.0100000000000002,1988.6,0.8563209765593023,-0.5124581871818272,L,1.0,2026,Aaron Bummer,AAA
608334,CH,118,83.7042372881356,1.6332203389830509,-13.53457627118644,6.163559322033898,5.672796610169492,-2.571440677966102,1293.7966101694915,-0.9064108918554507,-0.41592875340718144,R,0.2616407982261641,2026,Carson Fulmer,AAA
608334,CU,27,79.17777777777779,-9.244444444444444,8.475555555555555,6.033333333333333,5.798148148148148,-2.407037037037037,2556.3333333333335,0.7265223141287359,0.6733655957125223,R,0.0598669623059867,2026,Carson Fulmer,AAA
608334,FF,90,90.10888888888888,15.601333333333333,-7.882666666666667,6.112222222222223,5.713222222222223,-2.495111111111111,2148.8333333333335,-0.6656675751547719,-0.7419185813747625,R,0.19955654101995565,2026,Carson Fulmer,AAA
608334,SI,94,89.5031914893617,9.380425531914893,-15.250212765957446,6.138297872340425,5.685425531914893,-2.5622340425531913,2062.7978723404253,-0.6273630901769357,-0.7516447102584272,R,0.20842572062084258,2026,Carson Fulmer,AAA
608334,SL,60,85.45166666666667,6.92,3.876,6.053333333333333,5.774666666666667,-2.4356666666666666,2340.1666666666665,-0.11353947070754496,-0.9295120963696537,R,0.13303769401330376,2026,Carson Fulmer,AAA
608334,ST,62,79.89838709677419,-0.25741935483870965,12.294193548387097,5.983870967741935,5.667096774193548,-2.6083870967741936,2483.2903225806454,0.8131840849268233,0.56642006765995,R,0.13747228381374724,2026,Carson Fulmer,AAA
608335,FF,26,94.41923076923078,13.703076923076924,-7.421538461538462,6.473076923076923,5.430000000000001,-1.8615384615384616,2197.6923076923076,-0.6354332874718416,-0.7650093764616274,R,0.43333333333333335,2026,Kyle Funkhouser,AAA
608335,SI,22,94.07727272727271,8.694545454545455,-14.77090909090909,6.422727272727273,5.342727272727273,-1.9263636363636365,2091.2727272727275,-0.6416957947695753,-0.7635946733546387,R,0.36666666666666664,2026,Kyle Funkhouser,AAA
608335,SL,12,84.86666666666666,-0.58,3.92,6.3,5.468333333333334,-2.04,2459.4166666666665,0.9703895318798543,-0.12535942793798496,R,0.2,2026,Kyle Funkhouser,AAA
608344,CH,60,82.00166666666668,6.2219999999999995,-11.162,6.338333333333334,5.9585,-1.7001666666666668,1451.1833333333334,0.8183317820945353,-0.5708832091269846,L,0.1431980906921241,2026,Cole Irvin,AAA
608344,FC,97,85.00618556701032,5.385154639175258,1.76659793814433,6.236082474226804,5.962164948453609,-1.6813402061855671,2022.1855670103093,0.37970243861515424,-0.8040668131038577,L,0.2315035799522673,2026,Cole Irvin,AAA
608344,FF,67,90.0,14.082985074626865,-8.99641791044776,6.359701492537313,6.063134328358209,-1.5734328358208955,1985.597014925373,0.6830520458516125,-0.7275615048770466,L,0.15990453460620524,2026,Cole Irvin,AAA
608344,SI,122,89.5155737704918,10.08983606557377,-13.856065573770492,6.328688524590164,6.0484426229508195,-1.5600819672131148,1960.295081967213,0.6571430603650815,-0.7449537314062973,L,0.2911694510739857,2026,Cole Irvin,AAA
608344,SL,17,80.8,-3.508235294117647,1.8494117647058825,6.347058823529412,5.951176470588235,-1.842941176470588,2118.0,-0.5474611402622426,0.8095361850514459,L,0.0405727923627685,2026,Cole Irvin,AAA
608344,SV,56,75.89821428571429,-5.327142857142857,10.868571428571428,6.169642857142857,6.024821428571428,-1.5987500000000001,2050.1428571428573,-0.6439788034657478,0.7500613124334746,L,0.13365155131264916,2026,Cole Irvin,AAA
608371,CU,14,81.63571428571429,-6.934285714285714,10.037142857142857,5.778571428571429,5.644285714285714,-2.0592857142857146,2949.5714285714284,0.8214938114131847,0.44274084956233445,R,0.15730337078651685,2026,Lucas Sims,AAA
608371,FF,43,93.25348837209303,15.867906976744187,-5.665116279069768,5.841860465116278,5.714418604651163,-1.8693023255813952,2462.3255813953488,-0.3956358000076465,-0.9099008048908682,R,0.48314606741573035,2026,Lucas Sims,AAA
608371,SL,13,85.42307692307692,5.907692307692307,8.815384615384614,5.723076923076923,5.657692307692307,-1.709230769230769,2894.923076923077,0.9231712509791223,-0.10824474566162248,R,0.14606741573033707,2026,Lucas Sims,AAA
608371,ST,19,84.20526315789475,2.583157894736842,13.585263157894737,5.7631578947368425,5.646315789473684,-1.9147368421052633,2938.0526315789475,0.8959724746649461,0.2232789162711921,R,0.21348314606741572,2026,Lucas Sims,AAA
608566,CH,30,87.41666666666667,3.64,-15.32,5.25,6.058666666666666,-1.774,1637.2666666666667,-0.936227429732834,-0.3419343924905176,R,0.16853932584269662,2026,Germán Márquez,AAA
608566,FF,76,94.16842105263159,13.398947368421052,-12.317368421052631,5.260526315789474,6.224605263157895,-1.5550000000000002,2153.693333333333,-0.739173299859928,-0.6699582877270017,R,0.42696629213483145,2026,Germán Márquez,AAA
608566,KC,54,85.0074074074074,0.8733333333333334,1.6866666666666665,5.261111111111112,6.3261111111111115,-1.4633333333333332,2666.3653846153848,-0.0017872938014141205,0.5977388250563036,R,0.30337078651685395,2026,Germán Márquez,AAA
608566,SL,18,88.75555555555555,5.673333333333334,-5.140000000000001,5.300000000000001,5.88,-1.778888888888889,2286.6111111111113,-0.7993813226741056,-0.5804731719057444,R,0.10112359550561797,2026,Germán Márquez,AAA
608650,CH,43,82.33023255813953,2.006511627906977,-10.61860465116279,6.2046511627906975,6.304651162790698,-1.6746511627906977,1022.6279069767442,0.9073040443418272,-0.39877263352548176,L,0.20673076923076922,2026,Dietrich Enns,AAA
608650,FC,40,83.31,-0.19799999999999995,2.262,6.235,6.465999999999999,-1.6017499999999998,2182.225,-0.5498693941998392,-0.06783063264527066,L,0.19230769230769232,2026,Dietrich Enns,AAA
608650,FF,115,92.99217391304349,17.54504347826087,-5.074434782608695,6.288695652173914,6.426956521739131,-1.656086956521739,2166.4608695652173,0.44545627785650643,-0.8929490952353751,L,0.5528846153846154,2026,Dietrich Enns,AAA
608650,ST,10,79.24,-5.256,10.488,6.21,6.411,-1.6,2155.8,-0.4405511513559535,0.895292842987848,L,0.04807692307692308,2026,Dietrich Enns,AAA
608723,FC,24,86.89583333333333,6.205000000000001,4.075,6.266666666666667,5.850833333333333,-2.3866666666666667,2313.0,0.1221984212562844,-0.9287438270965954,R,0.20689655172413793,2026,Austin Voth,AAA
608723,FF,32,91.696875,17.20875,-5.57625,6.3500000000000005,5.869375,-2.2765625,2297.25,-0.48170316638370464,-0.8723704552952574,R,0.27586206896551724,2026,Austin Voth,AAA
608723,FS,20,84.08500000000001,3.4799999999999995,-8.484,6.255,5.7655,-2.3295,1305.4,-0.8017681665890268,-0.5855666352041256,R,0.1724137931034483,2026,Austin Voth,AAA
608723,SI,10,90.61999999999999,10.044,-12.036,6.33,5.801,-2.324,2236.7,-0.5007472840142395,-0.8638186288905789,R,0.08620689655172414,2026,Austin Voth,AAA
608723,ST,30,79.50666666666666,-0.64,17.368,6.206666666666666,5.649,-2.5646666666666667,2714.4666666666667,0.8124005056326651,0.5449743009941351,R,0.25862068965517243,2026,Austin Voth,AAA
615698,FF,20,93.03999999999999,15.642000000000001,-9.666,6.455,6.2665,-1.1744999999999999,2126.0,-0.5991672412900984,-0.7980398126655156,R,0.4444444444444444,2026,Cal Quantrill,AAA
615698,FS,14,86.14285714285714,4.542857142857143,-11.760000000000002,6.507142857142857,6.223571428571428,-1.2578571428571428,1118.7857142857142,-0.8504682905516917,-0.5211029056995254,R,0.3111111111111111,2026,Cal Quantrill,AAA
615698,SI,11,93.58181818181819,13.603636363636362,-13.658181818181818,6.463636363636363,6.284545454545454,-1.1136363636363635,2085.4545454545455,-0.5779550437488038,-0.8143627539822991,R,0.24444444444444444,2026,Cal Quantrill,AAA
621016,CH,11,85.44545454545454,-0.7854545454545453,-16.374545454545455,6.354545454545455,4.143636363636364,-4.043636363636363,1855.6363636363637,-0.9647767130981151,0.020832376968060708,R,0.06358381502890173,2026,Jose Cuas,AAA
621016,FF,59,91.60169491525424,8.890169491525423,-10.700338983050848,6.22542372881356,4.114406779661017,-3.970508474576271,2291.5593220338983,-0.8871305266572318,-0.35097173033197765,R,0.34104046242774566,2026,Jose Cuas,AAA
621016,SI,47,91.58510638297872,1.327659574468085,-15.367659574468085,6.287234042553192,4.16127659574468,-4.001489361702127,2403.1702127659573,-0.9346040569376391,-0.2914596817737912,R,0.27167630057803466,2026,Jose Cuas,AAA
621016,ST,56,81.12321428571428,6.833571428571429,9.105,6.105357142857143,4.347678571428571,-4.024821428571428,2693.785714285714,0.9411989707408213,-0.08214468331734286,R,0.3236994219653179,2026,Jose Cuas,AAA
621051,CH,10,82.44,7.343999999999999,-12.504,6.83,5.584,-2.001,1319.2,-0.826535900124546,-0.5511267248761584,R,0.1724137931034483,2026,Steven Wilson,AAA
621051,FC,20,88.65,12.486,5.466,6.640000000000001,5.779999999999999,-2.0335,2624.25,-0.08321449733093167,-0.980947172951681,R,0.3448275862068966,2026,Steven Wilson,AAA
621051,FF,28,92.71428571428571,19.002857142857145,-5.618571428571428,6.732142857142857,5.851071428571429,-1.8900000000000001,2345.1071428571427,-0.4065148391357883,-0.9096671484062092,R,0.4827586206896552,2026,Steven Wilson,AAA
621053,CH,16,86.9,0.13500000000000006,-13.0425,6.2875,5.68,-3.20375,1621.125,-0.9000382110401354,-0.43169711589062393,R,0.09876543209876543,2026,Tyler Ferguson,AAA
621053,FC,26,88.36538461538461,2.1553846153846155,4.435384615384615,6.046153846153846,5.78923076923077,-3.306923076923077,2606.3846153846152,0.445082411894125,-0.3082254053960532,R,0.16049382716049382,2026,Tyler Ferguson,AAA
621053,FF,71,95.01267605633802,13.215211267605634,-7.889577464788732,6.140845070422535,5.76830985915493,-3.397605633802817,2344.9295774647885,-0.7301277539506233,-0.6801827464549021,R,0.4382716049382716,2026,Tyler Ferguson,AAA
621053,SL,30,83.86999999999999,-3.668,6.164,6.13,5.787333333333334,-3.416,2633.6666666666665,0.8998128198692541,0.41335308126681025,R,0.18518518518518517,2026,Tyler Ferguson,AAA
621053,ST,19,84.53684210526316,1.3389473684210524,13.029473684210526,6.057894736842105,5.727368421052632,-3.3026315789473686,2618.7894736842104,0.8315895272573964,0.5233220897218008,R,0.11728395061728394,2026,Tyler Ferguson,AAA
621074,CU,27,81.46666666666667,-9.657777777777778,14.773333333333333,6.192592592592592,5.297777777777777,-2.2040740740740743,2698.8518518518517,0.6604026597647411,0.7451174526442037,R,0.26732673267326734,2026,Michael Rucker,AAA
621074,FC,24,89.2,3.64,3.605,6.170833333333333,5.3999999999999995,-2.1445833333333333,2526.9166666666665,0.36258526391203016,-0.6510637167531682,R,0.2376237623762376,2026,Michael Rucker,AAA
621074,FF,27,94.82222222222221,13.15111111111111,-4.16,6.21111111111111,5.371851851851852,-2.0840740740740737,2312.925925925926,-0.5833360973992167,-0.8083566151424734,R,0.26732673267326734,2026,Michael Rucker,AAA
621074,SI,10,93.89,7.308,-13.056000000000001,6.2299999999999995,5.252000000000001,-2.262,2271.0,-0.572676984084386,-0.8116164883903485,R,0.09900990099009901,2026,Michael Rucker,AAA
621074,SL,13,87.07692307692308,-1.5415384615384615,4.356923076923077,6.107692307692308,5.266153846153847,-2.146923076923077,2665.230769230769,0.8075872454796854,0.5161997462637152,R,0.12871287128712872,2026,Michael Rucker,AAA
621097,CH,23,83.82173913043479,11.582608695652173,-6.892173913043479,7.0086956521739125,6.458695652173914,-0.3091304347826087,1587.0,-0.22831918171355495,-0.9653155468311614,R,0.30666666666666664,2026,Jacob Waguespack,AAA
621097,FC,21,85.08571428571429,6.411428571428572,4.388571428571429,7.033333333333333,6.404761904761905,-0.5371428571428571,1950.857142857143,0.22330732978542636,-0.93855977944082,R,0.28,2026,Jacob Waguespack,AAA
621097,FF,31,91.79677419354839,19.304516129032258,-2.2761290322580647,7.080645161290323,6.40483870967742,-0.12580645161290321,2089.1935483870966,-0.16982543043499018,-0.9825310313881406,R,0.41333333333333333,2026,Jacob Waguespack,AAA
621139,FC,13,85.6,3.4523076923076923,2.8061538461538467,5.9,6.16,-1.2276923076923079,2159.3846153846152,-0.26370104905400593,-0.9432382883956603,R,0.16455696202531644,2026,Brooks Kriske,AAA
621139,FF,26,93.1576923076923,17.543076923076924,-6.683076923076923,5.9192307692307695,6.150384615384615,-1.2430769230769232,2175.5384615384614,-0.4446072646338341,-0.8916586966482207,R,0.3291139240506329,2026,Brooks Kriske,AAA
621139,FS,40,82.65,0.37500000000000006,-8.769,6.055,6.1325,-1.2189999999999999,1040.65,-0.8728334026510011,-0.4802928935833492,R,0.5063291139240507,2026,Brooks Kriske,AAA
621199,FC,33,89.44848484848485,8.10909090909091,1.418181818181818,6.378787878787879,6.179393939393939,-3.162121212121212,2127.939393939394,-0.423321632005361,-0.8948338253099761,R,0.14410480349344978,2026,Matt Bowman,AAA
621199,FS,45,79.96222222222222,-4.373333333333333,0.792,6.182222222222222,6.379333333333333,-2.893555555555556,874.4,-0.7516159443642679,0.569292545367641,R,0.1965065502183406,2026,Matt Bowman,AAA
621199,SI,115,90.86086956521739,5.669217391304348,-17.140173913043476,6.555652173913043,5.92295652173913,-3.308869565217391,2032.0347826086957,-0.8079826604029616,-0.5471494253945964,R,0.5021834061135371,2026,Matt Bowman,AAA
621199,ST,36,81.88611111111112,4.510000000000001,13.686666666666667,6.236111111111111,6.132777777777778,-3.3358333333333334,2533.3333333333335,0.9360561299496629,0.2924367167213958,R,0.1572052401746725,2026,Matt Bowman,AAA
621242,FF,21,96.65238095238095,10.325714285714286,-12.297142857142857,6.8428571428571425,4.76047619047619,-2.0876190476190475,2325.095238095238,-0.8281527333869081,-0.5544710659634292,R,0.4883720930232558,2026,Edwin Díaz,AAA
621242,SL,22,89.95,5.307272727272728,0.6272727272727273,6.631818181818182,5.012272727272727,-2.0186363636363636,2249.409090909091,-0.5720068088438356,-0.7926840394445329,R,0.5116279069767442,2026,Edwin Díaz,AAA
621244,CH,21,84.23333333333333,2.7371428571428575,-13.10857142857143,6.3619047619047615,5.57952380952381,-3.1100000000000003,1452.5714285714287,-0.9347692337135111,-0.3472428496529581,R,0.35,2026,José Berríos,AAA
621244,FF,27,91.92222222222223,13.528888888888888,-9.342222222222222,6.348148148148148,5.727037037037037,-2.9885185185185184,2150.296296296296,-0.7566552065824197,-0.6500327521238746,R,0.45,2026,José Berríos,AAA
621244,SI,12,90.60833333333333,9.200000000000001,-15.31,6.375,5.660833333333334,-3.01,2044.75,-0.7575886877278033,-0.6508518185213384,R,0.2,2026,José Berríos,AAA
621366,SI,14,91.89999999999999,6.557142857142857,-17.751428571428573,6.328571428571428,5.752142857142857,-1.8657142857142859,2165.8571428571427,0.8515762627795217,-0.5189626494943996,L,0.42424242424242425,2026,Ryan Borucki,AAA
621366,SL,19,83.75263157894737,3.037894736842105,0.8273684210526316,6.1947368421052635,5.708421052631579,-1.9589473684210525,2229.4210526315787,0.3477956658949778,-0.25505159029415836,L,0.5757575757575758,2026,Ryan Borucki,AAA
621383,CH,10,84.71000000000001,4.464,-9.888,5.6899999999999995,6.545,-2.556,1895.9,0.7211277591221708,-0.6737567805238975,L,0.14492753623188406,2026,Tanner Banks,AAA
621383,FF,19,93.28421052631579,14.797894736842103,-1.6357894736842107,5.5736842105263165,6.6021052631578945,-2.4426315789473683,2193.9473684210525,0.4784911935797423,-0.8586553816748012,L,0.2753623188405797,2026,Tanner Banks,AAA
621383,SL,22,87.69090909090909,4.8,4.167272727272728,5.590909090909091,6.495909090909091,-2.6513636363636364,2405.2272727272725,-0.11631382077835788,-0.9046492457862001,L,0.3188405797101449,2026,Tanner Banks,AAA
621383,ST,18,81.71666666666667,1.68,13.706666666666667,5.605555555555556,6.407777777777778,-2.7866666666666666,2316.3888888888887,-0.7531314614346868,0.4002431735017152,L,0.2608695652173913,2026,Tanner Banks,AAA
621389,CH,64,81.7609375,-0.47625000000000006,-17.08875,5.1109375,5.725625,-1.83609375,1943.171875,0.9636492577949158,-0.08849768026631366,L,0.24150943396226415,2026,Ty Blach,AAA
621389,CU,24,78.85416666666667,-5.945,4.17,5.116666666666666,5.859999999999999,-1.8991666666666667,2329.5416666666665,-0.6998256302315493,0.6995936147393874,L,0.09056603773584905,2026,Ty Blach,AAA
621389,FC,44,83.05,1.9800000000000002,-0.9354545454545454,5.156818181818182,5.671136363636363,-1.9004545454545456,2442.159090909091,0.7215899959752998,0.11078849242024907,L,0.1660377358490566,2026,Ty Blach,AAA
621389,SI,133,89.52857142857142,7.576240601503759,-17.990977443609022,5.174436090225564,5.732255639097744,-1.7693984962406015,2254.8796992481202,0.8626567638912465,-0.4926331453534762,L,0.5018867924528302,2026,Ty Blach,AAA
622065,CH,14,82.47142857142856,1.6457142857142857,-12.874285714285715,5.821428571428571,5.96,-2.0485714285714285,1469.0,0.9227416108245123,-0.3716101340748885,L,1.0,2026,Alex Young,AAA
622088,FC,21,89.9047619047619,8.571428571428571,0.1828571428571428,6.066666666666667,5.817619047619048,-1.8661904761904762,2679.1428571428573,-0.3311239316008369,-0.8996963580844388,R,0.6363636363636364,2026,Tejay Antone,AAA
622088,ST,12,83.825,3.0700000000000003,13.410000000000002,6.133333333333333,5.6125,-1.9033333333333333,2708.5,0.8573664603930271,0.4901676363865375,R,0.36363636363636365,2026,Tejay Antone,AAA
622098,FF,13,94.30000000000001,17.455384615384613,-7.929230769230769,5.984615384615385,5.617692307692308,-1.9776923076923079,2497.3076923076924,-0.5587803251175958,-0.8258617479729089,R,0.37142857142857144,2026,Drew Smith,AAA
622098,SL,12,86.02499999999999,3.0700000000000003,4.54,5.966666666666666,5.650833333333334,-1.9825,2619.6666666666665,0.7722243909033111,-0.5437969786720023,R,0.34285714285714286,2026,Drew Smith,AAA
622098,ST,10,82.31,0.6240000000000001,17.28,5.930000000000001,5.579,-2.089,2818.4,0.9014070059495467,0.39920399888350155,R,0.2857142857142857,2026,Drew Smith,AAA
622250,CU,56,82.01071428571429,-9.912857142857144,10.32642857142857,5.6625000000000005,6.248214285714285,-0.9598214285714286,2244.410714285714,0.39690083506985224,0.9128462897698697,R,0.28717948717948716,2026,Josh Sborz,AAA
622250,FF,80,93.34125,17.253,-6.048,5.7025,6.32725,-0.646125,2363.2125,-0.4476927893637119,-0.8920843800753007,R,0.41025641025641024,2026,Josh Sborz,AAA
622250,SL,59,86.10169491525424,3.022372881355932,2.1010169491525423,5.7322033898305085,6.2277966101694915,-1.0983050847457627,2105.271186440678,-0.20170779887966545,-0.7707597778949664,R,0.30256410256410254,2026,Josh Sborz,AAA
622253,CH,23,84.27826086956522,3.829565217391304,-15.490434782608697,6.186956521739131,5.301304347826087,-2.0182608695652173,1870.7391304347825,-0.9776329814588962,-0.1992912140061363,R,0.19658119658119658,2026,Dillon Tate,AAA
622253,SI,69,93.52028985507246,2.6295652173913044,-14.789565217391305,6.2550724637681165,5.363623188405796,-1.902608695652174,1928.927536231884,-0.9058822921236555,-0.417980709050365,R,0.5897435897435898,2026,Dillon Tate,AAA
622253,ST,25,79.74,4.7088,7.7616,6.047999999999999,5.3316,-2.1332,2428.6,0.9234915697732178,0.35450374127311707,R,0.21367521367521367,2026,Dillon Tate,AAA
622256,CU,20,75.365,-9.318000000000001,11.214,6.470000000000001,5.8895,-2.746,2475.25,0.6843628481970034,0.7275147651294445,R,0.07434944237918216,2026,Patrick Weigel,AAA
622256,FC,68,86.99117647058823,1.775294117647059,3.054705882352941,6.310294117647059,5.775441176470588,-2.8998529411764706,2520.455882352941,0.18984995410792962,-0.3788530034078766,R,0.2527881040892193,2026,Patrick Weigel,AAA
622256,FF,19,93.79473684210525,8.242105263157894,-6.315789473684211,6.405263157894737,5.531578947368421,-2.784736842105263,2334.7894736842104,-0.8374014676109462,-0.5306386438624099,R,0.07063197026022305,2026,Patrick Weigel,AAA
622256,SI,26,92.67692307692307,3.8723076923076922,-10.776923076923076,6.265384615384615,5.374615384615385,-2.9992307692307696,2260.653846153846,-0.841333097388781,-0.5228795579449282,R,0.09665427509293681,2026,Patrick Weigel,AAA
622256,SL,92,84.57608695652173,-2.487391304347826,5.003478260869565,6.378260869565217,5.803152173913043,-2.7256521739130433,2659.413043478261,0.8220986529276304,0.15288736372812378,R,0.3420074349442379,2026,Patrick Weigel,AAA
622256,ST,44,80.63409090909092,1.3690909090909091,13.636363636363637,6.238636363636363,5.407727272727272,-3.203863636363636,2661.431818181818,0.8206097020284588,0.32838963915026564,R,0.16356877323420074,2026,Patrick Weigel,AAA
622459,SI,14,93.25714285714285,10.345714285714285,-14.991428571428571,6.378571428571428,5.634285714285714,-1.615,2115.6428571428573,-0.580978879315993,-0.8103510113482558,R,1.0,2026,Cristian Alvarado,AAA
622694,CH,33,84.60000000000001,9.210909090909091,-16.374545454545455,6.466666666666667,5.358484848484849,-1.4263636363636363,2108.878787878788,-0.7391707829940055,-0.6712284823423679,R,0.12840466926070038,2026,Elieser Hernández,AAA
622694,CU,25,75.484,-6.3648,12.4848,6.244,5.4772,-1.4844,2385.36,0.929934729764061,0.33651187119828374,R,0.09727626459143969,2026,Elieser Hernández,AAA
622694,FC,44,85.92727272727274,11.67,1.8463636363636362,6.3604651162790695,5.290227272727273,-1.630909090909091,2225.3023255813955,-0.208442783347998,-0.9700279341841614,R,0.17120622568093385,2026,Elieser Hernández,AAA
622694,FF,131,91.9618320610687,17.043664122137404,-8.541984732824428,6.436641221374046,5.325801526717557,-1.5824427480916032,2246.908396946565,-0.5688987307952366,-0.8201401586292866,R,0.5097276264591439,2026,Elieser Hernández,AAA
622694,ST,24,79.875,9.33,8.185,6.291666666666667,5.264166666666667,-1.9833333333333334,2177.8333333333335,0.8866831554618946,-0.33120385716457135,R,0.0933852140077821,2026,Elieser Hernández,AAA
622780,CH,10,87.84,8.028,-11.688,6.69,6.130000000000001,-2.322,2141.0,0.6415424742110983,-0.7612059320175497,L,0.12048192771084337,2026,Angel Perdomo,AAA
622780,FF,58,90.9396551724138,14.300689655172414,-0.7613793103448276,6.744827586206896,6.14,-2.2677586206896554,2426.4222222222224,0.3642199836447222,-0.9242818104565695,L,0.6987951807228916,2026,Angel Perdomo,AAA
622780,SL,15,80.26666666666667,2.168,6.3839999999999995,6.713333333333334,6.200666666666667,-2.2693333333333334,2458.0,-0.9807681708904293,-0.07033160811844703,L,0.18072289156626506,2026,Angel Perdomo,AAA
623352,SI,12,92.85833333333333,17.25,-8.78,6.5249999999999995,5.725833333333334,-3.3533333333333335,2107.5833333333335,0.5304512310901426,-0.846174968356512,L,0.5454545454545454,2026,Josh Hader,AAA
623352,SL,10,81.56,0.09600000000000009,3.12,6.3,5.515,-3.556,2427.4,-0.08019697282893966,0.3159113405149496,L,0.45454545454545453,2026,Josh Hader,AAA
623381,CH,41,84.04634146341463,6.497560975609756,-15.33951219512195,6.241463414634146,5.499512195121951,-1.9404878048780487,1868.0243902439024,0.8330390096325412,-0.5454743704921479,L,0.12693498452012383,2026,Thomas Pannone,AAA
623381,CU,42,73.22619047619048,-8.377142857142857,11.854285714285714,6.180952380952381,5.511428571428572,-2.051904761904762,2441.309523809524,-0.7806981236576415,0.620468267754466,L,0.13003095975232198,2026,Thomas Pannone,AAA
623381,FC,101,86.5089108910891,12.091485148514852,0.6772277227722773,6.241584158415842,5.479504950495049,-1.9321782178217823,2438.3465346534654,0.4274515121692014,-0.8913862452897294,L,0.3126934984520124,2026,Thomas Pannone,AAA
623381,FF,32,88.890625,15.258750000000001,-8.11125,6.21875,5.6409375,-1.75,2329.78125,0.5347629562031144,-0.8386497244200031,L,0.09907120743034056,2026,Thomas Pannone,AAA
623381,SI,68,88.52941176470588,11.324117647058824,-13.829999999999998,6.261764705882353,5.548676470588235,-1.7641176470588233,2214.455882352941,0.5574911733962182,-0.8238485152435572,L,0.21052631578947367,2026,Thomas Pannone,AAA
623381,ST,39,78.03589743589744,5.990769230769231,14.132307692307691,6.194871794871795,5.322051282051282,-1.993846153846154,2493.3846153846152,-0.9865815284078735,-0.02595507173665702,L,0.12074303405572756,2026,Thomas Pannone,AAA
623433,FF,12,94.625,16.919999999999998,-7.2,6.1499999999999995,6.524166666666667,-0.8241666666666667,2219.0,-0.4627482623298073,-0.885789480769197,R,1.0,2026,Nick Anderson,AAA
623437,CH,12,87.21666666666665,-3.9,-14.58,5.841666666666666,5.026666666666666,-2.3024999999999998,1811.0,-0.9989216687533546,-0.03924488569862977,R,0.1411764705882353,2026,Justin Topa,AAA
623437,FC,15,91.37333333333332,8.648,-3.2640000000000002,5.6,5.066,-2.3146666666666667,2309.8,-0.8368682253141974,-0.5323890965056038,R,0.17647058823529413,2026,Justin Topa,AAA
623437,SI,31,93.66129032258064,1.0877419354838709,-17.88,5.690322580645161,5.007096774193548,-2.2532258064516126,2152.4193548387098,-0.9453208743592514,-0.32312510858390325,R,0.36470588235294116,2026,Justin Topa,AAA
623437,ST,27,83.20370370370371,4.062222222222222,11.586666666666668,5.47037037037037,5.0092592592592595,-2.3870370370370373,2549.4814814814813,0.9393531017701142,0.3134760242534835,R,0.3176470588235294,2026,Justin Topa,AAA
624522,CH,23,86.41739130434782,-0.22956521739130437,-11.368695652173914,6.021739130434782,5.628260869565217,-1.9569565217391303,1599.7391304347825,-0.8824476828251285,-0.3005865747591267,R,0.1050228310502283,2026,Keegan Thompson,AAA
624522,CU,35,80.48571428571428,-9.96,7.429714285714287,5.98,5.781428571428571,-2.024857142857143,2558.0,0.539227106905798,0.6322404261344594,R,0.1598173515981735,2026,Keegan Thompson,AAA
624522,FC,40,88.3275,5.601,3.8160000000000003,6.01,5.76275,-2.098,2606.625,0.047420429797001694,-0.978150990742165,R,0.182648401826484,2026,Keegan Thompson,AAA
624522,FF,64,91.8921875,13.06875,-4.063125,6.040625,5.71796875,-2.0340625,2416.625,-0.4485637674519394,-0.8898792841732799,R,0.2922374429223744,2026,Keegan Thompson,AAA
624522,SI,22,92.26818181818182,11.067272727272726,-13.303636363636365,5.931818181818182,5.793636363636364,-1.8672727272727272,2464.9545454545455,-0.49788047767811167,-0.8654917211025495,R,0.1004566210045662,2026,Keegan Thompson,AAA
624522,ST,35,82.8,2.5268571428571427,9.867428571428572,6.002857142857143,5.671714285714286,-2.125142857142857,2823.342857142857,0.8911892904355108,0.3487677449828992,R,0.1598173515981735,2026,Keegan Thompson,AAA
625510,FF,16,96.31875,16.5075,-5.6325,5.8125,6.0375,-2.775,2375.8125,-0.6417547145383865,-0.7598088473949142,R,1.0,2026,Erick Mejia,AAA
625643,FF,39,91.27179487179487,16.667692307692306,-6.606153846153846,6.420512820512821,5.881538461538462,-2.0646153846153843,2030.051282051282,-0.49673720115925135,-0.8601826626068091,R,0.75,2026,Reynaldo López,AAA
625643,SL,13,82.88461538461539,1.9292307692307693,4.596923076923077,6.376923076923077,5.846153846153846,-2.286153846153846,2122.846153846154,0.5514500433085747,-0.5408329553074057,R,0.25,2026,Reynaldo López,AAA
628708,FF,16,96.3875,15.8625,-12.8325,5.8875,5.6049999999999995,-1.583125,2348.0625,-0.7047930962599553,-0.7063671353371357,R,0.37209302325581395,2026,Yunior Marte,AAA
628708,SI,13,96.21538461538461,12.166153846153845,-17.104615384615382,5.884615384615385,5.643846153846154,-1.573076923076923,2319.0,-0.7389767222450832,-0.670733913786023,R,0.3023255813953488,2026,Yunior Marte,AAA
628708,SL,14,85.39285714285714,2.7342857142857144,1.44,5.9071428571428575,5.696428571428571,-1.6642857142857144,2482.214285714286,-0.13038802637915264,-0.7626171648487476,R,0.32558139534883723,2026,Yunior Marte,AAA
628709,FF,84,95.41071428571429,14.777142857142858,-9.47857142857143,6.718292682926829,5.980952380952381,-0.8420238095238096,2191.2289156626507,-0.6197372990409545,-0.78232297275288,R,0.5121951219512195,2026,Ofreidy Gómez,AAA
628709,FS,42,87.04761904761905,0.8942857142857144,-11.2,6.630952380952381,5.984285714285714,-0.94,970.9285714285714,-0.947963372296,0.05693135767283463,R,0.25609756097560976,2026,Ofreidy Gómez,AAA
628709,SI,15,96.19333333333334,10.904,-15.328000000000001,6.733333333333333,5.930666666666666,-0.6953333333333334,2167.5333333333333,-0.616284104848632,-0.785185984828188,R,0.09146341463414634,2026,Ofreidy Gómez,AAA
628709,SL,23,86.98260869565217,2.4730434782608697,1.1217391304347826,6.48695652173913,5.928695652173913,-0.9865217391304348,2311.0454545454545,0.3336745596932564,0.06522548796550444,R,0.1402439024390244,2026,Ofreidy Gómez,AAA
640454,CH,16,85.075,0.7125000000000001,-15.2175,5.875,5.963125,-3.015,1790.8125,0.923245624870296,-0.3602012073810917,L,0.07582938388625593,2026,Matt Krook,AAA
640454,FC,17,87.04705882352941,4.0588235294117645,-1.0023529411764707,6.070588235294117,6.04764705882353,-2.817647058823529,2427.1176470588234,0.8580912024673647,-0.06167735087714012,L,0.08056872037914692,2026,Matt Krook,AAA
640454,SI,90,89.00999999999999,3.26,-16.197333333333333,5.923333333333334,6.183333333333334,-2.882222222222222,2014.6555555555556,0.8319487094546952,-0.4935600996018375,L,0.4265402843601896,2026,Matt Krook,AAA
640454,ST,88,80.9375,-0.8359090909090909,17.360454545454544,5.896590909090909,5.859318181818182,-3.2685227272727273,2804.0795454545455,-0.7956652796663728,0.5925499943358727,L,0.41706161137440756,2026,Matt Krook,AAA
641312,CH,22,85.33181818181818,6.212727272727273,-10.870909090909091,6.6,6.072272727272727,-2.2363636363636363,1558.9545454545455,-0.6325911705714212,-0.7447517328815475,R,0.1,2026,Shaun Anderson,AAA
641312,CU,20,82.755,-5.568,7.794,6.595000000000001,6.1615,-1.9935000000000003,2896.6,0.6641669755323428,0.5686528241253695,R,0.09090909090909091,2026,Shaun Anderson,AAA
641312,FC,12,92.43333333333334,10.839999999999998,-0.8400000000000002,6.7749999999999995,5.986666666666667,-1.9408333333333332,2560.3333333333335,-0.21262084631304942,-0.9726387251069376,R,0.05454545454545454,2026,Shaun Anderson,AAA
641312,FF,35,92.23142857142857,13.333714285714287,-2.9794285714285715,6.768571428571429,6.000857142857143,-1.9351428571428573,2496.6,-0.2938265013287978,-0.9457167996873892,R,0.1590909090909091,2026,Shaun Anderson,AAA
641312,SI,28,92.41785714285713,11.40857142857143,-11.618571428571428,6.642857142857143,5.9675,-2.0410714285714286,2389.964285714286,-0.4623505683456283,-0.8722545939027234,R,0.12727272727272726,2026,Shaun Anderson,AAA
641312,SL,77,88.6974025974026,5.90025974025974,3.9459740259740266,6.611688311688312,5.982987012987013,-2.4007792207792207,2711.12987012987,0.2070563948873252,-0.9210322213615586,R,0.35,2026,Shaun Anderson,AAA
641312,ST,26,82.45769230769231,-2.723076923076923,13.938461538461537,6.5307692307692315,6.0442307692307695,-2.1884615384615382,2941.576923076923,0.755862035645972,0.6323441561297235,R,0.11818181818181818,2026,Shaun Anderson,AAA
641386,CH,23,85.12608695652175,5.869565217391305,-13.669565217391304,5.98695652173913,5.879130434782609,-1.558695652173913,1506.0869565217392,0.8490416565696207,-0.5047414963519818,L,0.14465408805031446,2026,Ben Bowden,AAA
641386,FF,103,93.18252427184466,15.020970873786409,-13.137087378640775,5.963106796116505,5.783592233009709,-1.5177669902912623,2361.5048543689322,0.7504244102551628,-0.6570895826837013,L,0.6477987421383647,2026,Ben Bowden,AAA
641386,SL,33,83.57878787878788,4.66909090909091,-0.48000000000000004,5.906060606060606,5.902727272727272,-1.232121212121212,2282.787878787879,0.5728320975344796,-0.5656898589281804,L,0.20754716981132076,2026,Ben Bowden,AAA
641482,FC,11,85.2,10.058181818181819,4.843636363636364,5.927272727272728,5.8136363636363635,-1.1554545454545455,2245.818181818182,0.075094537887123,-0.9843611423945362,L,0.2619047619047619,2026,Nestor Cortes,AAA
641482,FF,21,89.67619047619048,18.068571428571428,-3.0800000000000005,6.0,5.895714285714286,-0.8761904761904761,2118.285714285714,0.35206248752311275,-0.9237810867934058,L,0.5,2026,Nestor Cortes,AAA
641482,ST,10,75.9,1.9080000000000001,16.44,5.87,5.616,-1.6030000000000002,2555.3,-0.8770307004788955,0.46059494185260696,L,0.23809523809523808,2026,Nestor Cortes,AAA
641540,FC,19,86.45263157894736,7.218947368421053,1.6736842105263159,6.836842105263158,5.847368421052631,-2.054736842105263,2211.8947368421054,-0.36418145477645225,-0.923229599530559,R,0.3064516129032258,2026,Dane Dunning,AAA
641540,KC,12,74.89166666666667,-15.660000000000002,8.13,6.790909090909091,5.955000000000001,-1.9216666666666669,2313.4166666666665,0.42877515211081074,0.9023591361531133,R,0.1935483870967742,2026,Dane Dunning,AAA
641540,SI,19,88.27894736842104,8.551578947368421,-11.08421052631579,6.888235294117647,5.940526315789474,-1.9394736842105265,2060.8888888888887,-0.5528554257792413,-0.8282680990306038,R,0.3064516129032258,2026,Dane Dunning,AAA
641540,SL,12,78.99166666666666,-2.98,2.11,6.683333333333334,5.890833333333333,-2.0658333333333334,2102.909090909091,0.780081466986212,0.551982861644294,R,0.1935483870967742,2026,Dane Dunning,AAA
641585,CU,37,75.70270270270271,-15.700540540540539,9.152432432432432,6.343243243243243,5.447567567567567,-1.3975675675675676,2636.285714285714,0.44658131180909494,0.8929220237757788,R,0.22560975609756098,2026,J.P. France,AAA
641585,FC,54,86.1648148148148,4.815555555555555,4.797777777777777,6.15,5.430370370370371,-1.653148148148148,2790.203703703704,0.6887501398956092,-0.5467254390658655,R,0.32926829268292684,2026,J.P. France,AAA
641585,FF,39,92.41794871794872,13.852307692307692,-3.9907692307692306,6.110256410256411,5.49974358974359,-1.607179487179487,2453.871794871795,-0.5304887990930941,-0.8446715592848943,R,0.23780487804878048,2026,J.P. France,AAA
641585,SI,15,91.45333333333333,11.128000000000002,-11.872000000000002,6.28,5.437333333333333,-1.5586666666666666,2387.866666666667,-0.547547776321241,-0.8345798881979706,R,0.09146341463414634,2026,J.P. France,AAA
641585,ST,19,79.08947368421053,0.28421052631578947,13.93263157894737,6.278947368421052,5.320526315789474,-1.661578947368421,2706.2105263157896,0.8511461790265038,0.5000421643344939,R,0.11585365853658537,2026,J.P. France,AAA
641627,FC,64,88.8859375,9.0,1.72875,5.8328125,5.25859375,-3.01375,2211.535714285714,-0.4003013689178515,-0.8995956785908846,R,0.4507042253521127,2026,Trevor Gott,AAA
641627,FF,31,92.99677419354839,13.707096774193547,-8.589677419354837,5.838709677419355,5.156774193548387,-3.051612903225806,2092.6071428571427,-0.7588703022532929,-0.6456168674988115,R,0.21830985915492956,2026,Trevor Gott,AAA
641627,SI,47,93.22127659574467,5.377021276595745,-16.96595744680851,5.853191489361703,5.1359574468085105,-3.032127659574468,1978.2368421052631,-0.7544783960403242,-0.6314635090131339,R,0.33098591549295775,2026,Trevor Gott,AAA
641656,FF,46,95.17391304347827,15.31304347826087,-11.444347826086956,5.6499999999999995,5.861521739130435,-2.5280434782608694,2283.478260869565,-0.6987708389470388,-0.7085697322852301,R,0.38333333333333336,2026,Ian Hamilton,AAA
641656,SI,27,94.90370370370371,10.115555555555556,-15.6,5.562962962962962,5.808518518518519,-2.5685185185185184,2117.5185185185187,-0.7039893938368282,-0.5842927284748998,R,0.225,2026,Ian Hamilton,AAA
641656,SL,47,87.27446808510638,4.4221276595744685,0.14042553191489357,5.555319148936171,5.830638297872341,-2.5589361702127658,1673.787234042553,-0.6071758688132923,-0.6018239125507158,R,0.39166666666666666,2026,Ian Hamilton,AAA
641672,CH,22,87.73181818181818,6.818181818181818,-9.36,6.204545454545454,5.674545454545455,-1.255,1740.0,-0.7448202333905187,-0.6471380452653536,R,0.10185185185185185,2026,Thomas Hatch,AAA
641672,CU,18,82.03888888888889,2.3000000000000003,-3.673333333333334,6.094444444444445,5.795555555555556,-1.265,1905.7777777777778,-0.046744043576260275,-0.24337209388952827,R,0.08333333333333333,2026,Thomas Hatch,AAA
641672,FC,57,89.23684210526316,7.461052631578947,2.6799999999999997,6.146428571428571,5.725789473684211,-1.3363157894736843,2502.1071428571427,-0.3687626335642765,-0.9174942014782257,R,0.2638888888888889,2026,Thomas Hatch,AAA
641672,FF,41,92.83658536585367,12.591219512195122,-5.569756097560976,6.195121951219512,5.799268292682927,-1.1870731707317073,2426.45,-0.611498303037498,-0.7890471483102602,R,0.18981481481481483,2026,Thomas Hatch,AAA
641672,SI,39,93.29230769230769,7.353846153846154,-12.366153846153846,6.161538461538462,5.837948717948718,-1.2030769230769232,2274.6216216216217,-0.6260742857614263,-0.7250319055206174,R,0.18055555555555555,2026,Thomas Hatch,AAA
641672,SL,39,85.61282051282052,2.750769230769231,3.686153846153846,6.13076923076923,5.832820512820512,-1.2928205128205128,2390.9189189189187,0.3419791147366717,-0.7516148877607008,R,0.18055555555555555,2026,Thomas Hatch,AAA
641703,FF,23,94.08695652173913,17.37391304347826,-4.893913043478261,6.039130434782609,6.21391304347826,-0.8521739130434783,2232.0434782608695,-0.4105893344203451,-0.9091578444502695,R,0.6764705882352942,2026,Brent Honeywell,AAA
641703,SL,11,85.07272727272726,4.549090909090909,6.949090909090909,6.109090909090909,6.238181818181818,-0.9163636363636364,2292.2727272727275,0.5162244922809553,-0.8340811171799442,R,0.3235294117647059,2026,Brent Honeywell,AAA
641729,FF,15,92.61999999999999,16.896,-7.264,6.819999999999999,5.607333333333333,-2.198,2403.2,-0.5466895188327402,-0.8354393913627399,R,1.0,2026,Joe Jiménez,AAA
641739,SI,55,89.39272727272729,-0.4625454545454545,-13.690909090909091,5.57090909090909,5.3785454545454545,-2.2978181818181818,2186.163636363636,0.886231535743509,-0.2848652231199647,L,0.7746478873239436,2026,Rob Kaminsky,AAA
641739,SL,16,85.375,0.405,-0.48750000000000004,5.58125,5.308125,-2.33875,2406.3125,0.3373973831681151,0.851354777292944,L,0.22535211267605634,2026,Rob Kaminsky,AAA
641871,CH,31,86.25161290322582,6.414193548387097,-12.236129032258065,6.664516129032258,5.806451612903226,-1.4358064516129032,1961.5806451612902,-0.6698671867007744,-0.7380657084785436,R,0.34444444444444444,2026,Keynan Middleton,AAA
641871,FF,36,92.31666666666666,14.93,-3.986666666666667,6.733333333333333,5.818888888888889,-1.3858333333333333,2322.8055555555557,-0.5012122067763394,-0.8613703839318694,R,0.4,2026,Keynan Middleton,AAA
641871,SL,23,83.18260869565218,2.16,4.361739130434782,6.682608695652173,5.744782608695652,-1.6500000000000001,2326.0434782608695,0.6619336571339877,-0.5221260370426759,R,0.25555555555555554,2026,Keynan Middleton,AAA
641962,FF,96,95.23541666666667,14.07125,-6.01625,7.054166666666667,5.719374999999999,-2.3360416666666666,2099.0,0.6277280807912361,-0.7459450700828527,L,0.5161290322580645,2026,CD Pelham,AAA
641962,SI,45,94.25555555555556,7.184000000000001,-13.082666666666666,7.062222222222222,5.701333333333333,-2.3024444444444443,2090.511111111111,0.609537630603469,-0.7865230113318404,L,0.24193548387096775,2026,CD Pelham,AAA
641962,SL,45,86.59777777777778,2.6666666666666665,5.688000000000001,6.924444444444445,5.772444444444444,-2.4546666666666663,2260.511111111111,-0.5057962441655026,-0.7285827757654968,L,0.24193548387096775,2026,CD Pelham,AAA
642048,CH,33,85.70909090909092,4.952727272727273,-15.723636363636363,6.6454545454545455,5.318181818181818,-2.0193939393939395,2240.5151515151515,0.9392144840555502,-0.333455963141483,L,0.19642857142857142,2026,Tayler Saucedo,AAA
642048,FF,31,92.48709677419355,11.678709677419356,-7.300645161290323,6.525806451612904,5.540967741935484,-1.9138709677419354,2368.032258064516,0.68019452043153,-0.665237631667609,L,0.18452380952380953,2026,Tayler Saucedo,AAA
642048,SI,52,92.01153846153846,4.317692307692308,-15.115384615384615,6.563461538461539,5.413269230769231,-2.0340384615384615,2305.596153846154,0.8240363220756856,-0.4929527728110315,L,0.30952380952380953,2026,Tayler Saucedo,AAA
642048,SL,26,85.86923076923077,2.5523076923076924,2.8246153846153845,6.546153846153846,5.376153846153846,-2.1346153846153846,2394.8076923076924,-0.13416379565899092,-0.7368680828703104,L,0.15476190476190477,2026,Tayler Saucedo,AAA
642048,ST,26,81.0653846153846,3.0184615384615388,8.750769230769231,6.542307692307692,5.339230769230769,-2.1715384615384616,2365.653846153846,-0.9143478895548511,0.3677869149961862,L,0.15476190476190477,2026,Tayler Saucedo,AAA
642121,FF,12,92.43333333333334,17.42,-9.73,6.55,5.859166666666667,-1.595,2326.5833333333335,-0.5683346241522301,-0.8191856368874748,R,1.0,2026,Cole Sulser,AAA
642152,CH,27,86.75185185185185,3.2222222222222223,-16.755555555555556,6.203703703703703,6.256666666666667,-1.4674074074074073,1818.2962962962963,-0.9499148277437548,-0.2705552328883756,R,0.18620689655172415,2026,Lou Trivino III,AAA
642152,FC,31,90.63870967741936,8.678709677419356,0.03096774193548384,6.164516129032258,6.3429032258064515,-1.437741935483871,2363.7096774193546,-0.475150436099831,-0.8267436068063335,R,0.21379310344827587,2026,Lou Trivino III,AAA
642152,FF,20,93.485,14.868,-8.675999999999998,6.266666666666667,6.268,-1.3645,2008.05,-0.6421094722883232,-0.7441318709728667,R,0.13793103448275862,2026,Lou Trivino III,AAA
642152,SI,35,94.11999999999999,9.548571428571428,-15.641142857142855,6.297142857142857,6.266285714285714,-1.4,2060.8571428571427,-0.6747574826667508,-0.7315275225459807,R,0.2413793103448276,2026,Lou Trivino III,AAA
642152,ST,32,79.153125,-1.365,18.5025,6.1125,6.331875,-1.3603125,2509.125,0.8014709510498136,0.5868642534437725,R,0.2206896551724138,2026,Lou Trivino III,AAA
642239,FC,13,85.23076923076923,5.104615384615385,4.3015384615384615,6.461538461538462,5.707692307692308,-2.0846153846153848,2428.3846153846152,-0.3958166903678383,-0.8485623070223849,L,0.3611111111111111,2026,Rob Zastryzny,AAA
642239,FF,23,89.54347826086956,16.05391304347826,-3.563478260869565,6.5,5.818695652173914,-1.9543478260869567,2417.086956521739,0.4720512296498615,-0.8736122398360548,L,0.6388888888888888,2026,Rob Zastryzny,AAA
642376,SI,25,97.95200000000001,12.552,-14.025599999999999,6.047999999999999,6.1091999999999995,-1.7896,2468.16,0.4514802934905627,-0.8874364434726292,L,0.44642857142857145,2026,Jefry Yan,AAA
642376,SL,31,86.21935483870968,-5.489032258064516,6.669677419354838,5.883870967741935,6.305161290322581,-1.788709677419355,2629.3548387096776,-0.2599860308604774,0.9246058707114662,L,0.5535714285714286,2026,Jefry Yan,AAA
642520,CH,17,84.05882352941177,4.425882352941176,-10.531764705882352,6.476470588235294,5.905294117647059,-2.098235294117647,1265.6470588235295,-0.7721821051553337,-0.6279495813216184,R,0.1588785046728972,2026,Gerson Garabito,AAA
642520,CU,19,83.9421052631579,-0.47368421052631576,6.6821052631578945,6.542105263157895,5.7642105263157895,-2.148421052631579,2583.842105263158,0.7227236691623439,0.11016859999660815,R,0.17757009345794392,2026,Gerson Garabito,AAA
642520,FF,30,92.80666666666666,15.668000000000001,-7.02,6.666666666666667,5.818333333333333,-2.0493333333333332,2388.7,-0.5567801781082097,-0.8254931660909958,R,0.2803738317757009,2026,Gerson Garabito,AAA
642520,SI,26,92.4,8.584615384615384,-14.7,6.638461538461538,5.77576923076923,-2.0976923076923075,2239.576923076923,-0.6337125924494439,-0.7644227410147327,R,0.24299065420560748,2026,Gerson Garabito,AAA
642520,SL,15,87.53333333333333,6.104,3.0639999999999996,6.546666666666667,5.844666666666667,-2.1866666666666665,2528.866666666667,0.17417833640098854,-0.8685802976990717,R,0.14018691588785046,2026,Gerson Garabito,AAA
642546,SI,54,96.01481481481481,5.373333333333334,-16.35777777777778,6.298148148148148,5.553888888888889,-2.5751851851851852,2206.296296296296,-0.8256392460826634,-0.5604076219909436,R,0.6067415730337079,2026,Jonathan Hernández,AAA
642546,SL,35,88.29714285714286,2.4308571428571426,4.2788571428571425,6.319999999999999,5.650857142857143,-2.4948571428571427,2434.6,0.37044655585094555,-0.7583641838576901,R,0.39325842696629215,2026,Jonathan Hernández,AAA
642585,FS,16,88.9,13.62,-6.9825,6.78125,7.035625,-0.18875,1310.3125,-0.26196954455211435,-0.8916517280642098,R,0.2962962962962963,2026,Félix Bautista,AAA
642585,SI,38,95.53157894736842,18.742105263157896,-3.8178947368421055,6.7,7.077368421052632,0.08763157894736842,2328.9210526315787,-0.08807253891925637,-0.9924930536046122,R,0.7037037037037037,2026,Félix Bautista,AAA
642758,CH,21,87.05714285714286,4.12,-11.634285714285713,5.90952380952381,5.672857142857143,-1.6023809523809522,1853.4285714285713,-0.9576142847457999,-0.26220861839305426,R,0.12727272727272726,2026,Domingo Acevedo,AAA
642758,FC,47,85.24468085106383,2.4229787234042552,-4.531914893617022,5.676595744680851,5.581489361702127,-1.9382978723404254,2032.5744680851064,-0.9828276855746564,0.03607575458552323,R,0.28484848484848485,2026,Domingo Acevedo,AAA
642758,FF,97,93.75154639175257,10.317525773195877,-9.409484536082475,5.745360824742267,5.505257731958763,-1.651958762886598,2061.59793814433,-0.7562483073831547,-0.6490967847801873,R,0.5878787878787879,2026,Domingo Acevedo,AAA
642770,FF,75,96.49866666666667,16.0656,-7.0767999999999995,5.982666666666667,5.792533333333333,-2.1209333333333333,2310.5333333333333,-0.528093918514956,-0.8446389456147053,R,0.5597014925373134,2026,Javy Guerra,AAA
642770,SI,21,92.55714285714286,7.154285714285715,-15.982857142857142,6.042857142857143,5.629047619047618,-2.282857142857143,1770.4761904761904,-0.7264553111971876,-0.6819852003790771,R,0.15671641791044777,2026,Javy Guerra,AAA
642770,SL,38,86.91315789473684,4.00421052631579,3.571578947368421,5.984210526315789,5.857631578947369,-2.154736842105263,2303.7631578947367,0.3937832087558449,-0.7429411817124137,R,0.2835820895522388,2026,Javy Guerra,AAA
643290,CU,14,79.96428571428571,-7.508571428571429,4.637142857142857,6.392857142857143,5.869999999999999,-1.2007142857142856,2343.6428571428573,0.712043279310948,0.5680636362716526,R,0.109375,2026,Justin Dunn,AAA
643290,FF,88,93.41136363636365,14.622272727272728,-5.702727272727272,6.575,5.698409090909091,-1.0760227272727272,2341.3977272727275,-0.5053396069904111,-0.856863438102891,R,0.6875,2026,Justin Dunn,AAA
643290,SL,26,83.9423076923077,-2.0953846153846154,4.896923076923077,6.461538461538462,5.709615384615384,-1.0980769230769232,2506.5,0.716773867641894,-0.12164228408114117,R,0.203125,2026,Justin Dunn,AAA
643361,CH,28,79.68928571428572,8.871428571428572,-16.298571428571428,5.742857142857143,6.166785714285714,-1.8432142857142857,1905.5357142857142,-0.9066476323644584,-0.41660552666302675,R,0.27450980392156865,2026,Kevin Herget,AAA
643361,FC,16,84.75625,6.4125000000000005,0.11999999999999995,5.61875,6.079375,-2.0025,2126.875,-0.5588560513636932,-0.5904071594416823,R,0.1568627450980392,2026,Kevin Herget,AAA
643361,FF,58,90.11896551724138,15.790344827586207,-10.72344827586207,5.761403508771929,6.297413793103448,-1.697758620689655,2161.561403508772,-0.5926433906833487,-0.8037214809007508,R,0.5686274509803921,2026,Kevin Herget,AAA
644429,FF,45,96.40888888888888,15.730666666666666,-5.970666666666667,6.08,5.965333333333334,-1.3502222222222222,2002.7555555555555,0.5115486132233934,-0.8542601639531348,L,0.6617647058823529,2026,Anderson Severino,AAA
644429,SL,23,84.34782608695652,-2.1652173913043478,6.3704347826086964,5.960869565217391,5.755217391304348,-1.4752173913043478,2451.478260869565,-0.9268877638425279,0.2082885983808469,L,0.3382352941176471,2026,Anderson Severino,AAA
646241,CH,15,87.41333333333334,8.432,-15.536,5.966666666666667,5.986666666666666,-2.6413333333333333,2136.9333333333334,0.7430523776566231,-0.6675203236077327,L,0.22058823529411764,2026,Enmanuel De Jesus,AAA
646241,FC,11,85.08181818181818,1.08,3.7854545454545456,5.872727272727272,5.8963636363636365,-2.8445454545454543,2544.5454545454545,-0.5794395028663873,-0.2236004570423433,L,0.16176470588235295,2026,Enmanuel De Jesus,AAA
646241,FF,42,93.93333333333332,16.422857142857143,-10.465714285714286,5.866666666666667,6.153809523809524,-2.56,2317.2619047619046,0.6342550786270861,-0.7707208205754418,L,0.6176470588235294,2026,Enmanuel De Jesus,AAA
646242,CH,128,79.03984375,3.5634375,-11.94,6.184375,5.5875,-2.782109375,1782.5859375,0.8893391714340015,-0.3453416052418829,L,0.20414673046251994,2026,Jhonathan Díaz,AAA
646242,CU,10,69.71000000000001,-13.404,11.892,6.029999999999999,6.243,-2.285,2753.3,-0.6274263696834143,0.7748424693807487,L,0.01594896331738437,2026,Jhonathan Díaz,AAA
646242,FC,77,84.01038961038961,5.956363636363636,0.32415584415584414,6.300000000000001,5.548701298701299,-2.7987012987012987,2338.7105263157896,0.3266457524481455,-0.8226981269438788,L,0.12280701754385964,2026,Jhonathan Díaz,AAA
646242,FF,39,88.6051282051282,13.793846153846156,-8.563076923076922,6.364102564102564,5.687435897435898,-2.7076923076923074,2147.5128205128203,0.7841819849554355,-0.6122590314999797,L,0.06220095693779904,2026,Jhonathan Díaz,AAA
646242,SI,177,87.09943502824859,5.9355932203389825,-14.837966101694915,6.349717514124294,5.607231638418079,-2.791864406779661,2185.653409090909,0.7614342120967492,-0.6200769584130323,L,0.2822966507177033,2026,Jhonathan Díaz,AAA
646242,ST,196,77.82397959183673,2.442857142857143,14.365102040816327,6.291836734693878,5.384489795918367,-2.844489795918367,2666.6326530612246,-0.9251625077518479,0.2807058416180565,L,0.31259968102073366,2026,Jhonathan Díaz,AAA
647315,FC,19,93.6842105263158,9.821052631578947,-4.616842105263157,6.473684210526316,5.76,-1.795263157894737,2267.0,-0.7146719224837534,-0.6880946505745131,R,0.2159090909090909,2026,Zach Pop,AAA
647315,SI,52,95.67307692307692,7.869230769230769,-16.99153846153846,6.44423076923077,5.7784615384615385,-1.7221153846153845,2194.980769230769,-0.7715687939491637,-0.6312483106729864,R,0.5909090909090909,2026,Zach Pop,AAA
647315,SL,17,87.28823529411765,0.4870588235294118,4.750588235294118,6.423529411764706,5.577647058823529,-1.9870588235294118,2516.0588235294117,0.2627962555181842,0.21978466889717682,R,0.19318181818181818,2026,Zach Pop,AAA
650893,CU,34,81.97941176470589,-2.9752941176470586,8.791764705882354,5.773529411764706,6.126764705882353,-1.5373529411764704,2355.823529411765,-0.6716678476973267,0.7260155949769463,L,0.34,2026,Génesis Cabrera,AAA
650893,FC,10,88.05,7.367999999999999,1.7399999999999998,5.62,6.029999999999999,-0.923,2119.2,0.3993367830412851,-0.8825262571511207,L,0.1,2026,Génesis Cabrera,AAA
650893,FF,27,95.06666666666668,16.00888888888889,-6.724444444444445,5.692592592592592,6.147037037037037,-0.7133333333333333,2250.296296296296,0.5555359926163264,-0.8272195584920811,L,0.27,2026,Génesis Cabrera,AAA
650893,SI,29,94.7896551724138,11.404137931034484,-15.219310344827587,5.658620689655172,6.132758620689655,-1.176896551724138,2220.4827586206898,0.6473574962971291,-0.7602776182165225,L,0.29,2026,Génesis Cabrera,AAA
650960,CH,10,88.5,5.0520000000000005,-15.588,5.93,5.617,-1.42,1745.6,-0.8946589167516171,-0.4285703366873876,R,0.08771929824561403,2026,Daniel Duarte,AAA
650960,FC,30,89.34333333333333,8.936,5.256,5.89,5.9030000000000005,-1.2593333333333334,2492.5666666666666,0.052329460018298975,-0.9728838985279253,R,0.2631578947368421,2026,Daniel Duarte,AAA
650960,FF,25,94.1,15.815999999999999,-7.9344,5.86,5.9396,-1.036,2290.92,-0.5414374087361903,-0.8374806822014896,R,0.21929824561403508,2026,Daniel Duarte,AAA
650960,SI,23,92.80434782608695,10.753043478260869,-17.175652173913043,5.7956521739130435,5.775652173913044,-1.2117391304347827,2235.2608695652175,-0.707922134403774,-0.7012558136433431,R,0.20175438596491227,2026,Daniel Duarte,AAA
650960,ST,26,81.56153846153846,3.1753846153846155,16.001538461538463,5.765384615384615,5.796538461538462,-1.2857692307692308,2719.153846153846,0.9413392001474399,0.30884936379959815,R,0.22807017543859648,2026,Daniel Duarte,AAA
655889,SI,25,96.22399999999999,8.7408,-14.179200000000002,6.627999999999999,5.4376,-1.1252,2093.4,-0.6266202023282521,-0.7771309200042009,R,0.4807692307692308,2026,Manuel Rodríguez,AAA
655889,SL,27,88.35185185185185,1.4622222222222223,3.3155555555555556,6.514814814814815,5.601111111111111,-0.98,2256.1111111111113,0.17191885662504305,-0.68535077688638,R,0.5192307692307693,2026,Manuel Rodríguez,AAA
656181,CH,14,87.57857142857142,4.268571428571429,-13.422857142857142,6.642857142857143,5.614285714285714,-3.342142857142857,1889.642857142857,-0.7309358638544484,-0.6764775243141657,R,0.1728395061728395,2026,Spencer Adams,AAA
656181,FC,21,87.66666666666667,5.982857142857143,1.7200000000000002,6.652380952380952,5.601904761904762,-3.384285714285714,2483.8571428571427,-0.006964715051481647,-0.8985781167612288,R,0.25925925925925924,2026,Spencer Adams,AAA
656181,FF,33,92.2,11.763636363636364,-4.192727272727273,6.7272727272727275,5.653030303030303,-3.3075757575757576,2363.3939393939395,-0.5941989222747481,-0.7999087785718353,R,0.4074074074074074,2026,Spencer Adams,AAA
656181,SL,13,82.41538461538462,-2.5938461538461537,3.6738461538461538,6.661538461538461,5.851538461538461,-3.19,2721.230769230769,0.7915600268279271,0.592942870561498,R,0.16049382716049382,2026,Spencer Adams,AAA
656186,CH,37,91.01621621621621,0.745945945945946,-16.68972972972973,5.754054054054055,5.179459459459459,-2.3667567567567565,1755.1351351351352,-0.8951159266618428,-0.4358565637140176,R,0.21264367816091953,2026,Dan Altavilla,AAA
656186,FF,62,95.98387096774194,13.021935483870967,-10.58516129032258,5.841935483870968,5.2256451612903225,-2.290161290322581,2260.3225806451615,-0.7070595614678391,-0.6971144987527715,R,0.3563218390804598,2026,Dan Altavilla,AAA
656186,SI,22,96.63636363636364,8.154545454545454,-16.347272727272728,5.863636363636363,5.173636363636363,-2.291818181818182,2250.0454545454545,-0.7408813262475529,-0.669184624253547,R,0.12643678160919541,2026,Dan Altavilla,AAA
656186,SL,53,88.5,4.926792452830189,4.188679245283019,5.694339622641509,5.219433962264151,-2.411132075471698,2467.943396226415,0.14805734765397735,-0.727012969169092,R,0.3045977011494253,2026,Dan Altavilla,AAA
656212,CH,66,81.96515151515152,4.2727272727272725,-16.709090909090907,5.527272727272727,5.497121212121212,-2.026060606060606,1763.121212121212,0.983216828631219,-0.1722865132481485,L,0.16666666666666666,2026,Charlie Barnes,AAA
656212,FF,98,89.57448979591835,12.437142857142856,-11.442857142857143,5.470408163265306,5.6604081632653065,-2.0943877551020407,2009.0714285714287,0.8015138854005917,-0.5915283512146944,L,0.2474747474747475,2026,Charlie Barnes,AAA
656212,SI,91,89.06263736263736,5.850989010989012,-15.08043956043956,5.467032967032967,5.531208791208791,-2.134835164835165,1896.978021978022,0.8193374874703951,-0.5559134978529056,L,0.2297979797979798,2026,Charlie Barnes,AAA
656212,SL,88,82.7215909090909,0.33,5.822727272727272,5.328409090909091,5.677727272727273,-2.1620454545454546,2432.4367816091954,-0.7682395301118007,0.5116618054983509,L,0.2222222222222222,2026,Charlie Barnes,AAA
656212,ST,53,77.99622641509434,-2.698867924528302,16.550943396226415,5.194339622641509,5.639245283018868,-2.310188679245283,2459.9056603773583,-0.8507523225262564,0.5169678731480372,L,0.13383838383838384,2026,Charlie Barnes,AAA
656232,CH,22,84.50454545454545,5.023636363636364,-11.558181818181819,5.495454545454546,6.0213636363636365,-1.354090909090909,1952.2272727272727,-0.6095835373172753,-0.4293612769850192,R,0.23655913978494625,2026,Brandon Bielak,AAA
656232,CU,19,79.91578947368421,-10.983157894736843,3.416842105263158,5.326315789473685,6.208947368421053,-1.164736842105263,2367.9473684210525,0.514775968883101,0.8508776691266389,R,0.20430107526881722,2026,Brandon Bielak,AAA
656232,FF,25,90.74799999999999,14.2512,-3.7152,5.484,6.1468,-1.2331999999999999,2431.2,-0.46615986716874813,-0.7876609055153753,R,0.26881720430107525,2026,Brandon Bielak,AAA
656232,SI,27,91.31111111111112,5.751111111111111,-14.920000000000002,5.522222222222222,5.958888888888889,-1.365925925925926,2223.1481481481483,-0.6598120326288311,-0.7473598837442789,R,0.2903225806451613,2026,Brandon Bielak,AAA
656234,FF,13,92.56153846153846,11.344615384615384,-3.341538461538462,5.915384615384616,5.494615384615385,-2.910769230769231,2405.5384615384614,-0.6704463022040914,-0.7282449806951863,R,0.3023255813953488,2026,Jake Bird,AAA
656234,SI,10,94.78999999999999,2.604,-16.02,5.91,5.442,-2.8850000000000002,2182.4,-0.8201860367001471,-0.5637474849343673,R,0.23255813953488372,2026,Jake Bird,AAA
656234,ST,20,83.675,6.678,14.13,5.8,5.198,-3.1559999999999997,2693.3,0.9669471318925444,0.23665537627257516,R,0.46511627906976744,2026,Jake Bird,AAA
656240,FC,13,88.46923076923076,5.363076923076923,4.513846153846154,6.876923076923077,6.112307692307693,-1.9938461538461536,2337.3846153846152,0.21953827438777254,-0.9201682442430504,R,0.10077519379844961,2026,Scott Blewett,AAA
656240,FF,41,94.57317073170732,14.803902439024391,-6.465365853658536,7.002439024390244,6.268536585365854,-1.6073170731707318,2269.9756097560976,-0.45578468168962205,-0.8850168137218903,R,0.3178294573643411,2026,Scott Blewett,AAA
656240,FS,28,86.19642857142857,2.185714285714286,-6.368571428571428,7.010714285714286,6.135714285714286,-1.804285714285714,998.75,-0.8215994794363446,-0.5581108926065855,R,0.21705426356589147,2026,Scott Blewett,AAA
656240,SI,15,94.70666666666666,13.520000000000001,-12.72,7.006666666666666,6.176,-1.8760000000000001,2139.133333333333,-0.4632595900170771,-0.8835957452896108,R,0.11627906976744186,2026,Scott Blewett,AAA
656240,SL,32,84.0625,-1.7550000000000001,2.23875,6.9375,6.2228125,-1.6459375,2199.34375,0.7007582145736999,0.500213050899418,R,0.24806201550387597,2026,Scott Blewett,AAA
656288,CH,20,89.025,1.6920000000000002,-10.536,5.7700000000000005,5.554,-1.4155,1445.45,-0.9461336117407466,-0.31385185414876926,R,0.36363636363636365,2026,Griffin Canning,AAA
656288,FF,12,94.875,12.35,-7.95,6.108333333333333,5.625,-1.1908333333333332,2240.4166666666665,-0.5951887289831422,-0.8018973351302533,R,0.21818181818181817,2026,Griffin Canning,AAA
656288,SL,23,87.23478260869565,-4.1582608695652175,1.2782608695652173,5.865217391304348,5.691304347826088,-1.2569565217391305,2727.4347826086955,0.29518025934764425,0.8563492252890686,R,0.41818181818181815,2026,Griffin Canning,AAA
656353,CU,15,76.03333333333333,-11.008000000000001,11.712,5.786666666666666,6.569333333333334,-1.7413333333333334,2504.0666666666666,-0.5628033638715001,0.8220789419804482,L,0.04178272980501393,2026,Tucker Davidson,AAA
656353,FF,121,91.38347107438017,17.239338842975208,-2.407933884297521,6.166942148760331,6.530165289256198,-1.3096694214876032,1951.6198347107438,0.3665641082882984,-0.9275876394942495,L,0.3370473537604457,2026,Tucker Davidson,AAA
656353,FS,39,80.18205128205128,4.553846153846154,-9.313846153846153,6.074358974358974,6.435128205128205,-1.4925641025641025,964.3846153846154,0.7034236912598378,-0.7066254924606671,L,0.10863509749303621,2026,Tucker Davidson,AAA
656353,SI,59,90.8542372881356,14.597288135593221,-11.963389830508476,6.23448275862069,6.43050847457627,-1.5552542372881357,1920.2372881355932,0.34439147802838777,-0.92659981708618,L,0.16434540389972144,2026,Tucker Davidson,AAA
656353,SL,77,86.14415584415585,3.5532467532467535,5.758441558441558,6.036363636363636,6.492987012987013,-1.652077922077922,2183.948051948052,-0.4636557677969028,-0.7472851023153171,L,0.21448467966573817,2026,Tucker Davidson,AAA
656353,ST,48,79.91250000000001,-1.99,14.695,5.954166666666667,6.404791666666667,-1.96,2421.0833333333335,-0.7475002341999097,0.638848582262704,L,0.13370473537604458,2026,Tucker Davidson,AAA
656412,FF,32,92.5375,14.08125,-6.66,6.028125,6.041875,-1.139375,2346.633333333333,-0.6430855710118458,-0.7636946203713058,R,0.6808510638297872,2026,Alex Faedo,AAA
656412,SL,15,84.02,1.6960000000000002,1.816,6.013333333333334,5.944,-1.2133333333333334,2541.5833333333335,0.2443728359952282,-0.6559447407071386,R,0.3191489361702128,2026,Alex Faedo,AAA
656457,SI,22,88.93636363636364,3.572727272727273,-16.347272727272728,6.131818181818182,4.698181818181818,-3.464090909090909,2150.090909090909,0.8262496101351026,-0.5553198702196621,L,1.0,2026,Tyler Gilbert,AAA
656620,FF,68,96.04264705882352,12.239999999999998,-10.335882352941177,6.892647058823529,6.568823529411765,-1.4976470588235296,2108.544117647059,-0.6348640121783933,-0.76227803571127,R,0.6181818181818182,2026,Gabe Klobosits,AAA
656620,FS,29,90.89999999999999,2.3462068965517244,-4.6593103448275865,6.73448275862069,6.464827586206896,-1.687241379310345,2017.4137931034484,-0.47568591128423915,-0.6625743501137495,R,0.2636363636363636,2026,Gabe Klobosits,AAA
656620,SL,13,86.63076923076923,-2.926153846153846,3.8492307692307692,6.7153846153846155,6.562307692307693,-1.613076923076923,2551.3076923076924,0.5921452031086769,0.34113939836553153,R,0.11818181818181818,2026,Gabe Klobosits,AAA
656686,CU,24,85.39999999999999,-7.609999999999999,-0.27,6.2375,5.985833333333333,-1.5570833333333332,2617.375,0.36732446503291755,0.9201432615597186,R,0.2962962962962963,2026,Corbin Martin,AAA
656686,FF,37,94.14054054054054,13.45945945945946,-1.3264864864864865,6.386486486486487,5.955675675675676,-1.5754054054054054,2432.189189189189,-0.3110103185395936,-0.9453590232017169,R,0.4567901234567901,2026,Corbin Martin,AAA
656686,ST,20,85.63,0.726,8.532,6.2700000000000005,5.85,-1.7420000000000002,2581.0,0.9025628309374273,0.3744235231337988,R,0.24691358024691357,2026,Corbin Martin,AAA
656726,FF,26,97.29615384615384,16.033846153846152,-6.212307692307693,6.434615384615385,6.2638461538461545,-1.4011538461538462,2274.8076923076924,-0.5974507549170583,-0.7933351631900092,R,0.3939393939393939,2026,Sam McWilliams,AAA
656726,SI,10,97.59,10.559999999999999,-12.504000000000001,6.459999999999999,6.268,-1.3539999999999999,2158.2,-0.4511943407197568,-0.8490111937294371,R,0.15151515151515152,2026,Sam McWilliams,AAA
656726,ST,30,93.16333333333334,8.868,3.56,6.466666666666667,6.381333333333333,-1.2786666666666666,2521.9,-0.22401440910994724,-0.9492795225565889,R,0.45454545454545453,2026,Sam McWilliams,AAA
656786,CH,12,85.31666666666666,4.62,-12.89,6.2749999999999995,5.55,-1.9266666666666667,1723.75,0.8700442564873291,-0.46768610369198216,L,0.04938271604938271,2026,Parker Mushinski,AAA
656786,CU,33,80.87272727272727,-9.989090909090908,8.069090909090908,6.233333333333333,5.597575757575758,-1.7,2711.3636363636365,-0.7014442534309235,0.7081207137574183,L,0.13580246913580246,2026,Parker Mushinski,AAA
656786,FC,48,88.40416666666665,7.515,4.7525,6.359574468085106,5.616666666666667,-1.7608333333333333,2595.4444444444443,0.0930557531491321,-0.8839537832241885,L,0.19753086419753085,2026,Parker Mushinski,AAA
656786,FF,72,91.7513888888889,11.445,-5.138333333333333,6.322222222222222,5.589583333333334,-1.8627777777777779,2342.9718309859154,0.5481095975196358,-0.7962314198853656,L,0.2962962962962963,2026,Parker Mushinski,AAA
656786,SL,49,82.01632653061223,2.1918367346938776,11.546938775510206,6.291666666666667,5.605714285714286,-1.8800000000000001,2695.1627906976746,-0.7763249788972161,0.28184082746650096,L,0.20164609053497942,2026,Parker Mushinski,AAA
656786,ST,29,82.11724137931034,4.075862068965518,10.684137931034481,6.362068965517241,5.539655172413793,-1.6879310344827587,2687.4137931034484,-0.9509854700423065,0.2767127951551422,L,0.11934156378600823,2026,Parker Mushinski,AAA
656924,CH,40,88.20750000000001,3.8009999999999997,-15.87,6.2625,5.40225,-1.4805,1736.85,-0.9516692490924354,-0.2876412052879247,R,0.17167381974248927,2026,Ryder Ryan,AAA
656924,FF,42,92.28571428571429,10.977142857142857,-11.799999999999999,6.1,5.445,-1.4723809523809526,2326.5238095238096,-0.8322535469511171,-0.5233420959070274,R,0.18025751072961374,2026,Ryder Ryan,AAA
656924,SI,68,92.38382352941177,4.8635294117647065,-16.180588235294117,6.152941176470588,5.41,-1.5248529411764706,2259.279411764706,-0.8656858737925082,-0.48612488843218377,R,0.2918454935622318,2026,Ryder Ryan,AAA
656924,SL,83,82.40963855421687,2.4650602409638553,7.470361445783132,6.180722891566265,5.385180722891566,-1.5707228915662652,2474.012048192771,0.848658918507277,0.04766389496406165,R,0.3562231759656652,2026,Ryder Ryan,AAA
657022,CH,44,85.01818181818182,8.634545454545455,-13.54090909090909,6.497727272727272,5.887045454545454,-1.0345454545454547,1788.090909090909,-0.7837316827603286,-0.6178086141069464,R,0.18410041841004185,2026,Trey Supak,AAA
657022,CU,33,75.98181818181818,-10.381818181818183,9.930909090909092,6.484848484848484,5.974848484848485,-0.8403030303030303,2499.030303030303,0.7029982969694258,0.7060152218686797,R,0.13807531380753138,2026,Trey Supak,AAA
657022,FF,67,90.90149253731343,15.14865671641791,-6.406567164179105,6.659701492537313,5.9307462686567165,-0.8997014925373135,2355.805970149254,-0.5355818126317454,-0.813541390055098,R,0.2803347280334728,2026,Trey Supak,AAA
657022,SI,32,90.90625,10.86375,-14.4825,6.6187499999999995,5.866875,-0.8621875,2337.875,-0.5768473096667589,-0.8134084763302956,R,0.13389121338912133,2026,Trey Supak,AAA
657022,SL,63,85.84603174603176,6.1466666666666665,2.337142857142857,6.566666666666666,5.898730158730158,-0.9466666666666667,2438.714285714286,0.017732490492102473,-0.8742831855665277,R,0.26359832635983266,2026,Trey Supak,AAA
657240,CH,15,78.06666666666666,9.216000000000001,-9.831999999999999,6.566666666666666,6.3020000000000005,-1.38,1297.0666666666666,-0.6924136979368172,-0.7187004819842634,R,0.189873417721519,2026,Julian Merryweather,AAA
657240,FF,35,95.54571428571428,15.6,-6.346285714285714,6.6971428571428575,6.150857142857143,-1.6857142857142857,2099.7714285714287,-0.5203365600942135,-0.8514833343812692,R,0.4430379746835443,2026,Julian Merryweather,AAA
657240,SL,29,83.86551724137931,-2.7144827586206897,0.6372413793103449,6.582758620689655,6.236551724137931,-1.5544827586206895,2189.310344827586,0.5306342797372781,0.7632726921587271,R,0.3670886075949367,2026,Julian Merryweather,AAA
657265,CU,13,81.16153846153846,-5.972307692307693,16.006153846153843,6.738461538461538,4.89,-2.176923076923077,2912.3846153846152,0.8146206002380073,0.4427713595176418,R,0.16883116883116883,2026,Peter Strzelecki,AAA
657265,FF,10,92.13,12.84,-9.228,6.74,5.054,-2.072,2389.5,-0.8513607606885968,-0.5135696914394768,R,0.12987012987012986,2026,Peter Strzelecki,AAA
657265,SI,42,92.26190476190476,2.66,-15.485714285714286,6.70952380952381,4.879761904761905,-2.122142857142857,2329.4761904761904,-0.880966563155552,-0.45968174876540774,R,0.5454545454545454,2026,Peter Strzelecki,AAA
657265,ST,12,79.80833333333334,-0.5299999999999999,20.03,6.766666666666667,4.739166666666667,-2.3874999999999997,2941.6666666666665,0.9209379052489823,0.3720261313359466,R,0.15584415584415584,2026,Peter Strzelecki,AAA
657508,FF,14,92.49285714285715,17.64857142857143,-10.02,6.535714285714286,6.241428571428571,-1.8628571428571428,2135.4285714285716,-0.5887264777389196,-0.8061024249456036,R,1.0,2026,Mike Baumann,AAA
657510,FF,30,95.22333333333333,16.56,-9.692,6.193333333333333,5.910333333333333,-1.8786666666666667,2298.1,-0.5516669353249971,-0.8313668430513005,R,0.4411764705882353,2026,Andrew Bechtold,AAA
657510,SL,38,86.73421052631579,3.1610526315789476,2.681052631578947,6.25,5.699210526315789,-1.9757894736842105,2159.9473684210525,0.10755051749356603,-0.7930576751847868,R,0.5588235294117647,2026,Andrew Bechtold,AAA
657611,FC,79,86.05569620253164,4.4399999999999995,-1.2425316455696203,6.417721518987341,6.168481012658228,-2.0254430379746835,2238.5569620253164,-0.11518966987246176,-0.6328272224088688,R,0.40512820512820513,2026,Cam Hill,AAA
657611,FF,46,91.32391304347826,15.67304347826087,-1.0930434782608696,6.506521739130435,6.3497826086956515,-1.7071739130434782,2338.5434782608695,-0.39173523876159494,-0.9133938256846702,R,0.2358974358974359,2026,Cam Hill,AAA
657611,SL,55,83.42,-0.5629090909090909,5.103272727272727,6.4,6.163636363636364,-2.021818181818182,2412.690909090909,0.43498260785181114,0.15801271621105673,R,0.28205128205128205,2026,Cam Hill,AAA
657611,ST,15,80.26,-5.215999999999999,12.144,6.38,6.051333333333333,-2.2800000000000002,2590.5333333333333,0.7185497110876875,0.58245658347954,R,0.07692307692307693,2026,Cam Hill,AAA
657649,FC,19,90.33157894736841,11.336842105263159,-0.04421052631578949,6.089473684210526,6.024736842105263,-2.6121052631578947,2377.4736842105262,0.46998301998293845,-0.865257197902185,L,0.38,2026,Jared Koenig,AAA
657649,SI,31,93.04516129032258,11.818064516129033,-13.254193548387097,6.190322580645161,6.199354838709677,-2.5412903225806454,2269.8064516129034,0.5296229822188327,-0.8388495433314834,L,0.62,2026,Jared Koenig,AAA
657756,FF,13,93.38461538461539,14.178461538461537,-7.809230769230769,6.130769230769231,5.623846153846154,-2.655384615384615,2166.0,-0.5548226141218546,-0.8248875752132859,R,1.0,2026,Connor Seabold,AAA
658551,CH,11,88.7,6.621818181818182,-12.589090909090908,6.709090909090909,5.671818181818182,-1.6772727272727272,1970.4545454545455,-0.8415206908984824,-0.5389285575268198,R,0.19642857142857142,2026,Junior Fernández,AAA
658551,FF,11,97.5090909090909,14.607272727272727,-9.12,6.754545454545454,5.938181818181818,-1.1763636363636363,2241.0,-0.5324011778387275,-0.8460401789914507,R,0.19642857142857142,2026,Junior Fernández,AAA
658551,SI,34,97.54411764705883,11.75294117647059,-14.061176470588235,6.694117647058824,5.928529411764706,-1.2920588235294117,2067.294117647059,-0.516553099411669,-0.8537401405882866,R,0.6071428571428571,2026,Junior Fernández,AAA
658648,CH,42,84.92857142857143,3.477142857142857,-2.842857142857143,6.1000000000000005,5.776428571428572,-1.0878571428571429,1717.952380952381,-0.43228939588763293,-0.8284358645917502,R,0.19811320754716982,2026,Pedro Avila,AAA
658648,CU,31,79.1032258064516,-11.752258064516129,9.290322580645162,6.164,5.857096774193548,-0.8835483870967742,2736.7741935483873,0.5191052626253073,0.8482124948049808,R,0.14622641509433962,2026,Pedro Avila,AAA
658648,FF,65,92.47076923076924,11.311384615384615,-2.844923076923077,6.126666666666666,5.822615384615385,-1.0264615384615385,2329.630769230769,-0.5450927092586679,-0.8198405573064427,R,0.30660377358490565,2026,Pedro Avila,AAA
658648,SI,74,93.24594594594595,10.06054054054054,-13.125405405405406,6.121666666666667,5.823243243243243,-1.050810810810811,2236.675675675676,-0.6046710570062046,-0.7904809378930485,R,0.3490566037735849,2026,Pedro Avila,AAA
659381,CH,12,88.8,-0.73,-11.65,6.116666666666667,5.743333333333333,-2.736666666666667,1375.4166666666667,0.9460665492857877,-0.3196121239456429,L,0.09090909090909091,2026,Justin King,AAA
659381,FF,68,95.41470588235293,15.783529411764706,-7.027058823529412,6.277941176470588,5.999411764705882,-2.3291176470588235,2156.6323529411766,0.6007592862622179,-0.79683596217542,L,0.5151515151515151,2026,Justin King,AAA
659381,SL,39,86.26923076923077,4.2553846153846155,2.3353846153846156,6.089743589743589,5.96076923076923,-2.5656410256410256,2232.6923076923076,-0.33487040322658634,-0.595472722892321,L,0.29545454545454547,2026,Justin King,AAA
659381,ST,13,82.16153846153846,1.6246153846153848,13.098461538461539,6.0307692307692315,5.623846153846154,-2.9615384615384617,2521.153846153846,-0.7933607517860265,0.5946380164002438,L,0.09848484848484848,2026,Justin King,AAA
660600,FF,62,93.46774193548387,13.736129032258065,-1.5716129032258064,6.103225806451612,5.276451612903226,-2.4861290322580643,2360.9032258064517,-0.4727447295722408,-0.8713809413813439,R,0.3425414364640884,2026,Enoli Paredes,AAA
660600,SI,46,92.72391304347826,9.34695652173913,-12.224347826086955,6.160869565217391,5.314782608695652,-2.4439130434782608,2276.1739130434785,-0.5520311175092406,-0.7938663234773415,R,0.2541436464088398,2026,Enoli Paredes,AAA
660600,SL,73,86.44657534246576,4.502465753424658,4.563287671232877,6.027397260273973,5.268082191780822,-2.614794520547945,2639.4931506849316,0.6582870451993392,-0.521198460128198,R,0.40331491712707185,2026,Enoli Paredes,AAA
660604,CH,113,80.77876106194691,12.032920353982302,-10.847787610619468,6.561946902654867,6.336991150442478,0.3980530973451328,1878.858407079646,-0.6266086824642858,-0.770221862551537,R,0.2684085510688836,2026,Alan Rangel,AAA
660604,CU,44,72.89999999999999,-17.432727272727274,-0.8127272727272729,6.411363636363637,6.2488636363636365,0.2575,1966.2272727272727,-0.11225801053425455,0.9893784469519349,R,0.10451306413301663,2026,Alan Rangel,AAA
660604,FF,189,92.02010582010581,19.526984126984125,-3.695238095238095,6.344148936170213,6.336243386243386,0.29126984126984123,2242.723404255319,-0.29134332101721394,-0.9544571130538193,R,0.4489311163895487,2026,Alan Rangel,AAA
660604,SL,75,84.236,6.656,5.3712,6.252,6.386266666666667,0.33666666666666667,2271.84,0.11245292143440225,-0.9743628516518722,R,0.17814726840855108,2026,Alan Rangel,AAA
660623,FF,47,94.80425531914894,14.032340425531915,-6.441702127659574,5.908510638297872,6.072978723404256,-1.5891489361702127,2094.936170212766,-0.6241692873425929,-0.776095013782861,R,0.27325581395348836,2026,Huascar Ynoa,AAA
660623,SI,30,93.95666666666666,8.312000000000001,-11.864,5.973333333333333,5.889666666666667,-1.8743333333333332,2149.866666666667,-0.6168170637608076,-0.7830834073605648,R,0.1744186046511628,2026,Huascar Ynoa,AAA
660623,SL,95,83.81157894736843,-2.278736842105263,1.4362105263157894,5.7357894736842105,5.6993684210526325,-2.0762105263157897,2304.684210526316,0.7876397547608716,0.4632762555161026,R,0.5523255813953488,2026,Huascar Ynoa,AAA
660781,CH,10,84.17,8.303999999999998,-16.212,6.1899999999999995,5.941,-1.387,1828.0,0.8212177974614372,-0.5621437635699524,L,0.14925373134328357,2026,Domingo Robles,AAA
660781,CU,11,78.03636363636363,-3.5454545454545454,8.792727272727273,5.945454545454546,5.838181818181818,-1.5818181818181818,2449.0,-0.7710157976262152,0.3845453493507836,L,0.16417910447761194,2026,Domingo Robles,AAA
660781,FF,24,89.91250000000001,12.415000000000001,-11.875,6.208333333333333,5.802916666666667,-1.4879166666666668,2157.1666666666665,0.7797939794516041,-0.5805119505314199,L,0.3582089552238806,2026,Domingo Robles,AAA
660781,SI,11,90.64545454545454,9.818181818181818,-15.905454545454546,6.2272727272727275,6.000909090909091,-1.3836363636363638,2081.909090909091,0.7329491593432335,-0.6770235429211336,L,0.16417910447761194,2026,Domingo Robles,AAA
660781,SL,11,82.16363636363636,6.8945454545454545,6.469090909090909,6.045454545454546,5.749090909090909,-1.579090909090909,2395.4545454545455,-0.8267652502492432,-0.2625549666118622,L,0.16417910447761194,2026,Domingo Robles,AAA
660787,CH,58,86.75344827586207,0.008275862068965535,-13.173103448275862,6.343103448275862,5.857931034482759,-2.9387931034482757,1489.0172413793102,-0.9488083987347112,-0.30171388065377513,R,0.28019323671497587,2026,Yerry De los Santos,AAA
660787,FF,40,94.0375,12.629999999999999,-14.487,6.3475,5.84075,-2.99525,2133.45,-0.8272198732563509,-0.5564409698509329,R,0.1932367149758454,2026,Yerry De los Santos,AAA
660787,SI,88,94.18409090909091,7.716818181818183,-17.13818181818182,6.367441860465116,5.8127272727272725,-2.8823863636363636,2137.693181818182,-0.834121253754189,-0.5459396674581855,R,0.4251207729468599,2026,Yerry De los Santos,AAA
660787,SL,21,85.45714285714286,2.9257142857142857,3.4857142857142858,6.442857142857143,5.903333333333333,-2.8771428571428572,2073.9523809523807,0.2390932258068125,-0.7073624572530173,R,0.10144927536231885,2026,Yerry De los Santos,AAA
660853,FF,20,93.62,12.762,-11.982000000000001,6.08,5.2635,-2.028,2209.8,-0.7674704330591765,-0.6372065904876857,R,0.6451612903225806,2026,Enyel De Los Santos,AAA
660853,SL,11,84.7,4.898181818181818,0.4036363636363637,6.045454545454546,5.247272727272727,-2.099090909090909,2169.909090909091,0.09157675914268677,-0.7708915108122621,R,0.3548387096774194,2026,Enyel De Los Santos,AAA
660896,CH,12,89.22500000000001,6.25,-14.39,5.7700000000000005,6.591666666666666,-1.3625,1730.5,-0.6691202432318448,-0.7386872062788786,R,0.15789473684210525,2026,Jorge Alcala,AAA
660896,FF,17,94.07058823529412,17.36470588235294,-9.367058823529412,5.6899999999999995,6.600588235294118,-1.3388235294117645,2289.3529411764707,-0.6070491826160064,-0.7919782148798311,R,0.2236842105263158,2026,Jorge Alcala,AAA
660896,SI,17,93.19411764705882,12.15529411764706,-15.68470588235294,5.7,6.605294117647059,-1.2041176470588235,2077.4117647058824,-0.632359511141724,-0.7712079035633208,R,0.2236842105263158,2026,Jorge Alcala,AAA
660896,SL,30,87.33666666666666,6.988,2.24,5.776190476190476,6.563666666666666,-1.4903333333333333,2361.633333333333,-0.19769021311492,-0.9123200197812998,R,0.39473684210526316,2026,Jorge Alcala,AAA
661527,CH,54,82.57037037037037,-0.6622222222222223,-11.986666666666666,6.881481481481482,4.439444444444444,-2.3335185185185185,1828.9444444444443,-0.9545843726354624,-0.27387821648139143,R,0.16363636363636364,2026,Seth Martinez,AAA
661527,FC,44,84.45,9.13090909090909,1.0772727272727272,6.8113636363636365,4.449318181818182,-2.524090909090909,2343.6136363636365,-0.45876436806416687,-0.8130768703881706,R,0.13333333333333333,2026,Seth Martinez,AAA
661527,FF,96,88.82395833333334,10.8025,-12.222500000000002,6.8374999999999995,4.337604166666667,-2.449895833333333,2179.6770833333335,-0.8897370143611977,-0.3971061407344903,R,0.2909090909090909,2026,Seth Martinez,AAA
661527,SI,52,87.64807692307691,-0.15230769230769234,-13.943076923076923,6.775,4.388461538461538,-2.3619230769230772,2107.153846153846,-0.8934235296729425,-0.39594922890240813,R,0.15757575757575756,2026,Seth Martinez,AAA
661527,ST,84,77.61547619047619,10.29857142857143,12.824285714285715,6.770238095238096,4.429880952380953,-2.5776190476190477,2379.8809523809523,0.9768292982305886,-0.14554793286337428,R,0.2545454545454545,2026,Seth Martinez,AAA
662144,CH,11,84.35454545454546,6.665454545454546,-15.741818181818182,7.009090909090909,5.805454545454546,-2.02,1825.2727272727273,-0.9167568775813503,-0.3977540090097936,R,0.05759162303664921,2026,Brian Keller,AAA
662144,FC,47,86.17446808510638,5.147234042553192,5.660425531914894,6.9,5.953617021276596,-2.0340425531914894,2312.0425531914893,0.24605697783987526,-0.9225847965207614,R,0.24607329842931938,2026,Brian Keller,AAA
662144,FF,70,91.81285714285714,15.34114285714286,-6.001714285714286,6.902857142857143,5.992285714285714,-1.9568571428571426,2251.5285714285715,-0.5431957364159075,-0.8350629402101862,R,0.36649214659685864,2026,Brian Keller,AAA
662144,SI,20,91.39,10.074,-15.45,6.949999999999999,5.914,-2.002,2055.85,-0.6437073616208996,-0.7295994335022027,R,0.10471204188481675,2026,Brian Keller,AAA
662144,ST,43,81.49767441860466,3.761860465116279,12.505116279069767,6.867441860465116,5.885813953488372,-2.043720930232558,2355.4651162790697,0.8206296169957925,0.018925757315236526,R,0.225130890052356,2026,Brian Keller,AAA
663321,FF,42,89.84761904761905,16.59714285714286,-4.951428571428572,6.502380952380953,5.676904761904762,-2.5297619047619047,2393.8809523809523,-0.46735165006478496,-0.8573818253779931,R,0.3652173913043478,2026,Nick Hernandez,AAA
663321,FS,22,79.62272727272727,3.7963636363636364,-10.287272727272727,6.4772727272727275,6.018636363636364,-2.587727272727273,1310.6818181818182,-0.7723545696722709,-0.552776093091203,R,0.19130434782608696,2026,Nick Hernandez,AAA
663321,SL,51,80.95882352941176,2.6188235294117646,3.5952941176470588,6.341176470588235,5.793725490196079,-2.942941176470588,2398.9607843137255,0.46624285402933063,-0.4790175320652784,R,0.4434782608695652,2026,Nick Hernandez,AAA
663362,FF,12,92.47500000000001,13.290000000000001,-8.89,6.466666666666666,5.678333333333334,-0.9775,2002.8333333333333,-0.6421695526085246,-0.7630707456241659,R,0.3157894736842105,2026,Matt Waldron,AAA
663362,KN,13,81.74615384615385,-0.5999999999999999,-1.3015384615384613,6.2846153846153845,5.677692307692308,-0.7353846153846154,290.2307692307692,-0.2484539006162829,0.8808420336585142,R,0.34210526315789475,2026,Matt Waldron,AAA
663362,SI,13,91.82307692307693,9.184615384615384,-15.692307692307692,6.461538461538462,5.633846153846154,-0.9415384615384615,1982.8461538461538,-0.6782976559175732,-0.731380810757924,R,0.34210526315789475,2026,Matt Waldron,AAA
663366,CH,25,87.024,5.9088,-13.5648,5.9,5.386799999999999,-2.052,1480.96,-0.8281570743329347,-0.55529686288155,R,0.1037344398340249,2026,Beau Burrows,AAA
663366,FF,146,93.95547945205479,17.625205479452056,-10.633150684931508,5.750344827586207,5.601301369863013,-1.7921232876712327,2468.027397260274,-0.5826794155177603,-0.804430383298225,R,0.6058091286307054,2026,Beau Burrows,AAA
663366,SL,70,86.12285714285714,1.8925714285714283,0.2948571428571429,5.717142857142857,5.509571428571429,-1.8947142857142856,2339.1857142857143,-0.49997674405135684,0.10653951326076894,R,0.29045643153526973,2026,Beau Burrows,AAA
663399,FF,17,88.9470588235294,16.334117647058825,-4.9552941176470595,5.835294117647059,6.381764705882353,-2.472352941176471,2134.6470588235293,0.5848545205306789,-0.8084471326177428,L,0.3953488372093023,2026,Brandon Waddell,AAA
663399,SI,13,88.64615384615385,9.913846153846153,-16.726153846153846,5.8307692307692305,6.323846153846153,-2.462307692307692,2069.923076923077,0.5494701771719652,-0.8338445228153473,L,0.3023255813953488,2026,Brandon Waddell,AAA
663399,ST,13,74.85384615384615,-1.9569230769230768,12.489230769230769,5.7846153846153845,6.2215384615384615,-2.733846153846154,2487.3846153846152,-0.8384543542012987,0.4386688904087166,L,0.3023255813953488,2026,Brandon Waddell,AAA
663432,CU,14,84.28571428571429,-4.388571428571429,4.045714285714285,6.25,6.367857142857143,-2.3850000000000002,2445.5714285714284,0.7049673021575209,0.5773989754116122,R,0.08092485549132948,2026,Tanner Rainey,AAA
663432,FF,107,96.13084112149532,18.649345794392524,-8.137570093457944,6.220560747663551,6.355981308411216,-2.4513084112149532,2420.1682242990655,-0.5008000601106793,-0.8522456578947192,R,0.6184971098265896,2026,Tanner Rainey,AAA
663432,SL,52,88.16153846153846,1.3615384615384616,3.9046153846153846,6.238461538461538,6.2869230769230775,-2.5261538461538464,2377.5384615384614,0.39934575280272416,-0.48125026237257923,R,0.30057803468208094,2026,Tanner Rainey,AAA
663436,FC,13,90.41538461538462,7.403076923076923,0.7292307692307692,6.2153846153846155,5.756923076923077,-2.2423076923076923,2619.3846153846152,-0.1272620868859285,-0.9119766371580297,R,0.48148148148148145,2026,Davis Martin,AAA
663436,FF,14,93.82857142857142,13.474285714285715,-5.854285714285714,6.3428571428571425,5.805,-2.1550000000000002,2393.714285714286,-0.5648995138940213,-0.8220306392279191,R,0.5185185185185185,2026,Davis Martin,AAA
663455,CH,28,82.91428571428571,2.0100000000000002,-13.958571428571428,6.481481481481482,5.541785714285715,-3.1278571428571427,1660.962962962963,0.9210476985676204,-0.3776751430795713,L,0.2014388489208633,2026,Konnor Pilkington,AAA
663455,FF,52,92.05576923076923,14.254615384615384,-9.184615384615386,6.517647058823529,5.5965384615384615,-3.0240384615384617,2291.627450980392,0.7213149692811112,-0.6875205186940011,L,0.37410071942446044,2026,Konnor Pilkington,AAA
663455,SI,29,90.90689655172415,8.32551724137931,-14.747586206896552,6.5,5.480689655172414,-3.1017241379310345,2230.1785714285716,0.7388613708461909,-0.6694949873800874,L,0.20863309352517986,2026,Konnor Pilkington,AAA
663455,SL,30,83.43666666666667,1.008,2.24,6.42,5.603,-3.098,2456.9333333333334,-0.01907902714263089,0.01579773341148209,L,0.2158273381294964,2026,Konnor Pilkington,AAA
663460,SI,17,91.54705882352941,9.352941176470589,-11.336470588235294,6.705882352941177,5.651764705882353,-1.9788235294117646,2179.823529411765,0.4910818690126517,-0.8688936546106804,L,1.0,2026,Kris Bubic,AAA
663462,FF,94,94.38723404255319,14.740851063829785,-6.848936170212766,6.131914893617021,6.531170212765957,-1.5327659574468087,2312.7127659574467,-0.521377649454847,-0.8494202997105059,R,0.5026737967914439,2026,Isaiah Campbell,AAA
663462,SI,22,93.17272727272729,9.954545454545455,-10.483636363636364,6.204761904761905,6.4368181818181816,-1.9327272727272726,2293.5,-0.5838321888715448,-0.8076077184649818,R,0.11764705882352941,2026,Isaiah Campbell,AAA
663462,SL,61,86.06885245901638,2.002622950819672,4.355409836065574,6.1033333333333335,6.4085245901639345,-1.7991803278688525,2475.8032786885246,0.4076752726096959,-0.5365704716837356,R,0.32620320855614976,2026,Isaiah Campbell,AAA
663462,ST,10,83.36,-2.316,10.824,6.0200000000000005,6.26,-2.005,2485.1,0.6120245514422866,0.7860473124396805,R,0.053475935828877004,2026,Isaiah Campbell,AAA
663465,CH,34,82.08235294117648,9.148235294117647,-12.956470588235293,5.852941176470588,5.695588235294117,-2.3102941176470586,1438.8823529411766,0.8124455694377132,-0.5794945278303201,L,0.2,2026,Kolby Allard,AAA
663465,CU,24,71.12916666666666,-13.284999999999998,7.05,5.925,5.7475,-2.1179166666666664,1795.375,-0.491851907311106,0.8678247573359928,L,0.1411764705882353,2026,Kolby Allard,AAA
663465,FC,43,83.80465116279069,6.111627906976745,5.079069767441861,6.267441860465116,5.5669767441860465,-2.199302325581395,1985.8837209302326,-0.1645032224606372,-0.9570142200920774,L,0.2529411764705882,2026,Kolby Allard,AAA
663465,FF,54,89.29814814814816,15.493333333333332,-4.233333333333333,6.366666666666667,5.488888888888888,-2.2598148148148147,1983.462962962963,0.5043272517725136,-0.8598378084650666,L,0.3176470588235294,2026,Kolby Allard,AAA
663465,SI,15,89.4,11.92,-13.312000000000001,6.386666666666667,5.414,-2.2226666666666666,1904.8666666666666,0.5669687335420023,-0.8218960769031946,L,0.08823529411764706,2026,Kolby Allard,AAA
663474,CU,10,80.85,-7.5840000000000005,6.9239999999999995,6.34,6.418000000000001,-2.1550000000000002,2416.3,0.5139080773611462,0.8552536665448922,R,0.2777777777777778,2026,Triston McKenzie,AAA
663474,FF,26,95.03076923076924,19.56,-5.206153846153847,6.607692307692308,6.402692307692307,-1.9565384615384613,2475.730769230769,-0.31147768286016814,-0.9477529631568188,R,0.7222222222222222,2026,Triston McKenzie,AAA
663531,CH,37,83.45675675675676,5.7308108108108105,-13.663783783783783,6.048648648648649,6.079189189189189,-2.0500000000000003,1622.027027027027,0.8063176151240895,-0.5837048573188366,L,0.15289256198347106,2026,Logan Allen,AAA
663531,CU,10,74.81,-12.384,9.864,6.07,6.231,-2.44,2651.3,-0.5889541656653999,0.8047850004514782,L,0.04132231404958678,2026,Logan Allen,AAA
663531,FC,51,86.76470588235294,6.87764705882353,2.736470588235294,6.015686274509804,6.118823529411765,-2.0927450980392157,2302.1372549019607,0.26453655245986135,-0.9267251526231004,L,0.21074380165289255,2026,Logan Allen,AAA
663531,FF,105,91.38571428571429,15.648,-7.780571428571429,5.978095238095238,6.382285714285715,-1.846,2028.3428571428572,0.575304187832484,-0.7809485821743447,L,0.43388429752066116,2026,Logan Allen,AAA
663531,SI,15,90.33333333333333,8.024,-11.4,6.1066666666666665,6.024666666666667,-2.0973333333333333,1839.9333333333334,0.7390027346462359,-0.6700765091112605,L,0.06198347107438017,2026,Logan Allen,AAA
663531,ST,24,81.78750000000001,-0.47000000000000003,2.725,5.9750000000000005,6.2058333333333335,-2.247916666666667,2226.2083333333335,-0.5195927445385744,0.1168057164803033,L,0.09917355371900827,2026,Logan Allen,AAA
663559,FF,100,91.596,16.2684,-4.368,7.199,5.7939,-1.7597,2011.67,0.2795955786720273,-0.9580201031781352,L,0.6060606060606061,2026,Bailey Falter,AAA
663559,FS,25,84.5,5.7696000000000005,-11.7744,7.167999999999999,5.7620000000000005,-1.858,1372.12,0.6412956410384042,-0.7642610981560266,L,0.15151515151515152,2026,Bailey Falter,AAA
663559,SL,40,83.345,4.482,4.572,7.015000000000001,5.77475,-1.9895,2047.65,-0.5829514862358025,-0.7723530343363424,L,0.24242424242424243,2026,Bailey Falter,AAA
663562,CU,59,76.97627118644068,-9.742372881355932,13.761355932203388,5.6745762711864405,5.84457627118644,-2.1137288135593217,2571.4745762711864,0.78829547925112,0.6083844525432723,R,0.1277056277056277,2026,Noah Davis,AAA
663562,FC,110,87.25545454545455,5.9105454545454545,1.8970909090909092,5.6427272727272735,5.7704545454545455,-2.217181818181818,2214.0,-0.22571121254739876,-0.8618367627397309,R,0.23809523809523808,2026,Noah Davis,AAA
663562,FF,83,92.81204819277109,13.181204819277108,-10.260722891566266,5.696385542168675,5.7703614457831325,-2.2165060240963856,2261.3614457831327,-0.7273904691033085,-0.6817415081680266,R,0.17965367965367965,2026,Noah Davis,AAA
663562,SC,17,84.39999999999999,5.223529411764706,-15.585882352941175,5.858823529411764,5.651764705882353,-2.1217647058823528,1726.4705882352941,-0.9070001762302625,-0.4161346916361156,R,0.0367965367965368,2026,Noah Davis,AAA
663562,SI,117,93.03333333333333,7.0543589743589745,-16.25846153846154,5.735042735042735,5.701367521367521,-2.1919658119658116,2210.1111111111113,-0.7521999029863927,-0.6556193168101668,R,0.2532467532467532,2026,Noah Davis,AAA
663562,ST,76,78.98684210526316,-1.4052631578947368,15.464210526315789,5.688157894736842,5.748026315789474,-2.130394736842105,2528.657894736842,0.8217060295575599,0.5494042023651126,R,0.1645021645021645,2026,Noah Davis,AAA
663567,FF,18,95.02777777777777,16.766666666666666,-7.953333333333333,5.983333333333333,6.09,-0.7216666666666667,2297.4444444444443,-0.5042537619449726,-0.8617340012593725,R,0.375,2026,Peter Lambert,AAA
663567,SL,19,84.82631578947368,-1.9136842105263157,2.962105263157895,5.910526315789474,6.11,-0.7342105263157894,2700.842105263158,0.8370493510727488,0.4493166955648641,R,0.3958333333333333,2026,Peter Lambert,AAA
663567,SV,11,79.80909090909091,-10.287272727272727,13.08,5.881818181818182,6.114545454545455,-0.84,2798.818181818182,0.5195024331080208,0.8522892492121923,R,0.22916666666666666,2026,Peter Lambert,AAA
663568,FC,11,88.69090909090909,5.334545454545455,2.1163636363636367,6.127272727272728,5.393636363636364,-2.2654545454545456,2343.909090909091,-0.2590767173889357,-0.9362481813044824,R,0.1774193548387097,2026,Stephen Kolek,AAA
663568,FF,14,93.7,13.217142857142857,-7.928571428571429,6.192857142857143,5.535714285714286,-2.414285714285714,2183.5714285714284,-0.6933974055066624,-0.7144340046172069,R,0.22580645161290322,2026,Stephen Kolek,AAA
663568,SI,19,92.73157894736842,4.2,-16.03578947368421,6.173684210526315,5.463157894736842,-2.4426315789473687,2104.3684210526317,-0.720628637661949,-0.680103746566586,R,0.3064516129032258,2026,Stephen Kolek,AAA
663568,SL,18,84.93333333333334,-0.26,3.1933333333333334,6.177777777777778,5.310555555555556,-2.4827777777777778,2421.8333333333335,0.7477995869391696,0.027364526819241584,R,0.2903225806451613,2026,Stephen Kolek,AAA
663681,SI,16,89.94375,0.63,-14.64,6.94375,4.283125,-3.1025,2058.0,-0.8798449895797787,-0.351935276655551,R,0.5925925925925926,2026,Jarod Bayless,AAA
663681,ST,11,77.8,6.84,14.923636363636364,6.763636363636365,4.053636363636364,-3.179090909090909,2467.909090909091,0.9939467568432332,0.09808429778933152,R,0.4074074074074074,2026,Jarod Bayless,AAA
663753,FC,13,89.04615384615384,6.636923076923077,2.5384615384615383,6.438461538461539,5.480769230769231,-1.636153846153846,2303.4615384615386,-0.340028036197091,-0.7770324776817025,R,0.26,2026,Reiss Knehr,AAA
663753,SI,23,93.95217391304348,10.972173913043479,-14.681739130434783,6.447826086956522,5.4708695652173915,-1.5299999999999998,2243.1739130434785,-0.7037859262114491,-0.7058832101085117,R,0.46,2026,Reiss Knehr,AAA
663753,ST,14,81.35000000000001,-2.7171428571428575,13.225714285714286,6.357142857142857,5.218571428571429,-1.8157142857142858,2279.714285714286,0.7841991163250891,0.6111034731886175,R,0.28,2026,Reiss Knehr,AAA
663765,FC,57,88.89298245614034,7.275789473684211,0.4000000000000001,6.41578947368421,5.189122807017544,-2.3280701754385964,2218.964285714286,-0.4796191464566406,-0.8232315692103426,R,0.2345679012345679,2026,Jake Woodford,AAA
663765,FF,10,92.82000000000001,12.42,-8.1,6.4799999999999995,5.104,-2.2039999999999997,2136.2,-0.7338810646733644,-0.6772121987020339,R,0.0411522633744856,2026,Jake Woodford,AAA
663765,FS,62,83.6758064516129,-0.7412903225806452,-8.740645161290322,6.440322580645161,5.197258064516129,-2.2188709677419354,1083.5967741935483,-0.9271367065693102,-0.3610253565959157,R,0.2551440329218107,2026,Jake Woodford,AAA
663765,SI,72,92.56944444444444,4.465,-14.311666666666667,6.470833333333334,5.099166666666666,-2.2555555555555555,2041.5277777777778,-0.79292092459494,-0.5755300277433738,R,0.2962962962962963,2026,Jake Woodford,AAA
663765,ST,42,80.54285714285714,0.008571428571428558,17.334285714285713,6.288095238095239,5.030714285714286,-2.3042857142857143,2633.9285714285716,0.8207239066486445,0.5601111350778513,R,0.1728395061728395,2026,Jake Woodford,AAA
663776,CH,15,83.45333333333333,11.184,-14.296,6.126666666666667,5.962666666666666,-1.4053333333333333,1814.7333333333333,0.8586348882662604,-0.5105073454785407,L,0.3488372093023256,2026,Patrick Sandoval,AAA
663776,FF,17,92.81764705882352,16.418823529411764,-7.199999999999999,6.023529411764706,6.100588235294118,-1.3111764705882352,2055.529411764706,0.5178792742739861,-0.853934889440935,L,0.3953488372093023,2026,Patrick Sandoval,AAA
663776,SL,11,85.35454545454546,3.752727272727273,7.221818181818182,5.945454545454546,6.1,-1.4800000000000002,2536.7272727272725,-0.7098575126959784,-0.6651406951802118,L,0.2558139534883721,2026,Patrick Sandoval,AAA
663795,CH,15,84.16000000000001,-0.8240000000000001,-15.064,6.153333333333333,5.3100000000000005,-3.338,1719.4666666666667,-0.9641687153599355,-0.25710667163641093,R,0.14018691588785046,2026,Justin Hagenman,AAA
663795,FC,30,83.05333333333333,7.308000000000001,3.584,6.0633333333333335,5.358333333333333,-3.4643333333333337,2347.7,-0.45504140691412936,-0.7597884102921596,R,0.2803738317757009,2026,Justin Hagenman,AAA
663795,FF,45,90.34444444444445,13.837333333333332,-12.618666666666668,6.224444444444445,5.398444444444444,-3.263777777777778,2131.0666666666666,-0.8037919079325839,-0.5888169595207933,R,0.4205607476635514,2026,Justin Hagenman,AAA
663795,SL,17,80.54117647058824,1.44,5.541176470588235,6.070588235294117,5.460588235294118,-3.3688235294117646,2366.529411764706,0.665282959871394,-0.5035374395590853,R,0.1588785046728972,2026,Justin Hagenman,AAA
663884,CH,58,85.03103448275863,4.0344827586206895,-11.36896551724138,6.339655172413793,5.964827586206896,-2.4460344827586207,1405.4137931034484,-0.8096312844333426,-0.43055259809614593,R,0.14285714285714285,2026,Nolan Kingham,AAA
663884,CU,23,80.42608695652174,-8.885217391304348,4.424347826086957,6.2043478260869565,6.031739130434782,-1.7930434782608697,2312.391304347826,0.6205617604307999,0.601719532031813,R,0.05665024630541872,2026,Nolan Kingham,AAA
663884,FC,30,86.71000000000001,3.836,0.764,6.166666666666667,5.959333333333333,-2.4763333333333337,2423.3333333333335,-0.3518287783862007,-0.3882876492944678,R,0.07389162561576355,2026,Nolan Kingham,AAA
663884,FF,151,94.0523178807947,15.24158940397351,-10.676026490066224,6.181456953642384,6.056158940397351,-2.346158940397351,2339.781456953642,-0.6954808553180863,-0.7163636533289915,R,0.37192118226600984,2026,Nolan Kingham,AAA
663884,SI,74,93.37162162162163,10.255135135135134,-15.452432432432433,6.244594594594595,6.006486486486486,-2.426081081081081,2259.1216216216217,-0.6940733032852219,-0.7184035267249673,R,0.18226600985221675,2026,Nolan Kingham,AAA
663884,SL,70,82.17714285714285,-2.382857142857143,3.384,6.195714285714286,6.045428571428571,-2.4652857142857143,2252.214285714286,0.5891763883413794,0.6175919869077593,R,0.1724137931034483,2026,Nolan Kingham,AAA
663893,FF,16,96.20625,11.25,-8.8575,6.061538461538461,6.344375,-2.255,2119.1875,0.6833152838122373,-0.7217543291539412,L,0.20253164556962025,2026,Brendon Little,AAA
663893,KC,14,86.50714285714285,-11.4,3.4200000000000004,5.966666666666667,6.275714285714286,-2.2471428571428573,2266.3571428571427,-0.402203971101451,0.903830281612429,L,0.17721518987341772,2026,Brendon Little,AAA
663893,SI,37,94.94324324324324,0.947027027027027,-15.60972972972973,5.903571428571429,6.142432432432432,-2.5794594594594593,2073.7567567567567,0.8282499923246608,-0.49775783755529895,L,0.46835443037974683,2026,Brendon Little,AAA
663893,SL,12,88.84166666666665,-1.0,1.53,5.827272727272727,6.055833333333333,-2.5641666666666665,2545.25,0.07447391558338709,0.5096038273334181,L,0.1518987341772152,2026,Brendon Little,AAA
663901,FC,24,89.25416666666666,5.875,3.385,6.179166666666667,5.195416666666667,-2.62625,2599.3333333333335,-0.012993493934528167,-0.9301770623728709,R,0.26373626373626374,2026,Michael Flynn,AAA
663901,FF,24,93.34166666666665,10.385,-8.345,6.241666666666667,5.19125,-2.2616666666666667,2225.75,-0.8010927410775107,-0.5918936358586201,R,0.26373626373626374,2026,Michael Flynn,AAA
663901,SI,12,92.5,3.6300000000000003,-13.079999999999998,6.258333333333333,5.136666666666667,-2.665,2094.5833333333335,-0.8092183991630134,-0.5824843892755108,R,0.13186813186813187,2026,Michael Flynn,AAA
663901,ST,31,82.61935483870967,3.030967741935484,14.427096774193549,6.203225806451614,5.106451612903226,-2.42258064516129,3050.6451612903224,0.9847351928327993,0.14123070738268087,R,0.34065934065934067,2026,Michael Flynn,AAA
663941,CU,10,81.77000000000001,-12.516,7.68,6.68,6.072,-1.9789999999999999,2338.7,0.49114172969654407,0.864783279559278,R,0.055865921787709494,2026,Tristan Beck,AAA
663941,FF,55,95.41454545454546,14.838545454545455,-8.308363636363636,6.590909090909091,5.994363636363636,-2.354,2072.672727272727,-0.6306647306520629,-0.7677227933663332,R,0.30726256983240224,2026,Tristan Beck,AAA
663941,SL,57,89.04561403508772,3.181052631578947,1.7178947368421054,6.696491228070175,5.951052631578947,-2.2687719298245614,2317.40350877193,0.17717150872125034,-0.7631857650803222,R,0.31843575418994413,2026,Tristan Beck,AAA
663941,ST,57,83.95614035087719,-0.7073684210526315,16.534736842105264,6.724561403508772,5.786140350877193,-2.375263157894737,2779.561403508772,0.818958016085965,0.5458564359215113,R,0.31843575418994413,2026,Tristan Beck,AAA
663977,CH,11,85.22727272727273,3.621818181818182,-5.901818181818182,5.927272727272728,5.843636363636364,-1.1518181818181819,1015.3636363636364,0.8271464897329376,-0.5504985884996413,L,0.2894736842105263,2026,Jake Higginbotham,AAA
663977,FF,15,93.48666666666666,14.68,-7.864000000000001,5.833333333333333,5.8806666666666665,-1.1906666666666665,2248.0,0.5904616427840534,-0.8048154366480164,L,0.39473684210526316,2026,Jake Higginbotham,AAA
663977,SL,12,83.88333333333334,-0.31,4.99,5.883333333333333,5.715,-1.4541666666666666,2512.6666666666665,-0.7715647689162983,0.5714163888803324,L,0.3157894736842105,2026,Jake Higginbotham,AAA
663986,FF,55,92.7309090909091,14.103272727272726,-7.928727272727272,6.6490909090909085,5.600545454545455,-2.253636363636364,2301.4727272727273,-0.6786110238220922,-0.6725272229970659,R,0.39855072463768115,2026,Trevor Stephan,AAA
663986,FS,41,85.4829268292683,0.7317073170731706,-10.630243902439025,6.621951219512195,5.7336585365853665,-2.1734146341463414,1211.3902439024391,-0.8908233204937359,-0.4238367257179139,R,0.2971014492753623,2026,Trevor Stephan,AAA
663986,SL,42,82.81190476190476,3.0999999999999996,8.442857142857141,6.5476190476190474,5.660952380952381,-2.217619047619048,2525.2380952380954,0.9138942392119498,-0.004952854788817646,R,0.30434782608695654,2026,Trevor Stephan,AAA
664062,FF,39,89.51794871794871,16.495384615384616,-8.846153846153847,5.651282051282052,6.455128205128205,-0.5674358974358974,2205.3076923076924,-0.568001315546959,-0.8213164786954059,R,0.5492957746478874,2026,Tony Gonsolin,AAA
664062,FS,16,81.76875,6.0600000000000005,-12.592500000000001,5.68125,6.3275,-0.668125,1805.375,-0.7096745913805264,-0.5742119479969909,R,0.22535211267605634,2026,Tony Gonsolin,AAA
664062,SL,16,84.575,4.68,3.3000000000000003,5.65,6.426875,-0.606875,2516.3125,0.04948272951571569,-0.9452921324194001,R,0.22535211267605634,2026,Tony Gonsolin,AAA
664076,SL,23,85.5,-0.2243478260869566,6.892173913043479,5.98695652173913,5.222608695652174,-1.2717391304347827,2613.608695652174,-0.9222605301158301,-0.2736772129681119,L,1.0,2026,Garrett Cleavinger,AAA
664123,CH,26,81.45384615384616,-8.28,-12.410769230769231,5.703846153846154,3.575384615384615,-3.9553846153846157,1814.3076923076924,-0.886256109133905,0.4590855051966958,R,0.1625,2026,Scott Effross,AAA
664123,FF,28,89.25714285714285,1.0157142857142858,-18.672857142857143,5.685714285714285,3.93,-3.885357142857143,2235.3928571428573,-0.9912853905199127,0.10553037126171308,R,0.175,2026,Scott Effross,AAA
664123,SI,59,89.22881355932203,-3.455593220338983,-18.01016949152542,5.691525423728813,3.847457627118644,-3.9596610169491524,2192.1186440677966,-0.9390289036405597,0.18285409886999743,R,0.36875,2026,Scott Effross,AAA
664123,ST,47,78.67446808510638,4.049361702127659,7.628936170212766,5.485106382978723,3.8004255319148936,-3.9404255319148933,2455.340425531915,0.7951433264900714,0.2821016443096744,R,0.29375,2026,Scott Effross,AAA
664129,FF,33,95.4151515151515,13.89090909090909,-6.658181818181818,6.233333333333333,6.145151515151515,-2.3406060606060604,2244.3333333333335,-0.5843432339007869,-0.8078713417083037,R,0.44,2026,Geoff Hartlieb,AAA
664129,SI,11,94.55454545454545,7.341818181818183,-13.058181818181817,6.2272727272727275,6.095454545454545,-2.501818181818182,2244.4545454545455,-0.6263317119098418,-0.7784974588740842,R,0.14666666666666667,2026,Geoff Hartlieb,AAA
664129,SL,31,84.66774193548386,-1.8696774193548387,4.180645161290323,6.093548387096774,6.217741935483871,-2.2319354838709677,2463.0,0.306966844843929,0.866881046460294,R,0.41333333333333333,2026,Geoff Hartlieb,AAA
664192,CU,16,78.28125,-3.0,4.6125,5.8625,6.40375,-2.2275,2066.6875,-0.32077239720742395,0.9377172378952159,L,0.1951219512195122,2026,Joey Lucchesi,AAA
664192,FF,25,92.788,11.2752,-7.5264,6.18,5.6584,-2.484,2218.72,0.687728598580732,-0.7181104265550736,L,0.3048780487804878,2026,Joey Lucchesi,AAA
664192,FS,10,82.38000000000001,0.47999999999999987,-5.52,5.970000000000001,6.348000000000001,-2.114,1072.6,0.8879807550460933,-0.4111279762717947,L,0.12195121951219512,2026,Joey Lucchesi,AAA
664192,SI,31,92.23225806451612,8.976774193548387,-13.858064516129033,6.174193548387097,5.6170967741935485,-2.5603225806451615,2176.7419354838707,0.6474814067004702,-0.6837151496237589,L,0.3780487804878049,2026,Joey Lucchesi,AAA
664299,CH,17,84.32352941176471,7.185882352941176,-14.929411764705883,6.170588235294118,5.4547058823529415,-1.657058823529412,2360.823529411765,-0.9129906184893043,-0.4008311218837824,R,0.2125,2026,Cristian Javier,AAA
664299,FF,48,91.78541666666666,16.4225,-5.5125,6.095833333333334,5.500208333333333,-1.5845833333333335,2137.2083333333335,-0.35535301698947536,-0.9328255010432495,R,0.6,2026,Cristian Javier,AAA
664299,ST,15,78.88666666666667,0.888,12.632,5.96,5.444,-1.746,2555.3333333333335,0.8638965266825972,0.42673169428987057,R,0.1875,2026,Cristian Javier,AAA
664346,FF,16,94.25,17.085,-11.52,6.75,5.661875,-1.9825,2350.5,-0.6675736069180562,-0.7414508197877172,R,0.47058823529411764,2026,Carlos Guzman,AAA
664346,SL,18,87.23888888888888,7.42,3.4466666666666668,6.705555555555556,5.488888888888889,-2.148888888888889,2266.722222222222,-0.10491207745356237,-0.9431125072839502,R,0.5294117647058824,2026,Carlos Guzman,AAA
664353,CH,81,82.84691358024692,9.26074074074074,-17.43259259259259,5.916049382716049,6.019259259259259,-1.1935802469135801,2112.1481481481483,-0.8959452914966034,-0.4395884095704233,R,0.26129032258064516,2026,José Urquidy,AAA
664353,CU,36,76.28333333333333,-12.316666666666666,9.28,5.711111111111111,6.150555555555555,-1.3083333333333333,2739.25,0.5324805477679713,0.8439006918686949,R,0.11612903225806452,2026,José Urquidy,AAA
664353,FF,69,91.81449275362318,17.69217391304348,-10.457391304347826,5.821739130434782,6.239130434782608,-0.9955072463768115,2307.217391304348,-0.5167746420911387,-0.8527889518663305,R,0.22258064516129034,2026,José Urquidy,AAA
664353,FS,22,79.95909090909092,1.9909090909090912,-6.010909090909092,5.881818181818182,5.838636363636363,-1.6236363636363635,667.4090909090909,-0.895167850137214,0.20621776935918493,R,0.07096774193548387,2026,José Urquidy,AAA
664353,SI,59,92.19661016949154,13.413559322033898,-14.223050847457626,5.920338983050848,6.009830508474576,-1.3423728813559324,2173.135593220339,-0.6286287102848623,-0.7753491624472049,R,0.19032258064516128,2026,José Urquidy,AAA
664353,ST,43,79.76744186046511,3.5023255813953487,9.70046511627907,5.853488372093023,5.790697674418604,-1.6234883720930233,2554.4651162790697,0.8952804110042535,0.36557586741635817,R,0.13870967741935483,2026,José Urquidy,AAA
664687,SL,10,88.74,6.024,3.96,6.01,6.0920000000000005,-1.222,2192.1,-0.11780496860894452,-0.9729478592895797,R,1.0,2026,Durbin Feltman,AAA
664744,FF,72,93.71944444444445,17.806666666666665,-6.341666666666667,6.173611111111111,6.448888888888889,-1.7869444444444444,2181.6478873239435,-0.5003445779246857,-0.854686314446631,R,0.35467980295566504,2026,Jose Espada,AAA
664744,FS,51,89.9843137254902,9.376470588235295,-12.731764705882354,6.288235294117647,6.287254901960784,-1.7994117647058823,1457.0980392156862,-0.6182400792575999,-0.7268524233614992,R,0.2512315270935961,2026,Jose Espada,AAA
664744,SL,80,82.67875000000001,-3.768,-0.1125,6.282500000000001,6.132375,-2.007875,2379.1,-0.06222090493279496,0.9453078504532131,R,0.39408866995073893,2026,Jose Espada,AAA
664747,FF,122,94.18852459016394,13.721311475409836,-11.29967213114754,7.387704918032787,4.882540983606557,-2.0598360655737706,2596.967213114754,-0.791506913356507,-0.6059077966056545,R,0.6130653266331658,2026,Alexis Díaz,AAA
664747,SL,77,86.37662337662337,3.9740259740259742,2.8815584415584414,7.340259740259741,5.14896103896104,-2.0036363636363634,2510.961038961039,0.2234928405561586,-0.7772154221183717,R,0.3869346733668342,2026,Alexis Díaz,AAA
664776,ST,12,81.03333333333333,1.5,14.42,6.825,5.3725,-3.9291666666666667,2701.5,0.8633084108729232,0.4984681170001129,R,1.0,2026,Jake Cousins,AAA
664849,SI,22,93.87272727272726,4.696363636363636,-17.438181818181818,6.281818181818181,5.177727272727273,-3.4954545454545456,2287.090909090909,0.9213262530039718,-0.3799830636890253,L,0.4074074074074074,2026,Danny Young,AAA
664849,ST,32,82.44375,0.3637499999999999,17.05125,6.15625,4.8715625,-3.855,2572.125,-0.8329876392182299,0.4999719052546455,L,0.5925925925925926,2026,Danny Young,AAA
664875,SI,53,94.96415094339623,0.7154716981132075,-17.535849056603773,6.688679245283019,4.2720754716981135,-2.6669811320754717,2382.2075471698113,-0.950177061181384,-0.3032151530186808,R,0.5196078431372549,2026,Justin Lawrence,AAA
664875,ST,49,81.44285714285715,0.8351020408163266,16.346938775510203,6.5285714285714285,4.366326530612245,-2.880816326530612,2984.8367346938776,0.9222750350983925,0.32746135721903,R,0.4803921568627451,2026,Justin Lawrence,AAA
664918,FF,24,94.85416666666667,18.515,-2.6999999999999997,6.316666666666666,6.357083333333333,-1.2008333333333334,2322.75,-0.2854696929340684,-0.953158182443405,R,1.0,2026,Kyle Keller,AAA
664948,CH,21,87.34285714285714,5.365714285714286,-12.748571428571429,6.1,6.035238095238095,-1.02,1781.857142857143,0.6164720247593822,-0.7782329373062475,L,0.1794871794871795,2026,Anthony Misiewicz,AAA
664948,CU,20,78.7,-12.684000000000001,6.6,5.91,6.186,-0.9195,2555.1,-0.5572560516165115,0.8246117295808217,L,0.17094017094017094,2026,Anthony Misiewicz,AAA
664948,FC,51,87.78627450980393,5.823529411764706,4.708235294117647,5.966666666666667,6.2305882352941175,-0.8278431372549019,2252.705882352941,0.012179567840276477,-0.9687424856841875,L,0.4358974358974359,2026,Anthony Misiewicz,AAA
664948,FF,25,91.804,12.331199999999999,-8.7312,6.044,6.1896,-0.772,1965.28,0.5304927266578222,-0.8425117479041492,L,0.21367521367521367,2026,Anthony Misiewicz,AAA
665048,FC,23,88.70869565217392,6.26608695652174,1.2678260869565217,6.317391304347827,6.3908695652173915,-1.3460869565217393,2322.5652173913045,-0.4518218558052004,-0.8678370114517225,R,0.3333333333333333,2026,Hobie Harris,AAA
665048,FS,32,86.196875,-0.030000000000000034,-10.28625,6.446875,6.2603125,-1.535625,1412.625,-0.8656599028922879,-0.49161567503090203,R,0.463768115942029,2026,Hobie Harris,AAA
665048,SI,14,95.8,13.405714285714286,-15.445714285714287,6.357142857142857,6.487857142857143,-1.0071428571428571,2307.4285714285716,-0.5858736308731939,-0.8085112264057878,R,0.2028985507246377,2026,Hobie Harris,AAA
665152,CU,17,75.5529411764706,-13.44,9.43764705882353,5.988235294117647,6.2170588235294115,-1.9876470588235293,2865.9411764705883,0.44023577040167866,0.8927991655515527,R,0.2463768115942029,2026,Dean Kremer,AAA
665152,FF,13,92.79230769230769,17.861538461538462,-7.901538461538461,6.06923076923077,6.243076923076923,-2.0276923076923077,2288.0,-0.5004315220601723,-0.8641131744216438,R,0.18840579710144928,2026,Dean Kremer,AAA
665152,FS,21,82.4047619047619,11.954285714285716,-11.879999999999999,6.133333333333334,6.211428571428572,-1.966190476190476,1418.4761904761904,-0.5835998564614231,-0.8103287768713756,R,0.30434782608695654,2026,Dean Kremer,AAA
665152,SI,18,91.95555555555556,12.406666666666666,-14.24,6.155555555555555,5.898333333333333,-2.3833333333333333,2132.6111111111113,-0.6073020878105917,-0.791379102392312,R,0.2608695652173913,2026,Dean Kremer,AAA
665645,FC,47,91.87446808510639,9.870638297872341,5.453617021276596,6.614893617021276,5.87,-1.1482978723404256,2288.425531914894,0.010224953502994016,-0.9912980933733626,R,0.47959183673469385,2026,Kervin Castro,AAA
665645,FF,39,93.62564102564103,16.224615384615383,0.2523076923076923,6.625641025641025,5.861538461538461,-1.0964102564102565,2346.0,-0.1973139074841192,-0.9749504316668828,R,0.3979591836734694,2026,Kervin Castro,AAA
665645,SI,12,92.98333333333333,13.63,-10.71,6.675,5.800833333333333,-1.1583333333333334,2208.0,-0.24265542319556785,-0.9671455121933804,R,0.12244897959183673,2026,Kervin Castro,AAA
665660,FF,16,98.60625,15.5025,-13.2225,5.8,5.798125,-2.314375,2472.3125,-0.7309246269101367,-0.6786652775418941,R,0.32,2026,Elvis Alvarado,AAA
665660,SI,18,98.27222222222223,10.253333333333334,-16.673333333333332,5.800000000000001,5.7411111111111115,-2.401111111111111,2437.3333333333335,-0.7248955653988349,-0.6839413189734769,R,0.36,2026,Elvis Alvarado,AAA
665660,SL,16,87.20625,1.6875,-0.5625,5.875,5.69375,-2.4275,2077.9375,-0.3344863173194939,0.2148062696727219,R,0.32,2026,Elvis Alvarado,AAA
665665,CH,32,86.409375,0.03749999999999999,-17.61,6.31875,5.3015625,-2.975625,2120.625,0.9681153337035051,-0.24249114702708868,L,0.2782608695652174,2026,Reiver Sanmartin,AAA
665665,FF,19,92.16315789473686,10.004210526315788,-13.774736842105265,6.294736842105263,5.3910526315789475,-2.9394736842105265,2193.7368421052633,0.9127230599855339,-0.3982763133502721,L,0.16521739130434782,2026,Reiver Sanmartin,AAA
665665,SI,44,91.48409090909091,2.1845454545454546,-17.007272727272728,6.343181818181819,5.2929545454545455,-3.0025000000000004,2216.409090909091,0.9245369016624582,-0.37526889807181046,L,0.3826086956521739,2026,Reiver Sanmartin,AAA
665665,SL,20,82.285,-0.03599999999999999,6.36,6.33,5.42,-2.8899999999999997,2488.8,-0.9506938012480285,-0.008143494033331025,L,0.17391304347826086,2026,Reiver Sanmartin,AAA
665795,CH,12,94.23333333333333,3.59,-18.2,6.516666666666667,6.009166666666666,-1.4808333333333332,1769.5833333333333,-0.8891256999567864,-0.4529909652338286,R,0.48,2026,Edward Cabrera,AAA
665795,SI,13,97.67692307692307,10.458461538461538,-16.615384615384617,6.453846153846154,6.060769230769231,-1.4346153846153844,2190.4615384615386,-0.7007073485656612,-0.7082773507493443,R,0.52,2026,Edward Cabrera,AAA
665871,CH,32,85.9,1.57125,-10.3875,6.4125,5.96375,-1.716875,1330.53125,-0.8030376908637925,-0.5854831167683092,R,0.1509433962264151,2026,Javier Assad,AAA
665871,CU,24,77.28750000000001,-9.895000000000001,13.834999999999999,6.3,6.087083333333333,-1.51875,2446.0,0.7114827692575091,0.6840912725809356,R,0.11320754716981132,2026,Javier Assad,AAA
665871,FC,48,88.98541666666667,6.8675,5.12,6.366666666666667,5.911041666666667,-1.9283333333333335,2111.0,0.07731005809883888,-0.9496733263886011,R,0.22641509433962265,2026,Javier Assad,AAA
665871,FF,34,93.69117647058823,15.331764705882351,-4.535294117647059,6.335294117647059,5.943823529411765,-1.8832352941176471,2124.529411764706,-0.5230860295958177,-0.849622637969991,R,0.16037735849056603,2026,Javier Assad,AAA
665871,SI,59,93.02203389830508,11.410169491525425,-12.669152542372881,6.4135593220338984,6.034067796610169,-1.593898305084746,1993.3050847457628,-0.40272636647527876,-0.9118650103838452,R,0.2783018867924528,2026,Javier Assad,AAA
665871,ST,15,81.61333333333333,-0.16000000000000014,15.336000000000002,6.36,5.8886666666666665,-1.9020000000000001,2429.8,0.8941626350778858,0.4239667312833343,R,0.07075471698113207,2026,Javier Assad,AAA
665878,FF,10,93.41,12.828,-8.748000000000001,6.81,4.973,-1.9579999999999997,2379.6,-0.6567280756210139,-0.7528166111805439,R,1.0,2026,Janser Lara,AAA
666123,CH,10,82.34,4.308,-12.564,6.92,5.911,-2.637,1156.5,-0.8400928705138881,-0.5352724492528107,R,0.21739130434782608,2026,Austin Bergner,AAA
666123,FF,36,90.26111111111112,17.236666666666665,-6.41,6.947222222222222,6.044722222222223,-2.4877777777777776,2186.5555555555557,-0.3855349674024676,-0.9204818600868071,R,0.782608695652174,2026,Austin Bergner,AAA
666129,CH,66,84.64393939393939,-1.6945454545454546,-12.283636363636363,6.516666666666667,5.718636363636364,-2.8534848484848485,1628.8,0.7044699218152772,-0.2028260181303376,L,0.18696883852691218,2026,Braxton Garrett,AAA
666129,FF,84,91.13214285714287,13.847142857142858,-4.797142857142857,6.64047619047619,5.824880952380953,-2.5958333333333337,2351.0454545454545,0.6562124805218177,-0.7470400377950768,L,0.23796033994334279,2026,Braxton Garrett,AAA
666129,SI,71,90.40704225352113,6.228169014084507,-14.60281690140845,6.608450704225352,5.708169014084507,-2.9078873239436622,2173.5714285714284,0.7502297764244849,-0.6532722756936401,L,0.20113314447592068,2026,Braxton Garrett,AAA
666129,SL,72,86.05833333333334,-0.7066666666666667,2.3783333333333334,6.581944444444444,5.835833333333333,-2.4781944444444446,2401.980769230769,-0.5001514861766023,0.2611137837060991,L,0.20396600566572237,2026,Braxton Garrett,AAA
666129,ST,60,82.91833333333334,-0.7479999999999999,10.144,6.5183333333333335,5.797833333333333,-2.5671666666666666,2290.3653846153848,-0.6685835407591314,0.7269789202628539,L,0.16997167138810199,2026,Braxton Garrett,AAA
666148,CH,58,83.48275862068965,5.474482758620689,-15.682758620689656,7.01551724137931,5.967758620689655,-1.6744827586206896,1618.9310344827586,-0.8542374870232179,-0.5164244556490865,R,0.19269102990033224,2026,Drake Fellows,AAA
666148,SI,144,88.7125,11.21,-14.785833333333333,7.042361111111111,5.899444444444445,-1.6124999999999998,2007.7291666666667,-0.677207788585143,-0.7236059180712924,R,0.47840531561461797,2026,Drake Fellows,AAA
666148,SL,99,80.37474747474748,-1.4606060606060605,1.04,6.8090909090909095,6.23949494949495,-1.6004040404040403,1855.3636363636363,0.19189622385673144,0.7789246585055237,R,0.3289036544850498,2026,Drake Fellows,AAA
666150,SL,11,63.472727272727276,6.916363636363638,2.181818181818182,5.4363636363636365,5.4772727272727275,-2.2536363636363634,2214.909090909091,-0.15425606140274448,0.03773959276811157,L,1.0,2026,Dominic Fletcher,AAA
666155,CH,99,83.91010101010102,-0.15030303030303033,-11.889696969696969,6.057575757575758,6.16030303030303,-3.123131313131313,1335.4848484848485,-0.9670109826499594,-0.05005304867150303,R,0.18609022556390978,2026,Chuck King,AAA
666155,CU,55,81.42727272727272,2.0967272727272728,11.847272727272728,6.096296296296296,6.092545454545454,-3.2887272727272725,2084.836363636364,0.8250002866216636,0.5198906205112427,R,0.10338345864661654,2026,Chuck King,AAA
666155,FF,263,94.29657794676807,7.56638783269962,-17.293688212927755,6.134980988593156,5.977110266159696,-3.1902661596958173,2066.2319391634983,-0.9138552688059272,-0.391353832510327,R,0.4943609022556391,2026,Chuck King,AAA
666155,SL,115,87.80608695652174,5.583652173913044,2.1881739130434785,6.1114035087719305,5.909739130434783,-3.380434782608696,1914.4035087719299,-0.33205771633166903,-0.6950630393920983,R,0.2161654135338346,2026,Chuck King,AAA
666168,FF,62,95.3483870967742,16.083870967741937,-8.860645161290323,6.453225806451614,5.904032258064516,-1.4835483870967743,2250.1935483870966,-0.5678129160889246,-0.8133707614915376,R,0.5849056603773585,2026,Mason Thompson,AAA
666168,SL,44,85.10909090909091,-1.1318181818181818,5.948181818181819,6.270454545454545,5.678409090909091,-1.9593181818181817,2310.1363636363635,0.861098912582041,-0.12841153003635228,R,0.41509433962264153,2026,Mason Thompson,AAA
666201,CH,35,85.00571428571428,9.408,-13.728,6.965714285714286,6.082857142857143,-2.1848571428571426,1960.2,-0.6980300249366433,-0.6981968351893039,R,0.19444444444444445,2026,Alek Manoah,AAA
666201,FF,12,88.08333333333333,14.92,-4.67,6.925,6.155,-2.3266666666666667,2242.0,-0.5164233671437842,-0.8538209042267684,R,0.06666666666666667,2026,Alek Manoah,AAA
666201,SI,91,90.26593406593408,13.829010989010989,-12.850549450549451,6.795604395604395,6.194065934065934,-2.0946153846153845,2174.3186813186812,-0.5408711479462057,-0.8374171800728565,R,0.5055555555555555,2026,Alek Manoah,AAA
666201,SL,42,77.86428571428571,-1.0542857142857143,6.948571428571429,6.726190476190476,6.087380952380952,-2.3607142857142858,2174.190476190476,0.6921988298141665,0.6096259373134201,R,0.23333333333333334,2026,Alek Manoah,AAA
666619,SI,29,98.57931034482759,6.190344827586207,-14.656551724137932,6.393103448275863,5.9975862068965515,-1.5055172413793103,2315.0689655172414,-0.7203104026091157,-0.6880435610220247,R,0.46774193548387094,2026,Gregory Santos,AAA
666619,SL,33,92.10000000000001,4.61090909090909,3.229090909090909,6.43030303030303,5.84,-1.708181818181818,2451.2727272727275,0.013921676083534208,-0.8934273297788158,R,0.532258064516129,2026,Gregory Santos,AAA
666711,FF,11,99.22727272727273,13.363636363636363,-5.290909090909091,5.390909090909091,6.162727272727273,-0.9245454545454546,2145.6363636363635,-0.5436872634397939,-0.8372102788667616,R,0.275,2026,Joel Peguero,AAA
666711,SI,10,99.4,8.676,-14.075999999999999,5.38,6.063000000000001,-0.865,2302.7,-0.53038037167779,-0.8455166616355878,R,0.25,2026,Joel Peguero,AAA
666711,SL,19,91.3157894736842,1.4526315789473683,5.829473684210527,5.647368421052631,6.091052631578948,-1.128421052631579,2564.315789473684,0.7936665946722669,-0.5839833268617387,R,0.475,2026,Joel Peguero,AAA
666745,CH,57,88.31052631578947,7.183157894736842,-12.993684210526316,6.252631578947368,6.191578947368422,-0.7645614035087719,1618.017543859649,-0.7827270212102196,-0.6163064873705876,R,0.3275862068965517,2026,Jhony Brito,AAA
666745,SI,53,93.84150943396227,8.599245283018869,-14.101132075471698,6.077358490566038,6.241320754716981,-0.9192452830188679,2040.3207547169811,-0.5927499825345176,-0.7949990345640179,R,0.3045977011494253,2026,Jhony Brito,AAA
666745,SL,45,87.35333333333334,6.181333333333333,0.8053333333333333,6.140000000000001,6.173777777777778,-0.878,1989.6888888888889,-0.3761647932394623,-0.907702507636488,R,0.25862068965517243,2026,Jhony Brito,AAA
666745,ST,19,81.8578947368421,-1.016842105263158,6.776842105263158,6.1947368421052635,6.12421052631579,-0.8289473684210527,2219.0526315789475,0.8325289836403587,0.5132061453441313,R,0.10919540229885058,2026,Jhony Brito,AAA
666748,FF,26,90.6576923076923,18.23076923076923,-8.723076923076924,6.2153846153846155,5.945384615384616,-1.5826923076923076,2219.8076923076924,-0.5393654005719891,-0.8392853584375277,R,0.6190476190476191,2026,Mitch Neunborn,AAA
666748,FS,16,78.3125,2.1675000000000004,-12.6525,6.14375,5.949375,-1.579375,1193.1875,-0.9586795402040209,-0.2602134015954007,R,0.38095238095238093,2026,Mitch Neunborn,AAA
666768,FC,52,93.04423076923078,8.416153846153845,-0.8238461538461538,6.230769230769231,5.500192307692307,-2.103846153846154,2510.480769230769,-0.4677760193923419,-0.8683632286919584,R,0.3851851851851852,2026,Anderson Pilar,AAA
666768,FF,17,92.62941176470588,8.435294117647059,-1.0094117647058825,5.929411764705883,5.557647058823529,-1.9729411764705882,2581.294117647059,-0.5002827945347326,-0.8533495491109501,R,0.1259259259259259,2026,Anderson Pilar,AAA
666768,SI,13,92.77692307692307,7.8646153846153855,-8.04,6.161538461538461,5.4338461538461535,-2.1753846153846155,2469.3076923076924,-0.5163655087494622,-0.8494318676423155,R,0.0962962962962963,2026,Anderson Pilar,AAA
666768,ST,53,83.86981132075472,7.319999999999999,11.82566037735849,6.156603773584906,5.574716981132075,-2.0264150943396224,2605.301886792453,0.9586083704767275,0.05573447432197565,R,0.3925925925925926,2026,Anderson Pilar,AAA
667463,SI,19,90.5,3.1831578947368424,-11.88,6.136842105263158,5.511052631578948,-1.934736842105263,2146.3684210526317,0.7972762318520996,-0.599666488805305,L,0.5588235294117647,2026,John King,AAA
667463,SL,15,81.73333333333333,-0.896,6.5120000000000005,6.042857142857143,5.628,-1.966,2714.5333333333333,-0.7386734194397063,0.6443967068658475,L,0.4411764705882353,2026,John King,AAA
667652,FF,43,93.62558139534885,17.76279069767442,-4.649302325581396,5.851162790697674,7.086279069767442,0.01581395348837209,2260.2272727272725,-0.1439672254041783,-0.9844798555234097,R,0.2388888888888889,2026,Jack Ralston,AAA
667652,FS,80,83.31625,6.336,-9.0345,5.6049999999999995,7.1705,-0.21725,982.0,-0.8216678876484056,-0.5272864370351686,R,0.4444444444444444,2026,Jack Ralston,AAA
667652,SL,57,85.07192982456141,-0.9705263157894737,1.183157894736842,5.803508771929825,7.018947368421053,-0.1375438596491228,2184.2926829268295,0.5733694115843172,0.01084432206969677,R,0.31666666666666665,2026,Jack Ralston,AAA
667690,FF,19,90.19473684210527,16.09894736842105,-7.174736842105263,5.7894736842105265,6.065789473684211,-1.0310526315789474,1924.157894736842,-0.5344475639866065,-0.8431686767974811,R,1.0,2026,C.J. Stubbs,AAA
668338,FF,27,87.88148148148149,7.973333333333334,-2.871111111111111,7.003703703703703,4.393703703703704,-3.99,2201.846153846154,-0.5613489808822408,-0.7956581016744149,R,0.6428571428571429,2026,Tyson Miller,AAA
668338,ST,15,79.36666666666666,13.344,12.752,6.8933333333333335,4.236,-4.2026666666666666,2495.4666666666667,0.9759120178183863,-0.05498038223708139,R,0.35714285714285715,2026,Tyson Miller,AAA
668470,FF,62,95.96290322580644,15.820645161290322,-4.6490322580645165,6.533870967741936,6.073709677419354,-1.1619354838709677,2203.5,-0.4262468707070748,-0.8924463156545676,R,0.5081967213114754,2026,Hagen Danner,AAA
668470,SL,60,88.91333333333334,2.93,4.588,6.510000000000001,6.037,-1.0828333333333333,2249.55,0.5667576430478164,-0.6140309761258387,R,0.4918032786885246,2026,Hagen Danner,AAA
668674,SI,20,97.475,8.112,-13.931999999999999,6.475,5.999499999999999,-2.2875,1929.85,-0.7692448340204429,-0.6341950855122119,R,0.6060606060606061,2026,Lucas Erceg,AAA
668674,SL,13,85.42307692307692,-2.5938461538461537,0.27692307692307694,6.423076923076923,5.898461538461539,-2.386923076923077,2189.923076923077,0.3542159511189924,0.7725555036813476,R,0.3939393939393939,2026,Lucas Erceg,AAA
668678,FF,11,92.46363636363637,14.792727272727273,-1.6690909090909094,6.581818181818182,6.169090909090909,-2.749090909090909,2343.909090909091,-0.44772832382555255,-0.8927059422695858,R,0.3055555555555556,2026,Zac Gallen,AAA
668678,KC,11,82.39090909090909,-6.2727272727272725,3.3818181818181823,6.509090909090909,5.994545454545454,-3.0727272727272723,2473.2727272727275,0.6204293530932072,0.6389543927567541,R,0.3055555555555556,2026,Zac Gallen,AAA
668678,SL,14,88.48571428571428,4.782857142857142,4.08,6.535714285714286,6.000714285714286,-3.0828571428571427,2381.214285714286,0.10162514057189354,-0.7079168420517293,R,0.3888888888888889,2026,Zac Gallen,AAA
668716,CU,19,84.83157894736841,-6.429473684210526,5.261052631578947,6.526315789473684,5.518421052631578,-1.7400000000000002,2456.9473684210525,0.8500406015492284,0.5160207075844926,R,0.2923076923076923,2026,Noah Murdock,AAA
668716,FC,11,90.7090909090909,7.472727272727273,-0.5672727272727272,6.545454545454546,5.361818181818182,-1.8154545454545454,2268.181818181818,-0.46941998921986505,-0.8754218208922858,R,0.16923076923076924,2026,Noah Murdock,AAA
668716,SI,35,94.75428571428571,5.8834285714285715,-15.586285714285713,6.6,5.396857142857143,-1.8017142857142858,2020.6571428571428,-0.7751316309859052,-0.627049741850516,R,0.5384615384615384,2026,Noah Murdock,AAA
668766,CH,73,82.56849315068493,4.38082191780822,-13.390684931506849,6.3273972602739725,5.76958904109589,-2.5919178082191783,1334.5753424657535,-0.8919759839313445,-0.43000688766473044,R,0.13419117647058823,2026,Dylan File,AAA
668766,CU,73,79.9917808219178,-8.944109589041096,6.38958904109589,6.3999999999999995,5.8931506849315065,-2.4767123287671233,2655.9861111111113,0.7118556762972625,0.6906878863633628,R,0.13419117647058823,2026,Dylan File,AAA
668766,FC,71,87.75352112676056,5.7126760563380286,2.2681690140845068,6.301408450704225,5.859014084507042,-2.5961971830985915,2468.211267605634,-0.07577262759791928,-0.8151229508771796,R,0.13051470588235295,2026,Dylan File,AAA
668766,FF,124,92.85645161290323,16.654838709677417,-8.898387096774194,6.369105691056911,5.913870967741936,-2.434032258064516,2365.4180327868853,-0.6365432572343356,-0.7684104000672595,R,0.22794117647058823,2026,Dylan File,AAA
668766,SI,143,92.37342657342657,12.76867132867133,-13.204195804195804,6.323076923076924,5.881398601398601,-2.5094405594405598,2344.290780141844,-0.6593627860691056,-0.748713008791798,R,0.26286764705882354,2026,Dylan File,AAA
668766,SL,60,84.37833333333333,-0.21399999999999994,4.354,6.3116666666666665,5.8585,-2.5248333333333335,2502.983333333333,0.7825203280388343,-0.045606526461843176,R,0.11029411764705882,2026,Dylan File,AAA
668820,FF,12,95.83333333333333,16.88,-4.71,6.491666666666667,5.95,-2.0383333333333336,2186.5,-0.39580090723756656,-0.9136366728165686,R,0.5217391304347826,2026,Max Kranick,AAA
668820,SL,11,89.05454545454546,4.909090909090909,4.690909090909091,6.463636363636363,5.718181818181819,-2.3936363636363636,2109.3636363636365,0.2285251890924151,-0.9226655910796627,R,0.4782608695652174,2026,Max Kranick,AAA
668831,CH,35,81.80857142857144,5.458285714285714,-16.333714285714287,6.451428571428572,5.149714285714286,-1.9042857142857144,1673.942857142857,-0.8809156798860012,-0.467804273917905,R,0.22151898734177214,2026,Garrett Stallings,AAA
668831,CU,11,79.5,-7.374545454545455,3.36,6.281818181818181,5.749090909090909,-1.2145454545454546,2343.3636363636365,0.5521215809235132,0.8188233141254078,R,0.06962025316455696,2026,Garrett Stallings,AAA
668831,FC,45,86.92888888888889,7.016000000000001,2.6906666666666665,6.4622222222222225,5.548222222222222,-1.3733333333333333,2228.2,-0.24450581486730402,-0.851395824737916,R,0.2848101265822785,2026,Garrett Stallings,AAA
668831,FF,22,91.10909090909091,17.12181818181818,-4.98,6.554545454545454,5.652272727272727,-1.104090909090909,1942.2727272727273,-0.42208788849243445,-0.9051806862975084,R,0.13924050632911392,2026,Garrett Stallings,AAA
668831,SI,32,91.653125,11.775,-13.00875,6.55625,5.5159375,-1.32,1883.75,-0.4881892044509991,-0.8706201410518889,R,0.20253164556962025,2026,Garrett Stallings,AAA
668831,ST,13,80.61538461538461,-0.8492307692307691,10.403076923076924,6.253846153846154,5.313076923076922,-1.81,2418.846153846154,0.664184415758607,0.7196474399096306,R,0.08227848101265822,2026,Garrett Stallings,AAA
668834,CU,15,79.98666666666666,-8.952,12.112,6.673333333333333,5.760666666666666,-1.3173333333333335,2240.8,0.8431535800499861,0.5323570042646155,R,0.1388888888888889,2026,Easton McGee,AAA
668834,FC,22,87.02727272727272,8.487272727272726,2.6836363636363636,6.531818181818181,5.468181818181818,-1.6681818181818182,2398.0,-0.3116064710447966,-0.9290885451994186,R,0.2037037037037037,2026,Easton McGee,AAA
668834,FF,21,91.56666666666668,15.399999999999999,-6.56,6.557142857142857,5.851904761904762,-1.3547619047619048,2412.190476190476,-0.6816689263789407,-0.7285306574545394,R,0.19444444444444445,2026,Easton McGee,AAA
668834,SI,28,92.48928571428571,7.3028571428571425,-17.095714285714287,6.571428571428571,5.7317857142857145,-1.4825,2320.6785714285716,-0.7593897294643457,-0.6421065467136363,R,0.25925925925925924,2026,Easton McGee,AAA
668834,ST,22,81.43636363636364,4.7290909090909095,11.836363636363636,6.540909090909091,5.482272727272727,-1.4831818181818184,2253.318181818182,0.8629447605483729,0.25344144525769424,R,0.2037037037037037,2026,Easton McGee,AAA
668876,SL,10,53.129999999999995,21.18,6.779999999999999,4.29,6.224,-1.4769999999999999,1897.7,-0.4917978206334802,-0.44872017387916135,R,1.0,2026,Zach Humphreys,AAA
668881,FF,19,98.91578947368421,17.29263157894737,-8.185263157894738,6.6000000000000005,6.440526315789474,-1.6563157894736842,2379.0526315789475,-0.46515304525034323,-0.8826310193368949,R,0.23170731707317074,2026,Hunter Greene,AAA
668881,FS,22,87.58181818181818,6.463636363636363,-8.961818181818181,6.681818181818182,6.3963636363636365,-1.4754545454545456,1306.4545454545455,-0.5431038282510497,-0.8377130284170895,R,0.2682926829268293,2026,Hunter Greene,AAA
668881,SI,18,98.6,15.426666666666668,-12.226666666666667,6.644444444444444,6.345555555555555,-2.25,2317.5555555555557,-0.4781247508781876,-0.8744797247753956,R,0.21951219512195122,2026,Hunter Greene,AAA
668881,SL,23,90.48695652173912,4.481739130434782,5.332173913043478,6.443478260869565,6.381304347826087,-2.135217391304348,2299.086956521739,0.45067264218949815,-0.8422998315866804,R,0.2804878048780488,2026,Hunter Greene,AAA
668933,FC,24,95.625,10.035,1.5350000000000001,5.4125000000000005,6.6066666666666665,-0.13291666666666666,2347.2916666666665,-0.2845572241262044,-0.8620926641739669,R,0.631578947368421,2026,Graham Ashcraft,AAA
668933,SL,14,88.04285714285713,0.20571428571428574,9.917142857142858,5.45,6.477142857142858,-0.29,2815.785714285714,0.704914180075154,0.686491203516413,R,0.3684210526315789,2026,Graham Ashcraft,AAA
668943,CH,34,84.97647058823529,2.724705882352941,-11.297647058823529,6.309090909090909,4.301764705882353,-2.219411764705882,1753.7941176470588,-0.8855675341099635,-0.4329039415651001,R,0.096045197740113,2026,Ryan Miller,AAA
668943,FF,128,90.5234375,6.909375,-10.7278125,6.22109375,4.30765625,-2.211015625,2051.7265625,-0.8232744874566612,-0.5628620770622964,R,0.3615819209039548,2026,Ryan Miller,AAA
668943,SI,28,91.58571428571429,12.12857142857143,-12.132857142857144,6.139285714285714,4.480357142857143,-2.0478571428571426,2154.785714285714,-0.7992598807580721,-0.597646225339787,R,0.07909604519774012,2026,Ryan Miller,AAA
668943,SL,114,86.82894736842105,5.181052631578948,1.8599999999999999,6.217543859649123,4.426052631578948,-2.1623684210526317,2296.2105263157896,-0.2677780123545606,-0.845071560303698,R,0.3220338983050847,2026,Ryan Miller,AAA
668943,ST,50,80.89,2.0472,9.8352,6.26,4.5708,-2.1124,2408.22,0.9552458653230584,0.19411622165966672,R,0.14124293785310735,2026,Ryan Miller,AAA
668964,FC,13,86.87692307692308,15.710769230769232,1.8738461538461537,6.546153846153846,6.083076923076923,-0.6492307692307692,2177.4615384615386,-0.08679769023944504,-0.992467522374748,R,0.19696969696969696,2026,Tobias Myers,AAA
668964,FF,38,91.20263157894736,19.443157894736842,-6.707368421052632,6.568421052631579,5.979473684210526,-0.7002631578947368,2213.9736842105262,-0.3296260614691726,-0.941771494348895,R,0.5757575757575758,2026,Tobias Myers,AAA
668964,FS,15,79.39333333333335,8.168000000000001,-10.6,6.633333333333334,5.9446666666666665,-0.6973333333333334,1491.0666666666666,-0.44713323010989836,-0.8903710229031623,R,0.22727272727272727,2026,Tobias Myers,AAA
668968,SI,75,93.62266666666666,11.608,-14.6,5.348,5.9528,-0.9452,2173.24,-0.7291126665405278,-0.6808464399435172,R,0.4601226993865031,2026,Hans Crouse,AAA
668968,SL,88,82.30227272727274,-2.0768181818181817,-0.4295454545454546,5.4750000000000005,6.051590909090908,-0.9386363636363636,2245.125,0.3217318616290069,0.8011470358475434,R,0.5398773006134969,2026,Hans Crouse,AAA
668970,FF,31,94.07741935483871,10.931612903225806,-11.52774193548387,6.490322580645161,5.308387096774194,-3.408709677419355,2656.032258064516,-0.911332485518265,-0.4045409483236665,R,0.5,2026,Gavin Hollowell,AAA
668970,ST,31,83.62903225806451,5.345806451612903,13.796129032258065,6.238709677419355,5.2941935483870965,-3.7358064516129033,2522.1612903225805,0.9192933016302507,0.3766484036946124,R,0.5,2026,Gavin Hollowell,AAA
669020,FF,29,94.2896551724138,15.024827586206898,-1.2289655172413794,6.486206896551724,6.073448275862069,-1.6896551724137931,2293.206896551724,0.21998461720123064,-0.903522869075694,L,0.6590909090909091,2026,Ryan Rolison,AAA
669020,SL,15,86.84666666666666,-0.20000000000000007,4.343999999999999,6.386666666666667,6.059333333333333,-1.814,2490.0666666666666,-0.8942249626398676,0.10499435593504772,L,0.3409090909090909,2026,Ryan Rolison,AAA
669060,CU,28,79.08214285714287,-4.701428571428572,17.982857142857142,6.346428571428571,5.941428571428572,-2.9603571428571427,2391.8571428571427,0.7817665966103061,0.6163083553193068,R,0.1278538812785388,2026,Bryse Wilson,AAA
669060,FC,49,87.12857142857143,9.139591836734695,2.6644897959183673,6.328571428571429,5.959591836734694,-2.9520408163265306,2066.3061224489797,-0.21888157699038524,-0.9541937080294398,R,0.2237442922374429,2026,Bryse Wilson,AAA
669060,FF,67,92.04029850746268,16.658507462686565,-6.9797014925373135,6.332835820895522,6.149850746268657,-2.7334328358208952,2202.3432835820895,-0.5721743577892938,-0.8172126425539569,R,0.3059360730593607,2026,Bryse Wilson,AAA
669060,FS,30,84.46333333333334,2.012,-13.96,6.246666666666667,6.015,-2.973666666666667,1394.7,-0.8273014151171209,-0.5545863636798578,R,0.136986301369863,2026,Bryse Wilson,AAA
669060,SI,45,91.21555555555555,10.170666666666667,-15.330666666666666,6.311111111111111,6.031111111111111,-2.8642222222222227,2146.5333333333333,-0.6055139619448457,-0.7919058571370095,R,0.2054794520547945,2026,Bryse Wilson,AAA
669067,CH,63,81.67936507936508,5.657142857142857,-11.90857142857143,6.366666666666667,5.81079365079365,-1.6500000000000001,1436.295081967213,0.7872918313248238,-0.550789105854025,L,0.23247232472324722,2026,Ryan Webb,AAA
669067,CU,15,77.95333333333333,-14.76,6.056,6.3133333333333335,5.948666666666667,-2.02,2595.0,-0.4110766880049876,0.9079605663229666,L,0.055350553505535055,2026,Ryan Webb,AAA
669067,FC,54,86.09629629629629,4.182222222222222,0.8244444444444445,6.292592592592593,5.862777777777778,-1.642037037037037,2355.6603773584907,0.14187660304386085,-0.5345011407039059,L,0.1992619926199262,2026,Ryan Webb,AAA
669067,FF,49,91.93061224489797,15.666122448979591,-7.437551020408163,6.346938775510204,5.9536734693877555,-1.6257142857142857,2135.75,0.6159791680786518,-0.7825494230421054,L,0.18081180811808117,2026,Ryan Webb,AAA
669067,SI,54,90.3037037037037,10.291111111111112,-16.56888888888889,6.274074074074075,5.835925925925926,-1.7953703703703705,2161.08,0.6529462844196745,-0.7526495981211816,L,0.1992619926199262,2026,Ryan Webb,AAA
669067,SL,36,83.1861111111111,-2.993333333333333,3.0366666666666666,6.241666666666666,5.747222222222223,-1.9036111111111111,2512.722222222222,-0.6313759547711254,0.6288747016787617,L,0.13284132841328414,2026,Ryan Webb,AAA
669111,FF,11,95.32727272727271,17.37818181818182,-11.399999999999999,6.763636363636365,5.698181818181818,-1.240909090909091,2242.818181818182,-0.6175158867399502,-0.7852270804015671,R,1.0,2026,John McMillon,AAA
669142,CU,11,78.7090909090909,-13.069090909090908,7.538181818181818,6.354545454545455,6.049090909090908,-0.8145454545454546,2313.909090909091,0.5198284990162976,0.8497233100036771,R,0.0859375,2026,Tanner Burns,AAA
669142,FF,71,93.97323943661972,18.834929577464788,-3.750422535211268,6.3112676056338035,6.055070422535211,-0.7085915492957747,2374.281690140845,-0.31206939454925753,-0.9420202907601155,R,0.5546875,2026,Tanner Burns,AAA
669142,FS,13,88.16923076923078,3.9692307692307693,-6.018461538461538,6.253846153846154,5.84,-1.0538461538461539,781.1538461538462,-0.8353581080711596,-0.5375740487739237,R,0.1015625,2026,Tanner Burns,AAA
669142,SL,33,85.31818181818181,2.429090909090909,8.061818181818182,6.193939393939394,5.8978787878787875,-1.133939393939394,2602.090909090909,0.7498217281454231,-0.5511061591321359,R,0.2578125,2026,Tanner Burns,AAA
669145,CU,19,79.66842105263159,-6.258947368421053,7.237894736842105,5.868421052631579,6.158947368421052,-1.053157894736842,2410.2105263157896,-0.1382353327117686,0.9841802011743228,L,0.07883817427385892,2026,Bruce Zimmermann,AAA
669145,FC,40,85.7025,7.3950000000000005,-1.311,5.935897435897436,6.094250000000001,-1.0705,2401.025641025641,0.7277067946516654,-0.659763997775115,L,0.16597510373443983,2026,Bruce Zimmermann,AAA
669145,FF,44,89.49318181818181,15.147272727272728,-6.406363636363636,5.906818181818181,6.117727272727273,-1.1027272727272728,2459.1363636363635,0.6962517727251227,-0.7141861878839206,L,0.1825726141078838,2026,Bruce Zimmermann,AAA
669145,FS,41,83.08536585365853,1.7121951219512195,-10.609756097560975,5.987804878048781,6.0512195121951216,-1.183170731707317,1717.0731707317073,0.8571900237416024,-0.5041203597258289,L,0.17012448132780084,2026,Bruce Zimmermann,AAA
669145,SI,35,88.72571428571429,5.989714285714286,-14.763428571428571,5.937142857142858,6.011428571428572,-1.2282857142857144,2393.8285714285716,0.7254752360976271,-0.6801175500702202,L,0.14522821576763487,2026,Bruce Zimmermann,AAA
669145,SL,62,82.63064516129033,-2.6980645161290324,-1.0238709677419355,5.975806451612903,6.114677419354839,-1.054032258064516,2507.8064516129034,0.04648214808831588,0.926762177464251,L,0.2572614107883817,2026,Bruce Zimmermann,AAA
669165,CH,28,88.27142857142857,3.4200000000000004,-12.364285714285714,6.239285714285714,5.7299999999999995,-1.1064285714285715,1327.892857142857,-0.9369281307913072,-0.34039358377241563,R,0.35443037974683544,2026,Kyle Hurt,AAA
669165,FF,51,96.41372549019609,15.329411764705881,-8.764705882352942,6.358823529411765,5.648235294117647,-1.1309803921568626,2076.705882352941,-0.535726750886218,-0.8399411024335839,R,0.6455696202531646,2026,Kyle Hurt,AAA
669193,FF,93,92.93118279569893,14.313548387096775,-9.461935483870969,6.170967741935484,5.3930107526881725,-2.5186021505376344,2217.010752688172,-0.6143729535008183,-0.7845105644440972,R,0.4793814432989691,2026,Jack Little,AAA
669193,FS,37,85.78378378378379,2.88972972972973,-11.581621621621622,6.294594594594595,5.042432432432432,-2.8245945945945947,1291.2702702702702,-0.9118780054721041,-0.4054977012909284,R,0.19072164948453607,2026,Jack Little,AAA
669193,SL,64,84.3984375,1.584375,3.380625,6.1734375,5.208125,-2.6875,2414.484375,0.6651036447635904,-0.3317546906532588,R,0.32989690721649484,2026,Jack Little,AAA
669194,FF,24,97.22916666666667,16.79,-1.9100000000000001,6.825,6.364166666666667,-0.6375000000000001,2368.0416666666665,-0.14902804163480612,-0.987320312489227,R,1.0,2026,Ryne Nelson,AAA
669203,FC,11,92.4909090909091,11.138181818181819,-0.07636363636363633,6.527272727272727,5.71909090909091,-1.0936363636363637,2453.181818181818,-0.49313759744671837,-0.866665958502906,R,1.0,2026,Corbin Burnes,AAA
669212,CH,67,75.6134328358209,2.3408955223880596,-17.7044776119403,6.0910447761194035,5.870746268656716,-0.7341791044776119,2220.791044776119,-0.989614878889848,-0.12073137338953753,R,0.42948717948717946,2026,Eli Morgan,AAA
669212,FC,14,86.95714285714287,9.034285714285714,3.282857142857143,6.214285714285714,5.847857142857143,-0.6007142857142858,2318.0714285714284,-0.21631838546535206,-0.9605064534230603,R,0.08974358974358974,2026,Eli Morgan,AAA
669212,FF,44,91.21136363636364,18.15818181818182,-9.10909090909091,6.297727272727273,5.932045454545454,-0.40386363636363637,2258.906976744186,-0.5107968372030084,-0.8563075821970351,R,0.28205128205128205,2026,Eli Morgan,AAA
669212,SL,31,82.8225806451613,0.007741935483871032,1.2116129032258065,6.141935483870968,5.9077419354838705,-0.6325806451612903,2390.7096774193546,0.5343510880002401,0.12739584012203803,R,0.1987179487179487,2026,Eli Morgan,AAA
669270,SI,18,95.48333333333333,6.12,-13.993333333333332,6.716666666666667,6.298333333333334,-1.1127777777777779,2274.6666666666665,-0.6445848521698921,-0.760620473623382,R,1.0,2026,Joel Kuhnel,AAA
669285,FC,43,90.6093023255814,7.1832558139534886,4.844651162790697,6.546511627906977,5.6976744186046515,-2.082325581395349,2295.2093023255816,0.02940832367523367,-0.9606905261457105,R,0.24293785310734464,2026,Dan Hammer,AAA
669285,FF,89,95.97752808988764,17.417528089887643,-3.0134831460674154,6.675280898876405,5.785393258426966,-2.0058426966292138,2297.629213483146,-0.38189912895845657,-0.9202732226695677,R,0.5028248587570622,2026,Dan Hammer,AAA
669285,SV,45,83.55111111111111,-1.9093333333333333,15.856,6.46,5.6242222222222225,-2.316222222222222,2304.777777777778,0.7451953197123011,0.655211642265509,R,0.2542372881355932,2026,Dan Hammer,AAA
669294,CH,16,85.525,-0.3825,-9.9225,5.875,5.87625,-2.1175,1361.75,-0.8647919827401196,-0.486755585000545,R,0.10191082802547771,2026,Paul Campbell,AAA
669294,CU,40,80.225,-6.339,9.579,5.705,5.9597500000000005,-2.02875,2682.325,0.8850342779327066,0.4512937886130783,R,0.25477707006369427,2026,Paul Campbell,AAA
669294,FF,35,93.33714285714287,14.619428571428571,-5.904000000000001,5.791428571428571,5.774571428571429,-2.0997142857142856,2206.8571428571427,-0.5945170453945989,-0.8013748737561314,R,0.2229299363057325,2026,Paul Campbell,AAA
669294,SI,33,92.03333333333333,7.210909090909091,-13.6,5.751515151515152,5.753939393939394,-2.18060606060606,2081.121212121212,-0.6660513200031357,-0.7436892850152674,R,0.21019108280254778,2026,Paul Campbell,AAA
669294,SL,33,89.21818181818182,9.505454545454546,3.472727272727273,5.7303030303030305,5.823333333333333,-2.0948484848484847,2270.757575757576,-0.19195905043161593,-0.8291470429649332,R,0.21019108280254778,2026,Paul Campbell,AAA
669298,CH,36,86.17222222222222,2.836666666666667,-11.99,6.4944444444444445,5.613333333333333,-1.6286111111111112,1785.0555555555557,-0.965180844871911,-0.24617914660993379,R,0.2727272727272727,2026,TJ Shook,AAA
669298,FC,12,89.01666666666667,8.53,2.83,6.3999999999999995,5.574166666666667,-1.6441666666666668,2165.9166666666665,-0.31733191654891824,-0.9125371904783077,R,0.09090909090909091,2026,TJ Shook,AAA
669298,FF,65,92.7,12.361846153846153,-10.460307692307692,6.441538461538461,5.594615384615384,-1.6372307692307693,2163.0461538461536,-0.7334549554192397,-0.6773763649983368,R,0.49242424242424243,2026,TJ Shook,AAA
669298,ST,19,80.88421052631578,2.0463157894736845,11.47578947368421,6.405263157894737,5.6352631578947365,-1.6626315789473685,2288.1052631578946,0.9302567124786715,0.24724798324041447,R,0.14393939393939395,2026,TJ Shook,AAA
669310,CH,47,83.57021276595745,6.403404255319148,-17.23659574468085,6.558139534883721,5.196808510638298,-1.9795744680851066,2047.8297872340424,-0.9408957037439638,-0.25847183882521674,R,0.1551155115511551,2026,CJ Van Eyk,AAA
669310,CU,62,81.52258064516128,-10.240645161290322,7.755483870967741,6.403636363636363,5.345,-1.874516129032258,2168.3870967741937,0.485461814284501,0.8710888975876473,R,0.20462046204620463,2026,CJ Van Eyk,AAA
669310,FC,84,87.36785714285713,5.791428571428572,2.02,6.425714285714286,5.302142857142857,-1.7046428571428571,2071.6071428571427,-0.2907411239441766,-0.8002333845700943,R,0.27722772277227725,2026,CJ Van Eyk,AAA
669310,FF,72,93.03055555555555,12.95,-6.279999999999999,6.4871428571428575,5.3133333333333335,-1.6972222222222222,2046.2777777777778,-0.6330826926053524,-0.7667618673080122,R,0.2376237623762376,2026,CJ Van Eyk,AAA
669310,SI,25,91.78,6.432,-12.412799999999999,6.479166666666667,5.2192,-1.7704,1815.4,-0.598717575138387,-0.7885816788720263,R,0.08250825082508251,2026,CJ Van Eyk,AAA
669310,ST,13,81.56153846153846,-4.947692307692307,14.16,6.438461538461539,5.083076923076923,-2.025384615384615,2269.3846153846152,0.6669935514914838,0.7285515895394042,R,0.0429042904290429,2026,CJ Van Eyk,AAA
669371,FF,10,94.45,12.6,-15.276,6.49,5.333,-2.211,2559.8,-0.8321179789272344,-0.5487543640708731,R,0.47619047619047616,2026,Cole Henry,AAA
669371,ST,11,83.07272727272728,2.149090909090909,8.290909090909091,6.218181818181819,5.2690909090909095,-2.4945454545454546,2496.7272727272725,0.8528673743422897,0.5123722841561376,R,0.5238095238095238,2026,Cole Henry,AAA
669395,FC,20,85.795,1.908,5.64,6.305,5.8395,-1.6954999999999998,2543.9,0.8696332534337783,-0.3642651618990982,R,0.6451612903225806,2026,Dylan Coleman,AAA
669395,FF,11,96.38181818181819,13.756363636363636,-5.487272727272727,6.2,5.709090909090909,-1.9618181818181817,2500.3636363636365,-0.7081053529931122,-0.6962085828479854,R,0.3548387096774194,2026,Dylan Coleman,AAA
669416,CU,13,82.89230769230768,-6.147692307692308,7.873846153846154,6.7153846153846155,5.583846153846154,-2.8876923076923076,2416.846153846154,0.7602719193658903,0.6467346531604387,R,1.0,2026,Blayne Enlow,AAA
669422,CU,12,78.91666666666667,-5.91,11.18,6.191666666666666,6.338333333333334,-2.2325,2519.6666666666665,0.6867999268644671,0.7258525495227975,R,0.05454545454545454,2026,Matt Sauer,AAA
669422,FC,58,89.22586206896553,7.392413793103448,4.278620689655172,6.327586206896552,6.133275862068966,-2.4686206896551726,2352.4310344827586,0.049045706000881484,-0.9350309236712394,R,0.2636363636363636,2026,Matt Sauer,AAA
669422,FF,87,92.9609195402299,14.537931034482758,-4.940689655172413,6.488505747126437,6.163218390804598,-2.0985057471264366,2050.942528735632,-0.46419834827745116,-0.8837249330588653,R,0.39545454545454545,2026,Matt Sauer,AAA
669422,FS,25,86.16799999999999,9.0528,-8.04,6.396,6.1739999999999995,-2.142,1743.4,-0.3875453317065607,-0.8514815965768168,R,0.11363636363636363,2026,Matt Sauer,AAA
669422,SI,20,92.34,12.42,-11.562000000000001,6.475,6.165,-2.1355,1987.4,-0.4976538231314895,-0.8637196345324168,R,0.09090909090909091,2026,Matt Sauer,AAA
669422,SL,18,82.05000000000001,-4.6066666666666665,6.6,6.216666666666667,6.2588888888888885,-2.27,2493.6111111111113,0.7084065433631692,0.34312269928095784,R,0.08181818181818182,2026,Matt Sauer,AAA
669434,FC,23,86.23478260869565,0.8660869565217392,2.613913043478261,6.160869565217391,6.527826086956521,-1.911304347826087,2712.4347826086955,0.45501166306539864,-0.46636097710272073,R,0.4791666666666667,2026,Stevie Emanuels,AAA
669434,FF,25,93.244,17.020799999999998,-6.6336,6.36,6.5372,-1.8780000000000001,2479.96,-0.4569593467297666,-0.8876356246860041,R,0.5208333333333334,2026,Stevie Emanuels,AAA
669438,CH,64,85.909375,-0.056249999999999994,-12.838125,6.3875,5.9159375,-1.646875,1953.515625,-0.8745481391488419,-0.4248424212215421,R,0.1797752808988764,2026,Mason Englert,AAA
669438,CS,23,65.9391304347826,-13.914782608695653,10.10086956521739,6.252173913043479,6.0978260869565215,-1.5965217391304347,2314.217391304348,0.5074075946930249,0.8555512677905314,R,0.06460674157303371,2026,Mason Englert,AAA
669438,CU,55,74.15454545454546,-13.874181818181818,11.127272727272727,6.210909090909091,5.995272727272727,-1.688909090909091,2611.018181818182,0.5080634653851824,0.8579056282022967,R,0.1544943820224719,2026,Mason Englert,AAA
669438,FC,69,86.10579710144928,4.492173913043478,2.8017391304347825,6.2550724637681165,5.9940579710144934,-1.6782608695652173,2080.7971014492755,-0.35083410015914657,-0.7490139416526526,R,0.19382022471910113,2026,Mason Englert,AAA
669438,FF,40,92.845,14.883,-8.757000000000001,6.2924999999999995,6.01975,-1.64375,2261.8,-0.6189936826955852,-0.7824151910412156,R,0.11235955056179775,2026,Mason Englert,AAA
669438,SI,78,91.17564102564103,11.296923076923077,-14.43076923076923,6.276923076923077,5.988076923076923,-1.6756410256410255,2160.4615384615386,-0.6114674429823864,-0.7690181525762219,R,0.21910112359550563,2026,Mason Englert,AAA
669438,SL,27,81.05925925925925,-5.6,3.791111111111111,6.292592592592593,5.962592592592593,-1.6622222222222223,2448.4074074074074,0.4754081039183705,0.8509152453135015,R,0.07584269662921349,2026,Mason Englert,AAA
669441,CH,58,82.33103448275861,11.482758620689655,-12.97448275862069,6.289655172413793,6.237586206896551,-1.0970689655172414,1858.7586206896551,-0.5629560754174513,-0.8221940687324255,R,0.14215686274509803,2026,Chandler Champlain,AAA
669441,CU,61,79.3377049180328,-14.376393442622952,11.720655737704918,6.045901639344263,6.237049180327869,-0.9429508196721312,2443.5409836065573,0.3499034924624829,0.9338222968249744,R,0.14950980392156862,2026,Chandler Champlain,AAA
669441,FC,28,88.11428571428571,6.377142857142857,3.947142857142857,6.153571428571429,6.125357142857142,-1.5735714285714286,2342.1071428571427,-0.23194057741999533,-0.9518931710537676,R,0.06862745098039216,2026,Chandler Champlain,AAA
669441,FF,133,92.26165413533835,13.957894736842105,-6.010827067669173,6.109022556390977,6.186466165413534,-0.868796992481203,2191.0225563909776,-0.47896560853876186,-0.8728875722259586,R,0.32598039215686275,2026,Chandler Champlain,AAA
669441,SI,32,91.49375,11.5725,-12.03,6.090625,6.2178125,-0.7046875,2170.1875,-0.4649089464582298,-0.8825034472180985,R,0.0784313725490196,2026,Chandler Champlain,AAA
669441,SL,85,85.82705882352941,3.4051764705882355,5.604705882352941,6.124705882352941,6.128,-0.9663529411764706,2415.3529411764707,0.15343013449979054,-0.5467849932525319,R,0.20833333333333334,2026,Chandler Champlain,AAA
669441,ST,11,83.10909090909091,2.4,6.589090909090908,6.118181818181818,6.153636363636363,-0.770909090909091,2486.090909090909,0.47772752692438797,-0.04632406688795117,R,0.02696078431372549,2026,Chandler Champlain,AAA
669445,CH,11,84.10909090909091,2.5309090909090908,-3.7418181818181817,6.154545454545455,5.8118181818181816,-2.351818181818182,1553.909090909091,0.74263145103914,-0.3255003114975586,L,0.1506849315068493,2026,Adam Laskey,AAA
669445,CU,25,78.876,-12.8496,4.968,6.12,5.9176,-2.1636,2415.625,-0.2993674572792067,0.9518655923582324,L,0.3424657534246575,2026,Adam Laskey,AAA
669445,FF,37,89.66486486486487,8.218378378378379,-3.4605405405405403,6.337837837837838,5.812162162162163,-2.2254054054054055,1998.4864864864865,0.5586957960067415,-0.8138589197880939,L,0.5068493150684932,2026,Adam Laskey,AAA
669620,FF,44,92.98863636363636,14.945454545454545,-4.494545454545454,6.379545454545454,6.46409090909091,-1.905681818181818,2301.181818181818,0.4785767193926811,-0.8764372347274175,L,0.7719298245614035,2026,Brady Basso,AAA
669620,SI,13,93.14615384615385,10.81846153846154,-13.69846153846154,6.407692307692307,6.424615384615384,-2.0930769230769233,2169.846153846154,0.45726755611798847,-0.8885875374455546,L,0.22807017543859648,2026,Brady Basso,AAA
669684,CU,22,78.14999999999999,-11.176363636363636,14.798181818181819,6.118181818181818,5.327727272727272,-2.0245454545454544,2549.2727272727275,-0.7857387618655388,0.6139895642695934,L,0.43137254901960786,2026,Chris Murphy,AAA
669684,FF,29,96.16206896551724,17.242758620689656,-6.980689655172414,6.182758620689655,5.518620689655172,-1.7606896551724138,2377.4137931034484,0.5124125126339634,-0.8562778027238509,L,0.5686274509803921,2026,Chris Murphy,AAA
669697,FF,22,97.89545454545454,11.067272727272726,-11.623636363636363,6.627272727272728,4.892727272727273,-2.921818181818182,2295.7272727272725,-0.8604825182241598,-0.5068469633901403,R,0.44,2026,Andrew Schultz,AAA
669697,SL,28,87.92142857142858,-0.43714285714285717,9.450000000000001,6.4678571428571425,4.788214285714285,-3.1167857142857143,2434.6071428571427,0.546554404993575,0.3753012630069207,R,0.56,2026,Andrew Schultz,AAA
669704,CU,37,83.2,-9.376216216216216,10.112432432432433,6.021621621621622,5.888378378378379,-1.53,2806.027027027027,0.79989848118075,0.5890074326885266,R,0.18226600985221675,2026,Kade Strowd,AAA
669704,FC,73,90.92054794520547,4.995616438356165,3.9928767123287674,6.073972602739726,5.823835616438356,-1.6045205479452054,2492.3888888888887,0.10578666387633645,-0.9553737630170911,R,0.35960591133004927,2026,Kade Strowd,AAA
669704,FF,44,94.55,13.066363636363635,-1.3227272727272728,6.136363636363637,5.867954545454546,-1.3493181818181819,2351.6363636363635,-0.40525549893091894,-0.9045366593374101,R,0.21674876847290642,2026,Kade Strowd,AAA
669704,SI,33,94.89999999999999,9.378181818181819,-11.494545454545454,6.13939393939394,5.790303030303031,-1.4506060606060605,2241.878787878788,-0.4684657105880225,-0.8799166488665824,R,0.1625615763546798,2026,Kade Strowd,AAA
669704,ST,16,86.025,1.875,13.5825,6.05,5.66625,-1.669375,2709.3125,0.9317359802579683,0.31418399952841525,R,0.07881773399014778,2026,Kade Strowd,AAA
669721,FC,33,86.76363636363635,7.807272727272727,2.327272727272727,6.857575757575758,5.353939393939394,-1.7472727272727273,2165.4545454545455,-0.010006728140342905,-0.9400327222630112,R,0.125,2026,Davis Daniel,AAA
669721,FF,51,90.66470588235293,14.117647058823529,-10.134117647058824,6.933333333333334,5.330588235294118,-1.5731372549019609,2063.921568627451,-0.5219259567135744,-0.8219416300316054,R,0.19318181818181818,2026,Davis Daniel,AAA
669721,FS,69,85.1159420289855,3.031304347826087,-10.474782608695651,6.8362318840579706,5.3475362318840585,-1.683478260869565,1120.6376811594203,-0.8607078852146245,-0.13624706435979536,R,0.26136363636363635,2026,Davis Daniel,AAA
669721,SI,62,91.31935483870969,11.223870967741936,-15.429677419354839,6.924193548387097,5.244354838709677,-1.692741935483871,2068.0,-0.5990105387711321,-0.743392647107881,R,0.23484848484848486,2026,Davis Daniel,AAA
669721,ST,49,80.93877551020408,6.102857142857143,12.484897959183673,6.795918367346939,5.346326530612244,-1.8038775510204081,2211.061224489796,0.8678876626951643,-0.1627807079625344,R,0.1856060606060606,2026,Davis Daniel,AAA
669724,FF,10,94.78999999999999,10.368,-12.372,6.05,5.686,-2.702,2013.4,-0.8691071071560696,-0.48973139427506285,R,0.17857142857142858,2026,Brenan Hanifee,AAA
669724,SI,27,94.31481481481481,3.0755555555555554,-16.395555555555557,6.066666666666667,5.680740740740741,-2.73,1951.4444444444443,-0.8797182603957118,-0.46497878840901935,R,0.48214285714285715,2026,Brenan Hanifee,AAA
669724,SL,19,86.9421052631579,1.3578947368421053,1.3705263157894736,6.052631578947368,5.677368421052631,-2.774736842105263,2238.8947368421054,0.5683830761346831,-0.1358102588567434,R,0.3392857142857143,2026,Brenan Hanifee,AAA
669740,CH,11,92.70909090909092,8.16,-15.610909090909091,7.181818181818182,5.3118181818181816,-3.35,2154.4545454545455,-0.625866463453219,-0.7778784364586759,R,0.11458333333333333,2026,Travis MacGregor,AAA
669740,CU,41,85.43414634146342,7.40780487804878,7.413658536585365,7.004878048780488,5.314390243902439,-3.6868292682926826,2253.8048780487807,0.17548780639260286,-0.4464955816061285,R,0.4270833333333333,2026,Travis MacGregor,AAA
669740,FF,44,93.4090909090909,13.358181818181817,-4.652727272727272,7.0613636363636365,5.339090909090909,-3.4272727272727277,2267.0,-0.6167760452786708,-0.7828879974672749,R,0.4583333333333333,2026,Travis MacGregor,AAA
669854,CH,21,84.82380952380952,4.765714285714286,-10.982857142857142,6.723809523809523,5.944761904761905,-1.0571428571428572,1441.4761904761904,-0.8016629514448084,-0.5957737138099708,R,0.3442622950819672,2026,Ronel Blanco,AAA
669854,CU,20,80.38,-0.7140000000000001,7.446,6.654999999999999,5.985,-1.1585,2140.2,0.48989181290431294,0.43197399719979657,R,0.32786885245901637,2026,Ronel Blanco,AAA
669854,SL,20,85.115,3.732,2.8080000000000003,6.720000000000001,5.916,-1.1484999999999999,2165.35,0.059279734012885665,-0.9610874673213236,R,0.32786885245901637,2026,Ronel Blanco,AAA
669912,CH,33,84.61818181818182,-0.8218181818181819,-17.334545454545452,5.981818181818182,5.193939393939394,-2.7124242424242424,2068.3636363636365,0.9877476921384265,-0.14305852492691198,L,0.1736842105263158,2026,Kirby Snead,AAA
669912,FF,70,91.33142857142857,11.933142857142858,-15.656571428571429,5.8742857142857146,5.609857142857143,-2.6015714285714284,2432.6428571428573,0.8607992684278885,-0.5041971584707464,L,0.3684210526315789,2026,Kirby Snead,AAA
669912,SI,25,90.432,6.043200000000001,-18.1152,5.816,5.530399999999999,-2.8512,2379.36,0.8458647469987882,-0.44251453245209327,L,0.13157894736842105,2026,Kirby Snead,AAA
669912,SL,62,81.19516129032259,7.122580645161291,6.6812903225806455,5.914516129032258,5.35241935483871,-2.8474193548387094,2575.8387096774195,-0.6589671821946588,-0.32162894221095434,L,0.3263157894736842,2026,Kirby Snead,AAA
669920,CH,104,79.43653846153846,1.7365384615384616,-16.311923076923076,6.4163461538461535,5.432307692307693,-1.5242307692307693,1770.9029126213593,-0.9930879290455301,-0.09129227700787107,R,0.30952380952380953,2026,Jason Alexander,AAA
669920,FC,13,86.22307692307693,4.827692307692308,1.1907692307692308,6.415384615384616,5.456153846153845,-1.6153846153846154,2045.1538461538462,-0.39802932391367213,-0.8301818886408725,R,0.03869047619047619,2026,Jason Alexander,AAA
669920,FF,69,91.2768115942029,11.652173913043478,-14.083478260869565,6.360869565217391,5.688840579710145,-1.3084057971014493,2290.6521739130435,-0.8306964193912094,-0.5524308284523786,R,0.20535714285714285,2026,Jason Alexander,AAA
669920,SI,94,90.6031914893617,2.1408510638297873,-15.682978723404256,6.339130434782609,5.379361702127659,-1.6702127659574468,2033.5376344086021,-0.9279883824030933,-0.3658510101806876,R,0.27976190476190477,2026,Jason Alexander,AAA
669920,ST,56,77.99821428571428,-0.7585714285714286,14.715,6.269642857142857,5.293928571428571,-1.8248214285714286,2547.5178571428573,0.8946835489616353,0.4360869068966289,R,0.16666666666666666,2026,Jason Alexander,AAA
669947,FF,56,92.39821428571429,16.285714285714285,-6.139285714285714,6.6625000000000005,5.946964285714286,-1.1873214285714284,2104.75,-0.4494183506731998,-0.8725157878199816,R,0.2641509433962264,2026,Jesse Scholtens,AAA
669947,FS,34,83.04117647058824,-1.6588235294117646,-9.903529411764707,6.688235294117647,5.844411764705883,-1.2355882352941177,1037.3636363636363,-0.9657704586928568,-0.2006302407857268,R,0.16037735849056603,2026,Jesse Scholtens,AAA
669947,SI,42,91.44285714285714,11.905714285714286,-13.791428571428572,6.683333333333333,5.8533333333333335,-1.2969047619047618,2059.425,-0.5632336579311452,-0.7529658437514901,R,0.19811320754716982,2026,Jesse Scholtens,AAA
669947,SL,45,87.15777777777778,7.557333333333334,3.018666666666667,6.597777777777777,6.000444444444444,-1.1982222222222223,2220.186046511628,-0.3408131938562537,-0.9169575075566185,R,0.21226415094339623,2026,Jesse Scholtens,AAA
669947,ST,35,79.65428571428572,2.1702857142857144,13.299428571428573,6.514285714285714,5.878571428571429,-1.3288571428571427,2344.030303030303,0.8533951608738573,0.43312956220458704,R,0.1650943396226415,2026,Jesse Scholtens,AAA
669993,CU,36,76.89444444444445,-14.953333333333335,15.746666666666666,6.761764705882353,5.587222222222222,-1.4247222222222222,2819.676470588235,0.49075793662648387,0.6101504971880218,R,0.18947368421052632,2026,Raul Brito,AAA
669993,FF,82,93.90365853658537,15.036585365853659,-5.73219512195122,6.837179487179487,5.520365853658537,-1.427439024390244,2339.7051282051284,-0.5541663550090653,-0.8069704141938451,R,0.43157894736842106,2026,Raul Brito,AAA
669993,SI,41,93.67804878048781,6.108292682926829,-13.846829268292684,6.878048780487805,5.438780487804879,-1.5451219512195122,2158.3658536585367,-0.6223185901255813,-0.7785624560866913,R,0.21578947368421053,2026,Raul Brito,AAA
669993,SL,31,85.69999999999999,0.9019354838709678,5.872258064516129,6.675862068965517,5.35741935483871,-1.6706451612903226,2542.035714285714,0.7122589638806825,-0.48600235790873497,R,0.1631578947368421,2026,Raul Brito,AAA
670062,FF,33,92.5878787878788,18.541818181818183,0.770909090909091,6.545454545454546,6.12969696969697,-1.2427272727272727,2663.151515151515,-0.1290151726453983,-0.9731691328195325,R,0.28448275862068967,2026,Julian Garcia,AAA
670062,SL,35,85.59714285714286,2.208,4.44,6.4714285714285715,5.991428571428571,-1.4754285714285715,2905.4117647058824,0.6611748566608321,-0.2566009234437278,R,0.3017241379310345,2026,Julian Garcia,AAA
670062,ST,48,83.25416666666666,-1.01,11.659999999999998,6.504166666666666,5.844166666666666,-1.60625,2909.875,0.7367007476818638,0.4079023802628106,R,0.41379310344827586,2026,Julian Garcia,AAA
670090,FF,37,91.12432432432432,5.805405405405406,-9.86918918918919,6.802702702702702,3.4162162162162164,-3.87,1924.3243243243244,-0.9633448743859914,-0.2561591836507424,R,0.32456140350877194,2026,Wyatt Mills,AAA
670090,SI,26,90.24615384615385,-0.6646153846153846,-13.112307692307693,6.8307692307692305,3.3876923076923076,-3.943076923076923,1876.8076923076924,-0.972757425921196,-0.21429901924323086,R,0.22807017543859648,2026,Wyatt Mills,AAA
670090,SL,27,83.37407407407407,5.902222222222223,0.9955555555555556,6.811111111111111,3.578888888888889,-3.8607407407407406,2301.074074074074,-0.37752949057213336,-0.8137486569897466,R,0.23684210526315788,2026,Wyatt Mills,AAA
670090,ST,24,80.16250000000001,7.52,7.62,6.6499999999999995,3.2954166666666667,-3.919583333333333,2471.4583333333335,0.910177458471254,-0.01169284172392286,R,0.21052631578947367,2026,Wyatt Mills,AAA
670103,CH,33,84.39393939393939,2.1345454545454543,-15.014545454545456,5.50909090909091,6.015757575757576,-2.710606060606061,1772.0,0.9023634922774825,-0.4166227370561532,L,0.16097560975609757,2026,Raymond Burgos,AAA
670103,FC,42,85.93333333333332,7.3342857142857145,-1.3800000000000001,5.521428571428571,5.871190476190476,-2.927857142857143,2146.809523809524,0.7735169226552636,-0.602743642517332,L,0.2048780487804878,2026,Raymond Burgos,AAA
670103,FF,20,90.3,11.166,-9.408,5.345000000000001,5.942,-2.6595,2181.55,0.8110355669701315,-0.5713490720193306,L,0.0975609756097561,2026,Raymond Burgos,AAA
670103,SI,72,89.47361111111111,4.395,-15.043333333333335,5.502777777777777,5.895972222222222,-2.7708333333333335,2119.847222222222,0.8069450893077786,-0.5709791192960629,L,0.35121951219512193,2026,Raymond Burgos,AAA
670103,ST,38,77.32894736842105,-0.8810526315789474,12.852631578947367,5.471052631578948,5.971842105263158,-2.870263157894737,2271.157894736842,-0.771178717161078,0.6082488297295269,L,0.18536585365853658,2026,Raymond Burgos,AAA
670183,FF,64,94.4828125,18.961875,-3.8775,5.859375,6.04859375,-2.1735937499999998,2427.139534883721,-0.38735999956483336,-0.8690166340681249,R,0.5765765765765766,2026,Garrett Acton,AAA
670183,FS,14,86.96428571428571,8.28,-12.668571428571429,6.007142857142857,5.941428571428571,-2.299285714285714,2086.6428571428573,-0.584309933037755,-0.8083998671413184,R,0.12612612612612611,2026,Garrett Acton,AAA
670183,SL,33,86.70909090909092,5.5636363636363635,0.2327272727272727,5.784848484848485,5.952424242424243,-2.254848484848485,2402.6875,0.3618486953455988,-0.7898857944340874,R,0.2972972972972973,2026,Garrett Acton,AAA
670234,CH,15,89.1,2.4720000000000004,-14.639999999999999,5.92,5.464,-2.728666666666667,1840.0666666666666,-0.8483904486099852,-0.5117555866940414,R,0.07853403141361257,2026,Seth Shuman,AAA
670234,FC,78,86.98461538461538,0.8353846153846154,7.496923076923077,5.912820512820512,5.502435897435897,-2.671794871794872,2727.695652173913,0.5658514003458069,-0.09099352279734006,R,0.4083769633507853,2026,Seth Shuman,AAA
670234,FF,51,94.90980392156862,14.014117647058825,-5.124705882352941,5.982352941176471,5.536666666666667,-2.625882352941176,2389.711111111111,-0.6433777432784108,-0.761940493702396,R,0.2670157068062827,2026,Seth Shuman,AAA
670234,SI,47,94.17021276595744,8.022127659574469,-15.056170212765958,5.987234042553191,5.492765957446809,-2.6902127659574466,2441.090909090909,-0.6841319477859752,-0.6916126939682145,R,0.24607329842931938,2026,Seth Shuman,AAA
670241,CH,27,81.67037037037036,7.448888888888889,-11.520000000000001,6.0777777777777775,6.022962962962963,-1.0425925925925925,1389.4444444444443,-0.6868654387919662,-0.7035520384271933,R,0.34177215189873417,2026,Darius Vines,AAA
670241,FC,16,85.5875,6.84,2.3475,6.08125,6.036875,-1.0462500000000001,2301.625,-0.19166209516129207,-0.961926684964428,R,0.20253164556962025,2026,Darius Vines,AAA
670241,FF,36,90.93055555555556,16.77,-6.793333333333333,6.144444444444444,6.068333333333333,-0.9236111111111112,2193.4166666666665,-0.48866101330435563,-0.8695868453509791,R,0.45569620253164556,2026,Darius Vines,AAA
670391,FC,11,86.89999999999999,7.985454545454545,-1.5818181818181818,6.354545454545455,5.861818181818182,-1.9572727272727273,2022.909090909091,-0.5851995767402688,-0.8051604362304552,R,0.1864406779661017,2026,Ben Anderson,AAA
670391,FF,29,90.82068965517242,15.099310344827586,-9.086896551724138,6.417241379310345,5.911034482758621,-1.8817241379310345,2103.0344827586205,-0.6712355124807583,-0.7392084819802207,R,0.4915254237288136,2026,Ben Anderson,AAA
670391,SI,19,90.72105263157896,13.629473684210526,-11.437894736842106,6.426315789473684,5.878947368421053,-1.8905263157894738,2077.7894736842104,-0.6798007922059182,-0.7303709490398655,R,0.3220338983050847,2026,Ben Anderson,AAA
670766,CH,17,81.3529411764706,5.244705882352941,-13.72235294117647,6.264705882352941,5.291176470588235,-1.9829411764705882,1324.764705882353,-0.9649507853498372,-0.25643763032001593,R,0.10059171597633136,2026,Darren McCaughan,AAA
670766,CU,10,80.67,-5.58,7.547999999999999,6.2299999999999995,5.306,-2.089,2630.5,0.8523019249386014,0.4962027518394968,R,0.05917159763313609,2026,Darren McCaughan,AAA
670766,FF,53,88.48490566037735,11.26867924528302,-2.952452830188679,6.277358490566037,5.337735849056603,-2.0277358490566035,2282.5471698113206,-0.5398146776224778,-0.7910006118585415,R,0.3136094674556213,2026,Darren McCaughan,AAA
670766,SI,43,89.3906976744186,5.637209302325582,-14.447441860465117,6.325581395348837,5.417906976744186,-1.9804651162790696,2133.279069767442,-0.6918149560212591,-0.7138478785919489,R,0.25443786982248523,2026,Darren McCaughan,AAA
670766,ST,46,82.74782608695652,3.3078260869565215,12.386086956521739,6.2043478260869565,5.168695652173913,-2.0756521739130434,2639.978260869565,0.8777522865893567,0.31376860357808833,R,0.27218934911242604,2026,Darren McCaughan,AAA
670810,CH,47,85.38510638297872,3.888510638297872,-12.564255319148936,6.3255319148936175,5.680851063829787,-1.166595744680851,1622.5106382978724,-0.9130335022797423,-0.40043083943040886,R,0.1843137254901961,2026,Logan Gillaspie,AAA
670810,CU,31,81.54193548387097,-4.563870967741935,0.5922580645161292,6.329032258064516,5.9067741935483875,-0.86,2189.6129032258063,0.362477918614954,0.7955011246499842,R,0.12156862745098039,2026,Logan Gillaspie,AAA
670810,FF,74,93.52972972972972,14.28972972972973,-5.855675675675675,6.35945945945946,5.874324324324324,-0.8883783783783783,2157.364864864865,-0.5616278414293044,-0.8232620098004884,R,0.2901960784313726,2026,Logan Gillaspie,AAA
670810,SI,41,92.48536585365854,9.550243902439025,-13.273170731707317,6.353658536585366,5.799756097560976,-0.9085365853658537,1970.341463414634,-0.6361338325059267,-0.7680279492707024,R,0.1607843137254902,2026,Logan Gillaspie,AAA
670810,SL,39,86.06153846153846,3.0676923076923077,2.9015384615384616,6.315384615384616,5.683589743589743,-1.1712820512820512,2225.7179487179487,0.6208667911568159,-0.44778027676798576,R,0.15294117647058825,2026,Logan Gillaspie,AAA
670810,ST,23,82.57391304347826,-0.5582608695652173,7.309565217391304,6.317391304347827,5.700869565217391,-1.1830434782608696,2297.782608695652,0.8987051584388229,0.2842629024789625,R,0.09019607843137255,2026,Logan Gillaspie,AAA
670897,FF,29,95.05172413793103,13.849655172413792,-6.4013793103448275,5.417241379310345,6.059310344827586,-2.7255172413793107,2328.7586206896553,-0.5323852335808197,-0.8417770552835557,R,0.24166666666666667,2026,Daison Acosta,AAA
670897,FS,19,87.51052631578948,4.901052631578947,-9.650526315789474,5.478947368421053,5.962105263157895,-2.9942105263157894,1197.1052631578948,-0.8138488636631722,-0.5742850331271839,R,0.15833333333333333,2026,Daison Acosta,AAA
670897,SI,34,94.1470588235294,10.341176470588236,-12.878823529411765,5.408823529411765,5.911470588235295,-2.8841176470588237,2232.294117647059,-0.571373147213859,-0.8142318923816011,R,0.2833333333333333,2026,Daison Acosta,AAA
670897,SL,38,84.65526315789474,2.3684210526315788,2.0084210526315793,5.463157894736842,5.701578947368421,-3.12,2453.7368421052633,0.6249385170349303,-0.2388051270041359,R,0.31666666666666665,2026,Daison Acosta,AAA
670912,FF,10,95.87,13.86,-7.74,7.209999999999999,5.271,-2.897,2338.0,-0.6898300834767417,-0.7218648405238681,R,1.0,2026,Johan Oviedo,AAA
670950,CH,21,80.43809523809524,0.017142857142857168,-13.445714285714287,6.166666666666667,6.415238095238095,-2.301904761904762,2477.5714285714284,-0.9040434735983714,-0.3683270234436239,R,0.35,2026,Trevor Richards,AAA
670950,FF,39,92.2948717948718,20.313846153846153,-6.6523076923076925,6.343589743589744,6.491538461538461,-2.0346153846153845,2243.923076923077,-0.3306595330626336,-0.9424484877371779,R,0.65,2026,Trevor Richards,AAA
671106,CH,75,82.12533333333333,4.856,-9.5008,6.143283582089553,5.2492,-2.2108,1064.5866666666666,0.7962425969198864,-0.5893897488973981,L,0.146484375,2026,Logan Allen,AAA
671106,FC,77,85.10779220779222,6.23064935064935,3.9989610389610393,6.090140845070422,5.156493506493507,-2.340779220779221,2318.8571428571427,0.006639362336138238,-0.938633177548499,L,0.150390625,2026,Logan Allen,AAA
671106,FF,125,90.4728,13.83456,-8.94816,6.147321428571429,5.10576,-2.3044000000000002,2199.609756097561,0.6946739636376408,-0.7110056180403033,L,0.244140625,2026,Logan Allen,AAA
671106,SI,113,88.78053097345133,6.875044247787611,-14.587964601769912,6.15925925925926,5.0670796460176994,-2.3088495575221235,1972.1150442477876,0.750068241214318,-0.6535796332471429,L,0.220703125,2026,Logan Allen,AAA
671106,ST,122,77.53688524590164,2.1649180327868853,15.640327868852458,6.066666666666666,5.180081967213115,-2.330573770491803,2283.785123966942,-0.9448627498238065,0.23463305697617778,L,0.23828125,2026,Logan Allen,AAA
671109,FF,33,94.47878787878788,7.741818181818182,-14.185454545454546,6.587878787878788,5.473939393939394,-2.60969696969697,2013.6666666666667,0.8404061597417221,-0.5246493964599516,L,0.7333333333333333,2026,Jake Eder,AAA
671109,SL,12,81.75,-2.91,11.92,6.441666666666666,5.5566666666666675,-2.6225,2552.25,-0.6983294856555163,0.4197063113407553,L,0.26666666666666666,2026,Jake Eder,AAA
671111,CH,25,83.67200000000001,1.4447999999999999,-14.2368,6.652,4.7332,-2.8487999999999998,1902.92,0.9780443549502545,-0.1463427387425322,L,0.1592356687898089,2026,Sammy Peralta,AAA
671111,FF,22,88.66818181818182,6.861818181818182,-8.361818181818181,6.5590909090909095,4.5609090909090915,-2.9518181818181817,2177.409090909091,0.8714883565781306,-0.4782303868163222,L,0.14012738853503184,2026,Sammy Peralta,AAA
671111,SI,48,88.43958333333335,4.22,-13.135,6.66875,4.85375,-2.704791666666667,2160.7291666666665,0.8128215061420065,-0.5502161643751253,L,0.3057324840764331,2026,Sammy Peralta,AAA
671111,SL,31,79.78709677419356,6.305806451612903,6.801290322580646,6.441935483870967,4.593548387096774,-3.0796774193548386,2295.2903225806454,-0.8461126915527212,0.012153945124350607,L,0.19745222929936307,2026,Sammy Peralta,AAA
671111,ST,31,79.40645161290323,2.9883870967741935,13.130322580645162,6.312903225806451,4.599032258064516,-3.128064516129032,2285.1935483870966,-0.7871826743866515,0.12035487727815328,L,0.19745222929936307,2026,Sammy Peralta,AAA
671131,FF,20,94.64,16.566,-9.804,6.21,6.3950000000000005,-1.2754999999999999,2208.0,-0.5851182108160933,-0.8080642706746072,R,0.43478260869565216,2026,Jackson Rutledge,AAA
671131,FS,14,85.34285714285714,5.828571428571429,-15.471428571428572,6.385714285714286,6.265,-1.3135714285714286,1519.7142857142858,-0.7671812815644101,-0.6341763450569807,R,0.30434782608695654,2026,Jackson Rutledge,AAA
671131,SL,12,84.89999999999999,0.58,0.6699999999999999,6.216666666666666,6.278333333333333,-1.3491666666666668,1960.5,0.7499229139611312,-0.5154077391845213,R,0.2608695652173913,2026,Jackson Rutledge,AAA
671143,CH,73,83.08493150684932,6.968219178082192,-16.03068493150685,6.182191780821918,5.4346575342465755,-2.219452054794521,1976.2876712328766,-0.9254723968308349,-0.3731508999565828,R,0.19414893617021275,2026,Trenton Denholm,AAA
671143,CU,45,79.48666666666666,-8.394666666666666,5.930666666666666,6.146666666666667,5.517111111111111,-2.0846666666666667,2245.6222222222223,0.4942928794827598,0.862449121975324,R,0.1196808510638298,2026,Trenton Denholm,AAA
671143,FC,85,87.48823529411764,8.34635294117647,1.4188235294117648,6.264705882352941,5.463294117647059,-2.1481176470588235,2016.4823529411765,-0.33966106031682297,-0.9250915924788384,R,0.22606382978723405,2026,Trenton Denholm,AAA
671143,FF,91,92.1923076923077,14.694065934065934,-7.8052747252747245,6.302197802197802,5.431098901098902,-2.068021978021978,1903.7912087912089,-0.5743457305672486,-0.8155638902162056,R,0.24202127659574468,2026,Trenton Denholm,AAA
671143,SI,82,92.61707317073171,11.60780487804878,-14.60780487804878,6.291463414634146,5.34780487804878,-2.176463414634146,1988.1829268292684,-0.6089806702948038,-0.7728276652081132,R,0.21808510638297873,2026,Trenton Denholm,AAA
671162,FC,13,87.07692307692308,3.3046153846153845,1.4307692307692308,5.938461538461539,5.246923076923077,-1.5415384615384615,2677.923076923077,0.2745549040196694,-0.48333107433885475,L,0.2653061224489796,2026,Connor Thomas,AAA
671162,FF,36,90.80833333333334,13.263333333333334,-8.586666666666666,5.980555555555556,5.263055555555556,-1.4366666666666665,2339.027777777778,0.7482011444273423,-0.6606723109879008,L,0.7346938775510204,2026,Connor Thomas,AAA
671212,FF,61,97.81147540983606,14.189508196721313,-6.9226229508196715,6.411475409836066,5.933606557377049,-1.3444262295081968,2597.1803278688526,-0.6264461595285951,-0.7451894282478293,R,0.3674698795180723,2026,Joe Boyle,AAA
671212,FS,11,92.82727272727273,3.916363636363636,-16.276363636363637,6.418181818181818,5.941818181818181,-1.4172727272727272,2016.090909090909,-0.810528684629422,-0.5679095057289021,R,0.06626506024096386,2026,Joe Boyle,AAA
671212,SI,27,97.41111111111111,8.96888888888889,-13.302222222222222,6.366666666666667,5.95074074074074,-1.3477777777777777,2354.777777777778,-0.669851552148707,-0.7354019741429859,R,0.16265060240963855,2026,Joe Boyle,AAA
671212,SL,49,90.00816326530611,2.3877551020408165,2.9142857142857146,6.318367346938776,6.0285714285714285,-1.43,2687.408163265306,0.5823995096419614,-0.5540271649914841,R,0.29518072289156627,2026,Joe Boyle,AAA
671212,ST,18,85.52222222222223,-0.5,15.046666666666669,6.372222222222223,5.947777777777778,-1.4127777777777777,2641.6111111111113,0.7643365249459524,0.6289106039877346,R,0.10843373493975904,2026,Joe Boyle,AAA
671305,FF,142,98.45985915492957,15.742816901408451,-9.370140845070422,6.062676056338028,5.871267605633803,-2.1906338028169015,2365.9647887323945,-0.6314373909362404,-0.7729234910854867,R,0.6893203883495146,2026,Michel Otañez,AAA
671305,SL,64,84.9578125,0.09375,3.020625,6.11875,5.9946875,-2.0209375,2023.40625,0.6087675275057496,0.6443216744357791,R,0.3106796116504854,2026,Michel Otañez,AAA
671345,FF,13,95.45384615384616,11.335384615384616,-11.89846153846154,6.653846153846154,5.617692307692308,-1.5876923076923077,2160.923076923077,-0.8131058955002619,-0.5791103401794244,R,0.2765957446808511,2026,Jason Foley,AAA
671345,SI,23,95.00434782608696,5.420869565217391,-15.48521739130435,6.682608695652173,5.5578260869565215,-1.598695652173913,2080.391304347826,-0.8012347856371372,-0.5842323780975,R,0.48936170212765956,2026,Jason Foley,AAA
671345,SL,11,85.36363636363636,1.4290909090909092,2.247272727272727,6.763636363636365,5.75,-1.4327272727272726,2183.5454545454545,0.8086485801480419,-0.44841739561057725,R,0.23404255319148937,2026,Jason Foley,AAA
671382,FF,38,93.38684210526316,19.667368421052632,-7.098947368421053,6.6078947368421055,6.409736842105263,-0.8907894736842106,2399.2105263157896,-0.45258033661098457,-0.8902240571961159,R,0.7916666666666666,2026,Cameron Foster,AAA
671382,SL,10,81.24,-1.452,3.4200000000000004,6.459999999999999,6.349,-1.045,2433.2,0.277877197757385,0.5092943354984233,R,0.20833333333333334,2026,Cameron Foster,AAA
671936,CH,16,84.6125,4.6725,-16.1175,5.825,5.744375,-1.736875,1580.5625,0.9513263778095796,-0.2953899172205432,L,0.16494845360824742,2026,Adam Macko,AAA
671936,FF,46,93.97173913043478,15.97304347826087,-7.619999999999999,5.870454545454546,5.822173913043478,-1.4852173913043476,2247.6521739130435,0.4963675599200352,-0.8356220154549995,L,0.4742268041237113,2026,Adam Macko,AAA
671936,SL,35,84.53428571428572,4.429714285714286,1.7897142857142858,5.708571428571429,5.67,-1.7985714285714287,2503.0857142857144,0.12135837816682954,-0.6234654971176138,L,0.36082474226804123,2026,Adam Macko,AAA
672021,FC,13,89.83076923076922,8.695384615384615,1.1076923076923078,6.515384615384615,6.538461538461538,-1.2592307692307694,2202.3846153846152,-0.3906268742448545,-0.902554490449424,R,0.0718232044198895,2026,Eric Cerantola,AAA
672021,FF,72,95.29027777777777,15.591666666666665,-6.763333333333333,6.648611111111111,6.575972222222223,-1.0643055555555554,2127.222222222222,-0.5506864480263635,-0.8284434424572658,R,0.39779005524861877,2026,Eric Cerantola,AAA
672021,SL,96,84.403125,-2.8350000000000004,0.29000000000000004,6.379166666666666,6.554166666666667,-1.1651041666666666,2465.2708333333335,0.4463543020886986,0.6204015898958299,R,0.5303867403314917,2026,Eric Cerantola,AAA
672277,FC,79,88.24303797468355,14.029367088607595,-3.4374683544303797,7.078481012658228,5.287215189873418,-2.3043037974683545,2313.9240506329115,-0.47861296049986113,-0.8136109213023921,R,0.5524475524475524,2026,Sam Carlson,AAA
672277,FF,13,89.14615384615385,14.123076923076923,-11.556923076923077,7.153846153846154,5.365384615384615,-2.167692307692308,2159.769230769231,-0.5206318220175323,-0.8481713778108447,R,0.09090909090909091,2026,Sam Carlson,AAA
672277,SI,29,90.96551724137932,13.195862068965518,-13.808275862068966,7.086206896551724,5.316551724137931,-2.08551724137931,2222.103448275862,-0.582217093343075,-0.8105780595468025,R,0.20279720279720279,2026,Sam Carlson,AAA
672277,SL,22,78.13636363636364,-1.6581818181818184,8.716363636363637,6.927272727272728,5.117272727272727,-2.38,2178.1363636363635,0.6420285826642702,0.3444361356891798,R,0.15384615384615385,2026,Sam Carlson,AAA
672335,SV,18,84.15,-3.2933333333333334,10.56,5.894444444444444,5.6561111111111115,-1.478888888888889,2433.0555555555557,-0.6815694990496479,0.7238679504765861,L,1.0,2026,Cionel Pérez,AAA
672391,CH,11,88.86363636363636,6.840000000000001,-13.57090909090909,6.2,5.508181818181819,-2.7363636363636363,1968.0,-0.7887012064323211,-0.6121704378605606,R,0.05789473684210526,2026,Kaleb Ort,AAA
672391,FC,49,90.2,9.795918367346939,2.28734693877551,6.189795918367347,5.7122448979591836,-2.6820408163265306,2242.375,-0.19525835440148262,-0.971049568126298,R,0.2578947368421053,2026,Kaleb Ort,AAA
672391,FF,95,95.26947368421052,16.817684210526316,-4.461473684210526,6.271578947368421,5.830315789473684,-2.436736842105263,2401.4,-0.3450893470763401,-0.9363766172862736,R,0.5,2026,Kaleb Ort,AAA
672391,ST,35,84.44857142857143,-0.18857142857142853,7.464,6.185714285714286,5.726571428571429,-2.63,2451.4117647058824,0.8681824170034013,0.406887457901745,R,0.18421052631578946,2026,Kaleb Ort,AAA
672442,FF,49,99.42448979591838,13.204897959183672,-12.781224489795918,5.985714285714286,5.994693877551021,-3.011836734693878,2154.9591836734694,-0.7753655573861992,-0.6283163187345744,R,0.3798449612403101,2026,Yovanny Cruz,AAA
672442,FS,13,88.75384615384615,1.6615384615384616,-5.630769230769231,6.292307692307692,6.144615384615384,-2.4484615384615385,1247.076923076923,-0.8446966431435008,-0.512945177955906,R,0.10077519379844961,2026,Yovanny Cruz,AAA
672442,SL,67,89.60746268656716,1.1265671641791046,1.8143283582089553,6.21044776119403,6.132238805970149,-2.790149253731343,2394.8358208955224,0.1287973096364291,-0.09247615014437342,R,0.5193798449612403,2026,Yovanny Cruz,AAA
672456,FF,15,94.13333333333334,17.791999999999998,-5.952,6.346666666666667,6.032,-2.377333333333333,2175.133333333333,-0.5532485997478028,-0.8306357114388381,R,0.35714285714285715,2026,Keider Montero,AAA
672456,SI,12,94.02499999999999,10.979999999999999,-16.64,6.333333333333333,5.898333333333333,-2.558333333333333,2185.25,-0.5659920277506465,-0.8178654174198955,R,0.2857142857142857,2026,Keider Montero,AAA
672456,SL,15,84.58666666666666,2.68,10.496,6.12,5.982,-2.5493333333333337,2561.5333333333333,0.7267963503457687,0.6471955243335389,R,0.35714285714285715,2026,Keider Montero,AAA
672487,CH,23,89.50434782608696,5.890434782608696,-14.97391304347826,6.578260869565218,5.832173913043477,-2.5582608695652174,2100.8260869565215,0.6612594539648272,-0.45400251547668097,L,0.18253968253968253,2026,Helcris Olivárez,AAA
672487,FF,48,95.78125,12.415,-11.89,6.522916666666667,6.034583333333334,-2.479375,2104.9166666666665,0.7425101294165203,-0.6614027989501765,L,0.38095238095238093,2026,Helcris Olivárez,AAA
672487,SI,39,96.27948717948718,10.104615384615384,-14.458461538461538,6.5487179487179485,5.979230769230769,-2.4576923076923074,2046.5128205128206,0.7606579557117241,-0.6446737191255797,L,0.30952380952380953,2026,Helcris Olivárez,AAA
672487,SL,16,84.875,1.2225000000000001,3.7725,6.4,6.0525,-2.4118749999999998,2105.5,-0.628492228109182,-0.6321945411159112,L,0.12698412698412698,2026,Helcris Olivárez,AAA
672578,FF,56,96.52678571428571,15.859285714285715,-8.84142857142857,6.767857142857143,6.0058928571428565,-1.195,2351.6071428571427,-0.5955458273821984,-0.7369028502841809,R,0.56,2026,Carlos Hernández,AAA
672578,FS,23,86.68695652173913,8.170434782608694,-2.5095652173913043,6.834782608695652,6.206521739130435,-1.2304347826086957,871.5217391304348,-0.5200690552739003,-0.8064481285670179,R,0.23,2026,Carlos Hernández,AAA
672578,KC,10,81.05,-3.9480000000000004,6.6,6.65,6.169,-0.9620000000000001,2298.7,0.7132302008756357,0.5347023381318627,R,0.1,2026,Carlos Hernández,AAA
672578,SL,11,85.76363636363637,2.389090909090909,3.338181818181818,6.645454545454545,6.066363636363636,-1.520909090909091,1973.090909090909,0.5247665742057633,0.04706465188178677,R,0.11,2026,Carlos Hernández,AAA
672629,CU,19,82.13684210526316,-6.24,7.528421052631579,6.478947368421053,5.638947368421053,-2.2042105263157894,2751.684210526316,0.6940685605601676,0.7131407328800429,R,0.1111111111111111,2026,Gerardo Carrillo,AAA
672629,FC,80,91.53375,5.5065,2.3865,6.43125,5.4155,-2.48325,2474.95,-0.23561547064266258,-0.8714378139744614,R,0.4678362573099415,2026,Gerardo Carrillo,AAA
672629,FF,18,96.57222222222222,12.186666666666667,-5.98,6.411111111111111,5.484444444444445,-2.4116666666666666,2298.3333333333335,-0.7538389437904583,-0.654031573502195,R,0.10526315789473684,2026,Gerardo Carrillo,AAA
672629,FS,19,84.43684210526315,4.787368421052632,-7.75578947368421,6.636842105263158,5.3968421052631586,-2.3552631578947367,915.8421052631579,-0.9262580680179352,-0.17853785612205209,R,0.1111111111111111,2026,Gerardo Carrillo,AAA
672629,SI,35,96.48,6.0685714285714285,-14.92457142857143,6.451428571428572,5.449714285714286,-2.5037142857142856,2208.8571428571427,-0.7539055082202926,-0.6540149293529275,R,0.2046783625730994,2026,Gerardo Carrillo,AAA
672712,CH,26,81.38076923076923,2.5015384615384617,-5.247692307692308,5.861538461538462,5.756538461538461,-2.4050000000000002,904.3076923076923,0.8570570299300295,0.0706297008588065,L,0.24761904761904763,2026,Luis Palacios,AAA
672712,SI,26,88.27692307692307,5.561538461538461,-16.21846153846154,5.996153846153846,5.822692307692307,-2.289230769230769,1889.8076923076924,0.873158320282736,-0.48325753407391797,L,0.24761904761904763,2026,Luis Palacios,AAA
672712,SL,53,80.15471698113207,-0.8898113207547169,4.564528301886793,5.9075471698113216,5.756792452830189,-2.514339622641509,1916.2264150943397,-0.4471944268193185,0.6036868184653112,L,0.5047619047619047,2026,Luis Palacios,AAA
673257,FF,14,92.96428571428571,14.417142857142858,-8.7,5.978571428571429,5.762857142857143,-1.5064285714285715,2200.4285714285716,-0.76790861912765,-0.6331961609149749,R,1.0,2026,Victor Santos,AAA
673513,FF,25,92.036,14.673599999999999,-5.1168000000000005,5.843999999999999,6.0604,-1.8436,2321.32,0.41649937637644463,-0.9046091022397769,L,0.45454545454545453,2026,Yuki Matsui,AAA
673513,FS,15,83.72,3.2079999999999997,-7.84,5.819999999999999,6.002,-2.062,1195.0666666666666,0.8465399717163479,-0.5208649617889949,L,0.2727272727272727,2026,Yuki Matsui,AAA
673513,SL,15,85.99333333333334,4.184,1.2399999999999998,5.746666666666667,6.037999999999999,-1.9286666666666668,2367.266666666667,0.17254991145971646,-0.8025233377649666,L,0.2727272727272727,2026,Yuki Matsui,AAA
673540,FC,15,89.03999999999999,7.831999999999999,0.12000000000000005,6.239999999999999,6.232666666666666,-1.8713333333333333,2387.133333333333,-0.48653986443995856,-0.8544939152730309,R,0.22058823529411764,2026,Kodai Senga,AAA
673540,FF,38,94.42631578947368,16.446315789473687,-5.690526315789474,6.2026315789473685,6.1802631578947365,-2.0252631578947367,2208.6315789473683,-0.5896167975224275,-0.8060873691323728,R,0.5588235294117647,2026,Kodai Senga,AAA
673540,FO,15,81.2,1.6320000000000001,-11.192,6.066666666666666,6.245333333333334,-2.0313333333333334,1034.1333333333334,-0.9535704142861277,-0.27705825463030526,R,0.22058823529411764,2026,Kodai Senga,AAA
673662,FC,23,91.70434782608694,8.718260869565217,0.6208695652173912,5.586956521739131,5.421304347826087,-2.758260869565217,2472.0,0.5801736098143759,-0.7885331602817528,L,0.115,2026,Robinson Ortiz,AAA
673662,FF,55,94.85636363636364,14.090181818181819,-12.672,5.596363636363637,5.569090909090909,-2.4996363636363634,2280.4727272727273,0.7756513418238821,-0.6247538766320212,L,0.275,2026,Robinson Ortiz,AAA
673662,SI,42,94.76666666666667,7.305714285714285,-16.771428571428572,5.623809523809523,5.457380952380952,-2.5864285714285713,2256.1666666666665,0.7236531219354253,-0.6549834400236051,L,0.21,2026,Robinson Ortiz,AAA
673662,ST,80,83.6975,-3.687,10.959,5.6362499999999995,5.556125,-2.711,2893.3125,-0.8637637629472497,0.4394383942476284,L,0.4,2026,Robinson Ortiz,AAA
673965,FF,11,95.57272727272726,17.236363636363635,-9.021818181818183,5.754545454545454,5.973636363636363,-1.3990909090909092,2214.909090909091,-0.5453737444013447,-0.8339412233622792,R,0.39285714285714285,2026,Caleb Freeman,AAA
673965,SL,17,89.09411764705882,-1.3341176470588234,3.9741176470588235,5.823529411764706,5.788235294117648,-1.5652941176470587,2755.529411764706,0.561880438220054,0.2404171382046462,R,0.6071428571428571,2026,Caleb Freeman,AAA
674003,CH,18,81.98888888888888,9.440000000000001,-13.24,7.072222222222222,6.129444444444444,-0.89,1705.7222222222222,0.7736577788665958,-0.6314778171404303,L,0.4,2026,Cody Bradford,AAA
674003,FF,27,89.6962962962963,16.497777777777777,-5.0488888888888885,7.0851851851851855,6.278518518518519,-0.7051851851851851,2196.8518518518517,0.4698277095119393,-0.880893909519299,L,0.6,2026,Cody Bradford,AAA
674072,CH,41,84.26341463414634,4.68,-10.30829268292683,6.490243902439025,5.729024390243903,-1.6897560975609756,1559.4878048780488,0.7268218182320222,-0.549340686772514,L,0.10704960835509138,2026,Tommy Henry,AAA
674072,CU,93,78.30752688172043,-9.803870967741936,7.103225806451613,6.318279569892473,5.8398924731182795,-1.6561290322580646,2305.032258064516,-0.6354453518059757,0.7677783804548596,L,0.24281984334203655,2026,Tommy Henry,AAA
674072,FF,107,89.24205607476635,12.22429906542056,-4.842616822429906,6.471028037383177,5.804579439252337,-1.647196261682243,2109.2897196261683,0.6060661157338232,-0.7729853086990529,L,0.2793733681462141,2026,Tommy Henry,AAA
674072,SI,31,88.92903225806452,9.425806451612903,-11.740645161290322,6.519354838709678,5.782258064516129,-1.625483870967742,2013.225806451613,0.6222157893113107,-0.77351322765272,L,0.08093994778067885,2026,Tommy Henry,AAA
674072,SL,111,83.33513513513515,4.072432432432433,2.5232432432432432,6.367567567567567,5.691981981981981,-1.8213513513513513,2172.5405405405404,-0.0007949399491628375,-0.28005262901665157,L,0.2898172323759791,2026,Tommy Henry,AAA
674073,CH,17,86.04705882352941,1.616470588235294,-12.451764705882354,6.886666666666667,5.722352941176471,-1.8882352941176472,1573.8823529411766,-0.8526741621729135,-0.514703895821429,R,0.0752212389380531,2026,Jack Weisenburger,AAA
674073,CU,12,82.2,-6.27,5.45,6.791666666666667,6.070833333333333,-1.6441666666666668,2268.5,0.7676529437834253,0.6135541887524484,R,0.05309734513274336,2026,Jack Weisenburger,AAA
674073,FC,32,89.434375,10.155,1.65,6.835483870967742,5.8253125,-1.973125,2302.1875,-0.118253785195962,-0.9406941865496141,R,0.1415929203539823,2026,Jack Weisenburger,AAA
674073,FF,54,94.77962962962964,15.386666666666667,-8.355555555555556,6.805555555555555,5.9816666666666665,-1.802037037037037,2226.0925925925926,-0.5384366599337963,-0.8374411041044962,R,0.23893805309734514,2026,Jack Weisenburger,AAA
674073,SI,63,94.10952380952381,8.537142857142857,-16.095238095238095,6.77741935483871,5.7103174603174605,-2.155079365079365,2157.968253968254,-0.6499734766942649,-0.7565734085619983,R,0.27876106194690264,2026,Jack Weisenburger,AAA
674073,ST,48,82.80624999999999,2.6925000000000003,13.8125,6.7437499999999995,5.7575,-2.3216666666666668,2383.2291666666665,0.8925105283168254,0.42299930941166,R,0.21238938053097345,2026,Jack Weisenburger,AAA
674175,FC,29,86.62413793103448,6.355862068965517,2.1682758620689655,6.6000000000000005,5.9206896551724135,-0.9772413793103448,2086.1785714285716,0.07592630673498688,-0.9829245542515024,R,0.15591397849462366,2026,Houston Roth,AAA
674175,FF,90,92.15111111111112,18.508,-3.3826666666666667,6.567777777777778,5.972111111111111,-0.7914444444444445,2224.866666666667,-0.31369409498842543,-0.9410219285595283,R,0.4838709677419355,2026,Houston Roth,AAA
674175,FS,22,79.03181818181818,7.003636363636363,-7.881818181818182,6.622727272727272,5.946363636363636,-0.7309090909090908,694.5454545454545,-0.6500419665346397,-0.7312368152191518,R,0.11827956989247312,2026,Houston Roth,AAA
674175,ST,45,82.19111111111111,1.6720000000000002,13.074666666666667,6.517777777777778,5.862666666666667,-1.106888888888889,2291.8888888888887,0.8691751467122796,0.43877433129221305,R,0.24193548387096775,2026,Houston Roth,AAA
674265,CH,21,84.3952380952381,6.2057142857142855,-17.28,6.666666666666667,5.737619047619047,-1.410952380952381,2438.5714285714284,-0.9516949570552763,-0.3022693798056397,R,0.28378378378378377,2026,Kevin Abel,AAA
674265,CU,10,81.53,-12.48,7.752000000000001,6.34,5.976,-1.318,2618.8,0.45332288101260365,0.8896050011294976,R,0.13513513513513514,2026,Kevin Abel,AAA
674265,FF,33,94.61515151515152,16.283636363636365,-11.483636363636363,6.566666666666666,5.880606060606061,-1.2148484848484848,2366.878787878788,-0.5923386454138276,-0.8035937324557306,R,0.44594594594594594,2026,Kevin Abel,AAA
674265,SL,10,85.05,-0.18000000000000002,1.404,6.42,5.772,-1.389,2267.8,0.22894795740268106,0.6925491074896442,R,0.13513513513513514,2026,Kevin Abel,AAA
674285,FF,18,94.61666666666666,13.866666666666667,-12.706666666666667,6.4944444444444445,5.867777777777778,-1.8416666666666666,2259.1666666666665,-0.7000765596061295,-0.7096544689335668,R,0.3829787234042553,2026,Eduardo Salazar,AAA
674285,SI,16,92.08125,3.405,-15.9,6.46875,5.695625,-2.01,1929.875,-0.8135752695998845,-0.5750132901718153,R,0.3404255319148936,2026,Eduardo Salazar,AAA
674285,SL,13,85.6,0.8215384615384616,7.6061538461538465,6.423076923076923,5.771538461538461,-1.97,1933.076923076923,0.38828395279615485,0.8931015251237906,R,0.2765957446808511,2026,Eduardo Salazar,AAA
674384,FF,92,95.80760869565216,11.20304347826087,-3.821739130434783,5.6706521739130435,5.244891304347826,-1.8669565217391304,2586.967391304348,-0.6111273451610594,-0.777579914021601,R,0.6764705882352942,2026,Eduarniel Núñez,AAA
674384,SL,44,87.28181818181818,1.960909090909091,6.801818181818183,5.68139534883721,5.368181818181818,-1.7952272727272727,2833.6511627906975,0.8994603564073651,0.22844088009166777,R,0.3235294117647059,2026,Eduarniel Núñez,AAA
674444,FC,12,91.34166666666665,7.96,2.59,6.625,5.585833333333333,-3.3708333333333336,2114.3333333333335,-0.045416008679719705,-0.9490650820934231,R,0.19047619047619047,2026,Steven Cruz,AAA
674444,FF,40,96.275,16.47,-9.546,6.590000000000001,5.53875,-3.2845,2153.0,-0.6331573789353043,-0.7701301361250495,R,0.6349206349206349,2026,Steven Cruz,AAA
674444,SL,11,86.52727272727272,2.5527272727272727,5.890909090909091,6.527272727272727,5.775454545454545,-3.2609090909090908,2134.181818181818,0.6109761981927074,-0.7161121968419143,R,0.1746031746031746,2026,Steven Cruz,AAA
674674,CH,16,82.08125,1.6500000000000001,-17.2875,6.63125,5.13875,-2.8625,1683.75,0.9588178683092032,-0.2727997614721814,L,0.27586206896551724,2026,T.J. Sikkema,AAA
674674,FC,10,81.77000000000001,3.336,3.936,6.51,5.474,-2.771,2138.1,-0.07867566734820904,-0.8223319678931549,L,0.1724137931034483,2026,T.J. Sikkema,AAA
674674,FF,20,88.115,15.162,-7.973999999999999,6.709999999999999,5.537000000000001,-2.606,2065.05,0.683394973859728,-0.7241257681848734,L,0.3448275862068966,2026,T.J. Sikkema,AAA
674674,ST,12,75.55833333333334,-1.36,13.6,6.375,5.2175,-3.045833333333333,2063.8333333333335,-0.7979175407640807,0.5810140984682802,L,0.20689655172413793,2026,T.J. Sikkema,AAA
674681,CH,20,84.07000000000001,0.37200000000000005,-14.172,6.220000000000001,5.098,-3.5535000000000005,1776.85,0.9338572556922333,-0.34725389126722084,L,0.25316455696202533,2026,Michael Plassmeyer,AAA
674681,FC,10,84.46000000000001,7.151999999999999,2.4,6.1,5.173,-3.5159999999999996,2454.5,0.4657437813927522,-0.7650445397975092,L,0.12658227848101267,2026,Michael Plassmeyer,AAA
674681,FF,22,88.52727272727272,15.223636363636365,-8.590909090909092,6.154545454545455,5.2272727272727275,-3.4968181818181816,2388.3636363636365,0.6721246659585208,-0.7358263769854445,L,0.27848101265822783,2026,Michael Plassmeyer,AAA
674681,SI,11,88.4090909090909,5.836363636363637,-13.614545454545453,6.263636363636365,5.102727272727273,-3.5327272727272727,2280.909090909091,0.7788874799832851,-0.618355675915936,L,0.13924050632911392,2026,Michael Plassmeyer,AAA
674681,SL,16,77.1125,0.10500000000000004,14.52,6.20625,5.153125,-3.576875,2284.375,-0.8216123890776524,0.5594653968285789,L,0.20253164556962025,2026,Michael Plassmeyer,AAA
674841,CU,30,82.57666666666667,-10.931999999999999,12.616000000000001,6.11,6.353,-1.506,2799.823529411765,-0.30219486538781315,0.9249460601218564,L,0.2054794520547945,2026,Andrew Alvarez,AAA
674841,FF,55,91.01272727272728,12.06109090909091,-1.682181818181818,6.2309090909090905,6.416363636363636,-1.3494545454545455,2277.9655172413795,0.5293596045091666,-0.7568331391128077,L,0.3767123287671233,2026,Andrew Alvarez,AAA
674841,SI,13,90.63846153846154,7.153846153846154,-12.221538461538461,6.207692307692308,6.326923076923077,-1.4215384615384616,2202.6,0.6120958647630077,-0.751594889799187,L,0.08904109589041095,2026,Andrew Alvarez,AAA
674841,SL,48,82.56875000000001,-2.6475,4.0475,6.083333333333333,6.328749999999999,-1.5356249999999998,2665.88,0.07916625545143631,0.8194424055810187,L,0.3287671232876712,2026,Andrew Alvarez,AAA
674944,FF,20,91.49,16.086000000000002,-9.498000000000001,6.0,6.151,-2.5235,2109.0,0.6512046098620577,-0.7561380654288792,L,0.31746031746031744,2026,Sean Guenther,AAA
674944,FS,13,85.19999999999999,5.003076923076923,-17.076923076923077,6.115384615384615,5.835384615384616,-2.7746153846153847,1549.7692307692307,0.968969845249273,-0.2333070463048514,L,0.20634920634920634,2026,Sean Guenther,AAA
674944,SI,18,90.67777777777778,3.3866666666666667,-15.746666666666666,6.123529411764705,5.789444444444444,-2.7605555555555554,2120.235294117647,0.7828839545909625,-0.6207544841770376,L,0.2857142857142857,2026,Sean Guenther,AAA
674944,SL,12,80.40833333333333,-2.6,14.159999999999998,6.05,5.755,-3.0666666666666664,2429.8333333333335,-0.6970138793233899,0.7089402179324371,L,0.19047619047619047,2026,Sean Guenther,AAA
675296,FC,57,87.95087719298245,4.389473684210526,-0.5178947368421053,5.815789473684211,6.160175438596491,-1.3296491228070177,2346.2280701754385,-0.5414595457867198,-0.7840602654379762,R,0.6404494382022472,2026,Hayden Merda,AAA
675296,FF,32,96.2,16.47,-9.52875,5.93125,6.2496875,-1.0046875,2253.3125,-0.6011481600160672,-0.796833850114323,R,0.3595505617977528,2026,Hayden Merda,AAA
675540,CU,16,71.84375,-11.235,12.1275,5.80625,6.22875,-1.776875,2506.4375,0.5536841448874266,0.8287162606863744,R,0.1095890410958904,2026,Xzavion Curry,AAA
675540,FF,38,89.18684210526315,19.234736842105264,-4.828421052631579,5.928947368421053,6.351842105263158,-1.6031578947368421,2124.2631578947367,-0.35340142896987586,-0.9333433758562543,R,0.2602739726027397,2026,Xzavion Curry,AAA
675540,FS,16,83.14375,10.7325,-10.4625,5.90625,6.254375,-1.908125,1672.3125,-0.434453266461326,-0.8981335564698824,R,0.1095890410958904,2026,Xzavion Curry,AAA
675540,SI,14,88.76428571428572,13.962857142857143,-11.58,5.928571428571429,6.2457142857142856,-1.7614285714285713,2162.8571428571427,-0.34960909480193403,-0.9349983332076676,R,0.0958904109589041,2026,Xzavion Curry,AAA
675540,SL,62,82.08387096774193,3.156774193548387,4.861935483870968,5.841935483870968,6.233064516129032,-1.8512903225806452,2348.3709677419356,0.48367494080352263,-0.6466230423608008,R,0.4246575342465753,2026,Xzavion Curry,AAA
675627,SI,10,94.25,15.12,-10.992,6.9799999999999995,6.072,-1.426,2221.2,-0.40895136740855975,-0.9099942550471981,R,0.3333333333333333,2026,Michael Grove,AAA
675627,SL,20,84.67999999999999,-1.518,4.566000000000001,6.95,6.061,-1.475,2328.95,0.8233949886840595,0.42254920181926076,R,0.6666666666666666,2026,Michael Grove,AAA
675650,CU,11,82.81818181818181,-9.0,3.796363636363637,6.0181818181818185,6.094545454545454,-1.8536363636363637,2327.4545454545455,0.3981407653370788,0.7206551356983908,R,0.08396946564885496,2026,Michael Mercado,AAA
675650,FC,55,88.96000000000001,5.945454545454545,0.4014545454545454,6.116363636363636,6.145636363636363,-1.7983636363636364,2124.5272727272727,-0.6752422811641644,-0.6822791834259672,R,0.4198473282442748,2026,Michael Mercado,AAA
675650,FF,50,94.62,16.824,-10.154399999999999,6.186,6.184,-1.7666,2336.26,-0.6326584194513015,-0.7612589337307253,R,0.3816793893129771,2026,Michael Mercado,AAA
675650,FS,15,88.98,3.576,-14.904,6.260000000000001,6.021333333333333,-1.834,1481.9333333333334,-0.8289104573113899,-0.5521139033278085,R,0.11450381679389313,2026,Michael Mercado,AAA
675660,CU,12,78.75,-8.57,10.4,5.833333333333333,5.804166666666667,-1.585,2831.0833333333335,-0.6685804485807325,0.7340986512706767,L,0.18461538461538463,2026,Shane Drohan,AAA
675660,FC,13,89.32307692307693,10.2,2.0492307692307694,5.876923076923077,5.648461538461538,-1.713076923076923,2547.6153846153848,0.38246920938140494,-0.7581870412117035,L,0.2,2026,Shane Drohan,AAA
675660,FF,24,94.1875,13.979999999999999,-10.305,5.920833333333333,5.617916666666667,-1.6645833333333335,2321.3333333333335,0.7285297966450699,-0.572796405007085,L,0.36923076923076925,2026,Shane Drohan,AAA
675660,SI,16,93.39375,9.6,-13.3275,5.9625,5.645625,-1.61375,2338.875,0.701536202126478,-0.5903850643640686,L,0.24615384615384617,2026,Shane Drohan,AAA
675911,CU,10,78.11,-6.552,7.56,6.590000000000001,5.923,-1.6629999999999998,2601.6,0.8417058721507825,0.5220872003071368,R,0.13157894736842105,2026,Spencer Strider,AAA
675911,FF,38,95.2421052631579,16.88842105263158,-8.169473684210526,6.665789473684211,5.915789473684211,-1.6618421052631578,2320.684210526316,-0.4535996437051482,-0.8892502658058254,R,0.5,2026,Spencer Strider,AAA
675911,SL,28,83.68928571428572,4.5128571428571425,4.615714285714286,6.564285714285715,5.885357142857143,-1.7467857142857142,2192.3928571428573,0.28985573487582406,-0.8995036825099328,R,0.3684210526315789,2026,Spencer Strider,AAA
675916,CU,61,82.59836065573771,-6.249836065573771,-0.2459016393442623,5.593442622950819,6.519344262295082,-0.05934426229508197,2446.4262295081967,0.35991047828185546,0.9143417230126992,R,0.45185185185185184,2026,James Karinchak,AAA
675916,FF,74,93.39864864864865,19.641081081081083,-5.218378378378379,5.79054054054054,6.513243243243243,-0.13567567567567568,2361.175675675676,-0.40431690113177604,-0.9030361821937303,R,0.5481481481481482,2026,James Karinchak,AAA
675919,SI,44,91.24318181818181,9.717272727272727,-13.671818181818184,6.472727272727273,6.05,-1.1281818181818182,2030.840909090909,0.5736846131938579,-0.8150214234152297,L,0.29333333333333333,2026,Nick Raquet,AAA
675919,SL,49,84.91836734693878,-1.9053061224489796,3.695510204081633,6.475510204081633,6.0253061224489795,-1.1089795918367347,2309.081632653061,-0.8184419965124009,0.008855510689512054,L,0.32666666666666666,2026,Nick Raquet,AAA
675919,ST,57,82.36140350877194,-1.894736842105263,16.410526315789472,6.391228070175439,5.828245614035088,-1.396140350877193,2393.122807017544,-0.7968576317752728,0.5944465276298532,L,0.38,2026,Nick Raquet,AAA
675920,CH,38,83.97368421052632,0.2052631578947369,-13.948421052631579,5.721052631578948,5.890526315789474,-1.4881578947368421,1375.8157894736842,0.9789151562237287,-0.18839670171173684,L,0.17194570135746606,2026,Seth Lonsway,AAA
675920,FC,25,86.992,3.1248,-1.0848000000000002,5.572,5.984,-1.578,2184.64,0.8010277550581657,-0.5561373626027822,L,0.11312217194570136,2026,Seth Lonsway,AAA
675920,SI,127,90.73779527559056,3.603779527559055,-15.223937007874015,5.703149606299212,5.909685039370078,-1.5162992125984252,1958.0472440944882,0.7877368404021083,-0.6041694434053064,L,0.5746606334841629,2026,Seth Lonsway,AAA
675920,ST,31,81.32903225806452,-4.896774193548388,11.593548387096773,5.596774193548387,5.771612903225806,-1.8370967741935484,2684.9032258064517,-0.6234261541655841,0.7724109461672918,L,0.14027149321266968,2026,Seth Lonsway,AAA
675989,CU,10,80.94,-11.459999999999999,10.8,6.01,5.822,-1.491,2721.6,0.7278592141133697,0.6835137762535041,R,0.2857142857142857,2026,Cody Bolton,AAA
675989,FF,14,94.85000000000001,13.620000000000001,-4.988571428571428,6.042857142857143,5.728571428571429,-1.7635714285714283,2327.5714285714284,-0.4576679765291644,-0.874518084071857,R,0.4,2026,Cody Bolton,AAA
675989,SI,11,94.68181818181819,8.04,-15.294545454545453,6.009090909090909,5.66090909090909,-1.8590909090909091,2202.3636363636365,-0.570661439275107,-0.8177315589036328,R,0.3142857142857143,2026,Cody Bolton,AAA
676012,FF,13,96.14615384615385,13.495384615384616,-3.5907692307692307,7.007692307692308,5.359230769230769,-2.2546153846153847,2352.230769230769,-0.6191385585648553,-0.7772071616492264,R,0.26,2026,Gerald Ogando,AAA
676012,SI,24,95.37083333333334,8.08,-13.365,6.9750000000000005,5.088333333333334,-2.3666666666666667,2296.125,-0.7212020810728355,-0.690392255852609,R,0.48,2026,Gerald Ogando,AAA
676012,SL,13,83.96923076923076,4.32923076923077,12.932307692307692,7.061538461538461,5.18076923076923,-2.2015384615384614,2524.230769230769,0.9138420128179114,0.3836393784641866,R,0.26,2026,Gerald Ogando,AAA
676046,FF,71,95.54225352112677,15.496901408450704,-6.665915492957746,6.73661971830986,5.272816901408451,-1.4308450704225353,2450.478873239437,-0.5790454641806175,-0.7982890319326075,R,0.5071428571428571,2026,Griff McGarry,AAA
676046,SL,34,87.97058823529412,2.915294117647059,5.047058823529412,6.579411764705882,5.288529411764706,-1.5758823529411765,2701.794117647059,0.652073867676765,-0.4928737338304526,R,0.24285714285714285,2026,Griff McGarry,AAA
676046,ST,35,83.24000000000001,-4.405714285714286,12.874285714285715,6.494285714285715,5.1817142857142855,-1.7245714285714286,2720.6,0.7845454910061883,0.37382714474065565,R,0.25,2026,Griff McGarry,AAA
676047,CU,17,78.29411764705883,-11.88,7.11529411764706,6.705882352941177,5.798235294117647,-2.684705882352941,2484.3529411764707,0.5777607136522374,0.8109396109702907,R,0.1223021582733813,2026,Osvaldo Berrios,AAA
676047,FF,50,91.81,15.6864,-8.685599999999999,6.876,5.7038,-2.8816,2265.9,-0.5820378315277085,-0.8080614077849987,R,0.3597122302158273,2026,Osvaldo Berrios,AAA
676047,FS,30,82.27,4.84,-13.283999999999999,6.8966666666666665,5.583666666666667,-2.7676666666666665,1235.3333333333333,-0.7238895994440996,-0.6853283922795207,R,0.2158273381294964,2026,Osvaldo Berrios,AAA
676047,SL,42,81.25952380952381,0.6114285714285714,11.871428571428572,6.740476190476191,5.472619047619047,-3.0738095238095235,2448.0714285714284,0.6841140114805564,0.7124379912478576,R,0.302158273381295,2026,Osvaldo Berrios,AAA
676050,CH,12,85.03333333333333,4.96,-14.299999999999999,5.983333333333333,5.789166666666667,-2.4608333333333334,1508.0,0.8016956581610891,-0.5950350905130352,L,0.34285714285714286,2026,Packy Naughton,AAA
676050,FC,12,86.125,4.89,1.4800000000000002,5.945454545454546,5.7749999999999995,-2.5175,2135.090909090909,0.19408556075137573,-0.9399894108251222,L,0.34285714285714286,2026,Packy Naughton,AAA
676050,SI,11,91.91818181818181,10.418181818181818,-14.967272727272729,6.109090909090909,5.691818181818181,-2.48,1890.8181818181818,0.6649851525295872,-0.743302540214486,L,0.3142857142857143,2026,Packy Naughton,AAA
676051,CH,18,87.42777777777778,4.239999999999999,-17.299999999999997,7.372222222222222,5.687777777777778,-1.5694444444444444,2144.8888888888887,-0.7992561831781327,-0.15472482181961522,R,0.1956521739130435,2026,Codi Heuer,AAA
676051,FF,42,95.97380952380952,11.397142857142857,-13.091428571428573,7.121428571428572,5.789285714285715,-1.7040476190476188,2327.6428571428573,-0.7789955718596056,-0.6012102718954675,R,0.45652173913043476,2026,Codi Heuer,AAA
676051,SL,32,86.921875,1.73625,3.78375,7.121875,5.6678125,-1.7990625,2316.09375,0.281930156412345,-0.6535309161165195,R,0.34782608695652173,2026,Codi Heuer,AAA
676083,FF,18,94.38888888888889,17.353333333333335,-6.473333333333333,6.294444444444444,5.653333333333333,-1.1583333333333334,2398.1111111111113,-0.5085798041458331,-0.8596173142306287,R,0.6206896551724138,2026,Janson Junk,AAA
676083,SL,11,86.5,2.356363636363636,5.749090909090909,6.3090909090909095,5.796363636363636,-0.9827272727272728,2470.4545454545455,0.4269600314466179,-0.7315493625564674,R,0.3793103448275862,2026,Janson Junk,AAA
676092,FF,62,93.12903225806451,8.994193548387097,-0.6348387096774194,5.944262295081968,5.426129032258065,-2.9437096774193545,2587.0819672131147,-0.5750231575971143,-0.7955180297598881,R,0.44285714285714284,2026,Collin Snider,AAA
676092,ST,41,85.32926829268293,3.553170731707317,11.903414634146342,6.143902439024391,5.4712195121951215,-2.8397560975609757,2784.317073170732,0.91828442223305,0.26069755712391446,R,0.29285714285714287,2026,Collin Snider,AAA
676092,SV,37,84.52972972972972,-4.8810810810810805,11.516756756756758,6.202702702702703,5.5,-2.802972972972973,2741.027027027027,0.9273552980997937,0.26663583403403823,R,0.2642857142857143,2026,Collin Snider,AAA
676105,CH,10,86.55,6.036,-13.943999999999999,6.01,5.566,-2.941,2127.9,-0.9045961546942852,-0.4158985850559237,R,0.078125,2026,Jeff Criswell,AAA
676105,FF,71,95.07042253521126,11.3256338028169,-8.64,6.032857142857143,5.5305633802816905,-2.8129577464788733,2336.1,-0.7011473407422917,-0.704186243911324,R,0.5546875,2026,Jeff Criswell,AAA
676105,SL,47,87.23191489361702,1.2995744680851062,2.382127659574468,5.9787234042553195,5.572340425531914,-2.8721276595744683,2486.0851063829787,0.03206801212275827,-0.16162060609546872,R,0.3671875,2026,Jeff Criswell,AAA
676153,FC,29,90.56896551724138,6.823448275862069,3.616551724137931,6.757142857142857,5.955517241379311,-1.3868965517241378,2628.103448275862,-0.19213661895501735,-0.8689882239788381,R,0.32222222222222224,2026,Austin Love,AAA
676153,FF,40,95.7525,14.994,-8.757,6.7425,5.906499999999999,-1.50925,2491.15,-0.6017742646028972,-0.7933898158353313,R,0.4444444444444444,2026,Austin Love,AAA
676153,ST,21,85.26666666666667,2.1885714285714286,11.445714285714287,6.757142857142857,5.942857142857143,-1.4114285714285715,2746.4761904761904,0.857917333413906,0.4758582711624046,R,0.23333333333333334,2026,Austin Love,AAA
676249,CH,38,85.17368421052632,9.154736842105264,-10.17157894736842,6.102631578947369,5.854473684210526,-0.7371052631578948,1285.3684210526317,-0.5447459409709768,-0.8354975538243078,R,0.2261904761904762,2026,Adisyn Coffey,AAA
676249,FF,68,94.70882352941176,15.435882352941178,-5.585294117647059,5.858823529411764,5.878382352941177,-0.8614705882352941,2258.294117647059,-0.4571040581676021,-0.8869640210776553,R,0.40476190476190477,2026,Adisyn Coffey,AAA
676249,SL,62,86.82741935483871,-2.5916129032258066,4.772903225806452,5.877419354838709,5.781129032258065,-0.9596774193548387,2488.3064516129034,0.6345644621390168,0.7486323571965338,R,0.36904761904761907,2026,Adisyn Coffey,AAA
676254,SI,56,94.54107142857143,2.0785714285714287,-14.834999999999999,6.3125,5.027321428571428,-3.2151785714285714,2265.660714285714,-0.8624701801415933,-0.4979706854512466,R,0.6363636363636364,2026,Ryan Walker,AAA
676254,SL,32,83.6875,0.9225000000000001,13.82625,6.315625,5.0275,-3.3175,2384.09375,0.9356823043887718,0.3320370855916311,R,0.36363636363636365,2026,Ryan Walker,AAA
676272,CH,10,87.28,11.436,-16.428,6.49,6.058999999999999,-1.067,2268.5,-0.8720186955694981,-0.4873672150641314,R,0.14492753623188406,2026,Bobby Miller,AAA
676272,CU,25,79.956,-13.3728,10.632,6.367999999999999,6.373200000000001,-0.958,2932.52,0.5425012681532858,0.724316196693096,R,0.36231884057971014,2026,Bobby Miller,AAA
676272,FF,34,97.10882352941177,14.996470588235294,-7.1788235294117655,6.5323529411764705,6.09,-1.0685294117647057,2478.6176470588234,-0.569365402288666,-0.8193850791166871,R,0.4927536231884058,2026,Bobby Miller,AAA
676390,FC,13,88.53846153846153,12.396923076923077,-2.8892307692307693,6.823076923076924,5.988461538461538,-2.2215384615384615,2054.6923076923076,-0.44467109713231523,-0.8195666645771735,R,0.08666666666666667,2026,Tommy Mace,AAA
676390,FF,58,92.53793103448275,12.341379310344827,-8.004827586206897,6.856603773584905,5.967413793103448,-2.2563793103448275,2067.877192982456,-0.6279385154450297,-0.7599124227299192,R,0.38666666666666666,2026,Tommy Mace,AAA
676390,SI,12,92.09166666666665,7.6000000000000005,-12.54,6.791666666666667,5.9975,-2.2591666666666668,2020.1666666666667,-0.6378728712958884,-0.7669730078871062,R,0.08,2026,Tommy Mace,AAA
676390,ST,67,82.66865671641791,1.6638805970149255,10.040597014925373,6.79,5.923582089552239,-2.3555223880597014,2418.9242424242425,0.6708871964671037,0.020179797321229945,R,0.44666666666666666,2026,Tommy Mace,AAA
676393,CU,40,80.62,-0.528,11.778,6.154999999999999,6.092499999999999,-1.6155000000000002,2179.25,0.8527300983921219,0.4265016014602632,R,0.18779342723004694,2026,Jack Leftwich,AAA
676393,FF,86,93.53255813953488,16.145581395348838,-7.86,6.272093023255814,6.187093023255814,-1.3477906976744185,2314.546511627907,-0.6183737954288557,-0.776365485934732,R,0.40375586854460094,2026,Jack Leftwich,AAA
676393,FS,25,85.36,2.6256,-10.56,6.332000000000001,6.0324,-1.5792,1100.76,-0.9190986069460775,-0.38258610874168236,R,0.11737089201877934,2026,Jack Leftwich,AAA
676393,SI,29,92.86206896551724,7.655172413793103,-13.84551724137931,6.324137931034483,6.1017241379310345,-1.4765517241379311,2014.7241379310344,-0.6024209035929848,-0.7588966686694055,R,0.13615023474178403,2026,Jack Leftwich,AAA
676393,SL,33,85.71818181818182,3.5490909090909093,4.214545454545455,6.115151515151515,6.130909090909091,-1.5587878787878786,2058.3333333333335,0.2976394492984307,-0.813947537776524,R,0.15492957746478872,2026,Jack Leftwich,AAA
676454,FF,51,94.06470588235294,14.51529411764706,-3.4235294117647057,6.726,5.7176470588235295,-1.805686274509804,2323.0196078431372,0.4811388904490301,-0.8686687361337943,L,0.24878048780487805,2026,Brendan Cellucci,AAA
676454,SI,51,93.04313725490196,8.350588235294117,-12.703529411764706,6.743243243243243,5.676862745098039,-1.7570588235294118,2107.6666666666665,0.4763809719344086,-0.8718942205302515,L,0.24878048780487805,2026,Brendan Cellucci,AAA
676454,SL,53,86.09622641509435,1.659622641509434,4.310943396226415,6.651063829787234,5.825094339622642,-1.6411320754716983,2447.4528301886794,-0.7305750139423464,-0.529720636431422,L,0.25853658536585367,2026,Brendan Cellucci,AAA
676454,ST,50,82.62799999999999,3.1151999999999997,16.608,6.615909090909091,5.6096,-1.936,2524.88,-0.9439326602070826,0.29191922448309865,L,0.24390243902439024,2026,Brendan Cellucci,AAA
676467,CH,67,83.1134328358209,6.687761194029851,-10.063880597014926,6.741791044776119,5.430298507462687,-2.8861194029850745,1422.8059701492537,0.7852029458876748,-0.6048682928270943,L,0.13480885311871227,2026,Colton Gordon,AAA
676467,CU,76,75.86184210526316,-1.563157894736842,11.824736842105262,6.697368421052632,5.489342105263158,-3.0425,2554.407894736842,-0.9045815682592295,0.3709289227374096,L,0.1529175050301811,2026,Colton Gordon,AAA
676467,FF,161,90.83105590062111,14.871055900621117,-10.118757763975154,6.729813664596273,5.67,-2.713354037267081,2021.447204968944,0.6548568138239854,-0.7521473167055117,L,0.323943661971831,2026,Colton Gordon,AAA
676467,SI,87,90.91149425287357,12.623448275862069,-14.237241379310346,6.7827586206896555,5.563218390804598,-2.9537931034482763,2090.264367816092,0.6746708153414044,-0.7332021859863886,L,0.1750503018108652,2026,Colton Gordon,AAA
676467,SL,29,85.35172413793103,5.710344827586207,2.1517241379310343,6.624137931034483,5.353103448275863,-3.1472413793103446,2270.551724137931,0.06808269701790019,-0.8944712590742063,L,0.05835010060362173,2026,Colton Gordon,AAA
676467,ST,77,80.56623376623376,6.634285714285714,9.606233766233768,6.690909090909091,5.231558441558441,-3.4125974025974024,2478.4155844155844,-0.9253652953339904,-0.14415647305526322,L,0.15492957746478872,2026,Colton Gordon,AAA
676508,FF,19,95.93157894736842,18.290526315789474,-2.8357894736842106,5.757894736842106,6.216842105263158,-0.7668421052631579,2535.2631578947367,-0.33061530650808274,-0.9405025653063207,R,0.59375,2026,Ben Casparius,AAA
676508,ST,13,86.36923076923077,-0.17538461538461544,12.276923076923076,5.800000000000001,6.094615384615385,-0.9246153846153846,3063.230769230769,0.8734533776641757,0.4630267461851415,R,0.40625,2026,Ben Casparius,AAA
676510,FC,34,88.74411764705883,7.588235294117647,-1.7541176470588236,6.264705882352941,4.042941176470588,-2.5694117647058823,2341.1176470588234,-0.7428182445661302,-0.6221447102014134,R,0.33663366336633666,2026,Nolan Hoffman,AAA
676510,FF,23,93.28260869565217,6.746086956521739,-17.64,6.326086956521739,3.9752173913043483,-2.4969565217391305,2382.5652173913045,-0.8876308739811347,-0.17434945038491645,R,0.22772277227722773,2026,Nolan Hoffman,AAA
676510,SI,22,92.85454545454546,0.17454545454545453,-18.403636363636362,6.331818181818182,3.8654545454545457,-2.4672727272727273,2305.909090909091,-0.9624501044847631,-0.17714873013881974,R,0.21782178217821782,2026,Nolan Hoffman,AAA
676510,ST,22,80.04545454545455,3.572727272727273,14.487272727272728,6.195454545454546,3.876818181818182,-2.631818181818182,2498.7272727272725,0.9885956943683207,0.11103108203148712,R,0.21782178217821782,2026,Nolan Hoffman,AAA
676540,SI,25,92.00399999999999,4.2048000000000005,-15.105599999999999,6.34,5.4464,-2.8076,2031.04,-0.8923183537304413,-0.4468578437619305,R,0.5555555555555556,2026,Austin Marozas,AAA
676540,SL,20,81.015,6.564,12.546,6.175,5.4825,-3.0085,2482.85,0.971511334575592,0.18728719665125051,R,0.4444444444444444,2026,Austin Marozas,AAA
676568,CH,65,84.51538461538462,3.1864615384615385,-11.98523076923077,6.613846153846153,5.763846153846154,-1.9401538461538461,1327.3692307692309,-0.9387064243931019,-0.31440363296349916,R,0.2850877192982456,2026,Ricky Vanasco,AAA
676568,CU,53,82.99245283018868,-12.160754716981131,5.130566037735849,6.437735849056604,5.878301886792453,-1.907358490566038,2312.2075471698113,0.46420045443172414,0.8798131144696906,R,0.2324561403508772,2026,Ricky Vanasco,AAA
676568,FF,110,94.42363636363636,14.911636363636363,-11.836363636363636,6.7309090909090905,5.890090909090909,-1.6865454545454546,2190.3454545454547,-0.6240609515045968,-0.7641819345543139,R,0.4824561403508772,2026,Ricky Vanasco,AAA
676596,CH,107,81.19252336448598,-0.4665420560747664,-12.169345794392525,6.309278350515464,5.272897196261683,-3.4173831775700934,1469.1682242990655,0.9685627878000942,-0.23901099220320143,L,0.2420814479638009,2026,Josh Fleming,AAA
676596,CU,91,76.5912087912088,1.6839560439560441,10.69978021978022,6.279746835443039,5.403296703296703,-3.4056043956043958,2228.186813186813,-0.897370428721248,0.29667928043949787,L,0.20588235294117646,2026,Josh Fleming,AAA
676596,FC,78,86.03589743589744,6.913846153846153,-3.0984615384615384,6.144117647058824,5.563461538461539,-3.117051282051282,1863.6410256410256,0.8981913063492055,-0.4246480836821283,L,0.17647058823529413,2026,Josh Fleming,AAA
676596,SI,166,89.27048192771085,2.016144578313253,-16.39879518072289,6.024503311258279,5.41722891566265,-3.101686746987952,1748.5903614457832,0.9212846106631614,-0.37945027317640884,L,0.3755656108597285,2026,Josh Fleming,AAA
676604,FF,59,94.70847457627119,15.575593220338984,-9.518644067796611,6.0508474576271185,5.093898305084746,-2.3089830508474574,2320.8387096774195,-0.6961406515800908,-0.7129509276763081,R,0.4125874125874126,2026,Tyler Zuber,AAA
676604,SL,31,88.79677419354839,2.7870967741935484,5.024516129032258,5.987096774193549,5.135483870967741,-2.3796774193548385,2544.4444444444443,0.30820850103030845,-0.883076220239117,R,0.21678321678321677,2026,Tyler Zuber,AAA
676604,ST,53,83.19245283018867,4.3788679245283015,14.535849056603773,5.951923076923077,4.906603773584906,-2.552641509433962,2676.875,0.9619597093926964,0.24881274006530985,R,0.3706293706293706,2026,Tyler Zuber,AAA
676614,CH,19,80.60000000000001,3.783157894736842,-5.823157894736842,6.636842105263158,5.812105263157895,-2.18,740.578947368421,0.9271503584374314,-0.3291576476376445,L,0.1292517006802721,2026,Bryan Sammons,AAA
676614,CU,22,76.86818181818181,-10.898181818181818,8.04,6.390909090909091,6.004545454545454,-1.9854545454545454,2203.409090909091,-0.6403689684488385,0.7643638668062542,L,0.14965986394557823,2026,Bryan Sammons,AAA
676614,FC,31,85.62903225806451,7.513548387096774,1.6916129032258065,6.580645161290323,5.869032258064516,-2.210322580645161,2034.483870967742,0.46851992222216,-0.8454279434817447,L,0.2108843537414966,2026,Bryan Sammons,AAA
676614,FF,61,90.28196721311475,16.323934426229506,-6.643278688524591,6.573770491803279,5.880491803278688,-2.128032786885246,2061.3278688524592,0.5967031196906974,-0.7998916864345791,L,0.41496598639455784,2026,Bryan Sammons,AAA
676614,ST,14,79.82142857142857,-1.6542857142857144,16.397142857142857,6.471428571428571,5.867857142857143,-2.1614285714285715,2538.4285714285716,-0.8383529228367754,0.5354777677439863,L,0.09523809523809523,2026,Bryan Sammons,AAA
676661,FC,23,87.36086956521739,3.9182608695652177,4.601739130434782,6.682608695652173,6.163043478260869,-0.491304347826087,2324.2608695652175,0.11214385038795614,-0.8923598422074407,R,0.184,2026,Max Lazar,AAA
676661,FF,63,93.89999999999999,18.55238095238095,-3.4704761904761905,6.73015873015873,6.165238095238096,-0.3792063492063492,2514.0793650793653,-0.33921173072004085,-0.9168914758890298,R,0.504,2026,Max Lazar,AAA
676661,FS,19,86.15263157894738,5.83578947368421,-11.83578947368421,6.78421052631579,6.095263157894737,-0.45210526315789473,1344.0,-0.6401025646360057,-0.7627207464989865,R,0.152,2026,Max Lazar,AAA
676661,KC,20,82.28999999999999,-15.006,4.938,6.661111111111111,6.1125,-0.3625,2540.1,0.3206042513537585,0.9443100010429412,R,0.16,2026,Max Lazar,AAA
676664,CH,34,84.30588235294118,1.5388235294117647,-11.237647058823528,6.288235294117648,4.656176470588235,-1.910294117647059,1264.7058823529412,0.9842238091551825,-0.15687542480658265,L,0.1021021021021021,2026,JP Sears,AAA
676664,FC,10,89.31,8.472,-2.364,6.409999999999999,5.005,-1.48,2008.6,0.5275149116979934,-0.8286745782296041,L,0.03003003003003003,2026,JP Sears,AAA
676664,FF,151,93.46622516556292,12.80344370860927,-9.737483443708609,6.368211920529801,5.022582781456953,-1.52,1958.4172185430464,0.7314917912977239,-0.6702442720888173,L,0.45345345345345345,2026,JP Sears,AAA
676664,SI,23,91.11739130434782,7.36695652173913,-14.520000000000001,6.269565217391304,4.888260869565218,-1.7291304347826084,1826.2608695652175,0.8115083621783455,-0.5803075821056682,L,0.06906906906906907,2026,JP Sears,AAA
676664,SL,81,80.82098765432099,-2.8696296296296295,4.776296296296296,6.397530864197531,4.717777777777777,-1.8158024691358023,2365.6543209876545,-0.9248459912621018,0.3325652179520287,L,0.24324324324324326,2026,JP Sears,AAA
676664,ST,34,80.91764705882352,4.623529411764705,10.891764705882352,6.261764705882353,4.8094117647058825,-1.9397058823529412,2256.9411764705883,-0.9599514870345648,-0.032942753851477574,L,0.1021021021021021,2026,JP Sears,AAA
676666,FC,48,86.91875,3.72,1.3675,6.20625,5.201458333333334,-3.863125,2335.0625,0.2804760747900128,-0.18457924208465315,L,0.3582089552238806,2026,Matt Turner,AAA
676666,SI,48,92.27083333333333,2.3175,-16.86,6.285416666666666,5.368541666666666,-3.5399999999999996,2006.7083333333333,0.8835125728316114,-0.35628745962323993,L,0.3582089552238806,2026,Matt Turner,AAA
676666,SL,38,83.26842105263158,3.170526315789474,8.984210526315788,6.078947368421052,5.283157894736842,-3.699473684210526,2405.684210526316,-0.704521992837295,0.2111793206913148,L,0.2835820895522388,2026,Matt Turner,AAA
676680,FF,37,88.4054054054054,9.502702702702702,-4.602162162162162,5.824324324324325,4.875945945945946,-2.7064864864864866,2539.7297297297296,0.809714316746635,-0.573298384094999,L,0.3217391304347826,2026,Tom Cosgrove,AAA
676680,ST,78,73.25769230769231,0.5092307692307693,19.604615384615386,5.816666666666666,4.702051282051282,-2.9610256410256413,2854.358974358974,-0.9578721827351648,0.23747305356725,L,0.6782608695652174,2026,Tom Cosgrove,AAA
676702,FC,36,92.6,9.776666666666666,3.5566666666666666,6.402777777777778,5.9319444444444445,-2.5841666666666665,2506.6388888888887,-0.09972800141374759,-0.9729756865231227,R,0.21951219512195122,2026,Hunter Stratton,AAA
676702,FF,72,95.96666666666667,14.58,-3.115,6.336111111111111,6.034166666666667,-2.460277777777778,2480.2361111111113,-0.4241898936817817,-0.9005013510053786,R,0.43902439024390244,2026,Hunter Stratton,AAA
676702,SI,19,96.0421052631579,10.275789473684211,-12.82736842105263,6.378947368421053,6.098947368421053,-2.4789473684210526,2394.0526315789475,-0.45563224290237764,-0.8820411475303674,R,0.11585365853658537,2026,Hunter Stratton,AAA
676702,SL,37,84.41891891891892,-1.4335135135135135,9.311351351351352,6.405405405405405,5.871891891891892,-2.625135135135135,2559.7837837837837,0.9792005304630222,0.12489201802037762,R,0.22560975609756098,2026,Hunter Stratton,AAA
676742,CH,10,89.51,-1.392,-14.616,5.8100000000000005,6.061,-3.219,1759.9,-0.8855603968359821,-0.4570714878406541,R,0.1694915254237288,2026,Cam Sanders,AAA
676742,FF,31,95.14838709677419,16.35483870967742,-6.596129032258065,6.048387096774194,5.928387096774194,-3.157741935483871,2492.8709677419356,-0.6566955540208634,-0.7469908724205119,R,0.5254237288135594,2026,Cam Sanders,AAA
676742,SL,18,84.67222222222222,-0.8333333333333334,3.98,5.872222222222223,6.127222222222223,-3.1372222222222224,2661.4444444444443,0.45882060931380575,0.3397746165273194,R,0.3050847457627119,2026,Cam Sanders,AAA
676755,CH,10,86.38,7.536,-11.28,6.720000000000001,5.978,-1.45,1381.0,-0.7658699938920216,-0.6273940362437814,R,0.15384615384615385,2026,Isaac Mattson,AAA
676755,FF,35,94.53428571428572,18.082285714285714,-9.634285714285713,6.668571428571429,5.992571428571429,-1.32,2365.5142857142855,-0.4947006086990745,-0.8668057410954517,R,0.5384615384615384,2026,Isaac Mattson,AAA
676755,SL,20,85.975,3.4560000000000004,3.2400000000000007,6.5,6.0729999999999995,-1.4085,2216.45,0.39048491852378714,-0.3997377659681173,R,0.3076923076923077,2026,Isaac Mattson,AAA
676785,FC,21,87.48095238095237,6.839999999999999,4.594285714285714,6.157142857142857,5.446666666666666,-2.9476190476190474,2430.1428571428573,0.36338956681295836,-0.887559294152608,R,0.42857142857142855,2026,Bryce Conley,AAA
676785,FF,28,92.89285714285714,16.35,-5.738571428571428,6.325,5.5075,-2.749642857142857,2351.6785714285716,-0.45636622298203605,-0.8831830471821392,R,0.5714285714285714,2026,Bryce Conley,AAA
676831,CH,45,83.37333333333333,13.461333333333332,-12.733333333333333,6.415555555555556,6.239333333333333,-0.5362222222222222,1897.6,-0.7222261026979454,-0.6888461487952781,R,0.4166666666666667,2026,Kodi Whitley,AAA
676831,FF,30,94.20333333333333,18.772,-8.412,6.319999999999999,6.342666666666667,-0.35200000000000004,2254.6,-0.43694060099245535,-0.8971279366961119,R,0.2777777777777778,2026,Kodi Whitley,AAA
676831,SL,33,85.27575757575757,6.872727272727273,3.5490909090909093,6.333333333333333,6.299393939393939,-0.4787878787878788,2004.090909090909,0.015544270806415319,-0.9486535379959063,R,0.3055555555555556,2026,Kodi Whitley,AAA
676881,CH,33,85.62424242424242,3.658181818181818,-13.243636363636364,6.378787878787879,5.326969696969697,-2.6103030303030303,1689.3939393939395,0.7427673018402213,-0.6637218439709546,L,0.18857142857142858,2026,Garrett Schoenle,AAA
676881,FF,73,93.02191780821919,14.322739726027397,-7.310136986301369,6.412328767123288,5.6121917808219175,-2.457123287671233,2113.6849315068494,0.6703773579935245,-0.7381262004986944,L,0.41714285714285715,2026,Garrett Schoenle,AAA
676881,SI,36,92.81944444444444,6.693333333333333,-13.479999999999999,6.475,5.487222222222222,-2.4230555555555555,1921.2777777777778,0.6462526164505017,-0.7217315130585178,L,0.2057142857142857,2026,Garrett Schoenle,AAA
676881,SL,33,82.4151515151515,1.789090909090909,10.512727272727274,6.3999999999999995,5.219090909090909,-2.671818181818182,2196.5757575757575,-0.7294858115975882,0.15958943017181626,L,0.18857142857142858,2026,Garrett Schoenle,AAA
676910,FC,55,86.26727272727273,6.36,2.452363636363636,6.381818181818182,5.769272727272727,-0.7570909090909091,2323.9811320754716,-0.1742139442667781,-0.869184188656598,R,0.2682926829268293,2026,Matt Seelinger,AAA
676910,FF,98,92.24183673469389,18.844897959183672,-2.166122448979592,6.445918367346939,5.780204081632654,-0.6117346938775511,2400.2680412371133,-0.26327271698324617,-0.9594835456761245,R,0.47804878048780486,2026,Matt Seelinger,AAA
676910,KC,52,80.05000000000001,-5.771538461538461,-0.08538461538461539,6.421153846153846,5.924423076923077,-0.1201923076923077,1533.4038461538462,-0.29904679604023143,0.9379349564604618,R,0.25365853658536586,2026,Matt Seelinger,AAA
677020,FF,39,92.22564102564102,16.446153846153845,-3.083076923076923,7.130769230769231,6.2930769230769235,-2.7497435897435896,2205.9473684210525,0.4377335111888865,-0.8895802914862593,L,0.32231404958677684,2026,Josh Walker,AAA
677020,SI,34,91.55882352941177,9.871764705882352,-12.363529411764706,7.176470588235294,6.241470588235295,-2.8158823529411765,2184.6060606060605,0.45031002204040677,-0.8885061953486316,L,0.2809917355371901,2026,Josh Walker,AAA
677020,SL,48,81.64791666666666,4.1625000000000005,7.38,7.1744680851063825,6.140000000000001,-2.8558333333333334,2062.1739130434785,-0.9547830341598755,0.0927609303986019,L,0.39669421487603307,2026,Josh Walker,AAA
677161,FC,22,89.70454545454545,8.018181818181818,4.658181818181818,7.045454545454546,5.5645454545454545,-3.3536363636363635,2446.318181818182,-0.04155501875147594,-0.9857585661388204,R,0.275,2026,Zack Kelly,AAA
677161,FF,15,94.67333333333333,15.408,-7.168,6.986666666666666,5.716666666666667,-3.1593333333333335,2158.866666666667,-0.6020457052809262,-0.7950579728439192,R,0.1875,2026,Zack Kelly,AAA
677161,SI,22,94.52727272727272,10.32,-16.12363636363636,7.0181818181818185,5.589545454545455,-3.2409090909090907,2159.590909090909,-0.6447655797112174,-0.7610088690890127,R,0.275,2026,Zack Kelly,AAA
677161,ST,21,80.82380952380952,3.605714285714286,16.29714285714286,7.014285714285715,5.466666666666667,-3.3904761904761904,2604.1428571428573,0.9281354411353869,0.35635457967469686,R,0.2625,2026,Zack Kelly,AAA
677337,CH,12,85.25833333333334,10.06,-6.84,6.983333333333333,5.929166666666667,-1.135,2156.25,0.4193829736843575,-0.895571668774719,L,0.05454545454545454,2026,Pete Hansen,AAA
677337,CU,36,78.86388888888888,-8.81,4.016666666666667,7.027777777777778,5.984166666666667,-0.8577777777777778,2655.6666666666665,-0.4562350308803916,0.7285099551195798,L,0.16363636363636364,2026,Pete Hansen,AAA
677337,FF,102,89.41176470588235,13.281176470588235,2.0964705882352943,7.079411764705883,5.990490196078431,-0.6520588235294118,2460.8333333333335,0.19357400976170797,-0.9762348614578631,L,0.4636363636363636,2026,Pete Hansen,AAA
677337,SL,70,80.47,-2.523428571428571,10.297714285714287,7.09,5.885714285714286,-0.8358571428571429,2619.9142857142856,-0.6674855809777632,0.5662980701083247,L,0.3181818181818182,2026,Pete Hansen,AAA
677944,CU,14,76.55714285714285,-12.942857142857141,11.219999999999999,6.428571428571429,6.058571428571429,-1.467857142857143,2493.5714285714284,0.6483642642870668,0.7591378945045697,R,0.3783783783783784,2026,Slade Cecconi,AAA
677944,FC,12,89.53333333333335,6.300000000000001,0.88,6.383333333333333,5.7925,-1.9158333333333333,2349.25,-0.39429956556753404,-0.8558786029301327,R,0.32432432432432434,2026,Slade Cecconi,AAA
677944,FF,11,95.46363636363635,13.941818181818183,-9.741818181818182,6.454545454545454,5.916363636363636,-1.6936363636363636,2302.7272727272725,-0.6447359721285403,-0.7609961171482063,R,0.2972972972972973,2026,Slade Cecconi,AAA
677957,CH,13,87.23076923076923,4.190769230769231,-16.236923076923077,6.93076923076923,5.556153846153847,-2.563846153846154,1940.2307692307693,0.9014654034620116,-0.4262992918162116,L,0.051181102362204724,2026,Brandon Neeck,AAA
677957,FF,103,92.32427184466019,16.59611650485437,-12.29359223300971,6.892233009708738,5.612135922330097,-2.5514563106796118,2382.26213592233,0.6630640919431834,-0.7457665873492905,L,0.40551181102362205,2026,Brandon Neeck,AAA
677957,SL,75,85.54,5.3936,2.3744,6.788,5.612133333333333,-2.6448,2625.7466666666664,-0.2625232786095413,-0.7710267865586549,L,0.2952755905511811,2026,Brandon Neeck,AAA
677957,ST,63,81.48253968253968,2.4761904761904763,12.73904761904762,6.785714285714286,5.562539682539683,-2.693968253968254,2789.8709677419356,-0.8988685314303121,0.23242966293434525,L,0.24803149606299213,2026,Brandon Neeck,AAA
677961,SL,24,86.56666666666666,-2.35,0.385,6.154166666666666,5.797499999999999,-2.138333333333333,2238.4166666666665,0.3161931408788634,0.9130928328361184,R,0.6486486486486487,2026,Cole Wilcox,AAA
677961,ST,13,86.60769230769232,-3.166153846153846,11.326153846153847,6.1461538461538465,5.744615384615385,-2.2484615384615383,2194.3846153846152,0.4338774929549241,0.8953219756303766,R,0.35135135135135137,2026,Cole Wilcox,AAA
677976,CH,47,84.69574468085106,-5.267234042553191,-9.454468085106383,5.7468085106382985,5.476382978723404,-2.0127659574468084,1521.8085106382978,-0.9903848209236831,-0.027165761313256338,R,0.19665271966527198,2026,Randy Dobnak,AAA
677976,FF,24,91.64583333333333,10.235,-12.350000000000001,5.670833333333333,5.665833333333333,-1.9154166666666665,1945.0833333333333,-0.8716769749284138,-0.4555112233754223,R,0.100418410041841,2026,Randy Dobnak,AAA
677976,SI,120,91.09166666666667,1.982,-15.672,5.711965811965811,5.60275,-1.9272500000000001,1945.864406779661,-0.849423688440871,-0.4914655440695265,R,0.502092050209205,2026,Randy Dobnak,AAA
677976,ST,48,81.30624999999999,-1.8575,9.955,5.547916666666667,5.563958333333333,-2.023125,2512.7916666666665,0.7731415239427472,0.6210829114921609,R,0.200836820083682,2026,Randy Dobnak,AAA
678016,FF,27,90.55555555555556,11.022222222222224,-17.106666666666666,5.5777777777777775,5.631481481481482,-2.7577777777777777,2240.6296296296296,-0.8683619081358387,-0.4939006197778597,R,0.6428571428571429,2026,Ian Bedell,AAA
678016,SL,15,81.19333333333334,-3.504,2.2239999999999998,5.246666666666667,5.508666666666667,-2.886,2224.4,-0.29928250362374814,0.9386110337174192,R,0.35714285714285715,2026,Ian Bedell,AAA
678020,FF,43,100.33255813953488,13.52093023255814,-8.751627906976744,6.909302325581396,5.9004651162790696,-2.0916279069767443,2305.279069767442,-0.595376618105462,-0.8001962866194218,R,0.5443037974683544,2026,Seth Halvorsen,AAA
678020,SL,36,87.34444444444445,-1.19,4.35,6.772222222222222,6.051944444444445,-2.0908333333333333,2548.794117647059,0.7260191184468342,0.5221283602120295,R,0.45569620253164556,2026,Seth Halvorsen,AAA
678022,FF,27,96.92222222222223,12.946666666666667,-7.653333333333332,6.3076923076923075,5.325555555555555,-2.237037037037037,2180.5,-0.6813355276380458,-0.7306429005019286,R,1.0,2026,Jack Perkins,AAA
678142,CU,45,83.12222222222222,-10.152,13.226666666666668,6.355555555555555,5.472666666666667,-2.9213333333333336,2533.9555555555557,0.6567515491689991,0.7507409399797522,R,0.26011560693641617,2026,Cedric De Grandpre,AAA
678142,FC,25,89.492,6.945600000000001,-0.8976,6.28,5.509600000000001,-2.9548,2011.92,-0.6296693787349656,-0.7353350710842328,R,0.14450867052023122,2026,Cedric De Grandpre,AAA
678142,SI,77,94.44545454545455,8.624415584415585,-14.697662337662338,6.396103896103896,5.5316883116883115,-2.835974025974026,2090.155844155844,-0.7571816880760966,-0.6480749444528668,R,0.44508670520231214,2026,Cedric De Grandpre,AAA
678142,SL,26,83.79615384615384,-2.9861538461538464,15.281538461538462,6.3961538461538465,5.336153846153847,-2.9965384615384614,2439.5384615384614,0.6387953497303627,0.6590171463989142,R,0.15028901734104047,2026,Cedric De Grandpre,AAA
678163,CH,30,85.17666666666668,5.08,-15.268,5.873333333333333,5.953666666666667,-2.03,1911.1,0.9327152039724799,-0.3442538122159691,L,0.1271186440677966,2026,Ryan Magdic,AAA
678163,CU,42,77.59761904761905,-7.454285714285714,4.914285714285715,5.685714285714286,6.3742857142857146,-1.92,2142.0,-0.6183105994342172,0.7786454578898624,L,0.17796610169491525,2026,Ryan Magdic,AAA
678163,FF,58,91.7896551724138,10.179310344827586,-14.172413793103448,5.851724137931035,6.187413793103448,-1.8482758620689657,2002.396551724138,0.8685818263779258,-0.49174262322184314,L,0.2457627118644068,2026,Ryan Magdic,AAA
678163,SI,66,92.20757575757575,8.196363636363637,-14.190909090909091,5.8969696969696965,6.094848484848485,-1.8693939393939394,1966.1515151515152,0.8529274718989706,-0.5177390440036531,L,0.2796610169491525,2026,Ryan Magdic,AAA
678163,SL,40,80.595,2.1870000000000003,0.22800000000000004,5.6925,6.0112499999999995,-2.103,1867.2,0.6091444682237681,0.2514098018776952,L,0.1694915254237288,2026,Ryan Magdic,AAA
678184,FF,45,94.34888888888888,18.221333333333334,-3.5466666666666664,6.346666666666668,6.768,-0.4217777777777778,2314.2,-0.2699127353099954,-0.9609758890516915,R,0.703125,2026,Garrett Hawkins,AAA
678184,SL,19,84.5,1.496842105263158,5.046315789473684,6.147368421052631,6.694210526315789,-0.6847368421052632,2362.0,0.7889335563592077,-0.33618831184565884,R,0.296875,2026,Garrett Hawkins,AAA
678226,FF,28,96.87857142857142,15.94714285714286,-9.008571428571429,6.185714285714285,5.853214285714286,-1.4910714285714286,2217.464285714286,-0.6440756943603861,-0.7637143713465485,R,0.45161290322580644,2026,Daysbel Hernández,AAA
678226,SL,34,86.53823529411765,-2.9223529411764706,4.358823529411764,6.002941176470588,5.845882352941176,-1.8111764705882352,2725.294117647059,0.9042505449843107,0.24251862992085235,R,0.5483870967741935,2026,Daysbel Hernández,AAA
678368,CH,95,79.57473684210527,2.530105263157895,-14.321684210526316,5.969473684210526,5.516842105263158,-1.2026315789473685,1792.1894736842105,-0.902920844976485,-0.41486162231694534,R,0.16295025728987994,2026,Valente Bellozo,AAA
678368,CU,81,74.2358024691358,-6.345185185185185,11.01037037037037,5.848148148148148,5.883333333333334,-0.9485185185185185,2635.0864197530864,0.8081637716983305,0.5478471159659863,R,0.13893653516295026,2026,Valente Bellozo,AAA
678368,FC,131,84.35038167938932,9.612824427480916,0.8189312977099237,5.936641221374046,5.805114503816794,-0.9806870229007634,2310.977099236641,0.26364842146464756,-0.8572310188594243,R,0.22469982847341338,2026,Valente Bellozo,AAA
678368,FF,144,88.38402777777777,13.585,-5.278333333333333,5.941666666666666,5.822638888888889,-0.9549305555555555,2046.5208333333333,-0.5422533194207069,-0.8349194414810067,R,0.2469982847341338,2026,Valente Bellozo,AAA
678368,SI,25,87.39200000000001,6.6672,-11.1456,5.916,5.7452,-0.9964,2011.44,-0.5554549323457866,-0.8228655929552806,R,0.04288164665523156,2026,Valente Bellozo,AAA
678368,ST,107,78.23177570093458,4.828037383177571,9.787289719626168,5.904672897196261,5.863644859813084,-0.8948598130841121,2493.196261682243,0.8976905757058813,-0.17825194657496285,R,0.1835334476843911,2026,Valente Bellozo,AAA
678394,CH,12,88.88333333333333,4.52,-15.229999999999999,6.2250000000000005,5.416666666666667,-1.76,1781.6666666666667,-0.9101236742959906,-0.40996399205698036,R,0.48,2026,Brayan Bello,AAA
678394,SI,13,96.13846153846154,3.867692307692308,-16.90153846153846,6.223076923076923,5.4399999999999995,-1.6615384615384616,2014.076923076923,-0.8382430099714896,-0.5427391998706164,R,0.52,2026,Brayan Bello,AAA
678576,CU,39,77.73589743589743,-8.104615384615384,7.781538461538462,7.2794871794871785,5.568461538461539,-2.413846153846154,1881.5897435897436,0.6288179782116247,0.7474961441228385,R,0.20418848167539266,2026,Wilkin Ramos,AAA
678576,FC,12,89.51666666666667,7.989999999999999,-5.44,7.008333333333333,5.760833333333333,-2.6733333333333333,2068.5,-0.8436866594787339,-0.5271501763819394,R,0.06282722513089005,2026,Wilkin Ramos,AAA
678576,FF,37,95.28918918918919,8.451891891891892,-14.179459459459459,7.132432432432432,5.6332432432432435,-2.5075675675675675,2119.189189189189,-0.8920352150069359,-0.3840846480175931,R,0.193717277486911,2026,Wilkin Ramos,AAA
678576,SI,103,94.00291262135921,4.107961165048544,-16.653203883495145,7.180582524271845,5.5353398058252425,-2.5148543689320384,2078.5339805825242,-0.9102120021027226,-0.3911291178281001,R,0.5392670157068062,2026,Wilkin Ramos,AAA
678620,SI,32,86.96875,5.55,-17.565,6.4,5.2128125,-2.2528125,2310.90625,0.8923487663760264,-0.4442710731652181,L,0.4050632911392405,2026,Blake Townsend,AAA
678620,SL,11,80.64545454545454,6.152727272727272,0.09818181818181819,5.963636363636363,5.721818181818182,-2.1245454545454545,2246.818181818182,0.4373744956858886,-0.8455276926414207,L,0.13924050632911392,2026,Blake Townsend,AAA
678620,ST,36,73.78611111111111,2.5266666666666664,14.946666666666667,6.219444444444445,5.223333333333333,-2.448611111111111,2638.1111111111113,-0.9292995208342094,0.36293943801290024,L,0.45569620253164556,2026,Blake Townsend,AAA
678738,CH,29,84.33793103448276,2.6482758620689655,-14.615172413793104,5.593103448275862,5.637931034482759,-1.7886206896551724,1774.2068965517242,0.944067872445391,-0.32570221796600357,L,0.3020833333333333,2026,Juan Sanchez,AAA
678738,FF,17,91.88823529411764,10.454117647058823,-8.463529411764705,5.623529411764705,5.685294117647059,-1.86,2064.9411764705883,0.6593368487689182,-0.6417239516106495,L,0.17708333333333334,2026,Juan Sanchez,AAA
678738,SI,39,92.62564102564103,10.424615384615384,-13.42769230769231,5.661538461538461,5.665128205128205,-1.7476923076923077,2121.3846153846152,0.7321720752135188,-0.6263644036752744,L,0.40625,2026,Juan Sanchez,AAA
678738,SL,11,84.72727272727273,2.6836363636363636,-0.2727272727272727,5.590909090909091,5.381818181818182,-1.7627272727272727,2183.0,0.38304341324560914,0.18435615750107634,L,0.11458333333333333,2026,Juan Sanchez,AAA
678821,CH,12,86.325,7.98,-13.43,5.983333333333333,5.046666666666667,-2.393333333333333,1599.5,0.8119239832984467,-0.5772926538173317,L,0.056074766355140186,2026,Luis Peralta,AAA
678821,CU,66,80.3090909090909,-1.4727272727272727,14.285454545454545,5.795454545454546,5.209393939393939,-1.8992424242424242,2447.9242424242425,-0.7208313775714974,0.6869954055628682,L,0.308411214953271,2026,Luis Peralta,AAA
678821,FF,136,94.10661764705883,14.071764705882353,-9.922941176470587,5.9676470588235295,5.188014705882353,-1.8823529411764706,2238.669117647059,0.7285042720708383,-0.6782894604578068,L,0.6355140186915887,2026,Luis Peralta,AAA
678868,CH,49,87.9,4.275918367346939,-14.306938775510204,6.2673469387755105,5.582448979591837,-1.7993877551020407,1946.475,-0.8879713395292729,-0.4363477419817916,R,0.2752808988764045,2026,Eddy Yean,AAA
678868,FF,17,96.29411764705883,12.070588235294117,-7.101176470588236,6.335294117647059,5.4929411764705875,-1.8658823529411763,2250.9285714285716,-0.7163454202528345,-0.6934886355228561,R,0.09550561797752809,2026,Eddy Yean,AAA
678868,SI,91,96.14945054945055,5.014945054945055,-14.564835164835166,6.286813186813187,5.539010989010989,-1.884835164835165,2314.4074074074074,-0.6832835818457125,-0.7235956901527464,R,0.5112359550561798,2026,Eddy Yean,AAA
678868,SL,21,87.27142857142857,2.502857142857143,-0.05714285714285716,6.29047619047619,5.581428571428571,-1.91,2482.6,-0.6177913667944284,0.08156423251418715,R,0.11797752808988764,2026,Eddy Yean,AAA
678899,FF,15,95.59333333333333,12.72,-4.8,5.753333333333333,6.042666666666666,-1.1313333333333333,2351.866666666667,-0.6267435405501979,-0.7720475977497224,R,0.39473684210526316,2026,Brayan Castillo,AAA
678899,SL,23,84.64347826086956,-2.0243478260869567,2.0608695652173914,5.621739130434783,6.021739130434782,-1.112608695652174,2461.8695652173915,0.4603617087866972,0.6883354925841269,R,0.6052631578947368,2026,Brayan Castillo,AAA
678906,FF,15,92.99333333333334,13.0,-9.248,6.180000000000001,5.5,-2.022666666666667,2442.9333333333334,-0.7400378370793085,-0.6693981116941268,R,0.32608695652173914,2026,Kai-Wei Teng,AAA
678906,ST,31,83.04193548387097,1.1496774193548387,15.553548387096775,6.106451612903226,5.358387096774194,-2.210322580645161,2721.2258064516127,0.8620253927648712,0.49242294877210785,R,0.6739130434782609,2026,Kai-Wei Teng,AAA
678922,FF,22,92.77272727272727,18.240000000000002,-4.663636363636363,6.695454545454546,5.589545454545455,-2.1681818181818184,2392.681818181818,-0.45695185439565356,-0.8881231354731282,R,1.0,2026,Jeisson Cabrera,AAA
679057,CU,41,79.9780487804878,-6.096585365853659,5.642926829268293,6.609756097560975,5.395609756097561,-1.6224390243902438,2375.4146341463415,-0.7340002581389715,0.6633604106588195,L,0.13398692810457516,2026,Mason Green,AAA
679057,FC,39,85.00769230769231,3.4092307692307693,4.338461538461538,6.602564102564102,5.362307692307692,-1.517948717948718,2154.2820512820513,-0.12146217929658079,-0.5570441193224596,L,0.12745098039215685,2026,Mason Green,AAA
679057,FF,137,91.94525547445255,10.224525547445255,-7.207007299270073,6.781751824817518,5.2210218978102185,-1.738029197080292,2115.817518248175,0.5966769354853401,-0.7632157636613404,L,0.4477124183006536,2026,Mason Green,AAA
679057,SI,39,91.28205128205128,8.393846153846154,-9.803076923076922,6.74102564102564,5.257435897435897,-1.7397435897435896,2085.74358974359,0.5812164958837018,-0.8081562596928251,L,0.12745098039215685,2026,Mason Green,AAA
679057,SL,50,82.08,-1.3872,5.3976,6.636,5.291799999999999,-1.7118,2235.4,-0.6175891776343455,0.2561051229443261,L,0.16339869281045752,2026,Mason Green,AAA
679358,FF,37,92.81351351351351,17.72108108108108,-9.784864864864865,6.997222222222223,5.938918918918919,-1.4821621621621623,2305.2162162162163,-0.5407513947415429,-0.8387673239298119,R,0.3894736842105263,2026,Eric Orze,AAA
679358,FS,36,83.38611111111112,0.8466666666666667,-14.053333333333335,6.902777777777778,5.905555555555555,-1.5119444444444445,1616.25,-0.9003730580673717,-0.4278749050811385,R,0.37894736842105264,2026,Eric Orze,AAA
679358,SL,22,87.18181818181819,5.661818181818182,3.452727272727273,6.959090909090909,5.941818181818181,-1.617727272727273,2543.409090909091,0.1862883899755146,-0.9396732357171943,R,0.23157894736842105,2026,Eric Orze,AAA
679693,CU,19,78.36842105263158,-4.894736842105263,7.591578947368421,6.126315789473685,5.063684210526316,-2.106842105263158,2013.0526315789473,0.7627133394132625,0.6334719721216772,R,0.10052910052910052,2026,Carson Coleman,AAA
679693,FF,170,94.58882352941177,11.762823529411765,-15.555529411764706,6.179166666666666,5.123941176470589,-2.1439411764705882,2344.0235294117647,-0.8456315842124467,-0.530223842846085,R,0.8994708994708994,2026,Carson Coleman,AAA
679702,FF,19,94.38421052631578,16.477894736842103,-9.31578947368421,5.563157894736842,5.9868421052631575,-1.673157894736842,2380.0,-0.6849872944714717,-0.7251387941684825,R,1.0,2026,Daniel Harper,AAA
679712,CU,38,79.02368421052631,-10.75578947368421,11.902105263157896,6.968421052631579,5.3373684210526315,-1.1528947368421054,2368.9210526315787,-0.7783259291684357,0.6214087925100016,L,0.2695035460992908,2026,Lael Lockhart,AAA
679712,FF,52,88.43653846153846,15.191538461538462,-7.696153846153846,7.123076923076923,5.390384615384615,-1.0586538461538462,2103.0,0.6768890436575137,-0.7316960838574064,L,0.36879432624113473,2026,Lael Lockhart,AAA
679712,FS,17,79.32941176470588,1.2705882352941176,-11.011764705882353,7.147058823529412,5.250588235294118,-1.275294117647059,898.3529411764706,0.9609289457061074,-0.21404269659248623,L,0.12056737588652482,2026,Lael Lockhart,AAA
679712,SI,23,88.45217391304348,6.714782608695652,-14.546086956521739,7.108695652173913,5.13,-1.1652173913043478,2019.9565217391305,0.7479779443377123,-0.6612121869919477,L,0.16312056737588654,2026,Lael Lockhart,AAA
679712,SL,11,85.84545454545454,7.134545454545454,7.047272727272727,7.027272727272727,5.300909090909091,-1.0154545454545454,2527.181818181818,-0.2262001187387682,-0.9407426944800702,L,0.07801418439716312,2026,Lael Lockhart,AAA
679775,SI,22,90.08636363636364,2.0890909090909093,-18.10363636363636,7.0227272727272725,4.433636363636364,-3.0931818181818183,2220.7272727272725,0.9746973884909658,-0.21120254935675906,L,0.5641025641025641,2026,Kyle Backhus,AAA
679775,ST,17,77.17647058823529,3.832941176470588,12.882352941176471,6.8,4.15764705882353,-3.3041176470588236,2242.3529411764707,-0.9766935412998554,0.15836052511069035,L,0.4358974358974359,2026,Kyle Backhus,AAA
679883,FF,16,94.89999999999999,16.7625,-2.8875,6.675,6.3325,-1.825,2416.5625,-0.28875983576061187,-0.9519649096379122,R,0.2909090909090909,2026,Luinder Avila,AAA
679883,SI,20,94.815,11.118,-13.386000000000001,6.65,6.3475,-1.809,2255.15,-0.382848345763052,-0.8962098819850093,R,0.36363636363636365,2026,Luinder Avila,AAA
679883,SL,19,85.90526315789474,-1.5410526315789475,5.943157894736842,6.578947368421052,6.16,-2.068947368421053,2670.5263157894738,0.9699054486011878,0.15103086259709236,R,0.34545454545454546,2026,Luinder Avila,AAA
679922,CH,13,89.78461538461539,-1.8092307692307694,-13.624615384615385,6.553846153846154,5.666923076923077,-2.8346153846153848,1726.923076923077,-0.9474623232180583,-0.31488816743703985,R,0.06403940886699508,2026,Carlos Duran,AAA
679922,FF,64,96.7890625,10.7025,-9.894375,6.515625,5.6489062500000005,-2.60875,2264.265625,-0.8171798241967131,-0.5708102926158101,R,0.31527093596059114,2026,Carlos Duran,AAA
679922,SI,45,95.78666666666666,5.677333333333333,-16.053333333333335,6.564444444444444,5.5760000000000005,-2.6364444444444444,2278.511111111111,-0.8197688802902253,-0.5493325802142206,R,0.22167487684729065,2026,Carlos Duran,AAA
679922,SL,81,86.49876543209876,3.6444444444444444,7.496296296296297,6.307407407407407,5.62679012345679,-2.803456790123457,2700.3703703703704,0.8996214033653539,0.054371261551536355,R,0.39901477832512317,2026,Carlos Duran,AAA
679977,CH,62,86.04838709677419,9.863225806451613,-16.1341935483871,6.096774193548387,6.064193548387097,-1.9877419354838708,2060.688524590164,-0.7353112995168144,-0.668134563417651,R,0.2222222222222222,2026,Noah Song,AAA
679977,FF,80,92.97999999999999,16.227,-4.128,6.0337499999999995,6.3793750000000005,-1.716875,2371.3544303797466,-0.41964265497966835,-0.9013552931501747,R,0.2867383512544803,2026,Noah Song,AAA
679977,SI,23,91.98695652173912,12.198260869565217,-14.843478260869563,5.934782608695652,6.2126086956521736,-2.0934782608695652,2397.4347826086955,-0.5479001528043639,-0.831152514924699,R,0.08243727598566308,2026,Noah Song,AAA
679977,SL,114,84.0377192982456,1.6,3.2905263157894735,5.939473684210527,6.255087719298246,-1.8917543859649122,2449.0438596491226,0.18610824346177066,-0.42900489066299785,R,0.40860215053763443,2026,Noah Song,AAA
680212,CU,16,81.05625,2.1750000000000003,16.395,6.3625,4.741875,-1.79625,2789.1875,0.9025164088136747,0.422086451622474,R,0.2962962962962963,2026,Conor Larkin,AAA
680212,FC,11,87.34545454545454,5.596363636363637,0.7636363636363637,6.3090909090909095,4.865454545454546,-1.689090909090909,2603.090909090909,-0.40448850189225904,-0.8767113106744907,R,0.2037037037037037,2026,Conor Larkin,AAA
680212,FF,27,93.86296296296297,12.777777777777779,-12.062222222222223,6.318518518518518,4.984444444444445,-1.6485185185185185,2493.4074074074074,-0.7866098438271776,-0.6058426407461179,R,0.5,2026,Conor Larkin,AAA
680232,CH,31,86.21612903225805,1.7225806451612902,-15.038709677419355,7.16774193548387,4.765806451612904,-3.3932258064516128,1862.6451612903227,0.9742371513797238,-0.13343913060598378,L,0.07013574660633484,2026,Jackson Wolf,AAA
680232,CU,47,76.17021276595744,-1.1872340425531915,12.127659574468085,7.1553191489361705,5.123617021276596,-3.1629787234042555,2412.2978723404253,-0.9728008258230262,0.18095048997532684,L,0.10633484162895927,2026,Jackson Wolf,AAA
680232,FC,89,84.05505617977528,6.004044943820225,2.1802247191011235,7.339772727272727,4.796741573033708,-3.3646067415730334,2309.8988764044943,0.11184482649113948,-0.7837648687838761,L,0.20135746606334842,2026,Jackson Wolf,AAA
680232,FF,110,90.06181818181817,10.084363636363635,-9.141818181818183,7.258333333333333,4.801272727272727,-3.334,2196.1545454545453,0.868718631922123,-0.47073149340914744,L,0.248868778280543,2026,Jackson Wolf,AAA
680232,SI,87,90.4609195402299,4.924137931034482,-15.879999999999999,7.302298850574712,4.79551724137931,-3.370459770114943,2176.137931034483,0.8758250400884202,-0.47026479741742505,L,0.19683257918552036,2026,Jackson Wolf,AAA
680232,SL,35,76.67714285714285,0.2914285714285714,9.438857142857144,7.2457142857142856,5.176857142857143,-3.1568571428571426,2303.657142857143,-0.9835866065910848,0.15374941936424097,L,0.07918552036199095,2026,Jackson Wolf,AAA
680232,ST,43,78.87674418604651,4.043720930232558,9.943255813953488,7.206976744186046,4.901162790697675,-3.255348837209302,2446.6511627906975,-0.9866368133886912,-0.006472856644815027,L,0.09728506787330317,2026,Jackson Wolf,AAA
680397,CU,33,80.18484848484849,-4.629090909090909,6.1854545454545455,6.736363636363636,5.865151515151515,-1.811212121212121,2101.4848484848485,0.7411100615264622,0.549596922037549,R,0.15714285714285714,2026,Sam Benschoter,AAA
680397,FF,41,92.29024390243903,16.44878048780488,-3.4390243902439024,6.7073170731707314,6.024146341463415,-1.6534146341463416,2208.170731707317,-0.302663614009309,-0.9445331350856419,R,0.19523809523809524,2026,Sam Benschoter,AAA
680397,FS,12,81.63333333333334,6.41,-8.84,6.808333333333334,5.858333333333333,-1.7216666666666667,1157.4166666666667,-0.6025024725482994,-0.7796555588345068,R,0.05714285714285714,2026,Sam Benschoter,AAA
680397,SI,51,92.69607843137256,10.444705882352942,-14.27764705882353,6.605882352941176,5.661960784313726,-1.886470588235294,2086.098039215686,-0.5232883974035435,-0.8368200971583668,R,0.24285714285714285,2026,Sam Benschoter,AAA
680397,SL,73,87.08082191780821,4.1786301369863015,2.6284931506849314,6.690410958904109,5.828630136986302,-1.887260273972603,2367.8356164383563,0.43995950070973383,-0.7721478947352092,R,0.3476190476190476,2026,Sam Benschoter,AAA
680451,SI,38,91.14736842105263,4.206315789473685,-13.203157894736842,6.536842105263158,5.206315789473685,-2.3673684210526313,2007.8157894736842,-0.8639681797850565,-0.4993261264658832,R,0.7307692307692307,2026,Mason Erla,AAA
680451,SL,14,82.86428571428571,0.18857142857142856,2.442857142857143,6.514285714285714,5.100714285714285,-2.4092857142857147,2239.6428571428573,0.6966209894613968,0.048322904849335754,R,0.2692307692307692,2026,Mason Erla,AAA
680519,EP,28,38.739285714285714,21.158571428571427,-2.4171428571428573,3.4,7.071428571428571,-0.15214285714285714,920.5714285714286,-0.3889827701533686,-0.9179588451080575,R,1.0,2026,Mario Camilletti,AAA
680572,CH,32,86.73125,1.3125,-12.3375,6.6,5.5178125,-2.605625,2101.625,-0.9096929621513906,-0.39087123844734845,R,0.0943952802359882,2026,Adam Kloffenstein,AAA
680572,FC,11,88.2,3.436363636363636,2.9454545454545453,6.790909090909091,5.538181818181818,-2.6154545454545453,2553.818181818182,0.10442927034934163,-0.8960727534955356,R,0.032448377581120944,2026,Adam Kloffenstein,AAA
680572,SI,178,91.28820224719101,1.6975280898876406,-11.894157303370786,6.586516853932585,5.635842696629213,-2.492808988764045,2180.1516853932585,-0.8244077183434003,-0.5588760771365632,R,0.5250737463126843,2026,Adam Kloffenstein,AAA
680572,ST,118,81.56271186440678,-0.4820338983050847,16.165423728813558,6.657627118644068,5.494322033898306,-2.7059322033898305,2658.3474576271187,0.9262018533496469,0.3654880403901253,R,0.3480825958702065,2026,Adam Kloffenstein,AAA
680573,CU,13,77.9076923076923,-3.563076923076923,5.8246153846153845,5.961538461538462,6.4484615384615385,-1.4253846153846155,2386.769230769231,0.8119392417899677,0.011138607991810058,R,0.19696969696969696,2026,Simeon Woods Richardson,AAA
680573,FF,39,90.95128205128205,17.110769230769233,-4.258461538461539,6.341025641025642,6.577948717948718,-1.1587179487179486,2122.974358974359,-0.27519316104132113,-0.959619217656911,R,0.5909090909090909,2026,Simeon Woods Richardson,AAA
680573,SL,14,81.42142857142858,2.1342857142857143,4.9799999999999995,6.142857142857143,6.481428571428571,-1.3435714285714284,2319.3571428571427,0.731899667198527,-0.6192335386796175,R,0.21212121212121213,2026,Simeon Woods Richardson,AAA
680588,CU,11,80.54545454545455,-14.454545454545455,8.41090909090909,6.218181818181819,6.194545454545454,-1.6118181818181818,2970.181818181818,0.4681033803516053,0.880384705547907,R,1.0,2026,Julio Rodriguez,AAA
680604,FC,19,90.1842105263158,6.296842105263158,0.865263157894737,5.342105263157895,4.820526315789474,-2.5542105263157895,2364.9473684210525,-0.4828512472632213,-0.8421872321569494,R,0.2638888888888889,2026,Blas Castaño,AAA
680604,SI,36,94.20833333333333,4.29,-13.51,5.272222222222222,5.045,-2.0644444444444443,2039.75,-0.8021163577917939,-0.5929327003272564,R,0.5,2026,Blas Castaño,AAA
680604,ST,17,82.59411764705882,2.788235294117647,11.498823529411764,5.435294117647059,4.91,-2.578823529411765,2486.235294117647,0.9360800673764899,0.31729188336642117,R,0.2361111111111111,2026,Blas Castaño,AAA
680689,CH,79,86.78481012658227,2.6551898734177213,-16.36253164556962,5.742307692307692,5.329620253164557,-1.5765822784810126,1832.6025641025642,-0.934464042572809,-0.3515144985494177,R,0.29924242424242425,2026,Lyon Richardson,AAA
680689,FF,49,95.13877551020408,14.147755102040817,-10.361632653061225,5.642857142857143,5.69,-1.532857142857143,2335.4285714285716,-0.693890368877534,-0.7138872730487752,R,0.1856060606060606,2026,Lyon Richardson,AAA
680689,SI,93,94.76129032258063,6.8825806451612905,-16.993548387096777,5.57741935483871,5.441935483870968,-1.3734408602150538,2224.6236559139784,-0.7829609213166361,-0.6175871543795498,R,0.3522727272727273,2026,Lyon Richardson,AAA
680689,SL,18,84.35,-0.9000000000000001,0.2733333333333334,5.516666666666667,5.5488888888888885,-1.1455555555555557,2527.1111111111113,0.18321605975975125,0.5144958415105662,R,0.06818181818181818,2026,Lyon Richardson,AAA
680689,ST,25,80.432,-4.9344,9.494399999999999,5.5,5.5572,-1.59,2550.36,0.6645326783887701,0.7277620939727346,R,0.0946969696969697,2026,Lyon Richardson,AAA
680701,SI,26,90.82692307692308,0.17076923076923076,-15.313846153846153,6.753846153846154,5.085384615384616,-3.191153846153846,2353.5,0.87280635593624,-0.4799389175588119,L,0.40625,2026,John Rooney,AAA
680701,ST,38,79.73947368421052,2.5515789473684207,14.602105263157895,6.576315789473685,4.904736842105263,-3.561578947368421,2534.342105263158,-0.9225295917116519,0.24487231545262367,L,0.59375,2026,John Rooney,AAA
680702,FC,23,87.85652173913044,9.339130434782609,3.9547826086956523,6.269565217391304,5.272608695652174,-2.1982608695652175,2295.782608695652,-0.08231800372803384,-0.9736358282437932,R,0.3333333333333333,2026,Joey Gerber,AAA
680702,FF,46,93.2304347826087,17.29304347826087,-7.92,6.267391304347826,5.3908695652173915,-2.0278260869565217,2347.8695652173915,-0.6181615383090228,-0.7814423571681393,R,0.6666666666666666,2026,Joey Gerber,AAA
680704,FF,43,91.5046511627907,12.770232558139535,-11.87720930232558,6.57906976744186,4.677674418604651,-3.0104651162790694,2384.3488372093025,-0.8152238208072905,-0.5185794833759411,R,0.25,2026,Nick Sandlin,AAA
680704,FS,49,84.43061224489797,-1.4620408163265306,-13.790204081632654,6.508163265306122,4.6079591836734695,-2.9591836734693877,1663.4285714285713,-0.9838011007937535,-0.16194630776244676,R,0.28488372093023256,2026,Nick Sandlin,AAA
680704,SL,80,78.9375,7.5825000000000005,15.7875,6.5675,4.430375,-3.0611249999999997,2700.325,0.9911501201241381,0.0786371597763591,R,0.46511627906976744,2026,Nick Sandlin,AAA
680723,FF,85,92.24705882352941,16.8,-4.8254117647058825,5.7164705882352935,5.877882352941176,-1.1094117647058823,2295.9058823529413,0.5024965366402767,-0.8614357174438647,L,0.480225988700565,2026,Drew Rom,AAA
680723,FS,16,87.4875,5.0925,-10.455,5.7375,5.725,-1.22625,1106.6875,0.7211395471863463,-0.6814265381909507,L,0.0903954802259887,2026,Drew Rom,AAA
680723,SI,48,92.34583333333335,13.255,-12.3025,5.683333333333334,5.83875,-1.24625,2275.4375,0.5002137543104501,-0.8635079234959145,L,0.2711864406779661,2026,Drew Rom,AAA
680723,ST,28,81.88928571428572,-9.664285714285715,8.04857142857143,5.621428571428572,5.812857142857142,-1.3842857142857141,2462.0714285714284,-0.43144470079053077,0.8709152569394517,L,0.15819209039548024,2026,Drew Rom,AAA
680729,CU,15,81.36666666666666,-9.856,8.224,5.78,6.116666666666666,-1.5206666666666666,2437.4,-0.4563473292846527,0.8879490846514594,L,0.10416666666666667,2026,Garrett McDaniels,AAA
680729,SI,72,93.34861111111111,5.996666666666666,-13.985,5.790277777777778,6.079583333333334,-1.6076388888888888,2235.75,0.6822013088436053,-0.7236217984126363,L,0.5,2026,Garrett McDaniels,AAA
680729,SL,57,85.38245614035088,-1.7473684210526317,0.20421052631578945,5.852631578947369,6.046666666666667,-1.575438596491228,2535.1754385964914,-0.21782952517088708,0.7327152347874633,L,0.3958333333333333,2026,Garrett McDaniels,AAA
680730,FF,38,91.94473684210527,18.587368421052634,-5.867368421052632,6.7631578947368425,6.168684210526315,-1.5176315789473684,,,,L,0.5277777777777778,2026,Mitchell Parker,AAA
680730,SL,34,83.31176470588235,1.7258823529411764,8.121176470588235,6.632352941176471,5.8494117647058825,-2.3438235294117646,,,,L,0.4722222222222222,2026,Mitchell Parker,AAA
680736,FF,21,95.67619047619048,14.765714285714285,-7.531428571428571,5.4714285714285715,5.498095238095238,-2.297142857142857,2497.9523809523807,0.6718937821855064,-0.7338237635645856,L,1.0,2026,Justin Wrobleski,AAA
680743,FF,100,94.515,14.599200000000002,-4.897200000000001,6.773,6.178999999999999,-2.5391999999999997,2121.93,-0.5010373795219971,-0.8468381517321323,R,0.45045045045045046,2026,Ryan Cusick,AAA
680743,SI,31,94.13548387096773,7.7535483870967745,-11.624516129032259,6.764516129032257,6.026774193548388,-2.641290322580645,1989.8709677419354,-0.5590187043379354,-0.8123246853201129,R,0.13963963963963963,2026,Ryan Cusick,AAA
680743,SL,91,86.12197802197802,1.6272527472527474,8.091428571428573,6.632967032967033,6.117362637362636,-2.7514285714285713,2314.8571428571427,0.665913236998589,0.3139132215663614,R,0.4099099099099099,2026,Ryan Cusick,AAA
680744,FC,54,86.57962962962964,5.004444444444444,2.111111111111111,5.775925925925925,5.991851851851852,-2.1505555555555556,2495.1481481481483,-0.3300894514434881,-0.4989913078848191,R,0.216,2026,Ty Madden,AAA
680744,FF,100,92.586,16.4556,-5.4264,5.772,6.209199999999999,-1.8346,2280.91,-0.5734575296067379,-0.8119201571024642,R,0.4,2026,Ty Madden,AAA
680744,FS,30,83.26,1.808,-8.991999999999999,5.873333333333333,5.911666666666666,-2.1416666666666666,1499.3,-0.8526004699480892,-0.5101986636004886,R,0.12,2026,Ty Madden,AAA
680744,SI,30,91.03333333333333,10.08,-14.26,5.8,6.143,-1.8706666666666665,2189.3333333333335,-0.5326620437047862,-0.8220864035495297,R,0.12,2026,Ty Madden,AAA
680744,SL,36,83.93055555555556,-1.5599999999999998,1.0266666666666666,5.711111111111111,6.062777777777778,-2.011388888888889,2572.6388888888887,0.15763483659059027,0.3206080459775664,R,0.144,2026,Ty Madden,AAA
680802,CH,57,87.98070175438596,4.242105263157895,-0.8863157894736843,6.398245614035088,5.861929824561403,-2.678421052631579,2121.2982456140353,-0.08106547840609905,-0.821381491191421,R,0.1792452830188679,2026,Ryan Weiss,AAA
680802,CU,14,79.78571428571429,-8.125714285714286,9.188571428571427,6.3999999999999995,5.970714285714286,-2.529285714285714,2320.4285714285716,0.6548225432302228,0.7377157865608835,R,0.0440251572327044,2026,Ryan Weiss,AAA
680802,FF,60,94.78833333333334,16.024,-7.4399999999999995,6.463333333333334,5.741,-2.6665,2422.983333333333,-0.5447902500194743,-0.8326487592854617,R,0.18867924528301888,2026,Ryan Weiss,AAA
680802,SI,74,93.14729729729729,9.244864864864866,-13.74,6.45945945945946,5.790810810810811,-2.7025675675675678,2305.8513513513512,-0.5203878298888484,-0.8485948559794714,R,0.23270440251572327,2026,Ryan Weiss,AAA
680802,SL,31,89.02580645161291,3.3329032258064517,3.6425806451612903,6.425806451612903,5.849354838709678,-2.9861290322580643,2421.483870967742,0.4932609118038995,-0.6823368435391979,R,0.09748427672955975,2026,Ryan Weiss,AAA
680802,ST,82,83.67439024390244,1.068292682926829,11.729268292682926,6.386585365853659,5.795121951219512,-2.720487804878049,2519.3658536585367,0.6897689545325365,0.36703406972019426,R,0.2578616352201258,2026,Ryan Weiss,AAA
680880,FF,40,93.94,15.102,-8.601,7.1975,6.182,-1.7739999999999998,1978.175,-0.6245070843517422,-0.7596158725799755,R,0.4878048780487805,2026,Grant Holman,AAA
680880,FS,27,86.71851851851852,-0.3022222222222222,-11.342222222222222,7.222222222222222,6.017037037037038,-1.8925925925925926,1172.5185185185185,-0.9219525428036266,-0.3717649228767321,R,0.32926829268292684,2026,Grant Holman,AAA
680880,SL,15,85.33333333333333,1.0,-0.22399999999999995,7.066666666666666,6.026,-1.9746666666666668,1975.0666666666666,-0.3886094041025797,0.30504218200994654,R,0.18292682926829268,2026,Grant Holman,AAA
680899,CH,18,85.20555555555556,-0.38666666666666666,-13.273333333333333,6.316666666666666,5.987222222222222,-1.7216666666666667,1279.0,0.9510742765888744,-0.2877383156142208,L,0.20689655172413793,2026,Erik Tolman,AAA
680899,FF,44,95.16363636363636,17.364545454545453,-7.467272727272728,6.413636363636363,6.060227272727272,-1.5713636363636363,2334.974358974359,0.6428965657720729,-0.7612743628043045,L,0.5057471264367817,2026,Erik Tolman,AAA
680899,SL,25,86.24,1.5984,3.7632,6.172000000000001,6.1288,-1.7244,2265.0833333333335,-0.0933123337342185,-0.5775327409402295,L,0.28735632183908044,2026,Erik Tolman,AAA
680916,CH,13,87.17692307692307,4.153846153846154,-16.56,6.6,5.742307692307692,-1.926923076923077,1745.076923076923,-0.9214095245325831,-0.38090125044319056,R,0.10833333333333334,2026,Franco Aleman,AAA
680916,FF,72,95.72083333333333,12.41,-15.813333333333333,6.8180555555555555,5.623055555555556,-1.9852777777777777,2506.652777777778,-0.8044475549465012,-0.5222809818626201,R,0.6,2026,Franco Aleman,AAA
680916,SL,35,85.2,1.8171428571428572,1.7622857142857142,6.4714285714285715,5.9957142857142856,-1.9740000000000002,2477.6,0.23318186874259597,0.4155558542806944,R,0.2916666666666667,2026,Franco Aleman,AAA
680933,FF,18,92.50555555555555,16.040000000000003,-5.34,6.550000000000001,5.818888888888889,-1.525,2241.5555555555557,-0.4221566996677847,-0.8929686248728894,R,0.4186046511627907,2026,Joander Suarez,AAA
680933,SI,25,92.564,13.847999999999999,-15.815999999999999,6.5760000000000005,5.773199999999999,-1.6712,2290.12,-0.4718099486058793,-0.8799046565245341,R,0.5813953488372093,2026,Joander Suarez,AAA
680951,CH,11,82.49090909090908,10.865454545454545,-13.647272727272728,7.009090909090909,5.670909090909091,-2.1854545454545455,1935.7272727272727,0.7410920303632701,-0.6673173345306537,L,0.11702127659574468,2026,Doug Nikhazy,AAA
680951,CU,15,76.60666666666665,-11.488,12.831999999999999,6.826666666666667,5.800666666666667,-2.484666666666667,2734.866666666667,-0.7042735387599759,0.7026176136046884,L,0.1595744680851064,2026,Doug Nikhazy,AAA
680951,FF,42,90.29047619047618,16.277142857142856,-8.225714285714286,6.964285714285714,5.761190476190476,-2.4545238095238098,1958.595238095238,0.5361261817268486,-0.8377475172138237,L,0.44680851063829785,2026,Doug Nikhazy,AAA
680951,SL,26,86.96538461538461,5.026153846153846,6.17076923076923,6.8961538461538465,5.671153846153846,-2.4296153846153845,2360.6153846153848,-0.3425353091824077,-0.9056833746713264,L,0.2765957446808511,2026,Doug Nikhazy,AAA
680970,FF,38,93.52105263157895,11.485263157894737,-9.84,6.376315789473685,5.9857894736842105,-3.1213157894736843,2068.0526315789475,0.7180040007434634,-0.6921106942140575,L,0.2602739726027397,2026,Andrew Pérez,AAA
680970,SI,49,92.98163265306123,7.9714285714285715,-13.932244897959183,6.357142857142857,5.99,-3.1114285714285717,1979.6938775510205,0.6967021920135197,-0.7132059539915044,L,0.3356164383561644,2026,Andrew Pérez,AAA
680970,SL,59,84.8457627118644,1.553898305084746,2.52,6.3559322033898304,6.057966101694915,-3.175593220338983,2051.2542372881358,-0.45147626858452544,-0.49121005530418116,L,0.4041095890410959,2026,Andrew Pérez,AAA
681003,FC,23,89.66956521739131,5.880000000000001,2.337391304347826,6.442857142857143,5.6265217391304345,-3.050869565217391,2118.6666666666665,0.06435119589376563,-0.8350763478897305,L,0.45098039215686275,2026,Andrew Walling,AAA
681003,SL,28,84.22142857142856,3.762857142857143,6.921428571428572,6.482142857142857,5.486071428571428,-2.9992857142857146,2061.0,-0.5794903296157046,-0.0027021244500118097,L,0.5490196078431373,2026,Andrew Walling,AAA
681006,CU,47,78.95744680851064,-8.45872340425532,9.347234042553191,5.712765957446808,5.191276595744681,-1.1653191489361703,2462.2978723404253,-0.84018466634214,0.5224722136708575,L,0.3790322580645161,2026,Josh Simpson,AAA
681006,FF,15,93.20666666666666,10.872000000000002,-9.696,5.706666666666666,5.177333333333333,-1.2206666666666666,2296.6666666666665,0.7974963077825767,-0.5920745531196674,L,0.12096774193548387,2026,Josh Simpson,AAA
681006,SI,28,92.71428571428571,3.758571428571429,-14.584285714285715,5.771428571428571,5.097499999999999,-1.2360714285714285,2181.1785714285716,0.7670265972921447,-0.603389938837603,L,0.22580645161290322,2026,Josh Simpson,AAA
681006,ST,34,80.12647058823529,1.7505882352941178,13.627058823529412,5.723529411764706,4.748235294117647,-1.5314705882352941,2393.235294117647,-0.9182949158618561,0.3773512716330813,L,0.27419354838709675,2026,Josh Simpson,AAA
681077,CH,17,81.79411764705883,0.26117647058823507,-8.463529411764705,6.841176470588235,5.785294117647059,-2.128823529411765,1122.9411764705883,-0.9431008882260971,-0.2649122300091986,R,0.14049586776859505,2026,Michael Knorr,AAA
681077,CU,10,76.44,-13.608,10.416,6.659999999999999,5.9350000000000005,-2.002,2553.6,0.591073772474263,0.8046149367540675,R,0.08264462809917356,2026,Michael Knorr,AAA
681077,FF,63,95.80634920634921,16.662857142857142,-10.097142857142858,6.717460317460318,5.869047619047619,-2.1836507936507936,2289.3174603174602,-0.5742983930135139,-0.8167972929982495,R,0.5206611570247934,2026,Michael Knorr,AAA
681077,SL,31,85.37741935483871,2.767741935483871,3.1083870967741936,6.648387096774194,5.68258064516129,-2.68,2078.516129032258,0.4202768897814006,-0.8174116086538923,R,0.256198347107438,2026,Michael Knorr,AAA
681084,FF,35,94.06285714285714,15.370285714285716,-8.32457142857143,6.206451612903226,6.456857142857143,-2.0417142857142854,2078.0285714285715,-0.5984003823887021,-0.7945849360088701,R,0.2777777777777778,2026,Tanner Andrews,AAA
681084,FS,55,84.90363636363637,3.4145454545454546,-11.85818181818182,6.217021276595744,6.430909090909091,-2.221090909090909,1194.7272727272727,-0.9079004915652981,-0.404830871655335,R,0.4365079365079365,2026,Tanner Andrews,AAA
681084,SL,36,85.55555555555556,2.6166666666666667,-0.14666666666666667,6.084375,6.236944444444444,-2.4869444444444446,2156.5555555555557,-0.7950598996119842,-0.3609772218365976,R,0.2857142857142857,2026,Tanner Andrews,AAA
681097,CU,18,81.68333333333334,-9.066666666666666,12.513333333333334,6.733333333333333,5.391111111111112,-1.5338888888888889,2588.277777777778,0.7717751223612019,0.6324336980211804,R,0.28125,2026,Andrew Moore,AAA
681097,FF,30,97.49666666666667,15.308,-9.308,6.886666666666667,5.355333333333333,-1.6093333333333333,2484.9666666666667,-0.6622723146515683,-0.7440186896941301,R,0.46875,2026,Andrew Moore,AAA
681097,SI,16,97.99375,14.0175,-11.8275,6.875,5.266875,-1.826875,2581.5,-0.7140418455740973,-0.6971179763890121,R,0.25,2026,Andrew Moore,AAA
681151,FF,101,94.36633663366337,14.953663366336633,-7.8867326732673275,6.054455445544554,5.7870297029702975,-2.10039603960396,2432.776595744681,-0.7135080874420869,-0.6789176826499853,R,0.5804597701149425,2026,Jayden Murray,AAA
681151,FS,12,87.25833333333333,2.6999999999999997,-12.87,6.008333333333333,5.6816666666666675,-2.276666666666667,1459.909090909091,-0.9313070158180401,-0.3591564602736183,R,0.06896551724137931,2026,Jayden Murray,AAA
681151,ST,61,80.31147540983606,-0.521311475409836,14.767868852459017,5.931666666666667,5.593114754098361,-2.3347540983606554,2430.103448275862,0.8960698375581447,0.4256079063534908,R,0.3505747126436782,2026,Jayden Murray,AAA
681168,FF,69,94.74782608695652,13.050434782608695,-13.111304347826087,6.271014492753623,5.878260869565218,-3.2494202898550726,2282.376811594203,-0.6967300744027769,-0.7119198778456515,R,0.38333333333333336,2026,Luis Curvelo,AAA
681168,FS,25,82.81200000000001,4.0416,-8.0064,6.4639999999999995,6.1208,-3.1376,1136.24,-0.7753886543053536,-0.6269755828481679,R,0.1388888888888889,2026,Luis Curvelo,AAA
681168,SI,10,93.95,13.344,-15.168000000000001,6.2299999999999995,5.794,-3.4450000000000003,2199.6,-0.7520742037034785,-0.6560981883510837,R,0.05555555555555555,2026,Luis Curvelo,AAA
681168,SL,76,83.78289473684211,3.9631578947368418,0.6963157894736842,6.3236842105263165,6.058421052631579,-3.1986842105263156,2145.75,-0.4296017623751713,-0.4199983509096662,R,0.4222222222222222,2026,Luis Curvelo,AAA
681252,CU,21,76.62380952380951,-8.737142857142857,2.68,6.2285714285714295,6.414285714285714,0.49380952380952375,2061.095238095238,0.2874330252122413,0.951343038881222,R,0.065625,2026,Jack Anderson,AAA
681252,FF,103,91.41456310679612,17.9452427184466,-3.2924271844660193,6.192233009708738,6.440485436893204,0.3592233009708738,2101.902912621359,-0.282365741043038,-0.9565615640760846,R,0.321875,2026,Jack Anderson,AAA
681252,FS,69,82.54927536231884,6.413913043478261,-5.311304347826087,6.242028985507246,6.407246376811594,0.5311594202898551,686.1304347826087,-0.5934368206380717,-0.7937214284428524,R,0.215625,2026,Jack Anderson,AAA
681252,SL,84,84.60119047619048,1.92,5.288571428571428,6.198809523809524,6.368690476190476,0.17678571428571427,2237.7976190476193,0.5971757831032445,-0.6716923831568162,R,0.2625,2026,Jack Anderson,AAA
681252,ST,43,80.28372093023255,0.5023255813953488,12.323720930232557,6.267441860465116,6.239767441860465,-0.060930232558139535,2302.6744186046512,0.8815329600296028,0.3915882683977133,R,0.134375,2026,Jack Anderson,AAA
681293,FF,24,93.60000000000001,14.299999999999999,-13.055,7.2625,4.794583333333333,-2.049166666666667,2376.2916666666665,-0.7436654817055398,-0.6666662211690876,R,1.0,2026,Spencer Arrighetti,AAA
681306,CH,17,84.45294117647059,8.872941176470588,-4.96235294117647,6.2846153846153845,6.657058823529412,-0.1388235294117647,1391.0,0.30562737995869926,-0.9350581660229841,L,0.07172995780590717,2026,Christian MacLeod,AAA
681306,CU,35,79.51714285714286,-8.04342857142857,8.499428571428572,6.16,6.704571428571429,-0.08228571428571428,2290.8,-0.3971900606967749,0.8465243667611037,L,0.14767932489451477,2026,Christian MacLeod,AAA
681306,FF,45,90.12666666666667,16.909333333333336,-2.984,6.276190476190477,6.528888888888889,-0.3304444444444445,2480.1111111111113,0.43109850406697947,-0.8987228272442972,L,0.189873417721519,2026,Christian MacLeod,AAA
681306,SL,140,85.30214285714285,3.000857142857143,4.303714285714285,6.146456692913386,6.446428571428571,-0.4834285714285715,2587.3,-0.4437053122411258,-0.7187712772737849,L,0.5907172995780591,2026,Christian MacLeod,AAA
681313,FC,24,86.6875,5.505,2.53,6.833333333333333,5.40625,-0.9970833333333333,2082.5,0.04964651277427698,-0.9604087561108416,R,0.1875,2026,Jake Miller,AAA
681313,FF,43,93.00232558139534,16.6046511627907,-10.956279069767442,6.744186046511628,5.4839534883720935,-0.9332558139534884,2300.35,-0.6409775880832222,-0.7620222535367767,R,0.3359375,2026,Jake Miller,AAA
681313,FS,25,82.744,2.6496000000000004,-9.744,6.864,5.474,-0.8828,1348.0869565217392,-0.6592495740736622,-0.7409907069084695,R,0.1953125,2026,Jake Miller,AAA
681313,ST,36,79.46388888888889,3.27,13.223333333333333,6.683333333333334,5.377222222222223,-1.0330555555555554,2189.5806451612902,0.8947149556020187,0.22374826891338434,R,0.28125,2026,Jake Miller,AAA
681320,CH,16,80.68125,9.285,-12.4725,7.18125,5.47,-1.4075,1722.0714285714287,0.8777114271235539,-0.46525208821811137,L,0.14414414414414414,2026,Nate Lavender,AAA
681320,FF,65,92.04461538461538,18.07753846153846,-5.017846153846154,7.187692307692307,5.548615384615385,-1.432153846153846,2262.4590163934427,0.4483838497155724,-0.8900526846488889,L,0.5855855855855856,2026,Nate Lavender,AAA
681320,SL,30,85.20333333333333,7.396,6.816,7.05,5.547666666666667,-1.5270000000000001,2423.3793103448274,-0.3174381435020866,-0.8942294825970326,L,0.2702702702702703,2026,Nate Lavender,AAA
681324,FF,15,94.58,9.368,-17.208000000000002,6.426666666666667,5.366,-2.652,2340.0,0.9198841185831914,-0.3879354617957514,L,0.4838709677419355,2026,Chazz Martinez,AAA
681324,ST,16,81.8625,-2.7225,14.2425,6.29375,5.33375,-2.775,2096.8125,-0.7348395012930286,0.6719769064743886,L,0.5161290322580645,2026,Chazz Martinez,AAA
681328,CH,14,81.3,0.7542857142857142,-12.514285714285714,6.3428571428571425,5.859285714285714,-0.8250000000000001,1423.2142857142858,-0.9050402976879853,-0.4151816367513524,R,0.14285714285714285,2026,Jonny Cuevas,AAA
681328,FF,40,93.82000000000001,15.624,-4.896,6.3225,6.0947499999999994,-0.46399999999999997,2254.825,-0.44831930764196315,-0.8753998046601638,R,0.40816326530612246,2026,Jonny Cuevas,AAA
681328,SI,12,92.80833333333334,11.65,-13.18,6.391666666666667,5.9624999999999995,-0.7291666666666666,2234.5833333333335,-0.5153768687141886,-0.8549064852608595,R,0.12244897959183673,2026,Jonny Cuevas,AAA
681328,SL,32,84.415625,-0.06749999999999996,5.565,6.171875,5.87125,-0.9303125,2262.21875,0.7552368146911586,-0.3291524705011182,R,0.32653061224489793,2026,Jonny Cuevas,AAA
681343,CH,27,89.51481481481481,-0.7422222222222222,-14.2,6.633333333333333,5.436296296296296,-2.7274074074074073,1572.3703703703704,-0.9544848971747668,-0.278370320373136,R,0.16071428571428573,2026,Shane Smith,AAA
681343,CU,32,81.91875,-9.68625,3.6375,6.565625,5.81875,-2.340625,2115.78125,0.5548439789023817,0.8216086992149652,R,0.19047619047619047,2026,Shane Smith,AAA
681343,FF,80,95.05875,13.1595,-9.5175,6.625316455696202,5.487125000000001,-2.566875,2216.1772151898736,-0.7406877333498048,-0.6669272761453908,R,0.47619047619047616,2026,Shane Smith,AAA
681343,SI,29,95.24827586206897,6.753103448275862,-16.08,6.665517241379311,5.386206896551724,-2.7751724137931038,2037.5862068965516,-0.7731928888995531,-0.623395980759858,R,0.17261904761904762,2026,Shane Smith,AAA
681347,FF,17,95.0,13.143529411764705,-9.543529411764707,6.211764705882352,5.921764705882353,-2.156470588235294,2222.470588235294,-0.52262719905755,-0.849871669346256,R,0.4722222222222222,2026,Mike Burrows,AAA
681347,SL,19,90.47368421052632,6.309473684210526,1.1621052631578948,6.173684210526315,5.824210526315789,-2.2794736842105263,2464.315789473684,-0.11405020709154985,-0.8536037493193703,R,0.5277777777777778,2026,Mike Burrows,AAA
681402,FF,52,94.32307692307693,18.706153846153846,-8.877692307692307,6.626923076923077,5.377692307692308,-1.52,2316.6923076923076,-0.49191552722674775,-0.8680978558053604,R,0.6046511627906976,2026,Gus Varland,AAA
681402,SL,34,87.95588235294117,-1.535294117647059,-1.2070588235294117,6.517647058823529,5.3999999999999995,-1.6238235294117647,2173.6470588235293,-0.08102805887006703,0.5046909711770536,R,0.3953488372093023,2026,Gus Varland,AAA
681432,FF,14,94.25714285714285,9.608571428571429,-7.397142857142858,7.485714285714286,5.501428571428571,-3.7142857142857144,2252.714285714286,0.8071485122040407,-0.5798974217675334,L,0.1917808219178082,2026,Luke Little,AAA
681432,SI,40,93.7125,4.284,-14.303999999999998,7.3549999999999995,5.587,-3.3520000000000003,2212.7,0.7262288545006437,-0.6722144444307256,L,0.547945205479452,2026,Luke Little,AAA
681432,ST,19,82.51578947368421,4.566315789473684,10.477894736842105,7.273684210526315,5.183157894736842,-3.7742105263157897,2424.315789473684,-0.9564182605099484,0.26221653273976414,L,0.2602739726027397,2026,Luke Little,AAA
681449,CH,31,84.07096774193548,4.002580645161291,-12.48,7.270967741935484,6.184193548387097,-1.8474193548387094,1375.0967741935483,-0.8881505957214485,-0.45387249341104297,R,0.155,2026,Brandon White,AAA
681449,FF,91,96.0945054945055,15.75956043956044,-10.349010989010988,7.35054945054945,6.300659340659341,-1.6735164835164835,2229.4285714285716,-0.6420856689374667,-0.7642696077709348,R,0.455,2026,Brandon White,AAA
681449,SI,13,94.74615384615385,11.353846153846153,-13.532307692307691,7.338461538461539,6.2700000000000005,-1.7946153846153845,2136.153846153846,-0.6074581921176164,-0.5906718552848903,R,0.065,2026,Brandon White,AAA
681449,SL,55,85.03272727272727,2.090181818181818,4.804363636363637,7.290909090909091,6.2361818181818185,-1.756727272727273,2111.890909090909,0.4897993787291378,-0.516831188301093,R,0.275,2026,Brandon White,AAA
681449,ST,10,79.89,4.86,10.056000000000001,7.2700000000000005,6.172,-1.9780000000000002,2322.0,0.9004689663401688,0.38384114066359454,R,0.05,2026,Brandon White,AAA
681520,CH,27,88.28148148148148,5.702222222222223,-6.431111111111111,6.681481481481482,5.84037037037037,-1.7303703703703703,1948.0740740740741,0.48031879460913407,-0.7177604288740118,L,0.11538461538461539,2026,Antoine Kelly,AAA
681520,FF,71,95.72253521126761,11.151549295774648,-4.456901408450705,6.6352112676056345,5.910281690140845,-1.606056338028169,2267.549295774648,0.5568656408716298,-0.8246290478972055,L,0.3034188034188034,2026,Antoine Kelly,AAA
681520,SI,45,94.95333333333332,9.2,-11.285333333333332,6.646666666666667,5.860888888888889,-1.5904444444444443,2134.0,0.49542323601673083,-0.8617248787235987,L,0.19230769230769232,2026,Antoine Kelly,AAA
681520,SL,91,85.74175824175825,5.087472527472527,8.88,6.595604395604396,5.791318681318681,-1.8367032967032966,2490.4395604395604,-0.8780253431975984,-0.14267953795890045,L,0.3888888888888889,2026,Antoine Kelly,AAA
681544,CH,10,89.2,3.5159999999999996,-11.831999999999999,6.39,5.591,-2.654,1654.2,-0.7656764904310733,-0.6402186436979065,R,0.055865921787709494,2026,Wyatt Olds,AAA
681544,FC,37,89.54594594594595,6.917837837837838,2.711351351351351,6.375675675675676,5.598648648648648,-2.507027027027027,2365.945945945946,-0.3708810481984766,-0.8607124053714866,R,0.20670391061452514,2026,Wyatt Olds,AAA
681544,FF,89,96.37415730337078,17.45932584269663,-11.385168539325843,6.461797752808989,5.807752808988764,-2.3246067415730334,2394.8988764044943,-0.5901776094944295,-0.7770169616969775,R,0.4972067039106145,2026,Wyatt Olds,AAA
681544,SL,43,86.63023255813954,-10.205581395348837,6.666976744186047,6.311627906976744,5.709069767441861,-2.395581395348837,2410.3953488372094,0.623743485075659,0.7734555331939176,R,0.24022346368715083,2026,Wyatt Olds,AAA
681673,CH,27,84.33333333333333,7.053333333333334,-12.177777777777779,6.348148148148148,5.761481481481481,-1.7585185185185184,1659.1851851851852,-0.6962493854514868,-0.7163067679225806,R,0.23893805309734514,2026,Kohl Franklin,AAA
681673,CU,11,81.12727272727273,-13.8,8.530909090909091,6.345454545454545,6.033636363636364,-1.6336363636363636,2685.3636363636365,0.629472250895335,0.7326827464394602,R,0.09734513274336283,2026,Kohl Franklin,AAA
681673,FF,28,94.85357142857143,13.31142857142857,-2.777142857142857,6.6,5.8532142857142855,-1.6614285714285715,2395.464285714286,-0.49494505977109843,-0.86722381384252,R,0.24778761061946902,2026,Kohl Franklin,AAA
681673,SI,26,93.3423076923077,9.156923076923077,-13.481538461538461,6.511538461538462,5.758461538461538,-1.7007692307692308,2382.923076923077,-0.5461460932469482,-0.829773957226885,R,0.23008849557522124,2026,Kohl Franklin,AAA
681673,SL,21,83.02857142857142,3.4457142857142857,12.262857142857142,6.39047619047619,6.015238095238096,-1.6852380952380952,2766.4761904761904,0.8358481813836993,0.33617308147296987,R,0.18584070796460178,2026,Kohl Franklin,AAA
681676,CH,16,86.60625,7.77,-13.8,6.5625,5.8675,-1.85875,1578.0,-0.7120333572210812,-0.6997329945416454,R,0.12403100775193798,2026,Ryan Fernandez,AAA
681676,FF,53,94.22641509433963,17.798490566037735,-6.867169811320754,6.584905660377358,5.940377358490566,-1.5524528301886793,2171.2075471698113,-0.35843811831984007,-0.9206461639781203,R,0.4108527131782946,2026,Ryan Fernandez,AAA
681676,SL,60,87.05833333333334,2.71,3.2520000000000002,6.3933333333333335,5.9751666666666665,-1.9103333333333334,2534.05,0.3259269672875266,-0.6585944451455844,R,0.46511627906976744,2026,Ryan Fernandez,AAA
681751,CU,16,75.19375,-12.375,8.49,6.1,5.811875,-0.603125,2636.875,0.5073969998658718,0.8570345588576059,R,0.0761904761904762,2026,Lazaro Estrada,AAA
681751,FC,54,86.56666666666668,8.731111111111112,1.4844444444444445,6.144444444444445,5.723333333333334,-0.6974074074074074,2335.777777777778,-0.16119988144089575,-0.9470998686423422,R,0.2571428571428571,2026,Lazaro Estrada,AAA
681751,FF,99,93.1141414141414,18.624242424242425,-8.56121212121212,6.181818181818182,5.783030303030303,-0.4575757575757575,2243.959595959596,-0.48083487778897416,-0.8735755822325368,R,0.4714285714285714,2026,Lazaro Estrada,AAA
681751,FS,10,84.64,10.32,-6.18,6.32,5.763,-0.586,1056.7,-0.5688637397771658,-0.7949138245018402,R,0.047619047619047616,2026,Lazaro Estrada,AAA
681751,SL,31,83.74193548387096,-0.04258064516129029,4.401290322580645,6.193548387096774,5.689032258064516,-0.614516129032258,2327.1612903225805,0.8134085409476423,-0.13820822036744426,R,0.14761904761904762,2026,Lazaro Estrada,AAA
681799,FC,38,93.01842105263158,14.605263157894736,-1.3673684210526316,6.228947368421053,5.358421052631579,-1.6326315789473684,2811.184210526316,-0.3731347819448813,-0.9147351293985322,R,0.3333333333333333,2026,Ethan Roberts,AAA
681799,SI,14,93.76428571428572,9.59142857142857,-13.182857142857143,6.25,5.195,-1.6028571428571428,2484.3571428571427,-0.4856103915007615,-0.8685270411267824,R,0.12280701754385964,2026,Ethan Roberts,AAA
681799,ST,62,84.20967741935483,0.0929032258064516,18.679354838709678,6.17741935483871,5.235,-1.7616129032258063,3112.3225806451615,0.7550143915885635,0.36493849383645066,R,0.543859649122807,2026,Ethan Roberts,AAA
681806,CH,48,85.48125,2.2825,-11.94,6.0562499999999995,5.953333333333333,-2.2108333333333334,1843.0,-0.8937169614664683,-0.4387867362741222,R,0.18045112781954886,2026,Andrew Wantz,AAA
681806,CU,30,79.80333333333333,-8.072,10.54,5.926666666666667,6.009,-2.117,2697.5666666666666,0.8621995215668363,0.4984071066878776,R,0.11278195488721804,2026,Andrew Wantz,AAA
681806,FC,58,88.43103448275862,6.949655172413793,4.427586206896552,6.046551724137931,5.998275862068965,-2.086206896551724,2546.2586206896553,-0.10867903452441657,-0.9633134588160178,R,0.21804511278195488,2026,Andrew Wantz,AAA
681806,FF,81,92.79012345679013,15.197037037037038,-4.576296296296296,6.106172839506173,6.203703703703703,-1.822962962962963,2409.753086419753,-0.5321979977968988,-0.8439418664278032,R,0.30451127819548873,2026,Andrew Wantz,AAA
681806,SI,29,92.3103448275862,8.433103448275862,-13.274482758620689,6.175862068965517,5.997931034482758,-2.042413793103448,2286.6206896551726,-0.626942628681392,-0.773477249482948,R,0.10902255639097744,2026,Andrew Wantz,AAA
681806,ST,20,81.72,1.884,12.966,5.9799999999999995,5.899,-2.1685000000000003,2620.25,0.9078318505137201,0.39256308226785314,R,0.07518796992481203,2026,Andrew Wantz,AAA
681810,ST,13,83.75384615384615,-2.353846153846154,16.44923076923077,6.246153846153846,4.895384615384615,-2.6715384615384616,2627.846153846154,0.6574635839092031,0.5290407797788718,R,1.0,2026,Austin Warren,AAA
681854,SI,11,92.17272727272727,1.6909090909090911,-14.487272727272728,6.1,6.1827272727272735,-1.288181818181818,2105.090909090909,-0.8438295251155641,-0.5328343313262517,R,1.0,2026,Connor Van Scoyoc,AAA
681869,FF,10,94.03999999999999,8.184000000000001,-9.888,6.5200000000000005,5.632,-1.561,2229.1,-0.7043428511494076,-0.706880813627375,R,1.0,2026,Shawn Dubin,AAA
681871,FF,21,95.35238095238095,15.36,-7.177142857142857,6.752380952380953,6.0095238095238095,-1.5499999999999998,2344.3809523809523,-0.5547199346301254,-0.8283156260253411,R,0.4117647058823529,2026,Eli Villalobos,AAA
681871,SL,30,85.44,4.28,6.072,6.713333333333334,6.046333333333334,-1.6353333333333333,2240.0666666666666,0.9218979839052194,-0.2185536708686093,R,0.5882352941176471,2026,Eli Villalobos,AAA
681890,CH,27,85.22222222222223,2.2711111111111113,-10.622222222222222,6.166666666666667,5.479259259259259,-2.3033333333333332,1631.0,-0.7648758094230649,-0.6121231153844752,R,0.12,2026,Troy Watson,AAA
681890,FC,47,86.91489361702128,-0.763404255319149,5.420425531914893,6.048936170212766,5.564468085106382,-2.2821276595744684,2577.127659574468,0.8856534420189524,-0.28381461477159814,R,0.2088888888888889,2026,Troy Watson,AAA
681890,FF,65,93.74769230769232,15.653538461538462,-7.3956923076923085,5.972307692307692,5.682769230769231,-2.154923076923077,2239.476923076923,-0.6043010621483262,-0.7943730224819852,R,0.28888888888888886,2026,Troy Watson,AAA
681890,SI,30,92.64666666666668,7.38,-13.532000000000002,6.003333333333333,5.640666666666666,-2.1623333333333337,2121.733333333333,-0.6342228683487455,-0.7703309090937142,R,0.13333333333333333,2026,Troy Watson,AAA
681890,ST,56,83.27142857142857,1.1164285714285715,13.382142857142856,6.0625,5.536428571428572,-2.3378571428571426,2628.464285714286,0.8508713198258177,0.37479311825317446,R,0.24888888888888888,2026,Troy Watson,AAA
681895,CU,26,78.6923076923077,-5.3538461538461535,10.287692307692309,6.846153846153846,5.261923076923077,-3.8746153846153844,2284.653846153846,-0.930324650885807,0.3534864758506889,L,0.2736842105263158,2026,Evan Sisk,AAA
681895,SI,46,91.25434782608696,6.563478260869566,-16.184347826086956,6.836956521739131,5.300652173913043,-3.7102173913043477,2108.3260869565215,0.7012061897773632,-0.6610535667243428,L,0.4842105263157895,2026,Evan Sisk,AAA
681895,ST,23,81.19130434782609,5.718260869565218,10.831304347826087,6.839130434782609,5.028260869565218,-3.991739130434783,2288.217391304348,-0.9519042797029202,0.2479608500590906,L,0.24210526315789474,2026,Evan Sisk,AAA
681916,FF,31,94.88064516129032,16.26967741935484,-2.581935483870968,6.5,6.187741935483871,-1.467741935483871,2423.2580645161293,-0.3568732831766544,-0.9313851075079115,R,0.41333333333333333,2026,Dylan Smith,AAA
681916,SI,17,94.2235294117647,13.270588235294117,-10.644705882352941,6.476470588235294,6.167647058823529,-1.5194117647058822,2178.3529411764707,-0.4268816352100172,-0.90332177233909,R,0.22666666666666666,2026,Dylan Smith,AAA
681916,ST,27,84.85555555555555,5.613333333333333,10.106666666666667,6.451851851851852,5.993333333333333,-1.7248148148148148,2460.740740740741,0.9561683078852091,0.20962936220329279,R,0.36,2026,Dylan Smith,AAA
681924,FF,25,93.78,16.5696,-3.6384000000000003,6.152,6.4644,-1.85,2370.0,-0.4284991417667131,-0.9008054625917216,R,0.6410256410256411,2026,R.J. Dabovich,AAA
681924,KC,14,84.25,-6.034285714285715,4.1657142857142855,6.216666666666666,6.402142857142857,-1.8214285714285714,2501.6923076923076,0.24643868562303678,0.9657962350833712,R,0.358974358974359,2026,R.J. Dabovich,AAA
681973,CH,22,84.10909090909091,8.258181818181818,-10.527272727272727,6.386363636363637,5.862727272727272,-2.5663636363636364,1517.590909090909,0.7621253504195272,-0.6351539340618539,L,0.0728476821192053,2026,Josh Hendrickson,AAA
681973,CU,64,72.8984375,-11.679375,12.24375,6.2171875,6.09765625,-2.58109375,2481.34375,-0.5414626965572549,0.8358863660410378,L,0.2119205298013245,2026,Josh Hendrickson,AAA
681973,FC,69,84.8,5.417391304347826,1.443478260869565,6.344927536231884,5.958260869565217,-2.621739130434783,2011.5072463768115,0.4350405122851201,-0.6958754004243445,L,0.22847682119205298,2026,Josh Hendrickson,AAA
681973,FF,102,90.86960784313726,15.554117647058824,-8.829411764705883,6.409803921568627,6.003823529411765,-2.452352941176471,1964.7549019607843,0.5767337534047304,-0.8088894911807403,L,0.33774834437086093,2026,Josh Hendrickson,AAA
681973,SL,45,79.6711111111111,-0.008000000000000037,10.010666666666667,6.202222222222223,5.9108888888888895,-2.736,2389.8,-0.7117233105654251,0.6158673704463594,L,0.1490066225165563,2026,Josh Hendrickson,AAA
682044,CH,61,85.68360655737705,-3.1475409836065573,-11.490491803278688,6.519672131147541,4.988852459016393,-2.8724590163934427,1794.4754098360656,-0.9879120983328572,-0.13651239200527474,R,0.1882716049382716,2026,Sean Boyle,AAA
682044,FC,16,86.74375,4.575,-7.71,6.6375,5.00125,-2.9587499999999998,2003.125,-0.8961706665717156,-0.3690320147807943,R,0.04938271604938271,2026,Sean Boyle,AAA
682044,SI,151,89.68145695364238,5.050331125827815,-13.880264900662253,6.589403973509934,5.1334437086092715,-2.770860927152318,2258.5646258503402,-0.8090132476184149,-0.5820358403761061,R,0.4660493827160494,2026,Sean Boyle,AAA
682044,ST,96,77.61874999999999,1.35875,14.86,6.5093749999999995,4.870833333333334,-2.964375,2722.5106382978724,0.9400629661879614,0.31938731088791944,R,0.2962962962962963,2026,Sean Boyle,AAA
682052,FF,36,91.15833333333333,12.023333333333333,-14.916666666666666,7.111111111111111,5.171388888888888,-3.502222222222222,2220.222222222222,0.8537501353804369,-0.5146946160774744,L,0.72,2026,Jacob Lopez,AAA
682052,SL,14,75.99285714285715,2.2885714285714287,12.180000000000001,6.835714285714286,4.872857142857143,-3.687142857142857,2419.214285714286,-0.9788578415115607,0.19155723742612923,L,0.28,2026,Jacob Lopez,AAA
682077,FC,97,86.7639175257732,9.162061855670103,1.5995876288659794,6.568041237113403,5.94917525773196,-2.9249484536082475,2591.680412371134,-0.27448640088315346,-0.9110609122916312,R,0.1975560081466395,2026,Gabe Mosser,AAA
682077,KN,82,81.08414634146341,-3.973170731707317,6.875121951219512,6.54390243902439,5.993536585365854,-2.8671951219512195,2168.6951219512193,0.7299790135715846,0.4777242785309427,R,0.1670061099796334,2026,Gabe Mosser,AAA
682077,SI,163,89.440490797546,6.870920245398773,-14.346993865030674,6.594478527607363,5.85920245398773,-2.866073619631902,2305.570552147239,-0.7072367287839982,-0.7014274200010581,R,0.3319755600814664,2026,Gabe Mosser,AAA
682077,SL,23,84.46521739130435,1.6591304347826088,5.16,6.578260869565218,6.065652173913043,-2.7221739130434783,2809.8695652173915,0.48167746400733535,-0.3666465039882866,R,0.04684317718940937,2026,Gabe Mosser,AAA
682077,ST,126,79.04920634920636,-1.3904761904761904,12.88857142857143,6.499206349206349,5.874444444444444,-3.06484126984127,2707.0555555555557,0.8582687703205015,0.4765986413554556,R,0.25661914460285135,2026,Gabe Mosser,AAA
682087,FC,10,88.61,5.795999999999999,1.848,6.029999999999999,5.558,-2.559,2498.5,-0.08265420287568837,-0.8296000549011133,R,0.45454545454545453,2026,Antonio Knowles,AAA
682087,SL,12,83.30833333333334,-1.42,9.549999999999999,6.016666666666667,5.579166666666667,-2.464166666666667,2691.3333333333335,0.7645943509413898,0.6117488605300845,R,0.5454545454545454,2026,Antonio Knowles,AAA
682126,FF,23,93.40869565217392,14.128695652173915,-6.589565217391304,6.356521739130436,5.964347826086957,-2.022173913043478,2306.7391304347825,-0.6067819675950246,-0.6994518484789021,R,0.11330049261083744,2026,Evan Reifert,AAA
682126,SI,82,93.46829268292683,5.739512195121951,-15.482926829268292,6.380487804878049,5.724512195121951,-2.1147560975609756,2215.987804878049,-0.7291394851131955,-0.6218792838252957,R,0.4039408866995074,2026,Evan Reifert,AAA
682126,SL,98,83.24489795918367,-6.492244897959184,4.062857142857143,6.218367346938775,6.154897959183673,-1.9257142857142857,2611.704081632653,0.5497009449203556,0.790483493462304,R,0.4827586206896552,2026,Evan Reifert,AAA
682144,SI,10,91.87,10.824,-15.924000000000001,6.840000000000001,6.007,-1.2810000000000001,2241.6,0.6075501026905721,-0.786755910278552,L,0.45454545454545453,2026,Jayvien Sandridge,AAA
682144,SL,12,81.60833333333333,-3.27,4.2,6.641666666666667,6.069166666666667,-1.1975,1929.6666666666667,-0.35383888108392386,0.896057522623719,L,0.5454545454545454,2026,Jayvien Sandridge,AAA
682175,SI,29,91.17586206896551,-3.902068965517241,-15.616551724137931,6.0344827586206895,4.3324137931034485,-3.216896551724138,2068.689655172414,0.9826777429617313,0.03919758942923299,L,0.4264705882352941,2026,Joe Jacques,AAA
682175,SL,13,84.57692307692308,3.516923076923077,2.3446153846153845,6.0307692307692315,4.210769230769231,-3.2838461538461536,2180.076923076923,0.41167707380840596,0.15070969804603365,L,0.19117647058823528,2026,Joe Jacques,AAA
682175,ST,26,81.58461538461538,2.1507692307692308,17.275384615384617,5.938461538461539,4.0661538461538465,-3.3246153846153845,2445.269230769231,-0.9109324632758492,0.38126008498261016,L,0.38235294117647056,2026,Joe Jacques,AAA
682227,CH,14,85.24285714285715,5.022857142857143,-14.64,5.935714285714285,6.550714285714286,-1.1592857142857143,1838.642857142857,0.9243227385166,-0.3747583392398157,L,0.18666666666666668,2026,Brandon Williamson,AAA
682227,FC,22,90.0,10.38,0.5618181818181817,5.85,6.642272727272727,-1.1436363636363636,2350.5454545454545,0.4305140043058669,-0.8914441146920897,L,0.29333333333333333,2026,Brandon Williamson,AAA
682227,FF,28,93.01428571428572,16.251428571428573,-7.6414285714285715,5.939285714285715,6.771428571428571,-0.9039285714285714,2179.8214285714284,0.6051817735327045,-0.7937376250311321,L,0.37333333333333335,2026,Brandon Williamson,AAA
682227,ST,11,82.60909090909091,2.869090909090909,10.385454545454547,5.827272727272727,6.587272727272727,-1.28,2505.7272727272725,-0.9329390077275722,0.3295173196370445,L,0.14666666666666667,2026,Brandon Williamson,AAA
682239,EP,34,34.19705882352941,20.054117647058824,-1.6023529411764708,3.8176470588235296,7.135,-1.2911764705882351,795.90625,-0.47940000368039104,-0.8704828045698598,R,1.0,2026,Luke Ritter,AAA
682240,FF,67,95.88059701492537,16.124776119402984,-9.954626865671642,6.356716417910447,5.988059701492537,-1.7243283582089552,2324.402985074627,-0.5896529334098723,-0.8049027083250134,R,0.3582887700534759,2026,Stephen Jones,AAA
682240,SI,24,94.22083333333335,9.135,-16.169999999999998,6.245833333333334,5.725416666666667,-2.047083333333333,2248.4166666666665,-0.6994811568262597,-0.7117753023670422,R,0.12834224598930483,2026,Stephen Jones,AAA
682240,SL,62,87.96451612903226,2.9980645161290322,3.2883870967741933,6.296774193548386,5.83,-1.8893548387096775,2377.564516129032,0.2846544135742351,-0.6233830759021524,R,0.3315508021390374,2026,Stephen Jones,AAA
682240,ST,34,83.30588235294118,0.15882352941176478,13.86,6.373529411764705,5.6961764705882345,-1.9844117647058823,2417.029411764706,0.8371813091356973,0.4974797255985142,R,0.18181818181818182,2026,Stephen Jones,AAA
682243,FF,20,96.57000000000001,19.362000000000002,-4.524,6.175,5.964,-0.9710000000000001,2628.35,-0.42566672543195383,-0.9025432574076909,R,1.0,2026,Bryce Miller,AAA
682260,CU,20,78.42,-7.403999999999999,18.978,5.880000000000001,5.335,-2.0035,2966.25,0.8263614897829064,0.4527286992555995,R,0.25,2026,Brian Metoyer,AAA
682260,FC,60,92.68,9.386,-1.058,5.901818181818182,5.229666666666666,-2.0661666666666667,2761.5333333333333,-0.30007357115867034,-0.6284450929391172,R,0.75,2026,Brian Metoyer,AAA
682274,FF,20,95.485,19.080000000000002,-5.34,5.765,6.453,-0.534,2340.1,-0.35933014856266676,-0.9311570539856519,R,0.46511627906976744,2026,Yaramil Hiraldo,AAA
682274,FS,23,86.45652173913044,9.542608695652174,-9.422608695652174,5.839130434782609,6.395652173913043,-0.4773913043478261,1374.7826086956522,-0.4335446898402178,-0.8959121225290098,R,0.5348837209302325,2026,Yaramil Hiraldo,AAA
682445,FF,55,92.30909090909091,12.973090909090908,-13.433454545454547,5.96909090909091,4.650363636363637,-1.9847272727272727,2275.185185185185,-0.8484581721700382,-0.5264033047120633,R,0.2736318407960199,2026,Domingo Gonzalez,AAA
682445,SI,80,92.16125,5.6235,-18.024,6.0200000000000005,4.645875,-1.9763749999999998,2212.525641025641,-0.8285590221427955,-0.5569886911490662,R,0.39800995024875624,2026,Domingo Gonzalez,AAA
682445,SL,66,85.0,1.1072727272727272,2.310909090909091,6.034848484848485,4.751969696969697,-1.9242424242424243,2321.9692307692308,0.7203996987932597,0.44322111257871155,R,0.3283582089552239,2026,Domingo Gonzalez,AAA
682608,CH,20,83.375,4.482,-15.654,6.65,5.5855,-2.898,1775.3,-0.9259442358236413,-0.37127514247780197,R,0.425531914893617,2026,Peyton Gray,AAA
682608,FF,27,93.17037037037036,15.311111111111112,-13.457777777777778,6.685185185185185,5.581111111111111,-2.83,2299.962962962963,-0.6866961345555599,-0.7241322079368258,R,0.574468085106383,2026,Peyton Gray,AAA
682610,FC,31,91.49032258064516,6.634838709677419,-1.401290322580645,5.990322580645161,5.387419354838709,-2.2025806451612904,2433.5806451612902,-0.7054133089470892,-0.6864014657005854,R,0.24603174603174602,2026,Roddery Muñoz,AAA
682610,FF,22,95.9909090909091,11.421818181818182,-7.161818181818182,6.009090909090909,5.549545454545455,-2.0395454545454546,2388.909090909091,-0.7448472228709904,-0.6622209826217111,R,0.1746031746031746,2026,Roddery Muñoz,AAA
682610,SI,21,94.52380952380952,4.582857142857143,-12.502857142857144,6.042857142857143,5.513809523809524,-2.013809523809524,2270.4285714285716,-0.7307128886404927,-0.6791796335447399,R,0.16666666666666666,2026,Roddery Muñoz,AAA
682610,SL,52,86.49423076923077,-5.868461538461539,7.680000000000001,6.0903846153846155,5.696538461538462,-1.9271153846153846,2564.3846153846152,0.47427163084210655,0.8578534895800539,R,0.4126984126984127,2026,Roddery Muñoz,AAA
682620,CH,15,87.3,7.48,-14.687999999999999,6.12,6.052666666666667,-1.656,1686.9333333333334,-0.7450999840107078,-0.6631238383607165,R,0.0390625,2026,Richard Gallardo,AAA
682620,CU,83,80.34819277108433,-7.831807228915662,9.007228915662651,5.974698795180722,6.107590361445784,-1.6216867469879517,2449.385542168675,0.5987421600804262,0.7882916064035268,R,0.21614583333333334,2026,Richard Gallardo,AAA
682620,FC,97,89.87319587628866,6.56659793814433,1.2259793814432989,5.974226804123711,6.244432989690722,-1.5008247422680414,2336.546391752577,-0.5587825613760746,-0.8052462250447422,R,0.2526041666666667,2026,Richard Gallardo,AAA
682620,FF,69,94.4304347826087,14.24,-7.229565217391305,6.008695652173913,6.239130434782608,-1.405072463768116,2206.9565217391305,-0.6662444340895778,-0.7304956498119624,R,0.1796875,2026,Richard Gallardo,AAA
682620,SI,105,93.28571428571429,9.210285714285714,-14.569142857142857,6.024761904761905,6.186095238095238,-1.3774285714285714,2102.3333333333335,-0.6458628818201652,-0.752007292391216,R,0.2734375,2026,Richard Gallardo,AAA
682620,SL,15,82.02,-3.496,10.728,6.026666666666667,5.990666666666667,-1.7193333333333334,2507.4666666666667,0.6006602828182511,0.7897990761261243,R,0.0390625,2026,Richard Gallardo,AAA
682645,FF,73,95.53561643835617,13.301917808219178,-3.1676712328767125,6.219178082191781,5.712328767123288,-2.8767123287671232,2421.5,-0.6300187683753277,-0.7722109471829085,R,0.43452380952380953,2026,Jerming Rosario,AAA
682645,SI,34,94.88235294117646,6.155294117647059,-13.976470588235294,6.223529411764706,5.728823529411764,-2.8402941176470584,2359.3529411764707,-0.6228068706795638,-0.7631853687909,R,0.20238095238095238,2026,Jerming Rosario,AAA
682645,SL,61,85.15901639344261,-1.2255737704918033,10.357377049180327,6.1819672131147545,5.720491803278688,-2.8863934426229507,2682.032786885246,0.9056246147761741,0.30406060781679367,R,0.3630952380952381,2026,Jerming Rosario,AAA
682769,CH,26,88.23846153846154,5.713846153846154,-10.74923076923077,6.769230769230769,5.752307692307692,-1.855,1869.7307692307693,-0.7392554704217698,-0.6638795504247044,R,0.09154929577464789,2026,Eiberson Castellano,AAA
682769,CU,92,81.81739130434782,-6.73304347826087,5.779565217391305,6.591304347826087,5.735760869565218,-1.848586956521739,2546.108695652174,0.6562592966038571,0.7406607521995189,R,0.323943661971831,2026,Eiberson Castellano,AAA
682769,FF,101,93.98613861386139,12.117623762376239,-5.044752475247525,6.612871287128713,5.661584158415842,-1.9474257425742574,2261.0495049504952,-0.6813799927819375,-0.7284451373840641,R,0.35563380281690143,2026,Eiberson Castellano,AAA
682769,SI,47,94.35106382978724,8.622127659574469,-12.32936170212766,6.638297872340425,5.648297872340426,-1.9314893617021276,2314.6382978723404,-0.6728729688974832,-0.7357241055251487,R,0.16549295774647887,2026,Eiberson Castellano,AAA
682769,SL,18,88.66666666666667,5.38,-1.3466666666666667,6.550000000000001,5.696666666666666,-1.9933333333333334,2361.4444444444443,-0.43237362350942327,-0.8853616087401212,R,0.06338028169014084,2026,Eiberson Castellano,AAA
682785,CH,66,87.07878787878788,2.4763636363636365,-14.349090909090908,6.1499999999999995,5.986818181818181,-1.3280303030303031,1513.409090909091,-0.8312773729446,-0.5432479036160454,R,0.3728813559322034,2026,Angel Bastardo,AAA
682785,CU,14,80.52857142857144,-12.42,6.797142857142857,6.214285714285714,5.974285714285714,-1.2192857142857143,2381.0,0.5849483214159308,0.8002211071939896,R,0.07909604519774012,2026,Angel Bastardo,AAA
682785,FF,59,96.04406779661018,15.970169491525423,-10.785762711864407,6.216949152542373,5.952372881355932,-1.2596610169491524,2302.1186440677966,-0.6215049797672164,-0.7792047470129168,R,0.3333333333333333,2026,Angel Bastardo,AAA
682785,SL,38,86.3078947368421,2.845263157894737,2.7757894736842106,6.152631578947369,5.921578947368421,-1.2397368421052632,2386.2631578947367,0.09701582116930504,-0.6964528450999494,R,0.21468926553672316,2026,Angel Bastardo,AAA
682790,FF,69,95.56666666666668,13.911304347826087,-11.184347826086958,6.573913043478261,4.992463768115942,-1.8395652173913042,2342.5652173913045,-0.7517597396765019,-0.6551746445011652,R,0.6160714285714286,2026,Wikelman González,AAA
682790,SL,17,86.5764705882353,3.1976470588235295,4.249411764705882,6.447058823529411,5.148823529411764,-1.8541176470588234,2627.0,0.5977543914012738,-0.609031687241075,R,0.15178571428571427,2026,Wikelman González,AAA
682790,SV,26,80.08076923076922,-8.4,15.193846153846154,6.4079999999999995,5.211153846153847,-1.8469230769230771,2737.2,0.7995339312262019,0.595545422678819,R,0.23214285714285715,2026,Wikelman González,AAA
682825,FF,11,99.26363636363637,11.705454545454545,-6.34909090909091,6.536363636363637,5.6499999999999995,-2.0645454545454545,2362.2727272727275,-0.6718763315328686,-0.7232206112423811,R,0.07432432432432433,2026,Luis Mey,AAA
682825,SI,90,98.93222222222222,5.484,-14.590666666666667,6.525555555555555,5.693888888888889,-1.991888888888889,2233.8555555555554,-0.6149821818929229,-0.7273428138939918,R,0.6081081081081081,2026,Luis Mey,AAA
682825,SL,47,86.34042553191489,5.101276595744681,9.773617021276596,6.602127659574468,5.76404255319149,-1.9051063829787231,2332.1702127659573,0.8978300835973544,0.024425903960907772,R,0.31756756756756754,2026,Luis Mey,AAA
682855,FF,27,95.65185185185184,14.87111111111111,-7.555555555555555,5.814814814814815,5.6685185185185185,-2.04037037037037,2283.703703703704,-0.618152449879563,-0.7799534177640536,R,0.5510204081632653,2026,Luis Vargas,AAA
682855,SL,22,84.38181818181819,-1.8981818181818182,5.2309090909090905,5.790909090909091,5.682272727272728,-2.025909090909091,2557.909090909091,0.8082633013944875,0.5590135679538675,R,0.4489795918367347,2026,Luis Vargas,AAA
682897,CU,39,78.07692307692308,-10.572307692307692,5.935384615384615,6.197222222222222,6.226666666666667,-2.0694871794871794,2385.948717948718,-0.5924699944706254,0.7955213054890565,L,0.17488789237668162,2026,Steven Pérez,AAA
682897,FF,104,94.46923076923076,15.549230769230768,-4.655769230769231,6.150526315789473,6.274711538461539,-2.014615384615385,2025.0384615384614,0.4188097818316612,-0.9044610432182781,L,0.4663677130044843,2026,Steven Pérez,AAA
682897,SL,80,83.85499999999999,0.5429999999999999,4.602,6.2105263157894735,6.030125,-2.3465,2295.5625,-0.745904785453573,-0.3522104214827515,L,0.35874439461883406,2026,Steven Pérez,AAA
682967,CH,78,77.94487179487179,5.3999999999999995,-9.713846153846154,6.182051282051282,5.9614102564102565,-1.0764102564102562,1907.871794871795,-0.9265085324083657,-0.35430102007791436,R,0.38613861386138615,2026,Devin Sweet,AAA
682967,FC,25,87.848,11.4288,2.568,6.26,6.1808000000000005,-0.93,2223.84,-0.10333339041070186,-0.9888207493890709,R,0.12376237623762376,2026,Devin Sweet,AAA
682967,FF,77,90.87662337662337,19.167272727272724,-4.926233766233766,6.241558441558442,6.215974025974026,-0.8405194805194806,2200.2337662337663,-0.3253383983948375,-0.9432768254795539,R,0.3811881188118812,2026,Devin Sweet,AAA
682967,SL,22,83.50454545454545,4.62,6.381818181818182,6.245454545454546,6.144090909090909,-0.9454545454545454,2305.7272727272725,0.5656475439806272,-0.26646565319426835,R,0.10891089108910891,2026,Devin Sweet,AAA
682981,CU,14,79.11428571428571,-2.1599999999999997,14.682857142857143,7.007142857142857,5.523571428571429,-3.317142857142857,2553.285714285714,0.7923271020372237,0.6048591995498019,R,0.11382113821138211,2026,Derek Diamond,AAA
682981,FF,51,95.24117647058824,15.004705882352942,-7.818823529411764,6.892156862745098,5.834313725490197,-3.150588235294118,2335.4313725490197,-0.5879394022446041,-0.8045272638842828,R,0.4146341463414634,2026,Derek Diamond,AAA
682981,SI,11,93.9,9.087272727272726,-15.207272727272727,6.945454545454546,5.677272727272728,-3.1599999999999997,2185.0,-0.6218054360440521,-0.7804022662611424,R,0.08943089430894309,2026,Derek Diamond,AAA
682981,SL,47,85.14893617021276,2.134468085106383,8.821276595744681,6.961702127659574,5.617659574468084,-3.2697872340425533,2459.3829787234044,0.5437699481942052,-0.21693930113572893,R,0.3821138211382114,2026,Derek Diamond,AAA
682982,CU,14,76.97142857142856,-14.700000000000001,10.508571428571429,6.6571428571428575,5.977857142857142,-1.2207142857142856,2574.4285714285716,0.5365440955005324,0.8397561410567881,R,0.13725490196078433,2026,Daniel Espino,AAA
682982,FF,59,98.38474576271186,17.123389830508476,-6.221694915254237,6.622033898305085,6.010508474576271,-1.4842372881355934,2452.2542372881358,-0.47894560242525996,-0.8755671889913784,R,0.5784313725490197,2026,Daniel Espino,AAA
682982,SL,29,91.98965517241379,4.183448275862069,3.7655172413793103,6.503703703703703,5.93,-1.603448275862069,2349.7241379310344,0.2916298381862293,-0.9154258222237656,R,0.28431372549019607,2026,Daniel Espino,AAA
682989,FC,77,90.28311688311689,6.194805194805195,1.464935064935065,6.35974025974026,5.294415584415584,-3.0051948051948054,2487.311688311688,-0.2940553664961394,-0.8885496581613193,R,0.3869346733668342,2026,Victor Mederos,AAA
682989,FF,34,96.00294117647059,13.196470588235295,-10.016470588235293,6.338235294117647,5.447941176470588,-2.8888235294117646,2388.3823529411766,-0.7793437493980376,-0.6213126683579399,R,0.1708542713567839,2026,Victor Mederos,AAA
682989,SI,63,96.0952380952381,5.994285714285714,-16.815238095238094,6.3999999999999995,5.295079365079364,-2.938095238095238,2345.222222222222,-0.8190811578118296,-0.5688303830826932,R,0.3165829145728643,2026,Victor Mederos,AAA
682989,SL,25,84.62799999999999,2.4384,6.7056,6.484,5.2308,-3.0848,2416.08,0.9158981226496173,-0.16126628290015543,R,0.12562814070351758,2026,Victor Mederos,AAA
682990,CU,15,78.53999999999999,-6.4959999999999996,2.7920000000000003,6.1866666666666665,6.178666666666667,-1.9026666666666665,2466.4666666666667,0.5915506642114221,0.7872826290812159,R,0.5769230769230769,2026,Quinn Priester,AAA
682990,FC,11,88.7,10.22181818181818,1.1018181818181818,6.263636363636365,6.0609090909090915,-2.070909090909091,2267.090909090909,-0.5458969759649045,-0.8318037253721667,R,0.4230769230769231,2026,Quinn Priester,AAA
682995,FF,57,92.02280701754387,11.745263157894737,-15.591578947368422,6.226315789473684,5.226140350877193,-3.689298245614035,2282.1754385964914,0.875722305912495,-0.47911040587243503,L,0.3584905660377358,2026,Hunter Barco,AAA
682995,SI,44,92.22727272727273,6.864545454545455,-16.824545454545454,6.163636363636363,5.174090909090909,-3.675,2078.681818181818,0.8665143891110518,-0.4961574694902682,L,0.27672955974842767,2026,Hunter Barco,AAA
682995,SL,58,80.86379310344829,-3.8606896551724135,1.3448275862068966,6.1499999999999995,5.101896551724138,-3.684137931034483,2137.793103448276,-0.591545014789067,0.7745594290270221,L,0.36477987421383645,2026,Hunter Barco,AAA
682999,FF,10,93.97999999999999,18.06,-6.324,6.37,6.764,-0.945,2253.6,-0.42486519704102654,-0.9029098746429662,R,1.0,2026,Will Childers,AAA
683000,FF,59,95.54915254237288,18.597966101694915,-10.216271186440677,6.461016949152542,5.996779661016949,-2.2428813559322034,2351.9830508474574,-0.5396624098662373,-0.839675474141608,R,0.46825396825396826,2026,Riley Cornelio,AAA
683000,SL,67,84.38805970149254,2.688358208955224,1.1444776119402986,6.3283582089552235,5.951791044776119,-2.4241791044776115,2278.9701492537315,-0.4418474686466155,-0.00204658289584217,R,0.5317460317460317,2026,Riley Cornelio,AAA
683008,CU,22,77.89090909090909,-2.0072727272727273,11.432727272727272,6.085714285714285,5.116363636363636,-2.242272727272727,2716.0,-0.8074598949832347,0.4589122198626011,L,0.3728813559322034,2026,Avery Short,AAA
683008,FF,23,87.5695652173913,7.121739130434783,-11.916521739130435,6.239130434782608,5.34304347826087,-1.9647826086956521,2166.3478260869565,0.7792284637081998,-0.6191707180014706,L,0.3898305084745763,2026,Avery Short,AAA
683008,SL,14,81.41428571428571,3.968571428571429,5.014285714285714,6.135714285714286,5.219285714285715,-2.162857142857143,2447.0,-0.07188614729988295,-0.44461589573811855,L,0.23728813559322035,2026,Avery Short,AAA
683020,FF,32,95.371875,12.9975,-7.96875,6.203125,6.0715625,-1.516875,2181.9375,-0.6433606434692505,-0.7633412242779923,R,0.6666666666666666,2026,Gustavo Rodriguez,AAA
683020,SL,16,83.46875,1.3125,2.4225000000000003,6.26875,5.9425,-1.655625,2126.25,0.9195614968015594,-0.06830306657245244,R,0.3333333333333333,2026,Gustavo Rodriguez,AAA
683068,CH,37,87.34594594594596,8.471351351351352,-13.17081081081081,6.645945945945946,5.944324324324325,-1.5762162162162163,1773.875,0.8675771803014171,-0.4920821585394344,L,0.16972477064220184,2026,Zach Penrod,AAA
683068,FF,94,95.04787234042553,17.37191489361702,-4.40936170212766,6.557446808510638,6.1153191489361705,-1.3748936170212767,2288.559523809524,0.5176472371670163,-0.8409085810511436,L,0.43119266055045874,2026,Zach Penrod,AAA
683068,SL,87,88.32413793103449,6.857931034482759,3.619310344827586,6.49080459770115,5.820689655172414,-1.825632183908046,2331.2926829268295,0.23116110869305564,-0.8540882693604274,L,0.39908256880733944,2026,Zach Penrod,AAA
683085,FC,23,88.57826086956521,4.351304347826087,3.433043478260869,6.2,5.7156521739130435,-2.8395652173913044,2363.8695652173915,0.5459603660660852,-0.7602930430242018,R,0.24468085106382978,2026,Landon Sims,AAA
683085,FF,47,92.75744680851065,15.804255319148938,-1.56,6.227659574468085,5.69936170212766,-2.827872340425532,2268.8936170212764,-0.23996810498134274,-0.9384444585887148,R,0.5,2026,Landon Sims,AAA
683085,ST,24,83.29583333333333,2.04,10.81,6.2,5.6137500000000005,-2.90875,2415.5,0.9012869932079317,0.049534977482384966,R,0.2553191489361702,2026,Landon Sims,AAA
683155,CH,56,84.06607142857142,10.067142857142857,-13.127142857142857,6.119642857142857,5.709642857142858,-2.7582142857142857,1783.5535714285713,-0.7769443738596215,-0.5664595241102011,R,0.125,2026,Joey Estes,AAA
683155,FC,69,86.6623188405797,8.589565217391304,3.911304347826087,6.053623188405797,5.7153623188405795,-2.9768115942028985,2376.8695652173915,-0.01468195306676466,-0.8953600195398359,R,0.15401785714285715,2026,Joey Estes,AAA
683155,FF,186,92.54569892473118,16.698064516129033,-7.779999999999999,6.158064516129032,5.844354838709677,-2.819784946236559,2363.940860215054,-0.5788079803424262,-0.8019703838375115,R,0.41517857142857145,2026,Joey Estes,AAA
683155,SI,39,91.85384615384616,12.516923076923076,-12.15076923076923,6.138461538461539,5.751794871794871,-2.632307692307692,2264.8205128205127,-0.5644062603423927,-0.8224438863335083,R,0.08705357142857142,2026,Joey Estes,AAA
683155,SL,36,82.63055555555555,0.3033333333333333,5.58,6.044444444444444,5.769166666666667,-2.8658333333333332,2337.6388888888887,0.7497946553442,-0.24976111699653059,R,0.08035714285714286,2026,Joey Estes,AAA
683155,ST,62,78.72258064516129,4.772903225806452,15.563225806451612,5.995081967213115,5.676451612903226,-3.0693548387096774,2540.5245901639346,0.9273789410337843,0.11475248454336483,R,0.13839285714285715,2026,Joey Estes,AAA
683157,CH,29,84.18275862068967,0.24827586206896549,-7.522758620689655,5.793103448275862,5.78,-2.0534482758620687,1892.3103448275863,-0.5761288437965139,-0.023452485724785203,R,0.08708708708708708,2026,Evan Fitterer,AAA
683157,CU,108,82.68333333333332,-6.595555555555556,8.061111111111112,5.775925925925925,5.908055555555556,-1.9341666666666666,2591.222222222222,0.5833101648003391,0.8010004021519854,R,0.32432432432432434,2026,Evan Fitterer,AAA
683157,FF,151,94.33973509933774,7.705430463576159,-5.045562913907284,5.891390728476821,5.928807947019868,-1.7649006622516556,2048.8476821192053,-0.7058924622221813,-0.6977945545829158,R,0.45345345345345345,2026,Evan Fitterer,AAA
683157,SI,35,93.93142857142857,4.618285714285714,-13.474285714285715,5.865714285714286,5.940571428571428,-1.5802857142857143,2047.3142857142857,-0.6650447404292398,-0.729642606040856,R,0.10510510510510511,2026,Evan Fitterer,AAA
683157,SL,10,85.01,1.2719999999999998,2.904,5.85,5.674,-1.919,2365.5,0.16456202603100586,0.5567390083316848,R,0.03003003003003003,2026,Evan Fitterer,AAA
683175,CU,19,86.9578947368421,-6.107368421052632,3.082105263157895,6.110526315789474,5.953157894736842,-1.1789473684210525,2202.8947368421054,0.7331096294152657,0.6245530249928385,R,0.10614525139664804,2026,Connor Phillips,AAA
683175,FF,91,97.87362637362638,15.702857142857143,-9.805714285714286,6.071428571428571,5.966483516483517,-1.3874725274725275,2413.043956043956,-0.682250289747844,-0.7277168616105916,R,0.5083798882681564,2026,Connor Phillips,AAA
683175,ST,69,86.1159420289855,1.1617391304347826,14.034782608695652,5.959420289855072,5.815652173913043,-1.5602898550724638,2463.8840579710145,0.91099240115991,0.37090931232099406,R,0.3854748603351955,2026,Connor Phillips,AAA
683177,FC,66,88.7,4.550909090909091,4.409090909090909,6.178787878787879,5.892121212121212,-1.4989393939393938,2687.5,0.2871451844571071,-0.7015550397799643,R,0.29333333333333333,2026,Jared Southard,AAA
683177,FF,58,94.60344827586206,11.178620689655173,-3.1655172413793102,6.193103448275862,5.916379310344827,-1.331551724137931,2280.5689655172414,-0.5943660191204012,-0.7965995857793181,R,0.2577777777777778,2026,Jared Southard,AAA
683177,SI,58,95.15172413793104,6.250344827586207,-13.690344827586205,6.25,5.9206896551724135,-1.494655172413793,2151.5689655172414,-0.6638073933822637,-0.7444367525289871,R,0.2577777777777778,2026,Jared Southard,AAA
683177,SL,43,83.21627906976745,0.8511627906976744,11.751627906976744,6.072093023255815,5.738837209302326,-1.5383720930232558,2806.1627906976746,0.8761621605365407,0.4545439356263224,R,0.19111111111111112,2026,Jared Southard,AAA
683235,FF,27,93.2,16.795555555555556,-9.822222222222221,6.2444444444444445,6.178148148148148,-1.3174074074074074,2292.1481481481483,-0.5787178987913809,-0.8140995226667482,R,1.0,2026,Justin Campbell,AAA
683352,CH,11,84.19090909090909,5.912727272727273,-15.567272727272728,5.881818181818182,5.58,-2.4272727272727272,1651.8181818181818,0.7879219228599971,-0.6096443331606667,L,0.05641025641025641,2026,Mitch Bratt,AAA
683352,CU,10,77.47,-9.803999999999998,11.040000000000001,5.91,5.795,-2.129,2297.9,-0.6504006831185966,0.7563039371021543,L,0.05128205128205128,2026,Mitch Bratt,AAA
683352,FF,91,90.45054945054945,14.679560439560438,-4.827692307692308,6.032967032967033,5.4859340659340665,-2.457032967032967,2352.934065934066,0.6076985524829065,-0.7883199678891508,L,0.4666666666666667,2026,Mitch Bratt,AAA
683352,SI,32,90.540625,10.08,-13.50375,6.0875,5.45,-2.4987500000000002,2210.46875,0.6191113838981605,-0.7801330110874383,L,0.1641025641025641,2026,Mitch Bratt,AAA
683352,SL,15,85.9,8.544,2.864,5.98,5.769333333333334,-2.232666666666667,2439.2,0.06679296746396776,-0.9870996237711904,L,0.07692307692307693,2026,Mitch Bratt,AAA
683352,SV,36,79.29444444444444,-1.18,12.29,5.975,5.555,-2.4361111111111113,2312.9166666666665,-0.7680852174853154,0.5133578101663657,L,0.18461538461538463,2026,Mitch Bratt,AAA
683363,CH,17,83.88235294117646,9.254117647058823,-15.134117647058822,6.664705882352941,4.976470588235294,-2.9499999999999997,1582.1764705882354,0.9236293716415735,-0.37762234578692877,L,0.2125,2026,Matt Wilkinson,AAA
683363,FC,21,84.22857142857143,4.24,1.6171428571428572,6.561904761904763,4.9366666666666665,-3.190952380952381,2163.809523809524,0.27545050071565097,-0.6880012191442445,L,0.2625,2026,Matt Wilkinson,AAA
683363,FF,42,90.47857142857143,15.24,-10.494285714285715,6.6119047619047615,5.0007142857142854,-3.060238095238095,2023.0,0.7256792603991029,-0.6846840505259568,L,0.525,2026,Matt Wilkinson,AAA
683409,CH,16,88.1625,7.17,-13.7475,6.05,5.80875,-1.484375,1796.4375,-0.9374916176408511,-0.3447010269246023,R,1.0,2026,Angel Chivilli,AAA
683568,CH,13,87.47692307692309,4.6984615384615385,-14.399999999999999,6.961538461538462,5.126153846153846,-2.7223076923076923,2204.0,-0.8680300504778049,0.008062659164087648,R,0.16455696202531644,2026,Jairo Iriarte,AAA
683568,FC,13,86.70769230769231,2.436923076923077,-9.895384615384614,6.992307692307692,5.0515384615384615,-2.7169230769230768,2111.923076923077,-0.6387568665176544,-0.09226719034743985,R,0.16455696202531644,2026,Jairo Iriarte,AAA
683568,FF,23,94.79130434782608,10.580869565217393,-16.14260869565217,6.978260869565218,5.133913043478261,-2.676086956521739,2305.8695652173915,-0.8769340653638248,-0.47830013888176415,R,0.2911392405063291,2026,Jairo Iriarte,AAA
683568,SI,30,94.51333333333334,7.34,-16.976,7.02,5.074,-2.6146666666666665,2300.0333333333333,-0.9097163544004143,-0.4082164038384281,R,0.379746835443038,2026,Jairo Iriarte,AAA
683627,CH,14,87.07857142857142,6.951428571428571,-15.617142857142856,6.185714285714285,6.073571428571428,-2.0964285714285715,1914.4285714285713,-0.7860078868700615,-0.6156646596564771,R,0.12612612612612611,2026,Anthony Molina,AAA
683627,CU,22,84.89999999999999,-1.62,3.921818181818182,6.204545454545454,6.261818181818182,-1.7072727272727273,2209.909090909091,0.8637701748031913,0.08173995713830685,R,0.1981981981981982,2026,Anthony Molina,AAA
683627,FF,52,96.60769230769232,17.38153846153846,-6.641538461538461,6.161538461538461,6.3380769230769225,-1.6576923076923078,2191.1346153846152,-0.45704400319887273,-0.88739780198198,R,0.46846846846846846,2026,Anthony Molina,AAA
683627,SL,23,87.71739130434783,5.739130434782608,3.511304347826087,6.165217391304348,6.214782608695652,-1.8439130434782607,2050.5652173913045,0.08643412506670589,-0.8070021646131712,R,0.2072072072072072,2026,Anthony Molina,AAA
683742,CH,28,88.125,10.14,-12.402857142857144,6.285714285714286,5.899642857142857,-1.2357142857142858,1588.6785714285713,-0.8291238371959284,-0.5533165855931047,R,0.11965811965811966,2026,Jose Franco,AAA
683742,FF,98,95.01530612244898,15.554693877551022,-12.048979591836734,6.321428571428571,5.971632653061225,-1.0979591836734692,2316.9795918367345,-0.6497319623327644,-0.7555262702171788,R,0.4188034188034188,2026,Jose Franco,AAA
683742,SL,108,85.80185185185185,2.9466666666666668,2.797777777777778,6.133333333333333,6.01712962962963,-1.2142592592592591,2481.8055555555557,0.22594114515807084,-0.78472463078449,R,0.46153846153846156,2026,Jose Franco,AAA
683769,FF,13,93.16923076923078,16.486153846153847,-6.332307692307693,6.6923076923076925,6.288461538461538,-2.57,2246.5384615384614,-0.5078833845277362,-0.8608922874372946,R,0.5,2026,Hunter Gaddis,AAA
683769,SL,13,86.28461538461539,2.833846153846154,6.84923076923077,6.661538461538461,6.395384615384615,-2.52,2260.6153846153848,0.6053051457904204,-0.7169950966772978,R,0.5,2026,Hunter Gaddis,AAA
684049,FF,59,95.41525423728814,20.135593220338983,-4.932203389830509,6.486440677966102,6.317796610169491,-0.5120338983050847,2327.322033898305,-0.2755853559809702,-0.9589046329132359,R,0.7283950617283951,2026,Brandan Bidois,AAA
684049,SL,22,86.88181818181818,2.3127272727272725,6.010909090909092,6.4409090909090905,6.373181818181819,-0.43636363636363634,2686.8636363636365,0.578422496555056,-0.5182096729835894,R,0.2716049382716049,2026,Brandan Bidois,AAA
684128,FC,14,88.01428571428572,2.8628571428571425,1.2514285714285713,6.142857142857143,6.07,-0.8285714285714285,2247.0714285714284,-0.08444383390233852,-0.8198983289779349,R,0.56,2026,Reidis Sena,AAA
684128,FF,11,96.48181818181818,18.829090909090908,-6.927272727272726,6.236363636363635,6.237272727272727,-0.5309090909090909,2412.7272727272725,-0.41654112546009064,-0.9082863039646244,R,0.44,2026,Reidis Sena,AAA
684320,FF,12,95.47500000000001,13.33,-2.7899999999999996,6.35,6.015000000000001,-1.6008333333333333,2325.5833333333335,-0.6066068680518902,-0.7807296428783083,R,0.19672131147540983,2026,Yariel Rodríguez,AAA
684320,FS,16,87.98125,4.68,-14.475,6.453846153846154,6.1025,-1.3775,1386.375,-0.8476061132628709,-0.5217729414493145,R,0.26229508196721313,2026,Yariel Rodríguez,AAA
684320,SI,11,95.1,12.392727272727273,-16.44,6.236363636363635,5.9372727272727275,-1.5909090909090908,2290.909090909091,-0.6051248979573425,-0.7925394741371058,R,0.18032786885245902,2026,Yariel Rodríguez,AAA
684320,SL,22,84.45454545454545,-0.8072727272727271,6.36,6.104761904761904,5.960909090909092,-1.7454545454545454,2679.4545454545455,0.4033590133623272,0.7257218066850171,R,0.36065573770491804,2026,Yariel Rodríguez,AAA
684384,FF,62,91.73064516129033,16.12258064516129,-5.041935483870968,6.233870967741935,6.321612903225806,-1.4896774193548388,2039.7857142857142,-0.4348893287858923,-0.8980105680793669,R,0.5585585585585585,2026,Chase Plymell,AAA
684384,SL,49,83.5265306122449,3.315918367346939,2.1648979591836732,5.985714285714286,6.405714285714286,-1.4316326530612247,2219.6382978723404,0.531662126218154,-0.7430853287315938,R,0.44144144144144143,2026,Chase Plymell,AAA
684442,CH,44,81.0840909090909,6.469090909090909,-14.888181818181819,6.329545454545454,5.913181818181818,-1.406590909090909,1852.7209302325582,0.9213924412702574,-0.3814498785460553,L,0.11956521739130435,2026,Kohl Drake,AAA
684442,CU,29,79.41379310344827,-7.60551724137931,3.496551724137931,6.282758620689655,5.975862068965518,-1.4593103448275861,2475.6206896551726,-0.6352712875292061,0.7644148559354454,L,0.07880434782608696,2026,Kohl Drake,AAA
684442,FC,78,85.76923076923077,7.663076923076924,0.2984615384615385,6.32051282051282,5.870128205128205,-1.5703846153846153,2233.0897435897436,0.48155376484204154,-0.8452544214036539,L,0.21195652173913043,2026,Kohl Drake,AAA
684442,FF,185,91.12702702702703,13.837621621621622,-10.001513513513514,6.245945945945946,6.036054054054055,-1.5057297297297298,2183.935135135135,0.6603935378573941,-0.7479113913995056,L,0.5027173913043478,2026,Kohl Drake,AAA
684442,SL,32,81.896875,3.44625,2.24625,6.296875,5.8096875,-1.64,2265.03125,-0.05003477025794302,-0.6501092709413574,L,0.08695652173913043,2026,Kohl Drake,AAA
684516,CH,80,90.21124999999999,2.625,-12.352500000000001,6.1175,5.8005,-2.21575,1283.45,-0.835362849250183,-0.540242741763983,R,0.33755274261603374,2026,Hancel Rincon,AAA
684516,FF,86,95.05116279069767,15.544186046511628,-5.804651162790697,6.128235294117647,5.776046511627907,-2.1156976744186045,2259.9767441860463,-0.4883916374987152,-0.8673981454850179,R,0.3628691983122363,2026,Hancel Rincon,AAA
684516,SL,71,85.54788732394366,-3.2501408450704226,2.1616901408450704,6.056338028169014,5.768450704225352,-2.195070422535211,2266.394366197183,0.7417203768224364,0.6131307863988278,R,0.29957805907172996,2026,Hancel Rincon,AAA
684608,SI,33,90.5969696969697,14.476363636363637,-7.356363636363636,5.927272727272727,5.946666666666667,-0.8878787878787879,2108.939393939394,0.5421787006651202,-0.8378107370742747,L,1.0,2026,Will Brian,AAA
684725,CH,16,87.70625,2.8049999999999997,-15.3225,6.28125,5.90875,-1.3699999999999999,1705.625,-0.7886289959428981,-0.6092983265315418,R,0.0784313725490196,2026,Zach Messinger,AAA
684725,FC,68,87.26176470588236,4.168235294117647,3.831176470588235,6.108823529411764,5.877205882352941,-1.626029411764706,2506.029411764706,0.06761331526562023,-0.7889760504102901,R,0.3333333333333333,2026,Zach Messinger,AAA
684725,FF,39,94.18205128205128,16.135384615384616,-8.286153846153846,6.297435897435897,6.0830769230769235,-1.256923076923077,2302.4358974358975,-0.61545338778433,-0.7847789026167956,R,0.19117647058823528,2026,Zach Messinger,AAA
684725,SI,58,95.06551724137931,10.411034482758621,-15.757241379310344,6.3,5.966206896551724,-1.3268965517241378,2245.603448275862,-0.6693340928668432,-0.740239788998466,R,0.28431372549019607,2026,Zach Messinger,AAA
684725,SL,23,83.19130434782609,1.0904347826086958,13.841739130434783,6.104347826086957,5.80913043478261,-1.663478260869565,2783.304347826087,0.7071033704304988,0.43681020144822763,R,0.11274509803921569,2026,Zach Messinger,AAA
684949,CU,46,81.75434782608696,-5.058260869565218,17.04,6.519565217391304,5.3078260869565215,-2.510217391304348,2787.195652173913,0.8048463943468493,0.586963224896199,R,0.41818181818181815,2026,Zac Leigh,AAA
684949,FF,64,94.8140625,12.549375,-1.6762499999999998,6.6015625,5.52828125,-2.333125,2415.5,-0.3970239394840731,-0.9105839949892804,R,0.5818181818181818,2026,Zac Leigh,AAA
684974,CH,26,77.76153846153846,-3.0923076923076924,-16.61076923076923,6.726923076923077,4.826153846153846,-2.0646153846153847,2426.1153846153848,-0.8883413738655691,0.45335517430291056,R,0.4262295081967213,2026,Craig Yoho,AAA
684974,FC,12,90.44166666666666,10.56,-0.9500000000000001,6.741666666666667,5.085,-2.2225,2554.1666666666665,-0.4406223301847408,-0.8819267082108929,R,0.19672131147540983,2026,Craig Yoho,AAA
684974,FF,23,93.74347826086957,11.248695652173915,-16.63304347826087,6.660869565217391,5.003913043478261,-2.0743478260869566,2454.2608695652175,-0.8696823350908033,-0.49074090204596327,R,0.3770491803278688,2026,Craig Yoho,AAA
685005,FC,29,91.71379310344827,8.784827586206896,-1.9655172413793103,6.282758620689655,6.033103448275862,-1.8262068965517242,2194.3793103448274,-0.4452317524019471,-0.8880023469789179,R,0.17058823529411765,2026,Christian Roa,AAA
685005,FF,47,95.64255319148936,14.862127659574467,-6.454468085106384,6.270212765957447,6.275744680851063,-1.5838297872340426,2193.978723404255,-0.5551355205812393,-0.8276103992941994,R,0.27647058823529413,2026,Christian Roa,AAA
685005,SI,47,94.6872340425532,10.429787234042553,-13.881702127659576,6.3021276595744675,6.262127659574468,-1.66,2063.2978723404253,-0.5826772004196926,-0.8088774068321694,R,0.27647058823529413,2026,Christian Roa,AAA
685005,SL,47,87.47872340425532,-0.2987234042553191,3.421276595744681,6.21063829787234,6.23404255319149,-1.6219148936170213,2380.0425531914893,0.44660616286383503,0.5295018236881739,R,0.27647058823529413,2026,Christian Roa,AAA
685010,SI,10,91.03,7.296000000000001,-14.436000000000002,6.0,5.393,-0.982,2053.5,0.7730419700617424,-0.6327191154360869,L,1.0,2026,Dustin Saenz,AAA
685107,CH,43,84.64651162790697,5.902325581395349,-14.787906976744186,5.879069767441861,6.178837209302325,-1.8013953488372094,1694.6976744186047,0.9124279502491772,-0.3971055852341061,L,0.19457013574660634,2026,Anthony Veneziano,AAA
685107,FF,69,92.18695652173912,13.619130434782608,-9.173913043478262,5.818840579710145,6.215797101449275,-1.8595652173913044,2209.8695652173915,0.703606973307441,-0.6648254421913327,L,0.31221719457013575,2026,Anthony Veneziano,AAA
685107,SI,17,92.08235294117648,9.51529411764706,-15.536470588235295,5.811764705882353,6.222352941176471,-1.7988235294117647,2229.5882352941176,0.705300104419392,-0.7067479717992818,L,0.07692307692307693,2026,Anthony Veneziano,AAA
685107,SL,36,86.86111111111111,7.163333333333333,1.3066666666666669,5.777777777777778,6.209722222222222,-1.8497222222222223,2145.1111111111113,0.5386801685421442,-0.7620057469316479,L,0.16289592760180996,2026,Anthony Veneziano,AAA
685107,ST,56,80.82678571428572,2.0185714285714287,9.567857142857141,5.7803571428571425,6.175892857142857,-1.7839285714285715,2337.3571428571427,-0.8682705093694592,0.47331637506108176,L,0.25339366515837103,2026,Anthony Veneziano,AAA
685112,FC,102,89.11764705882354,1.8941176470588237,3.856470588235294,5.963725490196078,5.732352941176471,-1.315686274509804,2622.6,0.6557030352992161,-0.529970356725321,R,0.4857142857142857,2026,Zach McCambley,AAA
685112,FF,59,94.70508474576272,13.31593220338983,-2.6542372881355933,6.067796610169491,5.779491525423729,-1.2172881355932201,2455.685185185185,-0.5427309084578519,-0.830468548470539,R,0.28095238095238095,2026,Zach McCambley,AAA
685112,ST,49,84.19591836734695,-2.8922448979591837,14.17469387755102,6.006122448979592,5.840408163265306,-1.2040816326530612,2711.560975609756,0.7811287164874811,0.5894826650769015,R,0.23333333333333334,2026,Zach McCambley,AAA
685126,CH,28,84.47142857142856,3.5357142857142856,-12.231428571428571,6.892857142857143,4.904642857142858,-4.187142857142857,1321.1785714285713,0.7887011715762435,-0.6016337338859391,L,0.25,2026,Brandon Eisert,AAA
685126,FF,57,89.66491228070174,16.145263157894735,-7.286315789473684,6.936842105263158,5.084912280701754,-4.077894736842105,2135.8596491228072,0.5949029283996599,-0.7680417657641629,L,0.5089285714285714,2026,Brandon Eisert,AAA
685126,SL,27,83.37777777777777,2.1777777777777776,5.155555555555556,6.8962962962962955,5.064814814814815,-4.124074074074074,2185.6296296296296,-0.6242831707159844,-0.6085019986749501,L,0.24107142857142858,2026,Brandon Eisert,AAA
685299,CH,20,82.85,13.062000000000001,-15.156,6.220000000000001,6.397,-2.7645,1978.2,-0.7794247076163228,-0.6244511197319857,R,0.2702702702702703,2026,Tanner Gordon,AAA
685299,FF,39,91.23589743589743,17.673846153846153,-11.612307692307692,6.141025641025641,6.455384615384615,-2.7523076923076926,2165.0,-0.5771331728392374,-0.8140951036109975,R,0.527027027027027,2026,Tanner Gordon,AAA
685299,SL,15,83.38666666666667,3.12,0.37600000000000006,6.04,6.274666666666667,-2.9506666666666663,2125.733333333333,0.20648556875346166,-0.09926901891761389,R,0.20270270270270271,2026,Tanner Gordon,AAA
685377,CH,43,89.3,1.6772093023255814,-12.371162790697674,5.846511627906977,5.546511627906977,-1.5751162790697675,1630.860465116279,-0.8883990680123235,-0.44906317607631674,R,0.22395833333333334,2026,Misael Tamarez,AAA
685377,FF,68,96.30441176470588,11.392941176470588,-10.406470588235294,5.916176470588235,5.862205882352941,-1.3122058823529412,2285.779411764706,-0.7361643891463042,-0.6688753744889162,R,0.3541666666666667,2026,Misael Tamarez,AAA
685377,SI,22,94.65,9.267272727272728,-12.965454545454547,5.8136363636363635,5.655909090909091,-1.595909090909091,2277.590909090909,-0.8044559821794078,-0.5873013562899315,R,0.11458333333333333,2026,Misael Tamarez,AAA
685377,SL,59,88.53050847457628,5.07864406779661,-0.09559322033898301,5.822033898305085,5.74593220338983,-1.6533898305084744,2323.3389830508477,-0.33863290159091947,-0.6014218218140698,R,0.3072916666666667,2026,Misael Tamarez,AAA
685464,CU,28,79.23928571428571,-12.312857142857142,10.585714285714285,6.807142857142857,5.1975,-1.0467857142857142,2404.75,0.6576881945355654,0.7469386410511784,R,0.3076923076923077,2026,Cade Winquest,AAA
685464,FC,19,90.98947368421052,5.671578947368421,2.0842105263157897,6.815789473684211,5.038947368421052,-1.1247368421052633,2547.5263157894738,-0.10019511720470334,-0.8840217538625232,R,0.2087912087912088,2026,Cade Winquest,AAA
685464,FF,44,95.29318181818181,14.02090909090909,-2.1027272727272726,6.902272727272727,5.311136363636364,-0.7536363636363638,2497.2727272727275,-0.5190845285865971,-0.8523673906012376,R,0.4835164835164835,2026,Cade Winquest,AAA
685719,CH,33,86.7969696969697,5.381818181818182,-12.709090909090909,6.509090909090909,5.548484848484848,-3.1054545454545455,1841.4242424242425,0.8505858731062825,-0.470535764746857,L,0.7021276595744681,2026,Fernando Sanchez,AAA
685719,SL,14,76.97142857142856,-1.1314285714285712,10.037142857142857,6.3,5.398571428571429,-3.3392857142857144,2000.0714285714287,-0.6743654431703684,0.2088573180792561,L,0.2978723404255319,2026,Fernando Sanchez,AAA
685763,CH,51,82.9843137254902,3.8258823529411767,-12.583529411764706,6.084313725490197,6.000196078431372,-1.9903921568627452,1927.4117647058824,-0.8755536907826454,-0.3372758416977978,R,0.29310344827586204,2026,Jonatan Bernal,AAA
685763,CU,15,81.91333333333334,-1.1039999999999999,-0.8879999999999999,5.993333333333333,5.954666666666667,-1.9733333333333334,2243.2,-0.015645984560724354,0.4902373954984679,R,0.08620689655172414,2026,Jonatan Bernal,AAA
685763,SI,96,92.934375,12.2525,-10.22125,6.132291666666667,5.921666666666667,-1.9105208333333332,2099.9166666666665,-0.7613539551969368,-0.6336026539993528,R,0.5517241379310345,2026,Jonatan Bernal,AAA
685763,SL,12,83.13333333333334,1.07,1.47,5.983333333333333,5.861666666666667,-2.19,2415.0833333333335,-0.24376084438074816,0.4319313009677719,R,0.06896551724137931,2026,Jonatan Bernal,AAA
685801,CU,10,79.97,-16.163999999999998,6.252000000000001,6.909999999999999,5.615,-0.298,2348.4,0.3151165437003821,0.9472501707952905,R,0.13157894736842105,2026,Hunter Bigge,AAA
685801,FF,43,96.19302325581396,17.66232558139535,-4.152558139534884,6.727906976744186,5.843488372093024,-0.39325581395348835,2389.3023255813955,-0.31452357274370046,-0.9454887884553437,R,0.5657894736842105,2026,Hunter Bigge,AAA
685801,SL,23,87.51304347826087,2.9060869565217393,5.212173913043479,6.747826086956521,5.641739130434782,-0.6139130434782608,2271.391304347826,0.651559290372064,-0.5923460829469404,R,0.3026315789473684,2026,Hunter Bigge,AAA
686218,CH,19,83.17894736842106,-1.0863157894736843,-11.59578947368421,6.326315789473685,5.193684210526317,-1.4189473684210527,1307.3684210526317,-0.9962303355011075,-0.0027888808062492072,R,0.1958762886597938,2026,Emmet Sheehan,AAA
686218,CU,12,78.75833333333334,-8.26,8.99,6.375,5.319166666666667,-1.2233333333333334,2643.0833333333335,0.7784189566594787,0.6228729665057555,R,0.12371134020618557,2026,Emmet Sheehan,AAA
686218,FF,48,93.10416666666667,17.5325,-8.3575,6.4750000000000005,5.402708333333333,-1.184375,2506.75,-0.5349881353676876,-0.8418126679078112,R,0.4948453608247423,2026,Emmet Sheehan,AAA
686218,SL,18,86.16111111111111,4.933333333333334,2.173333333333334,6.361111111111111,5.205555555555556,-1.3688888888888888,2319.6666666666665,-0.41759906827469645,-0.8866207483770425,R,0.18556701030927836,2026,Emmet Sheehan,AAA
686223,FC,17,88.5,3.8964705882352937,-0.7482352941176471,5.752941176470588,6.047058823529412,-2.311176470588235,2408.823529411765,-0.5565135380706423,-0.7807130483492063,R,0.19767441860465115,2026,Joey Mancini,AAA
686223,FF,17,92.91764705882352,11.442352941176472,-6.472941176470588,5.882352941176471,6.121176470588235,-2.19,2115.176470588235,-0.7035912719744737,-0.7079764128986916,R,0.19767441860465115,2026,Joey Mancini,AAA
686223,SI,29,92.85862068965517,5.544827586206897,-13.477241379310346,5.806896551724138,6.0648275862068965,-2.2586206896551726,1975.5862068965516,-0.7842995761337084,-0.6173100707437956,R,0.3372093023255814,2026,Joey Mancini,AAA
686223,SL,23,84.19565217391305,-1.9252173913043478,9.255652173913044,5.626086956521739,5.972173913043479,-2.278260869565217,2645.782608695652,0.7121426577024887,0.678250011369722,R,0.26744186046511625,2026,Joey Mancini,AAA
686228,FC,72,90.29027777777777,2.665,3.32,5.9944444444444445,5.102222222222222,-2.0358333333333336,2544.2957746478874,0.47622797367220426,-0.5594267895255908,R,0.3673469387755102,2026,Juan Burgos,AAA
686228,FF,13,96.56923076923077,9.313846153846153,-5.40923076923077,5.792307692307692,5.227692307692307,-1.9584615384615385,2315.230769230769,-0.7727238983468374,-0.6238085016667184,R,0.0663265306122449,2026,Juan Burgos,AAA
686228,SI,67,95.90447761194031,2.299701492537314,-12.15044776119403,5.800000000000001,5.155522388059702,-1.9883582089552239,2334.223880597015,-0.7613713386453751,-0.5483054694722718,R,0.34183673469387754,2026,Juan Burgos,AAA
686228,ST,44,85.45681818181818,-0.09818181818181819,10.873636363636363,6.181818181818182,5.129090909090909,-2.1838636363636366,2802.9545454545455,0.9222501303445003,0.2986039497606141,R,0.22448979591836735,2026,Juan Burgos,AAA
686294,CH,11,87.75454545454545,6.218181818181819,-11.618181818181817,6.6,6.086363636363637,-1.3409090909090908,1187.5454545454545,-0.8124072317371809,-0.5138749330109007,R,0.0728476821192053,2026,Amos Willingham,AAA
686294,FC,49,88.32244897959184,5.635102040816327,-0.024489795918367363,6.469387755102041,6.191020408163266,-1.467142857142857,2127.265306122449,-0.22330743590558444,-0.7971179569465395,R,0.32450331125827814,2026,Amos Willingham,AAA
686294,FF,52,94.4346153846154,17.462307692307693,-5.273076923076923,6.436538461538461,6.251730769230769,-1.3715384615384616,2385.653846153846,-0.415158410344083,-0.9077521864643793,R,0.3443708609271523,2026,Amos Willingham,AAA
686294,SL,39,83.5025641025641,-2.993846153846154,3.04,6.4743589743589745,6.13076923076923,-1.4297435897435897,2150.6153846153848,0.5499926344393238,0.6122814584836017,R,0.2582781456953642,2026,Amos Willingham,AAA
686533,CH,13,87.5923076923077,5.667692307692308,-12.710769230769229,5.907692307692307,5.972307692307693,-2.800769230769231,1973.3076923076924,-0.7256530185952926,-0.49660528900385537,R,0.19402985074626866,2026,Jackson Finley,AAA
686533,FC,11,87.77272727272727,3.7854545454545456,1.8872727272727274,5.9363636363636365,5.95,-2.6845454545454546,2302.5454545454545,-0.1763583680642185,-0.9047888012260341,R,0.16417910447761194,2026,Jackson Finley,AAA
686533,FF,43,95.15813953488373,13.705116279069768,-9.276279069767442,6.030232558139535,6.0416279069767445,-2.584418604651163,2234.6046511627906,-0.6101807266429822,-0.7894969661298515,R,0.6417910447761194,2026,Jackson Finley,AAA
686560,FC,17,91.49411764705883,4.129411764705883,-1.0447058823529412,6.088235294117647,5.050588235294118,-3.9041176470588237,2673.0,0.13071295284775977,-0.7052280318324162,R,0.2125,2026,Gavin Collyer,AAA
686560,FF,34,97.72941176470589,11.925882352941176,-11.48470588235294,6.129411764705883,5.158529411764706,-3.7476470588235293,2496.264705882353,-0.886221261741911,-0.45612210240047957,R,0.425,2026,Gavin Collyer,AAA
686560,SI,14,96.01428571428572,0.9342857142857143,-16.26857142857143,6.242857142857143,4.861428571428571,-3.7385714285714284,2410.4285714285716,-0.8963463966484005,-0.42887796423912194,R,0.175,2026,Gavin Collyer,AAA
686560,ST,15,86.56666666666666,4.36,10.895999999999999,6.0,4.823333333333333,-3.9339999999999997,2957.5333333333333,0.8663555363202705,0.17344283527250784,R,0.1875,2026,Gavin Collyer,AAA
686563,CH,61,85.81803278688524,0.24,-13.489180327868853,6.183606557377049,5.73672131147541,-2.4454098360655734,1717.327868852459,-0.8796283220991193,-0.3820198832723091,R,0.14950980392156862,2026,Jonathan Cannon,AAA
686563,FC,25,89.84,9.883199999999999,-0.1104,6.14,5.8664,-2.3888,2361.0,-0.4680027986597466,-0.8657207425923431,R,0.061274509803921566,2026,Jonathan Cannon,AAA
686563,FF,150,93.83933333333333,14.7856,-8.4352,6.148000000000001,5.8976,-2.2772666666666663,2265.0866666666666,-0.70557627466725,-0.7031670714090636,R,0.36764705882352944,2026,Jonathan Cannon,AAA
686563,SI,63,92.98253968253968,5.780952380952381,-15.253333333333334,6.163492063492064,5.798095238095238,-2.354285714285714,2182.0476190476193,-0.7136359780813039,-0.6923831756909451,R,0.15441176470588236,2026,Jonathan Cannon,AAA
686563,SL,25,86.852,4.3824000000000005,3.7632,6.132000000000001,5.833600000000001,-2.3091999999999997,2442.12,0.16519512560626304,-0.7168930750212141,R,0.061274509803921566,2026,Jonathan Cannon,AAA
686563,ST,84,82.21309523809524,3.744285714285714,12.454285714285716,6.102380952380953,5.7003571428571425,-2.450714285714286,2499.9285714285716,0.944740194782789,0.27896086186889624,R,0.20588235294117646,2026,Jonathan Cannon,AAA
686613,FF,18,97.61111111111111,15.513333333333334,-8.033333333333333,6.672222222222222,6.153888888888889,-1.6716666666666666,2263.3333333333335,-0.480234087833805,-0.8722585865157071,R,0.6428571428571429,2026,Hunter Brown,AAA
686613,SI,10,96.26,10.572,-14.148000000000001,6.659999999999999,6.066,-1.9600000000000002,2144.2,-0.5015515731658592,-0.861933629140988,R,0.35714285714285715,2026,Hunter Brown,AAA
686628,CU,25,85.368,-8.1504,0.9984000000000001,6.127999999999999,5.6812000000000005,-2.5136000000000003,2320.36,0.3921885080770921,0.9074816442646914,R,0.28735632183908044,2026,Blake Burkhalter,AAA
686628,FC,14,89.48571428571428,10.620000000000001,1.5085714285714285,6.107142857142857,5.6778571428571425,-2.5892857142857144,2451.1428571428573,-0.20150786122776676,-0.9495573783046881,R,0.16091954022988506,2026,Blake Burkhalter,AAA
686628,FF,48,95.11666666666667,17.025000000000002,-2.12,6.270833333333333,5.723541666666667,-2.5185416666666667,2475.3541666666665,-0.3377608849224188,-0.9369122081197396,R,0.5517241379310345,2026,Blake Burkhalter,AAA
686651,SL,16,86.0,7.3725000000000005,3.975,6.60625,5.988125,-1.77625,2143.5,0.45527504319112744,-0.5267173058999587,R,0.6153846153846154,2026,Levi Stoudt,AAA
686651,ST,10,84.06,9.0,11.315999999999999,6.5,5.892,-2.007,2349.6,0.9845647646860197,-0.09291819986657456,R,0.38461538461538464,2026,Levi Stoudt,AAA
686654,FC,14,90.35714285714286,6.394285714285714,3.7114285714285713,6.164285714285714,5.7335714285714285,-1.6885714285714286,2229.3571428571427,-0.1377538693076598,-0.9804121016544951,R,0.2028985507246377,2026,Ty Adcock,AAA
686654,FF,33,94.85454545454544,14.309090909090909,-4.283636363636364,6.157575757575757,5.877272727272727,-1.5184848484848485,2163.5757575757575,-0.5015155883628986,-0.8633660652249675,R,0.4782608695652174,2026,Ty Adcock,AAA
686654,SL,22,84.8,-0.4527272727272726,5.1054545454545455,6.081818181818182,5.832272727272727,-1.6627272727272726,2009.909090909091,0.39487506216677626,-0.08524221554099849,R,0.3188405797101449,2026,Ty Adcock,AAA
686662,CU,12,79.48333333333333,-7.53,0.96,5.483333333333333,5.954166666666667,-2.3183333333333334,2233.5,0.49477517073999616,0.8403785733425879,R,0.2222222222222222,2026,Jarrod Cande,AAA
686662,FF,32,91.85,12.5775,-6.075,5.665625,5.7409375,-2.388125,2070.6875,-0.5898253079479842,-0.8044191602527369,R,0.5925925925925926,2026,Jarrod Cande,AAA
686662,SL,10,83.21000000000001,0.396,0.336,5.62,5.79,-2.36,2026.6,0.250772931852581,0.45023778218342025,R,0.18518518518518517,2026,Jarrod Cande,AAA
686671,CH,20,84.86,5.688000000000001,-14.706,6.14,5.686999999999999,-2.092,1542.75,-0.9596879425275662,-0.27067061711741913,R,0.6060606060606061,2026,Thomas Farr,AAA
686671,SI,13,91.73076923076923,14.953846153846154,-12.433846153846153,6.223076923076923,5.846153846153846,-1.8053846153846154,2165.6153846153848,-0.7077972141483087,-0.7040318598485555,R,0.3939393939393939,2026,Thomas Farr,AAA
686678,CH,33,86.03939393939395,2.5672727272727274,-9.123636363636363,6.827272727272728,5.707272727272727,-1.6342424242424243,1005.4848484848485,-0.873785396541417,-0.40100311905061947,R,0.12359550561797752,2026,Chase Solesky,AAA
686678,CU,11,79.76363636363637,-7.909090909090909,6.218181818181818,6.627272727272728,5.997272727272727,-1.3763636363636365,2363.6363636363635,0.3969139415425877,0.7084060066521385,R,0.04119850187265917,2026,Chase Solesky,AAA
686678,FC,39,86.85128205128204,5.643076923076923,2.3507692307692305,6.756410256410256,5.813076923076923,-1.5102564102564102,2110.5641025641025,-0.13232958563592956,-0.7694169034176883,R,0.14606741573033707,2026,Chase Solesky,AAA
686678,FF,48,92.61874999999999,15.755,-5.5025,6.847916666666666,5.941458333333333,-1.2779166666666668,2075.6458333333335,-0.44036932846205157,-0.8345218853559051,R,0.1797752808988764,2026,Chase Solesky,AAA
686678,SI,85,92.4964705882353,10.606588235294117,-14.662588235294116,6.854117647058824,5.771176470588236,-1.4171764705882353,2029.8,-0.5435793361330453,-0.8094970684776481,R,0.31835205992509363,2026,Chase Solesky,AAA
686678,ST,51,81.6686274509804,2.7882352941176474,13.129411764705884,6.780392156862745,5.752745098039216,-1.4694117647058824,2129.764705882353,0.8395282306546855,0.19260876705693009,R,0.19101123595505617,2026,Chase Solesky,AAA
686701,CH,10,87.25,7.859999999999999,-13.008000000000001,6.540000000000001,5.767,-2.064,1185.2,-0.8388715074194104,-0.5385475558826129,R,0.1282051282051282,2026,Ryan Bergert,AAA
686701,FF,26,93.53846153846153,17.53846153846154,-8.58,6.507692307692308,6.09076923076923,-1.6700000000000002,2319.846153846154,-0.5663414364539114,-0.8204755610210415,R,0.3333333333333333,2026,Ryan Bergert,AAA
686701,SI,10,92.41,11.748000000000001,-15.780000000000001,6.51,5.856,-1.893,2234.7,-0.6319638999005454,-0.7720874123858722,R,0.1282051282051282,2026,Ryan Bergert,AAA
686701,SL,14,86.37142857142858,1.9628571428571429,4.877142857142857,6.428571428571429,6.083571428571429,-1.7807142857142857,2464.4285714285716,0.660528206143451,-0.5572848075826452,R,0.1794871794871795,2026,Ryan Bergert,AAA
686701,ST,18,81.97777777777777,-0.9066666666666667,16.646666666666665,6.488888888888889,5.918333333333333,-1.9927777777777775,2679.6111111111113,0.8599054695350419,0.49313813397965667,R,0.23076923076923078,2026,Ryan Bergert,AAA
686730,CH,18,86.10555555555555,5.073333333333334,-14.713333333333331,6.422222222222222,5.363888888888889,-0.7838888888888889,1579.0,-0.8672731525329115,-0.4962485756224665,R,0.11538461538461539,2026,Carson Spiers,AAA
686730,FC,26,88.34615384615384,7.398461538461539,4.241538461538462,6.388461538461538,5.522307692307693,-0.7553846153846154,2406.44,-0.07514747899487924,-0.9352471926976724,R,0.16666666666666666,2026,Carson Spiers,AAA
686730,FF,23,91.81739130434784,14.446956521739128,-2.634782608695652,6.456521739130435,5.673913043478261,-0.5830434782608696,2257.8260869565215,-0.46154806512025576,-0.8842084836529225,R,0.14743589743589744,2026,Carson Spiers,AAA
686730,SI,41,92.0,7.715121951219512,-13.990243902439024,6.470731707317073,5.458536585365854,-0.5982926829268292,2202.048780487805,-0.5726424748743549,-0.816146681032823,R,0.26282051282051283,2026,Carson Spiers,AAA
686730,ST,48,80.2625,0.3625000000000001,18.662499999999998,6.4125000000000005,5.357291666666666,-0.8675,2736.2291666666665,0.9130940215957345,0.3825845236693554,R,0.3076923076923077,2026,Carson Spiers,AAA
686745,FC,14,88.77857142857144,4.654285714285714,2.9400000000000004,6.507142857142857,5.940714285714286,-1.852142857142857,2907.9285714285716,-0.17282373013296057,-0.47300039074220884,R,0.56,2026,Zach Peek,AAA
686745,FF,11,94.06363636363636,19.10181818181818,-7.854545454545455,6.609090909090909,6.047272727272727,-1.598181818181818,2564.6363636363635,-0.482202147094266,-0.8732978023867858,R,0.44,2026,Zach Peek,AAA
686747,CH,18,84.86111111111111,5.46,-16.013333333333335,6.394444444444444,5.158333333333333,-3.285555555555556,1766.1666666666667,0.92169483258399,-0.37464074168650824,L,0.24324324324324326,2026,Joe La Sorsa,AAA
686747,SI,28,89.49285714285715,5.4557142857142855,-17.352857142857143,6.2749999999999995,5.364285714285714,-3.1825,2061.6785714285716,0.8724826820140643,-0.4836443306179277,L,0.3783783783783784,2026,Joe La Sorsa,AAA
686747,ST,28,76.71428571428571,3.8785714285714286,12.081428571428571,6.2749999999999995,5.241428571428571,-3.275714285714286,2095.035714285714,-0.9659563417285096,0.16531870845789182,L,0.3783783783783784,2026,Joe La Sorsa,AAA
686751,FF,69,97.84202898550726,17.066086956521737,-7.3252173913043475,6.2956521739130435,5.823478260869565,-1.3263768115942027,2378.8840579710145,-0.5596417613594561,-0.8240146998607403,R,0.5390625,2026,Seth Johnson,AAA
686751,SI,22,96.39090909090909,9.632727272727273,-12.965454545454547,6.354545454545455,5.656818181818182,-1.4990909090909093,2219.090909090909,-0.5417757450708934,-0.7022210284592766,R,0.171875,2026,Seth Johnson,AAA
686751,SL,37,88.29729729729729,3.282162162162162,4.978378378378379,6.356756756756757,5.738108108108108,-1.4632432432432432,2601.7567567567567,0.562790473931192,-0.6574906376092811,R,0.2890625,2026,Seth Johnson,AAA
686753,CH,15,89.58,3.464,-13.871999999999998,5.593333333333334,5.474666666666667,-2.445333333333333,2033.6,-0.8660763115732244,-0.4933230184070506,R,0.12,2026,Drey Jameson,AAA
686753,FF,31,97.76774193548388,13.087741935483871,-7.707096774193548,5.596774193548387,5.811612903225806,-1.8861290322580644,2361.6129032258063,-0.6148196729215318,-0.7850685699519633,R,0.248,2026,Drey Jameson,AAA
686753,SI,23,96.67826086956521,8.18608695652174,-11.624347826086957,5.617391304347826,5.633478260869565,-2.1421739130434783,2261.6521739130435,-0.697085433083725,-0.7141728498947751,R,0.184,2026,Drey Jameson,AAA
686753,SL,33,87.16969696969697,1.8363636363636364,3.0145454545454546,5.533333333333333,5.593030303030303,-2.267878787878788,2562.848484848485,0.4557579619491112,-0.37151827278363114,R,0.264,2026,Drey Jameson,AAA
686753,ST,23,83.44347826086957,-2.405217391304348,12.093913043478262,5.565217391304348,5.728695652173912,-2.1908695652173913,2705.608695652174,0.7833661861757468,0.5774112390132301,R,0.184,2026,Drey Jameson,AAA
686754,FF,24,96.0,14.53,-7.095,6.566666666666666,5.404166666666666,-0.61,2296.8333333333335,-0.5285267137873706,-0.8471755122982308,R,1.0,2026,Ryan Jensen,AAA
686762,CU,10,83.83,3.2640000000000002,11.495999999999999,6.11,5.672,-2.805,2597.3,0.7325438221757088,0.6686603938241532,R,0.25,2026,Austin Roberts,AAA
686762,FC,16,88.19375,6.9075,-1.575,6.175,5.794375,-2.8,2324.0625,-0.4779019941965963,-0.8684187295866569,R,0.4,2026,Austin Roberts,AAA
686762,FF,14,93.68571428571428,14.554285714285715,-10.62857142857143,6.221428571428571,5.75,-2.75,2301.5714285714284,-0.7645180367753432,-0.6415285989003666,R,0.35,2026,Austin Roberts,AAA
686763,CH,21,83.11904761904762,6.285714285714286,-15.479999999999999,6.280952380952381,5.827142857142857,-1.5766666666666667,1637.6666666666667,-0.966684413971557,-0.24870817419771302,R,0.1875,2026,Gunner Mayer,AAA
686763,FF,81,94.63209876543209,15.25925925925926,-13.014814814814816,6.269135802469136,5.794074074074074,-1.661851851851852,2393.4691358024693,-0.7291444670314922,-0.6828794403874741,R,0.7232142857142857,2026,Gunner Mayer,AAA
686763,SL,10,86.67999999999999,5.316000000000001,-0.18,6.18,5.706,-1.783,2117.7,-0.8155512483933183,-0.5688339281327977,R,0.08928571428571429,2026,Gunner Mayer,AAA
686769,FF,24,93.26666666666667,16.575,-9.16,6.3,6.211666666666667,-0.5370833333333334,2120.8333333333335,-0.5392168744688879,-0.8396738290726171,R,0.5853658536585366,2026,Dane Acker,AAA
686769,SL,17,86.78823529411765,1.7929411764705883,0.8117647058823528,6.147058823529412,6.188823529411764,-0.638235294117647,2222.176470588235,0.29833953900108906,-0.5399172597559546,R,0.4146341463414634,2026,Dane Acker,AAA
686790,SI,20,93.3,1.6199999999999999,-15.09,6.665000000000001,5.351,-1.871,2262.6,-0.8516447529312297,-0.5229134506974452,R,1.0,2026,Trevor McDonald,AAA
686796,CU,10,75.61,-8.556000000000001,4.164,5.7700000000000005,6.497,-2.461,2454.2,-0.5919908412844286,0.8030281310846474,L,0.25,2026,Blake Walston,AAA
686796,FF,14,89.82142857142857,15.120000000000001,-10.517142857142858,5.792857142857143,6.226428571428571,-2.6357142857142857,2065.0,0.6718805947621558,-0.7351755206293109,L,0.35,2026,Blake Walston,AAA
686796,SL,16,81.83125,4.8525,1.08,5.91875,6.29,-2.7675,2192.5625,0.3173267755274614,-0.3110303621904483,L,0.4,2026,Blake Walston,AAA
686826,CH,38,83.6263157894737,3.9852631578947366,-13.964210526315789,5.844736842105263,5.5552631578947365,-1.8626315789473684,1973.6842105263158,-0.9966422222891319,-0.050848873490870486,R,0.16740088105726872,2026,Bryce Jarvis,AAA
686826,FC,23,88.73913043478261,5.817391304347825,0.4852173913043478,5.756521739130435,5.61608695652174,-2.0413043478260873,2363.5652173913045,-0.3885762049942301,-0.7507986405440742,R,0.1013215859030837,2026,Bryce Jarvis,AAA
686826,FF,91,94.45604395604396,11.684835164835164,-9.208351648351648,5.809890109890111,5.787692307692307,-1.8008791208791208,2122.4505494505493,-0.7105902568192832,-0.6969638555168762,R,0.4008810572687225,2026,Bryce Jarvis,AAA
686826,SI,13,93.58461538461538,8.510769230769231,-13.504615384615384,5.800000000000001,5.615384615384615,-1.8646153846153846,2048.6923076923076,-0.806738854185845,-0.5878344421629635,R,0.05726872246696035,2026,Bryce Jarvis,AAA
686826,SL,62,85.22096774193548,-2.398064516129032,6.36,5.683870967741935,5.538870967741936,-2.161290322580645,2482.8548387096776,0.7733868227454359,0.5960668939218088,R,0.27312775330396477,2026,Bryce Jarvis,AAA
686839,FF,12,92.0,8.1,0.5499999999999999,6.625,4.95,-2.4216666666666664,2427.75,-0.5531633280467088,-0.8278368611845052,R,0.21818181818181817,2026,Brendan White,AAA
686839,SL,10,85.88,0.19200000000000003,4.776,6.5200000000000005,5.138,-2.162,2680.3,0.7113012113572258,0.29970911848629395,R,0.18181818181818182,2026,Brendan White,AAA
686839,ST,33,83.51515151515152,-3.861818181818182,7.956363636363636,6.49090909090909,5.155454545454545,-2.2296969696969695,2762.3939393939395,0.8482064262970066,0.46909817368188444,R,0.6,2026,Brendan White,AAA
686844,CH,11,83.46363636363637,6.872727272727272,-4.6909090909090905,6.236363636363635,5.8,-1.5236363636363637,1216.909090909091,0.6819902463389532,-0.7195555937599996,L,0.08661417322834646,2026,Ben Wereski,AAA
686844,FC,43,86.54883720930232,7.2,3.5553488372093023,6.062790697674418,5.72046511627907,-1.6986046511627908,2317.186046511628,0.2882710695040344,-0.9260274955382843,L,0.33858267716535434,2026,Ben Wereski,AAA
686844,FF,49,91.49795918367346,14.493061224489795,-11.277551020408163,6.2,5.548367346938775,-1.8120408163265307,2237.612244897959,0.7334360261652652,-0.6752622790834355,L,0.3858267716535433,2026,Ben Wereski,AAA
686844,ST,24,79.90833333333333,1.22,13.58,6.029166666666666,5.495833333333334,-1.8404166666666668,2458.0416666666665,-0.8699774258785385,0.46179405582548966,L,0.1889763779527559,2026,Ben Wereski,AAA
686857,CH,38,80.03421052631579,6.094736842105263,-16.193684210526317,6.207894736842105,5.738421052631579,-2.3926315789473684,1840.7368421052631,0.934753462510219,-0.347117681462585,L,0.2550335570469799,2026,James Gonzalez,AAA
686857,CU,28,78.27857142857144,-8.597142857142858,5.202857142857143,6.192857142857143,5.882857142857143,-2.177142857142857,2403.785714285714,-0.494658217905014,0.7968205620525186,L,0.18791946308724833,2026,James Gonzalez,AAA
686857,FF,28,92.46071428571429,14.888571428571428,-4.7871428571428565,6.264285714285714,6.112857142857143,-1.5417857142857143,2032.5,0.503631179268723,-0.8586541435049039,L,0.18791946308724833,2026,James Gonzalez,AAA
686857,SI,35,90.47142857142858,9.805714285714286,-14.969142857142856,6.291428571428571,5.750571428571428,-2.0542857142857143,2082.714285714286,0.6760588983422059,-0.7291241122127133,L,0.2348993288590604,2026,James Gonzalez,AAA
686857,SL,20,83.51,2.5140000000000002,0.7020000000000001,6.24,5.8015,-2.0460000000000003,2185.65,0.22254307033029957,-0.4153804012830401,L,0.1342281879194631,2026,James Gonzalez,AAA
686873,CH,30,86.96666666666667,4.524,-12.892,6.358620689655172,5.6899999999999995,-2.609666666666667,1502.0689655172414,0.8271815800009493,-0.5395157667409267,L,0.1079136690647482,2026,Nick Zwack,AAA
686873,FF,175,94.63428571428571,14.739428571428572,-5.185371428571429,6.350857142857143,5.9797142857142855,-2.4375428571428572,2246.5228758169933,0.5945382665099328,-0.7870382219419011,L,0.6294964028776978,2026,Nick Zwack,AAA
686873,SL,73,85.63287671232877,2.582465753424658,6.964931506849315,6.345205479452055,5.693150684931507,-2.621369863013699,2371.7846153846153,-0.8836732401305997,-0.3339803425563541,L,0.26258992805755393,2026,Nick Zwack,AAA
686900,FF,63,92.07777777777777,13.504761904761905,-7.066666666666666,5.73968253968254,5.438730158730158,-0.9614285714285714,2369.5806451612902,0.6727810900971155,-0.708417985509657,L,0.504,2026,Evan Shawver,AAA
686900,SL,62,86.51935483870967,3.3270967741935484,0.7354838709677419,5.651612903225806,5.316935483870967,-1.1425806451612903,2474.7741935483873,0.46331807849162443,-0.2150160399519593,L,0.496,2026,Evan Shawver,AAA
686930,CH,39,85.16153846153847,2.5415384615384617,-8.959999999999999,6.123076923076923,5.83051282051282,-2.3576923076923078,1019.5897435897435,-0.9135567959884804,-0.3595496942103951,R,0.1012987012987013,2026,Mason Barnett,AAA
686930,CU,36,79.60277777777777,-12.770000000000001,7.623333333333333,5.991666666666666,6.145555555555556,-1.842222222222222,2720.75,0.37831627758663844,0.9233964199934894,R,0.09350649350649351,2026,Mason Barnett,AAA
686930,FF,206,95.2631067961165,14.240970873786408,-1.0479611650485436,6.246078431372549,5.893834951456311,-2.175873786407767,2255.410891089109,-0.26252120871552487,-0.9611700912532651,R,0.535064935064935,2026,Mason Barnett,AAA
686930,SL,53,89.0056603773585,0.40981132075471693,4.535094339622642,6.096226415094339,6.068301886792453,-2.0758490566037735,2508.0943396226417,0.8559730841377399,-0.062260130894291645,R,0.13766233766233765,2026,Mason Barnett,AAA
686930,ST,51,84.65098039215685,-2.868235294117647,13.065882352941177,6.1000000000000005,5.902941176470589,-2.304509803921569,2677.74,0.6693892356782745,0.7369653089535055,R,0.13246753246753246,2026,Mason Barnett,AAA
686934,FF,12,99.54166666666667,14.33,-9.889999999999999,6.116666666666666,5.5425,-1.9341666666666668,2654.4166666666665,-0.7310821668555603,-0.5896579768934935,R,0.5454545454545454,2026,Alex McFarlane,AAA
686934,ST,10,86.39,-0.768,14.868,5.99,5.379,-1.7280000000000002,2750.2,0.6745179522877851,0.6649816241417903,R,0.45454545454545453,2026,Alex McFarlane,AAA
686951,FF,35,91.47142857142858,12.061714285714286,-2.9348571428571426,5.994285714285715,5.730857142857143,-3.1054285714285714,2623.8285714285716,0.4822761890400756,-0.712185171494798,L,0.2966101694915254,2026,Cy Nielson,AAA
686951,SL,83,84.79397590361445,-1.0120481927710843,7.55132530120482,5.959036144578313,5.677831325301205,-3.156867469879518,2702.867469879518,-0.8036747294798345,0.37285172389114124,L,0.7033898305084746,2026,Cy Nielson,AAA
686972,FF,14,91.07142857142857,18.12,-5.262857142857143,6.95,5.274285714285715,-1.5814285714285714,2351.6428571428573,-0.44214927642932006,-0.8951854234380108,R,1.0,2026,Cole Waites,AAA
687060,CH,16,85.1375,2.8125,-7.0125,6.0625,5.539375,-1.9024999999999999,1139.125,-0.8285862315321001,-0.5524406216029383,R,0.06130268199233716,2026,Blake Adams,AAA
687060,CU,19,78.11052631578947,-11.538947368421054,3.088421052631579,6.042105263157895,5.844210526315789,-1.7057894736842103,2512.6315789473683,0.41369177705705995,0.9066625874308601,R,0.07279693486590039,2026,Blake Adams,AAA
687060,FC,81,86.32222222222222,4.1214814814814815,3.066666666666667,6.107407407407408,5.62037037037037,-1.8946913580246914,2263.6913580246915,0.05435671666030643,-0.9486014178098192,R,0.3103448275862069,2026,Blake Adams,AAA
687060,FF,106,91.43113207547171,13.976603773584905,-4.32566037735849,6.028301886792453,5.61066037735849,-1.9282075471698112,2164.5471698113206,-0.46814808505708433,-0.8783182576666573,R,0.4061302681992337,2026,Blake Adams,AAA
687060,SI,21,90.66666666666667,10.702857142857143,-11.068571428571428,6.076190476190476,5.663809523809523,-1.9285714285714286,2051.190476190476,-0.494137754975273,-0.8657631131304607,R,0.08045977011494253,2026,Blake Adams,AAA
687060,ST,18,81.78333333333333,0.6133333333333333,9.493333333333332,6.116666666666666,5.419444444444444,-2.071111111111111,2459.5555555555557,0.748399452672372,0.5681305875253065,R,0.06896551724137931,2026,Blake Adams,AAA
687075,CH,10,91.56,1.6920000000000002,-14.591999999999999,6.15,5.558,-2.342,1666.9,-0.9560371947620844,-0.2850243984333283,R,0.07092198581560284,2026,Brandon Sproat,AAA
687075,CU,20,84.04499999999999,-10.122,9.792,6.075,5.777,-2.1315,2507.35,0.7328354708570931,0.6750928892447753,R,0.14184397163120568,2026,Brandon Sproat,AAA
687075,FF,40,96.785,12.477,-7.7909999999999995,6.165,5.63775,-2.16475,2086.35,-0.7574670353967068,-0.6468067174289485,R,0.28368794326241137,2026,Brandon Sproat,AAA
687075,SI,55,96.86545454545455,5.227636363636363,-15.416727272727274,6.1036363636363635,5.5707272727272725,-2.211090909090909,2025.3272727272727,-0.7558604864139006,-0.6355558582285464,R,0.3900709219858156,2026,Brandon Sproat,AAA
687075,ST,16,86.425,1.9575,12.2175,6.075,5.5475,-2.27,2558.9375,0.8607000720649742,0.49194094994572884,R,0.11347517730496454,2026,Brandon Sproat,AAA
687134,CU,19,80.5,-13.370526315789473,2.311578947368421,6.226315789473684,6.484210526315789,-1.2731578947368423,2535.266666666667,0.3276696868467049,0.9375103974632503,R,0.044186046511627906,2026,Bradley Blalock,AAA
687134,FC,71,90.69154929577465,8.043380281690142,3.0185915492957744,6.3154929577464785,6.3570422535211275,-1.6867605633802818,2233.7241379310344,-0.14674201883738652,-0.9367350839588948,R,0.16511627906976745,2026,Bradley Blalock,AAA
687134,FF,129,94.37906976744186,18.451162790697673,-2.838139534883721,6.341085271317829,6.494883720930233,-1.275968992248062,2180.9912280701756,-0.2474664175980304,-0.9660227803472448,R,0.3,2026,Bradley Blalock,AAA
687134,FS,58,87.48275862068965,4.125517241379311,-7.6593103448275865,6.379310344827586,6.232413793103449,-1.9105172413793103,932.18,-0.7863874373127612,-0.6042481888802048,R,0.13488372093023257,2026,Bradley Blalock,AAA
687134,SI,33,93.8090909090909,13.30181818181818,-12.447272727272727,6.372727272727273,6.262121212121213,-1.7675757575757576,2074.3333333333335,-0.48938935048936544,-0.8678496376866853,R,0.07674418604651163,2026,Bradley Blalock,AAA
687134,SL,95,86.78315789473683,-0.664421052631579,4.432421052631579,6.301052631578948,6.374315789473684,-1.663894736842105,2418.229885057471,0.7289459507060527,-0.2740839307813852,R,0.22093023255813954,2026,Bradley Blalock,AAA
687134,ST,25,83.152,0.09120000000000004,13.1472,6.184,6.3332,-1.92,2603.521739130435,0.7658910501343825,0.5513580234566116,R,0.05813953488372093,2026,Bradley Blalock,AAA
687166,FF,28,92.30357142857143,16.007142857142856,-3.025714285714286,6.6499999999999995,5.968571428571429,-1.147142857142857,2324.8571428571427,-0.3443742397742918,-0.9352177890957634,R,0.4666666666666667,2026,Austin Pope,AAA
687166,SL,32,83.321875,-3.22125,0.73875,6.496875,5.8265625,-1.3425,2613.28125,0.41392894761520155,0.7614541924079038,R,0.5333333333333333,2026,Austin Pope,AAA
687195,CU,17,77.50588235294117,-11.24470588235294,7.044705882352941,6.088235294117647,5.898235294117647,-1.481764705882353,2190.8823529411766,0.4187899051131699,0.8159993008346639,R,0.15454545454545454,2026,Jake Garland,AAA
687195,FC,33,89.70909090909092,9.676363636363636,-0.26545454545454544,6.096969696969697,5.8963636363636365,-1.6881818181818182,2105.5757575757575,-0.5547635678184754,-0.8248210506450913,R,0.3,2026,Jake Garland,AAA
687195,FF,22,90.84545454545454,8.738181818181818,-10.336363636363636,6.15,5.9,-1.9668181818181816,2006.0454545454545,-0.5531202192104149,-0.8269973123632365,R,0.2,2026,Jake Garland,AAA
687195,SI,38,90.32631578947368,6.767368421052632,-12.473684210526315,6.065789473684211,5.9526315789473685,-1.7205263157894735,1954.078947368421,-0.5946966286547162,-0.7481890617349847,R,0.34545454545454546,2026,Jake Garland,AAA
687208,SL,13,62.2,7.707692307692308,-6.932307692307693,4.6,5.94923076923077,-2.528461538461538,912.0769230769231,-0.6419003994338849,-0.27239814940719664,R,1.0,2026,Nathan Hickey,AAA
687209,FC,27,92.48148148148148,7.057777777777778,0.84,6.133333333333333,6.396666666666667,-2.2255555555555557,2282.703703703704,-0.272414358011408,-0.9300839209606541,R,0.12857142857142856,2026,Zach Maxwell,AAA
687209,FF,152,98.93486842105263,16.372894736842103,-9.800526315789474,6.1361842105263165,6.287236842105263,-2.3175,2436.4013157894738,-0.5805449202668719,-0.7815414930283678,R,0.7238095238095238,2026,Zach Maxwell,AAA
687209,ST,31,86.96129032258065,-3.2516129032258063,4.958709677419355,6.061290322580645,6.371935483870968,-2.3648387096774193,2597.4193548387098,0.5932008821589897,0.7702997561670594,R,0.14761904761904762,2026,Zach Maxwell,AAA
687218,FC,48,94.96249999999999,12.6,2.5225,6.785416666666666,6.34125,-2.183333333333333,2615.0208333333335,-0.23537998772029814,-0.9676626711834421,R,0.4247787610619469,2026,Will Bednar,AAA
687218,FF,26,95.28846153846153,14.556923076923077,-0.5215384615384615,6.792307692307692,6.319615384615385,-2.151923076923077,2560.076923076923,-0.25492197640427716,-0.9644068678322554,R,0.23008849557522124,2026,Will Bednar,AAA
687218,SL,39,86.7102564102564,-1.4492307692307693,4.658461538461538,6.671794871794871,6.2615384615384615,-2.2802564102564102,2665.4102564102564,0.9249546598209485,0.04736102127665577,R,0.34513274336283184,2026,Will Bednar,AAA
687223,FC,15,81.58666666666666,4.08,2.992,7.3,4.965333333333334,-2.880666666666667,1975.5333333333333,0.08073286538642546,-0.9052468023707263,L,0.13636363636363635,2026,Carson Palmquist,AAA
687223,FF,54,90.82962962962964,11.937777777777777,-8.377777777777778,7.35,4.897407407407407,-3.1794444444444445,2086.4444444444443,0.8200372879659339,-0.5560179789729753,L,0.4909090909090909,2026,Carson Palmquist,AAA
687223,SI,13,90.37692307692308,5.889230769230769,-13.855384615384615,7.384615384615385,4.844615384615384,-3.0076923076923077,2082.6923076923076,0.7102881692450022,-0.5476871118894854,L,0.11818181818181818,2026,Carson Palmquist,AAA
687223,ST,28,72.93214285714285,0.2528571428571428,11.151428571428571,7.353571428571429,4.998571428571429,-2.842142857142857,1978.25,-0.9814283069466078,0.15589911685633046,L,0.2545454545454545,2026,Carson Palmquist,AAA
687238,CH,30,85.41666666666667,7.712000000000001,-12.096,6.6899999999999995,6.266,-1.1623333333333332,1504.6666666666667,-0.7628072251476028,-0.5391579530956441,R,0.0821917808219178,2026,Trace Bright,AAA
687238,CU,67,79.04477611940298,-12.816716417910449,11.75641791044776,6.610447761194029,6.289701492537314,-1.1844776119402984,2916.208955223881,0.5272022902747149,0.823488148202964,R,0.18356164383561643,2026,Trace Bright,AAA
687238,FC,92,89.14239130434783,9.384782608695652,4.164782608695653,6.570652173913044,6.252173913043479,-1.4029347826086955,2429.5978260869565,-0.19292880271636303,-0.957911271423933,R,0.25205479452054796,2026,Trace Bright,AAA
687238,FF,162,92.98765432098766,17.794074074074075,-8.31925925925926,6.556172839506172,6.346975308641976,-1.16320987654321,2340.9938271604938,-0.5235537952726278,-0.8494633804235519,R,0.4438356164383562,2026,Trace Bright,AAA
687238,FO,14,84.77142857142857,2.802857142857143,-6.411428571428571,6.735714285714286,6.300714285714285,-1.127142857142857,887.4285714285714,-0.8782917725390729,-0.31691473047938634,R,0.038356164383561646,2026,Trace Bright,AAA
687239,FF,114,95.82982456140351,16.446315789473683,-0.15052631578947367,6.495614035087719,6.032543859649123,-1.1005263157894736,2358.245614035088,-0.23472589646874817,-0.9678469534565203,R,0.6666666666666666,2026,Ben Peoples,AAA
687239,SL,57,87.51578947368421,0.4568421052631579,4.282105263157895,6.3543859649122805,5.987894736842105,-1.3364912280701753,2486.0877192982457,0.62496829402057,-0.3819516219379449,R,0.3333333333333333,2026,Ben Peoples,AAA
687268,CH,24,85.39999999999999,5.955000000000001,-13.214999999999998,6.245833333333334,5.744583333333334,-1.2237500000000001,1578.5,-0.7461593151775704,-0.6572527555345987,R,0.147239263803681,2026,K.C. Hunt,AAA
687268,CU,10,76.66,-9.528,4.164,5.9,5.913,-1.158,2504.7,0.26450542874015215,0.9604010618441091,R,0.06134969325153374,2026,K.C. Hunt,AAA
687268,FC,31,85.94193548387096,7.861935483870968,0.6929032258064516,6.1,5.812903225806451,-1.1970967741935483,2234.032258064516,-0.6353791416424956,-0.754191639241886,R,0.1901840490797546,2026,K.C. Hunt,AAA
687268,FF,56,90.53392857142856,16.662857142857142,-6.985714285714286,6.205357142857143,5.838392857142857,-1.1782142857142859,2084.8928571428573,-0.5081030514161938,-0.8582913605134117,R,0.34355828220858897,2026,K.C. Hunt,AAA
687268,SL,42,83.9452380952381,6.048571428571428,1.1714285714285715,6.058536585365854,5.867857142857143,-1.1583333333333332,2216.878048780488,-0.6428925820108479,-0.7093102804559909,R,0.25766871165644173,2026,K.C. Hunt,AAA
687273,CH,38,82.40526315789474,5.801052631578948,-11.305263157894737,6.247368421052632,5.397105263157894,-1.490263157894737,1404.2105263157894,0.9270631536992991,-0.3611888954074775,L,0.15767634854771784,2026,Quinn Mathews,AAA
687273,CU,25,76.14399999999999,-11.8128,9.9168,6.256,5.8596,-0.8948,2481.5,-0.5351533177461064,0.8413771520033162,L,0.1037344398340249,2026,Quinn Mathews,AAA
687273,FF,99,93.5959595959596,18.07030303030303,-3.8145454545454545,6.441414141414142,5.620606060606061,-1.221111111111111,2275.878787878788,0.4535267561006856,-0.8888990054695834,L,0.4107883817427386,2026,Quinn Mathews,AAA
687273,SI,27,93.01481481481481,13.213333333333333,-11.106666666666667,6.425925925925926,5.598148148148148,-1.26,2256.037037037037,0.36518666010021783,-0.9051454162971708,L,0.11203319502074689,2026,Quinn Mathews,AAA
687273,SL,52,84.47884615384615,1.2323076923076923,3.699230769230769,6.376923076923077,5.5965384615384615,-1.1823076923076923,2318.2156862745096,-0.7020443792191475,-0.5020692220658344,L,0.2157676348547718,2026,Quinn Mathews,AAA
687287,CH,37,80.77567567567567,5.137297297297297,-15.116756756756757,5.954054054054055,5.708378378378379,-1.9327027027027028,1796.9714285714285,0.9761780978227811,-0.2069921225755304,L,0.08767772511848342,2026,Patrick Monteverde,AAA
687287,CU,64,77.98125,-7.963125,10.745625,5.925,5.9865625,-1.765625,2506.5873015873017,-0.844873389919354,0.5263189728540716,L,0.15165876777251186,2026,Patrick Monteverde,AAA
687287,FC,71,85.90704225352113,10.264225352112677,2.1769014084507043,5.96056338028169,5.826901408450704,-1.8101408450704226,2200.913043478261,0.27235473834523466,-0.9358185193111868,L,0.16824644549763032,2026,Patrick Monteverde,AAA
687287,FF,105,89.82285714285715,16.305142857142858,-9.426285714285715,5.968571428571429,5.89152380952381,-1.6582857142857144,2103.368932038835,0.6435339578022309,-0.7600419892001812,L,0.24881516587677724,2026,Patrick Monteverde,AAA
687287,FS,69,80.70434782608696,-1.4904347826086957,-9.66608695652174,5.988405797101449,5.77072463768116,-1.833768115942029,1084.840579710145,0.9567896721044808,0.27165018475688263,L,0.16350710900473933,2026,Patrick Monteverde,AAA
687287,SI,14,89.23571428571428,11.468571428571428,-15.865714285714287,5.942857142857143,5.737142857142857,-1.9257142857142857,1987.2857142857142,0.6943230019156189,-0.7154028618945983,L,0.03317535545023697,2026,Patrick Monteverde,AAA
687287,SL,62,81.03709677419356,5.396129032258065,9.389032258064516,5.974193548387096,5.7259677419354835,-1.9730645161290323,2426.9666666666667,-0.9684022269328848,0.20130821049355502,L,0.14691943127962084,2026,Patrick Monteverde,AAA
687288,CU,24,76.04166666666667,-8.13,12.090000000000002,7.0125,5.5,-1.4845833333333334,2470.0,0.7022812177325627,0.7044162348267546,R,0.14814814814814814,2026,Devereaux Harrison,AAA
687288,FC,36,86.98055555555555,7.056666666666667,5.283333333333333,7.030555555555555,5.276944444444444,-1.8363888888888888,2235.8888888888887,0.32801002820900815,-0.8639906547947286,R,0.2222222222222222,2026,Devereaux Harrison,AAA
687288,FF,82,92.93170731707316,15.245853658536586,-0.6497560975609756,6.989024390243903,5.409878048780488,-1.5813414634146339,2245.109756097561,-0.20912087204160085,-0.9688750434707434,R,0.5061728395061729,2026,Devereaux Harrison,AAA
687288,ST,20,82.10499999999999,8.85,13.026,6.970000000000001,5.1335,-2.1205,2357.95,0.9376254217187616,-0.14615505820999394,R,0.12345679012345678,2026,Devereaux Harrison,AAA
687309,CH,14,80.37142857142858,-5.468571428571429,-15.145714285714286,7.121428571428572,3.940714285714286,-3.2135714285714285,2215.3571428571427,0.9238390114906497,0.370654859824705,L,0.21212121212121213,2026,Cooper Hjerpe,AAA
687309,FF,36,91.11666666666666,8.186666666666667,-13.163333333333334,7.083333333333333,3.9911111111111115,-3.064166666666667,2002.9722222222222,0.9441938880555573,-0.32156797461454945,L,0.5454545454545454,2026,Cooper Hjerpe,AAA
687309,ST,16,76.2875,0.21749999999999997,17.7,6.85,3.92,-3.096875,2447.375,-0.9933178043900046,0.08470818400722127,L,0.24242424242424243,2026,Cooper Hjerpe,AAA
687312,CH,16,87.44375,3.21,-9.9,6.8625,5.451875,-2.459375,1550.6875,-0.7706182468023777,-0.6150770850069839,R,0.0761904761904762,2026,Gabriel Hughes,AAA
687312,CU,30,77.82666666666667,-11.06,6.739999999999999,6.803333333333333,5.852,-1.9153333333333333,2425.9666666666667,0.512076396763104,0.8533154952547508,R,0.14285714285714285,2026,Gabriel Hughes,AAA
687312,FF,81,92.50864197530863,8.936296296296296,1.348148148148148,6.859259259259259,5.565185185185185,-2.3448148148148147,2202.974683544304,-0.2881212820345516,-0.9505683801935728,R,0.38571428571428573,2026,Gabriel Hughes,AAA
687312,SI,34,92.59411764705882,8.763529411764706,-7.249411764705882,6.909375,5.476176470588236,-2.381764705882353,2117.5714285714284,-0.33689951396265283,-0.8824433989455726,R,0.1619047619047619,2026,Gabriel Hughes,AAA
687312,SL,13,85.1,0.027692307692307683,3.516923076923077,6.869230769230769,5.671538461538462,-2.083846153846154,2243.7272727272725,0.9226308480980374,-0.20851882460759164,R,0.06190476190476191,2026,Gabriel Hughes,AAA
687312,ST,36,82.98888888888888,1.1033333333333333,10.943333333333335,6.777777777777778,5.621388888888889,-2.2713888888888887,2196.4285714285716,0.7765144935035125,0.28333387959192735,R,0.17142857142857143,2026,Gabriel Hughes,AAA
687362,FC,13,86.33076923076922,5.363076923076923,2.132307692307692,5.661538461538461,5.736923076923077,-1.723076923076923,2372.846153846154,-0.5783117963209949,-0.7671461918895294,R,0.37142857142857144,2026,Connor Gillispie,AAA
687362,FF,22,92.3,17.26909090909091,-10.36909090909091,5.827272727272727,5.8104545454545455,-1.4995454545454547,2161.3809523809523,-0.5398811179706298,-0.8389865381422462,R,0.6285714285714286,2026,Connor Gillispie,AAA
687424,FF,10,92.01,15.24,-14.592000000000002,5.4799999999999995,6.178,-1.385,2365.285714285714,-0.6922173396125917,-0.7203967708177089,R,0.19607843137254902,2026,Anthony Maldonado,AAA
687424,SL,41,84.17073170731707,1.504390243902439,4.182439024390244,5.458536585365854,6.152439024390244,-1.6121951219512194,2700.7916666666665,0.6981568138955011,-0.6227762794714278,R,0.803921568627451,2026,Anthony Maldonado,AAA
687473,CH,11,88.48181818181818,3.196363636363636,-12.316363636363635,6.363636363636363,5.989090909090908,-1.619090909090909,1292.5714285714287,-0.9201351793492604,-0.3798175657383194,R,0.0582010582010582,2026,Ryan Gusto,AAA
687473,CU,21,80.18571428571428,-15.182857142857145,7.457142857142857,6.376190476190477,6.060952380952381,-1.4347619047619047,2597.8125,0.40673039454940657,0.9107281288215218,R,0.1111111111111111,2026,Ryan Gusto,AAA
687473,FC,18,90.53333333333333,9.133333333333333,4.54,6.4222222222222225,5.956111111111111,-1.6194444444444445,2352.6,0.15795080309323656,-0.9761368754309903,R,0.09523809523809523,2026,Ryan Gusto,AAA
687473,FF,69,94.94347826086957,17.68521739130435,-4.093913043478262,6.381159420289856,5.995217391304348,-1.4489855072463769,2369.342105263158,-0.31408647975510723,-0.9472580994487128,R,0.36507936507936506,2026,Ryan Gusto,AAA
687473,SI,26,93.99615384615385,9.373846153846154,-14.824615384615385,6.380769230769231,5.856923076923077,-1.7957692307692308,2225.5625,-0.5555204990095164,-0.82755043416083,R,0.13756613756613756,2026,Ryan Gusto,AAA
687473,SL,27,86.51481481481481,-2.2311111111111113,3.0533333333333332,6.45925925925926,5.892222222222222,-1.6077777777777778,2387.0,0.9435999172242071,0.15185439988596414,R,0.14285714285714285,2026,Ryan Gusto,AAA
687473,ST,17,82.32352941176471,-2.5976470588235294,12.275294117647059,6.447058823529411,5.827647058823529,-1.826470588235294,2546.6363636363635,0.8467357340631108,0.5290946555231509,R,0.08994708994708994,2026,Ryan Gusto,AAA
687531,FF,58,95.14137931034483,10.615862068965518,-16.36551724137931,6.013793103448276,4.5055172413793105,-2.518793103448276,2355.4651162790697,-0.9150532701549978,-0.39585238063448697,R,0.58,2026,William Kempner,AAA
687531,ST,42,82.16904761904762,5.957142857142857,13.557142857142857,5.995238095238095,4.633571428571429,-2.519285714285714,2749.25,0.9427717099828812,0.17432542722541103,R,0.42,2026,William Kempner,AAA
687547,CH,110,81.39727272727274,9.985090909090909,-12.84218181818182,5.7,6.128181818181818,-1.7208181818181818,2125.1,0.8613647863033153,-0.4941064445968771,L,0.23706896551724138,2026,Ryan Ramsey,AAA
687547,CU,28,76.54642857142858,-15.51,6.887142857142857,5.428571428571429,6.307142857142857,-1.5260714285714285,2876.4285714285716,-0.404045767797333,0.9069118887014531,L,0.0603448275862069,2026,Ryan Ramsey,AAA
687547,FC,66,87.7439393939394,8.201818181818183,5.036363636363636,5.46060606060606,6.278636363636363,-1.5433333333333332,2428.4848484848485,-0.17031802839018803,-0.9646173683174637,L,0.14224137931034483,2026,Ryan Ramsey,AAA
687547,FF,210,89.5652380952381,16.54342857142857,-1.7194285714285713,5.453809523809523,6.399380952380952,-1.2424285714285714,2256.519047619048,0.16161953520590164,-0.9768571037603705,L,0.4525862068965517,2026,Ryan Ramsey,AAA
687547,SL,50,83.2,0.22080000000000002,7.687200000000001,5.562,6.099399999999999,-1.8463999999999998,2674.72,-0.9066495304672822,-0.09040977841248175,L,0.10775862068965517,2026,Ryan Ramsey,AAA
687562,CH,10,84.53,7.872,-12.576,7.19,5.821,-2.54,1990.1,0.920081698418778,-0.38491437565359216,L,0.16393442622950818,2026,Jake Bennett,AAA
687562,FC,12,85.46666666666665,4.1000000000000005,0.5700000000000001,6.95,5.725833333333334,-2.69,2037.0833333333333,0.691246915697013,-0.13189132535394224,L,0.19672131147540983,2026,Jake Bennett,AAA
687562,FF,25,93.316,12.5328,-11.064,7.132,5.6936,-2.7004,2143.84,0.8484690807417788,-0.5260864658591005,L,0.4098360655737705,2026,Jake Bennett,AAA
687562,SI,14,92.57142857142857,6.291428571428571,-16.67142857142857,7.142857142857143,5.656428571428571,-2.802142857142857,2034.642857142857,0.8245208373492631,-0.5591266930099398,L,0.22950819672131148,2026,Jake Bennett,AAA
687570,CU,10,81.38,-10.776,11.7,5.4,6.362,-1.043,3076.8,-0.5412502622173286,0.8131542750966482,L,0.19230769230769232,2026,Connor Prielipp,AAA
687570,FF,24,95.49166666666667,16.935,-8.74,5.675,6.255,-1.3074999999999999,2214.0416666666665,0.6417517965262639,-0.7647941802589613,L,0.46153846153846156,2026,Connor Prielipp,AAA
687570,SL,18,86.92222222222222,1.48,5.4,5.488888888888889,6.219444444444445,-1.3627777777777779,2928.6111111111113,-0.47359904934247976,0.25375880178553323,L,0.34615384615384615,2026,Connor Prielipp,AAA
687589,CH,20,83.41499999999999,8.676,-15.468,6.615,5.7015,-1.5095,1710.25,-0.8182871089345705,-0.5696610589165961,R,0.07194244604316546,2026,Dom Hamel,AAA
687589,CU,22,74.63636363636364,-14.58,10.069090909090908,6.554545454545454,5.752272727272727,-1.4931818181818182,2790.7727272727275,0.5496180119288326,0.7656132509343091,R,0.07913669064748201,2026,Dom Hamel,AAA
687589,FC,24,89.95833333333333,16.27,-7.8,6.483333333333333,5.766666666666667,-1.43625,2329.7083333333335,-0.5499900504336669,-0.8320939515513559,R,0.08633093525179857,2026,Dom Hamel,AAA
687589,FF,84,92.2702380952381,16.97,-9.53,6.583333333333333,5.757976190476191,-1.3792857142857142,2369.120481927711,-0.5753635033342457,-0.8151432529380663,R,0.302158273381295,2026,Dom Hamel,AAA
687589,SI,36,91.11666666666666,12.64,-14.216666666666667,6.533333333333333,5.711111111111111,-1.61,2218.6944444444443,-0.6126857987153389,-0.7881631559517789,R,0.12949640287769784,2026,Dom Hamel,AAA
687589,SL,57,84.61929824561403,5.187368421052632,2.5031578947368422,6.603508771929824,5.632456140350877,-1.6233333333333333,2565.3508771929824,-0.11639462722562864,-0.7182525180758333,R,0.20503597122302158,2026,Dom Hamel,AAA
687589,ST,35,81.73714285714286,0.37714285714285717,9.613714285714286,6.56,5.623714285714286,-1.7017142857142857,2605.5714285714284,0.4927397613380591,0.1316401707032165,R,0.12589928057553956,2026,Dom Hamel,AAA
687593,CH,19,85.17894736842106,8.91157894736842,-15.031578947368422,6.242105263157894,5.748947368421053,-1.4289473684210525,1656.5263157894738,0.7842163728594852,-0.6174244360569808,L,0.24675324675324675,2026,Hunter Patteson,AAA
687593,CU,13,77.70769230769231,-3.5261538461538464,-0.7846153846153846,6.115384615384615,5.819999999999999,-1.5092307692307694,2443.923076923077,-0.3044620732191087,0.9060262231051942,L,0.16883116883116883,2026,Hunter Patteson,AAA
687593,FF,45,91.66666666666667,14.058666666666666,-13.029333333333334,6.055555555555555,5.76711111111111,-1.3613333333333333,2122.777777777778,0.7898515712780045,-0.6053430427600336,L,0.5844155844155844,2026,Hunter Patteson,AAA
687606,CH,12,86.18333333333334,2.4899999999999998,-8.19,5.966666666666666,5.8,-2.3508333333333336,1711.2857142857142,-0.8234171170514182,-0.5382702251713787,R,0.11320754716981132,2026,Paxton Schultz,AAA
687606,FC,47,89.32765957446807,10.996595744680851,0.9804255319148936,5.951063829787234,5.719574468085106,-2.5293617021276593,2230.757575757576,-0.33353290829098714,-0.9323593884070805,R,0.44339622641509435,2026,Paxton Schultz,AAA
687606,FF,29,93.27586206896552,15.980689655172414,-7.555862068965517,5.968965517241379,5.836206896551724,-2.3913793103448273,2193.6666666666665,-0.5641190846665242,-0.8233739791687108,R,0.27358490566037735,2026,Paxton Schultz,AAA
687606,SL,18,80.58888888888889,6.213333333333334,11.586666666666666,5.894444444444444,5.617777777777778,-2.7044444444444444,2357.5714285714284,0.9531858244636131,0.009125894818086854,R,0.16981132075471697,2026,Paxton Schultz,AAA
687721,CH,12,80.875,-0.9699999999999999,-19.900000000000002,6.0249999999999995,4.935,-1.0133333333333334,2296.9166666666665,-0.9809212833165762,0.14785609817075607,R,0.06666666666666667,2026,Cameron Weston,AAA
687721,FO,36,79.16944444444444,-3.1466666666666665,-8.67,5.905555555555555,4.998333333333333,-0.9005555555555556,790.7777777777778,-0.9308697694461934,0.34392385035731726,R,0.2,2026,Cameron Weston,AAA
687721,SI,53,91.63962264150943,3.4347169811320755,-19.41509433962264,5.875471698113207,5.003962264150943,-0.968867924528302,2177.245283018868,-0.9434127179085219,-0.319639270247616,R,0.29444444444444445,2026,Cameron Weston,AAA
687721,SL,29,83.47241379310344,5.284137931034483,2.0027586206896553,5.868965517241379,4.884137931034482,-1.103448275862069,2298.964285714286,-0.013339186568351803,-0.6654801041443597,R,0.16111111111111112,2026,Cameron Weston,AAA
687721,ST,50,76.95,3.1512000000000002,13.593599999999999,5.756,4.8978,-1.0436,2333.56,0.9584144911067832,0.26968182569315696,R,0.2777777777777778,2026,Cameron Weston,AAA
687726,FC,21,88.46666666666667,1.5485714285714287,2.2285714285714286,6.490476190476191,5.63047619047619,-0.8933333333333334,2708.0476190476193,0.7985808222549272,0.0964329474468811,R,0.39622641509433965,2026,Cameron Wagoner,AAA
687726,FF,32,96.415625,15.97125,-7.79625,6.634375,5.5459375,-0.9696875,2350.53125,-0.597352886688865,-0.7941451818629038,R,0.6037735849056604,2026,Cameron Wagoner,AAA
687762,CH,38,84.31052631578947,2.674736842105263,-16.089473684210525,6.757894736842106,5.373157894736842,-2.9460526315789473,2013.4473684210527,-0.9807143570087502,-0.18360611250631942,R,0.1630901287553648,2026,Blake Wehunt,AAA
687762,CU,36,81.06944444444444,-8.466666666666667,12.893333333333333,6.616666666666666,5.644444444444444,-2.8455555555555554,2325.1666666666665,0.597520060064935,0.7960591213855824,R,0.15450643776824036,2026,Blake Wehunt,AAA
687762,FC,24,88.0125,4.615,0.165,6.675,5.301666666666667,-3.079166666666667,2259.1666666666665,-0.8470935856704291,-0.460768551145671,R,0.10300429184549356,2026,Blake Wehunt,AAA
687762,SI,117,93.78547008547008,10.699487179487178,-15.977435897435896,6.751282051282051,5.3538461538461535,-2.9245299145299146,2234.6495726495727,-0.8496991154918468,-0.5213231961557622,R,0.5021459227467812,2026,Blake Wehunt,AAA
687762,SL,18,83.05000000000001,-3.0733333333333333,14.806666666666665,6.611111111111111,5.423333333333334,-3.018333333333333,2355.6666666666665,0.574397233213618,0.815285423673133,R,0.07725321888412018,2026,Blake Wehunt,AAA
687765,CH,14,87.18571428571428,1.7314285714285713,-12.437142857142858,5.985714285714286,5.853571428571429,-2.495,1802.142857142857,-0.7827945123484633,-0.6131862417112679,R,0.13333333333333333,2026,Mitch Spence,AAA
687765,CU,10,80.94,-7.992,8.652,6.11,6.3149999999999995,-1.9309999999999998,2734.7,0.8026262306307462,0.5897246802551692,R,0.09523809523809523,2026,Mitch Spence,AAA
687765,FC,45,90.89111111111112,7.450666666666668,2.2053333333333334,6.135555555555556,6.130444444444445,-2.232666666666667,2558.8,-0.22897560266918995,-0.9504791921794072,R,0.42857142857142855,2026,Mitch Spence,AAA
687765,SI,11,92.58181818181818,5.661818181818182,-13.865454545454547,6.0181818181818185,6.02,-2.4172727272727275,2304.5454545454545,-0.5730674107318473,-0.815608489033499,R,0.10476190476190476,2026,Mitch Spence,AAA
687765,SL,25,83.52799999999999,1.6416,11.904000000000002,6.124,5.9512,-2.416,2687.68,0.9274400858455358,0.36419849643475616,R,0.23809523809523808,2026,Mitch Spence,AAA
687792,CH,23,83.01739130434783,5.681739130434783,-17.264347826086954,6.630434782608695,5.803478260869565,-2.2313043478260868,2262.2608695652175,0.9734941933038374,-0.20214448882949848,L,0.323943661971831,2026,DJ Herz,AAA
687792,FF,32,92.7375,16.0275,-13.03125,6.73125,5.82,-2.08875,2279.75,0.6307462644603433,-0.7726973416592869,L,0.4507042253521127,2026,DJ Herz,AAA
687792,SL,16,87.275,9.2625,-2.505,6.73125,5.689375,-2.243125,2049.5625,0.6311991253939823,-0.7404382354286968,L,0.22535211267605634,2026,DJ Herz,AAA
687798,CH,50,88.02600000000001,2.424,-14.0304,6.7379999999999995,5.702000000000001,-1.6103999999999998,1722.38,-0.9290783441733896,-0.2999933186272558,R,0.45871559633027525,2026,Nick Robertson,AAA
687798,FF,47,94.04893617021277,14.412765957446808,-9.15063829787234,6.78936170212766,6.028723404255319,-1.314468085106383,2034.0212765957447,-0.6039170562901298,-0.7946472490862542,R,0.43119266055045874,2026,Nick Robertson,AAA
687798,SL,12,86.89166666666667,3.2099999999999995,0.8399999999999999,6.566666666666666,5.824166666666667,-1.6383333333333334,2260.5833333333335,0.029978272941880647,-0.7914462302457732,R,0.11009174311926606,2026,Nick Robertson,AAA
687825,CH,32,85.5125,-0.6824999999999999,-9.98625,6.178125,6.0925,-2.0371875,1382.125,-0.8338522089010967,-0.10159565671981068,R,0.3333333333333333,2026,Tyler Santana,AAA
687825,FF,64,93.0046875,13.603125,-5.765625,6.2515625,6.17265625,-1.85640625,2280.78125,-0.6111924120850383,-0.7864188847358927,R,0.6666666666666666,2026,Tyler Santana,AAA
687830,CH,53,84.18113207547171,0.2513207547169811,-13.387924528301886,7.390566037735849,5.375660377358491,-2.19,1392.6792452830189,-0.972602992169374,-0.21033730884506166,R,0.20152091254752852,2026,Sawyer Gipson-Long,AAA
687830,FC,26,86.58076923076922,7.144615384615384,3.5999999999999996,7.2153846153846155,5.380384615384615,-2.289230769230769,2507.846153846154,-0.14157065257510656,-0.9517328422582081,R,0.09885931558935361,2026,Sawyer Gipson-Long,AAA
687830,FF,65,91.53384615384616,13.351384615384616,-10.347692307692308,7.349230769230769,5.399230769230769,-2.1687692307692306,2193.0307692307692,-0.7775660808584954,-0.623369928434189,R,0.24714828897338403,2026,Sawyer Gipson-Long,AAA
687830,SI,46,90.68478260869566,4.763478260869565,-14.827826086956522,7.343478260869565,5.3406521739130435,-2.236521739130435,2131.0652173913045,-0.7751039401963705,-0.5998458926613335,R,0.17490494296577946,2026,Sawyer Gipson-Long,AAA
687830,SL,73,80.4931506849315,-2.8076712328767126,8.595616438356165,7.258904109589041,5.39027397260274,-2.163150684931507,2530.5479452054797,0.960047824962461,0.03572505538147977,R,0.27756653992395436,2026,Sawyer Gipson-Long,AAA
687841,CU,19,77.8157894736842,-12.391578947368421,8.56421052631579,5.947368421052632,6.027894736842105,-1.2636842105263157,2719.5263157894738,-0.5278955948714413,0.8429100075473902,L,0.12666666666666668,2026,Andrew Magno,AAA
687841,FF,48,93.25208333333335,16.044999999999998,-4.5275,5.977083333333333,6.155,-0.9391666666666666,2173.625,0.4300965745626501,-0.9009362160824628,L,0.32,2026,Andrew Magno,AAA
687841,SL,83,82.6867469879518,-1.343132530120482,6.1575903614457825,5.962650602409639,5.893012048192771,-1.4912048192771084,2605.1686746987953,-0.8602560891593246,0.3846916418992558,L,0.5533333333333333,2026,Andrew Magno,AAA
687847,FF,57,95.68596491228071,17.08421052631579,-3.24,6.728070175438597,6.453157894736842,-0.9289473684210526,2239.7894736842104,-0.29085758225667946,-0.9533978445343693,R,0.4789915966386555,2026,Marc Church,AAA
687847,SL,62,86.55645161290323,5.916774193548387,1.7051612903225806,6.593442622950819,6.424516129032258,-1.1601612903225809,2264.3934426229507,-0.11706011516971691,-0.9478326089645086,R,0.5210084033613446,2026,Marc Church,AAA
687849,CU,23,81.86521739130436,-11.389565217391304,5.003478260869565,6.147826086956522,6.329130434782608,-0.9617391304347827,2739.1739130434785,0.47069708529415477,0.8753634648228746,R,0.15333333333333332,2026,Zak Kent,AAA
687849,FF,53,92.83207547169812,13.329056603773584,0.6181132075471699,6.124528301886793,6.35188679245283,-1.019811320754717,2645.0,-0.3023420135436388,-0.946027784849825,R,0.35333333333333333,2026,Zak Kent,AAA
687849,SI,14,93.66428571428571,12.625714285714285,-8.845714285714285,6.085714285714286,6.3378571428571435,-1.0142857142857142,2529.0,-0.3756361633185996,-0.9232536393075664,R,0.09333333333333334,2026,Zak Kent,AAA
687849,SL,60,87.39333333333335,0.16999999999999998,5.364000000000001,6.166666666666667,6.292666666666666,-1.1096666666666666,2674.95,0.778654618239907,-0.19066463840977066,R,0.4,2026,Zak Kent,AAA
687856,CH,23,86.2695652173913,2.994782608695652,-15.975652173913044,6.356521739130434,5.420869565217392,-2.49,1812.695652173913,-0.8999847355041474,-0.4254660914805046,R,0.11855670103092783,2026,Andrew Bash,AAA
687856,FF,45,93.28888888888889,15.378666666666666,-6.1626666666666665,6.431111111111111,5.562666666666667,-2.2582222222222224,2323.088888888889,-0.5720522034724485,-0.8161825909712428,R,0.23195876288659795,2026,Andrew Bash,AAA
687856,SI,31,92.56451612903226,6.476129032258064,-14.485161290322582,6.419354838709677,5.511290322580645,-2.326774193548387,2346.9032258064517,-0.6442226315159738,-0.7598520900567239,R,0.15979381443298968,2026,Andrew Bash,AAA
687856,SL,16,87.05,2.5650000000000004,0.8999999999999999,6.39375,5.475,-2.4425,2579.5,-0.03661470985240654,-0.48630299926948783,R,0.08247422680412371,2026,Andrew Bash,AAA
687856,ST,79,84.83164556962025,1.2972151898734177,9.62126582278481,6.364556962025317,5.443797468354431,-2.413037974683544,2780.8734177215188,0.7043158789612359,0.09539498577131457,R,0.4072164948453608,2026,Andrew Bash,AAA
687866,FF,99,95.02222222222223,15.632727272727275,-6.086060606060606,6.088888888888889,5.988585858585859,-1.1786868686868686,2235.3030303030305,-0.4960821734903963,-0.8655791028601656,R,0.515625,2026,Justin Yeager,AAA
687866,SL,93,85.57204301075268,1.1290322580645162,3.314838709677419,6.160215053763441,5.860860215053763,-1.730537634408602,2338.2903225806454,0.6866239596092778,-0.38228793268799205,R,0.484375,2026,Justin Yeager,AAA
687881,CU,17,75.84117647058824,-8.24470588235294,1.6588235294117646,5.852941176470588,5.668823529411765,-1.9011764705882352,2031.5294117647059,0.5031632712287367,0.856040296899987,R,0.24285714285714285,2026,Kenten Egbert,AAA
687881,FF,36,89.85,15.606666666666667,-7.4399999999999995,6.041666666666667,5.7175,-1.8525,2170.5833333333335,-0.5633068316441059,-0.8247950803269407,R,0.5142857142857142,2026,Kenten Egbert,AAA
687881,SL,17,81.18823529411765,1.4752941176470589,-0.11999999999999998,5.952941176470588,5.549411764705883,-2.0100000000000002,1941.0,0.573416247105668,0.11966160389413852,R,0.24285714285714285,2026,Kenten Egbert,AAA
687900,FC,73,87.3945205479452,-0.06082191780821916,3.5802739726027397,6.239726027397261,6.0335616438356166,-1.9273972602739724,2303.3972602739727,0.6584493490123222,-0.04688464528813834,R,0.5104895104895105,2026,Andrew Baker,AAA
687900,FF,55,97.5909090909091,12.34909090909091,-5.9738181818181815,6.332727272727273,6.133272727272727,-1.940181818181818,2439.8727272727274,-0.5992727409795571,-0.797840601930063,R,0.38461538461538464,2026,Andrew Baker,AAA
687900,SL,15,85.24666666666667,-0.504,6.176,6.1866666666666665,5.945333333333334,-2.066,2318.3333333333335,0.8874998258261024,0.34651770482605126,R,0.1048951048951049,2026,Andrew Baker,AAA
687911,FF,10,92.53999999999999,11.268,-2.7600000000000002,6.590000000000001,5.497,-2.7510000000000003,2145.8,0.5377712987968827,-0.840952760923557,L,1.0,2026,Bryan King,AAA
687916,CH,10,84.97,2.2439999999999998,-11.496,6.720000000000001,5.465999999999999,-1.332,1507.2,-0.7401952832537182,-0.6475947266573582,R,0.1724137931034483,2026,Jack Jasiak,AAA
687916,FF,26,93.47307692307693,14.150769230769232,-11.815384615384614,6.626923076923077,5.5942307692307685,-1.3111538461538461,2142.576923076923,-0.7052426741534636,-0.7033967956837132,R,0.4482758620689655,2026,Jack Jasiak,AAA
687916,ST,22,83.0909090909091,0.059999999999999935,10.865454545454545,6.531818181818181,5.317272727272727,-1.6545454545454545,2484.9545454545455,0.8511699798812645,0.4817132376877373,R,0.3793103448275862,2026,Jack Jasiak,AAA
687924,CH,50,82.574,1.9296,-13.166400000000001,6.1339999999999995,5.4812,-2.136,1629.82,-0.9947235398123753,-0.06251755182859803,R,0.24509803921568626,2026,Julian Aguiar,AAA
687924,CU,15,78.02,-4.4159999999999995,6.5040000000000004,6.239999999999999,5.672,-2.05,2063.0666666666666,0.7090127133966811,0.6942737042767556,R,0.07352941176470588,2026,Julian Aguiar,AAA
687924,FF,73,92.93287671232878,12.006575342465753,-13.093150684931507,6.046575342465753,5.736027397260274,-2.00013698630137,2119.6164383561645,-0.795501992114175,-0.6021744933756316,R,0.35784313725490197,2026,Julian Aguiar,AAA
687924,SI,25,93.096,8.2896,-16.1328,6.072,5.6564,-2.0831999999999997,2070.08,-0.8229084234360913,-0.5609173383028235,R,0.12254901960784313,2026,Julian Aguiar,AAA
687924,SL,41,80.92439024390244,1.3287804878048781,3.2078048780487807,6.104878048780488,5.536829268292682,-2.1080487804878048,2164.5853658536585,0.8890627204899503,-0.042150136203746816,R,0.20098039215686275,2026,Julian Aguiar,AAA
687931,CH,92,82.49891304347825,5.913913043478261,-13.36304347826087,6.435869565217391,6.102065217391305,-2.33,1880.5974025974026,0.9193383550737574,-0.3515402884106101,L,0.336996336996337,2026,Carson Whisenhunt,AAA
687931,FF,128,93.32578125,16.4325,-9.1059375,6.49296875,6.439921875,-2.0215625,2304.169811320755,0.5810445762144015,-0.7951725791386126,L,0.46886446886446886,2026,Carson Whisenhunt,AAA
687931,SL,53,85.23962264150943,1.4332075471698116,1.6686792452830188,6.39811320754717,6.250943396226416,-2.0503773584905662,2428.225,-0.45936121988283884,0.033731739729849775,L,0.19413919413919414,2026,Carson Whisenhunt,AAA
687941,CH,18,83.63888888888889,6.386666666666667,-9.606666666666667,6.616666666666666,6.124444444444444,-2.1005555555555557,1260.4444444444443,0.7922034366617109,-0.5919943791591032,L,0.12244897959183673,2026,Alec Gamboa,AAA
687941,FF,48,93.15833333333335,17.78,-4.26,6.308333333333334,6.549375,-1.4958333333333333,2127.3958333333335,0.42809383113907834,-0.9017567740254933,L,0.32653061224489793,2026,Alec Gamboa,AAA
687941,SI,33,93.05454545454546,10.50909090909091,-12.363636363636363,6.415151515151515,6.322121212121212,-1.9693939393939393,1963.969696969697,0.5306087120375689,-0.8206784548711548,L,0.22448979591836735,2026,Alec Gamboa,AAA
687941,SL,48,87.03958333333333,2.5775,3.145,6.489583333333333,6.254791666666667,-1.9372916666666666,2118.5,-0.015880950610729822,-0.805160629257686,L,0.32653061224489793,2026,Alec Gamboa,AAA
687985,CU,38,82.96315789473684,-6.129473684210526,5.41578947368421,6.131578947368421,6.522631578947368,-0.3613157894736842,2101.4193548387098,0.04292627791362268,0.7984553550016285,R,0.35185185185185186,2026,Josh White,AAA
687985,FF,34,93.72647058823529,17.255294117647058,-3.487058823529412,6.252941176470588,6.397941176470589,-0.5285294117647058,2284.0,-0.38795876438786925,-0.8803239774888422,R,0.3148148148148148,2026,Josh White,AAA
687985,FS,14,86.84285714285714,8.254285714285714,-8.51142857142857,6.464285714285714,6.297857142857143,-0.6278571428571428,1039.5,-0.4840229301678863,-0.8709023056594818,R,0.12962962962962962,2026,Josh White,AAA
687985,SL,22,85.61818181818181,3.7854545454545456,2.9454545454545453,6.281818181818181,6.177727272727273,-0.8918181818181818,2155.1111111111113,0.14361942262900906,-0.9358971904638084,R,0.2037037037037037,2026,Josh White,AAA
687991,FF,22,95.96363636363635,13.969090909090909,-4.805454545454546,6.418181818181818,5.927272727272728,-1.9695454545454545,2157.2727272727275,-0.45119409639571567,-0.8906700432760413,R,0.5789473684210527,2026,Jared Johnson,AAA
687991,SL,16,87.15625,2.4375,2.3475,6.4125,5.89,-2.074375,2107.5625,0.6730015418615447,-0.29244461497859087,R,0.42105263157894735,2026,Jared Johnson,AAA
688107,CH,36,87.63333333333334,1.3833333333333333,-18.57,6.716666666666667,5.063055555555556,-2.5497222222222224,2042.6666666666667,0.9556487387821514,-0.28559681135805903,L,0.17560975609756097,2026,Robert Gasser,AAA
688107,FC,29,87.72758620689655,7.572413793103448,1.8041379310344827,6.748275862068965,5.144137931034483,-2.5986206896551725,2445.655172413793,0.07754695614961261,-0.9479296893787128,L,0.14146341463414633,2026,Robert Gasser,AAA
688107,FF,37,93.18108108108108,15.01945945945946,-9.875675675675675,6.677777777777778,5.22972972972973,-2.4735135135135136,2246.054054054054,0.6934000074588004,-0.7166357455149563,L,0.18048780487804877,2026,Robert Gasser,AAA
688107,SI,51,92.42352941176472,7.235294117647059,-16.138823529411766,6.731372549019608,5.051372549019608,-2.4486274509803923,2105.627450980392,0.7651828426560693,-0.6389669145002439,L,0.24878048780487805,2026,Robert Gasser,AAA
688107,ST,52,81.58269230769231,6.5307692307692315,13.220769230769232,6.734615384615385,5.191923076923077,-2.4051923076923076,2488.4615384615386,-0.9767236079472428,0.04682566242908481,L,0.25365853658536586,2026,Robert Gasser,AAA
688230,CU,15,77.96666666666667,-16.84,8.424,5.739999999999999,5.4879999999999995,-0.8266666666666667,2612.133333333333,-0.4017661891643621,0.9138256026939383,L,0.09090909090909091,2026,Peyton Alford,AAA
688230,FF,68,92.78088235294118,18.85235294117647,-7.56529411764706,5.836764705882352,5.4901470588235295,-0.8085294117647058,2318.3382352941176,0.4664326250817054,-0.8826822228139309,L,0.4121212121212121,2026,Peyton Alford,AAA
688230,SL,82,82.20731707317073,0.1302439024390244,3.3146341463414637,5.726829268292684,5.413414634146341,-0.9674390243902439,2522.4146341463415,-0.8191954662605669,0.3724456676830576,L,0.49696969696969695,2026,Peyton Alford,AAA
688297,FC,16,88.84375,2.67,1.53,6.9375,5.451875,-1.473125,2014.0,0.19678623128271377,-0.835429755882971,R,0.25,2026,Chris Roycroft,AAA
688297,FF,18,94.53888888888889,8.786666666666667,-3.8133333333333335,6.911111111111111,5.59,-1.3788888888888888,2144.722222222222,-0.7209200295524003,-0.6843344959753034,R,0.28125,2026,Chris Roycroft,AAA
688297,SI,30,96.07666666666667,1.6280000000000001,-15.735999999999999,6.8100000000000005,5.471666666666667,-1.505,2117.0333333333333,-0.8990765365519839,-0.4333484349609158,R,0.46875,2026,Chris Roycroft,AAA
688354,CU,13,79.87692307692308,-9.96923076923077,11.03076923076923,7.123076923076923,5.177692307692308,-2.8453846153846154,2500.3846153846152,0.634834980817269,0.7711733494169771,R,0.4482758620689655,2026,Hayden Minton,AAA
688354,FF,16,94.01875,8.82,-10.305,7.2375,5.3025,-2.80375,1754.0625,-0.8726191770833902,-0.484908013777945,R,0.5517241379310345,2026,Hayden Minton,AAA
688445,CH,12,88.35833333333333,2.1599999999999997,-6.91,5.825,6.331666666666667,-1.825,2487.714285714286,-0.2821548892442355,0.39301754762791113,R,0.10256410256410256,2026,Jake Walkinshaw,AAA
688445,FF,40,96.2825,15.434999999999999,-13.008,5.915,6.6095,-1.378,2193.2571428571428,-0.6431889323505939,-0.7633921198264495,R,0.3418803418803419,2026,Jake Walkinshaw,AAA
688445,SI,17,94.83529411764707,9.903529411764707,-14.470588235294118,5.964705882352941,6.460588235294118,-1.4511764705882353,1836.3125,-0.7199800409068652,-0.6907796685084537,R,0.1452991452991453,2026,Jake Walkinshaw,AAA
688445,SL,48,85.93124999999999,-0.9025,4.6425,5.73125,6.247916666666666,-1.8822916666666665,2548.4615384615386,0.30770775937668665,0.6944839996993738,R,0.41025641025641024,2026,Jake Walkinshaw,AAA
688497,CU,41,76.70731707317073,-10.838048780487805,0.6204878048780488,6.639024390243902,6.465365853658536,0.13414634146341464,2160.769230769231,0.0910295683815596,0.9612253896118841,R,0.1889400921658986,2026,Taylor Rashi,AAA
688497,FF,94,89.75531914893617,14.17531914893617,1.9940425531914894,6.752688172043011,6.441276595744681,0.0675531914893617,2165.6021505376343,0.016399163908002154,-0.9953618873859382,R,0.43317972350230416,2026,Taylor Rashi,AAA
688497,FS,37,84.19189189189188,7.044324324324324,-8.325405405405405,6.5864864864864865,6.507297297297297,-0.13108108108108107,1357.5945945945946,-0.5672705268158638,-0.8159732159228117,R,0.17050691244239632,2026,Taylor Rashi,AAA
688497,SL,45,85.10888888888888,2.528,4.970666666666667,6.637777777777777,6.446,-0.22844444444444442,2182.090909090909,0.590257030907965,-0.6972564933822718,R,0.2073732718894009,2026,Taylor Rashi,AAA
688609,FC,35,88.16,2.345142857142857,5.238857142857143,7.005714285714285,5.545428571428571,-1.8165714285714285,2261.057142857143,0.6597024380724201,-0.678225691943297,R,0.23178807947019867,2026,Hunter Parks,AAA
688609,FF,60,96.855,12.952,-8.326,7.036666666666666,5.716666666666667,-1.66,2091.7166666666667,-0.673913705374119,-0.7337937220912369,R,0.3973509933774834,2026,Hunter Parks,AAA
688609,ST,56,80.27321428571429,0.6492857142857142,17.329285714285714,6.951785714285714,5.484464285714286,-1.832142857142857,2274.464285714286,0.9225352861826641,0.3583087488231437,R,0.3708609271523179,2026,Hunter Parks,AAA
688692,FF,30,94.80333333333333,15.379999999999999,-10.42,6.316666666666666,5.737,-3.033666666666667,2385.6666666666665,0.745180675354197,-0.6654968418841555,L,0.4918032786885246,2026,Jared Simpson,AAA
688692,FS,16,85.6625,0.375,-12.1125,6.1625,5.86375,-2.94375,1389.4375,0.9080493915302189,-0.4137973376910317,L,0.26229508196721313,2026,Jared Simpson,AAA
688692,SI,15,94.66000000000001,8.296,-16.968,6.266666666666667,5.6946666666666665,-3.0833333333333335,2138.6,0.755653747911026,-0.653796962334038,L,0.2459016393442623,2026,Jared Simpson,AAA
688730,FC,57,92.79824561403508,10.442105263157895,3.4694736842105263,6.885964912280702,5.602631578947369,-1.2826315789473683,2487.8947368421054,-0.0746107002331085,-0.9769622741473035,R,0.5377358490566038,2026,Marques Johnson,AAA
688730,ST,49,84.54285714285714,0.8571428571428571,11.576326530612246,6.7877551020408164,5.636530612244898,-1.2208163265306122,2605.285714285714,0.8842924444491905,0.35715989665397135,R,0.46226415094339623,2026,Marques Johnson,AAA
688883,CU,30,81.46333333333334,-14.783999999999999,10.916,5.77,6.059333333333333,-2.678,2983.733333333333,0.5026746709558642,0.8539813404271647,R,0.20833333333333334,2026,Peyton Pallette,AAA
688883,FF,92,95.45869565217392,15.299999999999999,-11.85391304347826,5.719565217391305,5.900434782608696,-2.786413043478261,2318.021739130435,-0.6771165238065913,-0.7330818650099907,R,0.6388888888888888,2026,Peyton Pallette,AAA
688883,SL,22,85.52727272727272,-4.041818181818182,6.163636363636363,5.7318181818181815,5.863181818181818,-2.6722727272727274,2587.590909090909,0.44439801790222083,0.887379866508703,R,0.1527777777777778,2026,Peyton Pallette,AAA
689017,CH,36,85.46944444444445,10.953333333333333,-9.850000000000001,5.922222222222222,5.829444444444444,-1.0625,1800.0833333333333,-0.6292722512803797,-0.7733202838545995,R,0.3711340206185567,2026,Landon Knack,AAA
689017,FF,39,93.62051282051281,17.71076923076923,-4.452307692307692,5.833333333333333,5.897692307692307,-0.8938461538461538,2437.153846153846,-0.3450814817178228,-0.9361928938353793,R,0.4020618556701031,2026,Landon Knack,AAA
689017,SL,22,86.03181818181818,3.3981818181818184,2.2036363636363636,5.7318181818181815,5.844545454545455,-1.1286363636363637,2508.9545454545455,0.5631022166585399,-0.5792920598299521,R,0.2268041237113402,2026,Landon Knack,AAA
689147,FF,11,96.58181818181819,16.658181818181816,-12.338181818181818,6.154545454545455,6.087272727272727,-1.3590909090909091,2287.2727272727275,-0.6870877089949555,-0.722899857990675,R,0.5238095238095238,2026,Orion Kerkering,AAA
689147,ST,10,86.91,0.19200000000000003,14.315999999999999,5.89,5.799,-1.891,2866.1,0.5948831437878923,0.4454569705532953,R,0.47619047619047616,2026,Orion Kerkering,AAA
689149,CU,27,83.5,-12.897777777777778,5.315555555555556,6.2,6.087037037037037,-1.4281481481481482,2582.5555555555557,0.46075576414083996,0.8815831441639743,R,0.14285714285714285,2026,Chad Dallas,AAA
689149,FC,38,91.82368421052632,11.68421052631579,2.813684210526316,6.4605263157894735,5.905526315789474,-1.4297368421052632,2319.5526315789475,-0.19821798977354324,-0.974480421673433,R,0.20105820105820105,2026,Chad Dallas,AAA
689149,FF,46,92.55434782608695,11.269565217391303,1.2652173913043478,6.343478260869565,5.864782608695651,-1.3708695652173915,2257.086956521739,-0.17904991023026492,-0.9689833347494511,R,0.24338624338624337,2026,Chad Dallas,AAA
689149,SI,25,93.088,11.808,-8.8416,6.432,5.9008,-1.3908,2242.48,-0.2020776500639913,-0.9740755482022546,R,0.13227513227513227,2026,Chad Dallas,AAA
689149,ST,53,82.99245283018868,0.459622641509434,13.983396226415094,6.305660377358491,5.845471698113208,-1.661698113207547,2588.3207547169814,0.8512077992920629,0.49572943802931724,R,0.2804232804232804,2026,Chad Dallas,AAA
689225,CH,18,90.27222222222223,7.246666666666666,-15.386666666666665,5.833333333333333,6.174444444444444,-1.568888888888889,2043.5555555555557,-0.6766210254198106,-0.6848716557328747,R,0.18181818181818182,2026,Beau Brieske,AAA
689225,CU,10,85.67,-4.752000000000001,0.084,6.0,6.218,-1.6489999999999998,2526.5,0.5100019067477299,0.8410737940443254,R,0.10101010101010101,2026,Beau Brieske,AAA
689225,FF,44,96.3409090909091,17.39181818181818,-6.016363636363637,5.955813953488373,6.232727272727273,-1.3384090909090909,2494.5454545454545,-0.4456796374109691,-0.8797130019587083,R,0.4444444444444444,2026,Beau Brieske,AAA
689225,SL,27,90.32592592592593,5.0888888888888895,3.644444444444445,5.844444444444445,6.236296296296296,-1.4707407407407407,2395.925925925926,-0.06468825763325979,-0.9599742964785414,R,0.2727272727272727,2026,Beau Brieske,AAA
689266,SI,26,93.4923076923077,15.30923076923077,-10.836923076923076,6.050000000000001,6.0673076923076925,-2.082307692307692,2182.5384615384614,0.6679546016779325,-0.6969661440055268,L,0.5777777777777777,2026,Dylan Dodd,AAA
689266,SL,19,81.44736842105263,-2.7726315789473683,-0.4168421052631579,6.152631578947369,5.826842105263158,-2.5210526315789474,2312.7894736842104,-0.10064954448044096,0.8090333982364356,L,0.4222222222222222,2026,Dylan Dodd,AAA
689275,CH,34,84.96176470588235,2.3823529411764706,-11.544705882352941,6.5323529411764705,5.858823529411764,-2.0588235294117645,1656.7941176470588,-0.7874147154538768,-0.6085672491541888,R,0.12014134275618374,2026,Henry Williams,AAA
689275,CU,47,78.83191489361703,-11.497021276595746,8.578723404255319,6.538297872340426,6.004255319148936,-1.8017021276595746,2537.191489361702,0.672517097819629,0.735863578533369,R,0.16607773851590105,2026,Henry Williams,AAA
689275,FF,108,92.79166666666667,15.893333333333333,-7.902222222222223,6.566666666666667,5.9655555555555555,-1.9572222222222222,2452.3796296296296,-0.6529230745850785,-0.7541032818145795,R,0.38162544169611307,2026,Henry Williams,AAA
689275,SI,54,91.44814814814815,9.884444444444444,-12.842222222222222,6.555555555555555,5.917037037037037,-1.925,2273.925925925926,-0.6371944969168802,-0.7648755012118967,R,0.19081272084805653,2026,Henry Williams,AAA
689275,SL,40,85.47,3.0509999999999997,3.144,6.565,5.9384999999999994,-1.886,2379.7,0.340091521302647,-0.6500656950415272,R,0.1413427561837456,2026,Henry Williams,AAA
689337,FF,21,91.64761904761905,12.479999999999999,-14.554285714285713,6.057142857142857,4.944285714285714,-3.3666666666666667,2252.0476190476193,-0.7994284794141752,-0.5704949153584892,R,0.15441176470588236,2026,Kaleb Bowman,AAA
689337,SI,44,91.13863636363637,7.502727272727273,-17.509090909090908,6.0636363636363635,4.6036363636363635,-3.749318181818182,2214.181818181818,-0.8175472264466833,-0.45850111257052,R,0.3235294117647059,2026,Kaleb Bowman,AAA
689337,SL,51,85.90196078431373,5.672941176470588,0.4988235294117647,6.162745098039216,4.702941176470588,-3.6621568627450984,2264.8627450980393,-0.2986436879125437,-0.7413567064034943,R,0.375,2026,Kaleb Bowman,AAA
689337,ST,20,78.94,2.718,13.158000000000001,6.255,4.6665,-3.5770000000000004,2555.4,0.901606923789973,0.3720334898876937,R,0.14705882352941177,2026,Kaleb Bowman,AAA
689379,FF,10,89.56,8.088,-14.424000000000001,5.970000000000001,4.517,-2.271,2145.1,-0.9130523139352051,-0.39720986786854234,R,0.38461538461538464,2026,Aidan Anderson,AAA
689379,SL,16,79.725,1.1324999999999998,6.8325,6.0375,4.29375,-2.460625,2461.5625,0.9109144187306046,0.04484264026389041,R,0.6153846153846154,2026,Aidan Anderson,AAA
689441,CU,112,75.62678571428572,-12.765,16.82357142857143,6.048214285714286,5.324464285714286,-1.3099107142857143,2995.125,0.7688837399650951,0.6151110589717751,R,0.28865979381443296,2026,Coleman Crow,AAA
689441,FC,112,87.37142857142858,6.040714285714286,3.1960714285714285,6.08125,5.2665178571428575,-1.4361607142857142,2897.25,-0.054278254202979624,-0.7122613415517381,R,0.28865979381443296,2026,Coleman Crow,AAA
689441,FF,57,91.54035087719299,12.553684210526317,-6.631578947368421,6.149122807017544,5.302456140350877,-1.3745614035087719,2634.4736842105262,-0.5377430504244386,-0.8303503416714814,R,0.14690721649484537,2026,Coleman Crow,AAA
689441,SI,84,91.43452380952381,8.51,-14.284285714285716,6.175000000000001,5.126071428571429,-1.3551190476190476,2535.3690476190477,-0.6433655483498543,-0.7599570557268259,R,0.21649484536082475,2026,Coleman Crow,AAA
689441,ST,23,79.20434782608696,1.5495652173913044,21.84,5.9913043478260875,5.0465217391304344,-1.5391304347826087,2935.8260869565215,0.911218012070833,0.3918203051584036,R,0.059278350515463915,2026,Coleman Crow,AAA
689450,CH,11,82.89999999999999,5.803636363636364,-9.414545454545454,6.6,5.975454545454546,-2.0563636363636366,1091.5454545454545,-0.7683929317192874,-0.6325082868981245,R,0.1746031746031746,2026,Luke Taggart,AAA
689450,FF,26,92.89230769230768,16.555384615384614,-11.256923076923076,6.711538461538462,6.151538461538461,-1.820769230769231,2217.230769230769,-0.5756778644356345,-0.8126431253833287,R,0.4126984126984127,2026,Luke Taggart,AAA
689450,SI,11,92.52727272727272,14.356363636363636,-13.789090909090909,6.654545454545455,6.192727272727273,-1.8009090909090908,2192.3636363636365,-0.6446879137561788,-0.7633658065773333,R,0.1746031746031746,2026,Luke Taggart,AAA
689450,SL,15,84.52,2.208,1.6159999999999999,6.486666666666666,6.058666666666666,-2.0493333333333332,1843.4666666666667,-0.39862950365557587,-0.4754414900734036,R,0.23809523809523808,2026,Luke Taggart,AAA
689476,CH,31,87.23225806451612,3.3174193548387096,-9.836129032258064,7.216129032258064,5.790645161290322,-1.8064516129032258,1103.6451612903227,-0.8152426605128754,-0.5243783348066368,R,0.12062256809338522,2026,Jace Beck,AAA
689476,CU,35,80.28,-7.148571428571429,5.677714285714286,7.0285714285714285,5.838,-1.7765714285714285,2331.3823529411766,0.6989878894746366,0.7056305843053797,R,0.13618677042801555,2026,Jace Beck,AAA
689476,FF,153,95.22614379084968,16.56235294117647,-8.531764705882352,7.136601307189543,5.976339869281046,-1.755294117647059,2321.9867549668875,-0.5535733311539826,-0.8306059466448495,R,0.5953307392996109,2026,Jace Beck,AAA
689476,SL,38,86.94736842105263,4.335789473684211,1.3263157894736841,7.092105263157895,5.868157894736842,-1.8207894736842105,2203.5,0.1396508272714438,-0.903145213728447,R,0.14785992217898833,2026,Jace Beck,AAA
689520,FF,15,92.27333333333333,13.064,-13.424,6.3933333333333335,5.235333333333333,-1.752,2318.5333333333333,-0.7808310299501386,-0.6233180344657474,R,1.0,2026,Cody Laweryson,AAA
689546,SI,13,94.78461538461539,5.833846153846154,-17.66769230769231,6.046153846153846,5.756923076923077,-1.6892307692307693,1972.7692307692307,-0.9025154108548683,-0.4208966773814055,R,0.2765957446808511,2026,Nick Davila,AAA
689546,SL,34,87.36470588235295,-4.432941176470588,0.6705882352941177,5.867647058823529,5.918823529411765,-1.6458823529411766,1960.8823529411766,0.4280302766200772,0.8370886115782868,R,0.723404255319149,2026,Nick Davila,AAA
689672,CH,27,80.81111111111112,16.30222222222222,-11.177777777777779,6.625925925925926,6.053703703703703,-1.3507407407407408,2136.740740740741,-0.6414389749381525,-0.7654173981015346,R,0.375,2026,Drew Thorpe,AAA
689672,FF,31,91.30645161290323,17.241290322580646,-4.281290322580645,6.509677419354839,6.259032258064516,-1.176774193548387,2159.064516129032,-0.4405486580466136,-0.8954823768675519,R,0.4305555555555556,2026,Drew Thorpe,AAA
689672,SI,14,90.10714285714286,13.14,-10.662857142857144,6.514285714285714,6.208571428571429,-1.1735714285714285,2125.6428571428573,-0.473836977090631,-0.8779061646843306,R,0.19444444444444445,2026,Drew Thorpe,AAA
689690,CH,90,73.15222222222222,-0.40399999999999997,-19.232000000000003,7.104444444444444,3.766222222222222,-3.033444444444444,2150.9555555555557,-0.9849640896261361,0.14492983629194864,R,0.4205607476635514,2026,Alek Jacob,AAA
689690,FF,82,85.55853658536586,11.62829268292683,-13.268780487804877,7.253658536585365,3.8834146341463414,-2.8828048780487805,2325.3048780487807,-0.873317977632146,-0.4747577740998632,R,0.38317757009345793,2026,Alek Jacob,AAA
689690,SI,31,84.2741935483871,4.838709677419355,-16.393548387096775,7.235483870967743,3.7680645161290323,-2.4674193548387096,2233.064516129032,-0.9078357845691907,-0.4115768899697259,R,0.14485981308411214,2026,Alek Jacob,AAA
689690,ST,11,69.14545454545454,1.8654545454545455,12.818181818181818,7.209090909090909,3.7963636363636364,-2.5572727272727276,2196.3636363636365,0.9966966030553734,0.03319180455882608,R,0.0514018691588785,2026,Alek Jacob,AAA
689818,CH,12,90.825,6.87,-11.479999999999999,6.666666666666667,5.6175,-2.4250000000000003,1459.0,-0.6092926629406455,-0.7892851681478058,R,0.08275862068965517,2026,David Sandlin,AAA
689818,CU,15,84.74,-6.704,3.176,6.593333333333334,5.806,-2.284666666666667,2475.6666666666665,0.7606112584593278,0.6249583412227627,R,0.10344827586206896,2026,David Sandlin,AAA
689818,FC,40,90.465,6.189,3.9210000000000003,6.55,5.686,-2.44875,2393.825,0.219144785595862,-0.5584717476409563,R,0.27586206896551724,2026,David Sandlin,AAA
689818,FF,50,96.77600000000001,15.2448,-4.6272,6.602,5.7702,-2.2882,2283.7,-0.46723150579440953,-0.8809102232500259,R,0.3448275862068966,2026,David Sandlin,AAA
689818,ST,28,86.85714285714286,1.3885714285714283,10.165714285714285,6.596428571428571,5.635,-2.4771428571428573,2634.3571428571427,0.779500352803905,0.5090820114550333,R,0.19310344827586207,2026,David Sandlin,AAA
689958,FF,14,95.58571428571429,17.571428571428573,-11.528571428571428,6.5928571428571425,5.880000000000001,-2.6392857142857147,2572.5,-0.5088639740389531,-0.8589872586021196,R,1.0,2026,Andrew Walters,AAA
689981,CH,19,89.1263157894737,0.6189473684210526,-12.941052631578946,6.542105263157895,5.53421052631579,-2.252105263157895,1583.3684210526317,-0.845212037639878,-0.5292153915891715,R,0.15079365079365079,2026,River Ryan,AAA
689981,CU,17,83.52941176470588,-13.609411764705882,10.609411764705882,6.482352941176471,5.811176470588236,-1.8123529411764705,2768.764705882353,0.6191443710826163,0.7777770266896169,R,0.1349206349206349,2026,River Ryan,AAA
689981,FC,10,93.46000000000001,7.32,3.2159999999999997,6.58,5.693,-1.948,2542.4,-0.11957707133406592,-0.9684410600937104,R,0.07936507936507936,2026,River Ryan,AAA
689981,FF,47,97.5,16.2868085106383,-5.647659574468085,6.546808510638297,5.7674468085106385,-1.9212765957446807,2522.425531914894,-0.48054706107065887,-0.8722448432242559,R,0.373015873015873,2026,River Ryan,AAA
689981,SI,10,94.96000000000001,6.156000000000001,-12.24,6.5,5.612,-2.2239999999999998,2231.3,-0.6078175363386887,-0.7816825388646305,R,0.07936507936507936,2026,River Ryan,AAA
689981,SL,23,90.81304347826087,-1.7008695652173915,4.6173913043478265,6.608695652173913,5.650434782608696,-2.0417391304347827,2543.478260869565,0.8459553371692858,0.12266021494715586,R,0.18253968253968253,2026,River Ryan,AAA
690148,CH,16,82.06875,5.9175,-13.762500000000001,6.04375,6.2368749999999995,-1.508125,1906.0,-0.7569555770500519,-0.6494179423627601,R,0.12903225806451613,2026,Chris Kachmar,AAA
690148,CU,18,79.66111111111111,-6.513333333333333,6.5,6.077777777777778,6.342222222222222,-1.2372222222222222,2173.1666666666665,0.4700607113320334,0.854336629966833,R,0.14516129032258066,2026,Chris Kachmar,AAA
690148,FC,21,87.29047619047618,6.451428571428571,4.5200000000000005,6.1571428571428575,6.334761904761905,-1.3123809523809524,2643.8571428571427,-0.16790193357855218,-0.9421166025987487,R,0.1693548387096774,2026,Chris Kachmar,AAA
690148,FF,40,92.02250000000001,17.529,-4.446,6.2475000000000005,6.42225,-1.1855,2532.675,-0.5121965660842721,-0.8540598810754606,R,0.3225806451612903,2026,Chris Kachmar,AAA
690148,SL,29,81.6896551724138,-0.48000000000000004,11.900689655172414,6.124137931034483,6.327931034482758,-1.3386206896551724,2557.862068965517,0.7034384959049652,0.6847453842075296,R,0.23387096774193547,2026,Chris Kachmar,AAA
690155,CH,32,85.86875,2.1,-9.19875,6.54375,6.2225,-1.58625,860.3125,-0.9765849797566374,-0.1883151347694224,R,0.23529411764705882,2026,Matt Pushard,AAA
690155,FF,47,94.54042553191489,16.692765957446806,-10.516595744680851,6.434042553191489,6.290851063829788,-1.4734042553191489,2247.1702127659573,-0.563049084166516,-0.8241551837765663,R,0.34558823529411764,2026,Matt Pushard,AAA
690155,SL,43,86.80232558139535,5.977674418604652,3.9627906976744187,6.493023255813953,6.295581395348837,-1.5741860465116277,2462.906976744186,-0.1304906375315031,-0.9255311373951347,R,0.3161764705882353,2026,Matt Pushard,AAA
690155,ST,14,83.74285714285715,-0.3514285714285714,12.617142857142856,6.3500000000000005,6.242857142857143,-1.6442857142857144,2595.0714285714284,0.6161880119836579,0.382199029243765,R,0.10294117647058823,2026,Matt Pushard,AAA
690217,CU,17,80.91176470588235,-10.510588235294119,10.411764705882353,5.952941176470588,5.7435294117647056,-2.1470588235294117,2471.0588235294117,0.7601430719139398,0.6446017008570446,R,0.08629441624365482,2026,C.J. Culpepper,AAA
690217,FF,68,93.97500000000001,7.4011764705882355,-0.5047058823529412,5.885294117647058,5.735588235294117,-2.392352941176471,2502.720588235294,-0.45053877601243075,-0.8417145129954947,R,0.34517766497461927,2026,C.J. Culpepper,AAA
690217,SI,45,94.12444444444445,4.288,-10.936,5.791111111111111,5.665333333333333,-2.0755555555555554,2187.733333333333,-0.6617204044728603,-0.7430484349440788,R,0.22842639593908629,2026,C.J. Culpepper,AAA
690217,SL,34,88.49705882352941,0.4623529411764706,5.484705882352941,5.864705882352942,5.7108823529411765,-2.0423529411764707,2651.735294117647,0.8184191117270576,-0.42607121526434,R,0.17258883248730963,2026,C.J. Culpepper,AAA
690217,ST,33,83.4030303030303,3.803636363636364,14.73090909090909,5.872727272727273,5.625454545454546,-2.1542424242424243,2588.0,0.9371362842798533,0.3238995625350954,R,0.16751269035532995,2026,C.J. Culpepper,AAA
690279,CU,17,82.79411764705883,-11.52,6.9670588235294115,6.6000000000000005,5.011176470588235,-1.2976470588235294,2423.0588235294117,0.6213133994706723,0.7819359003267651,R,0.16037735849056603,2026,Mason Adams,AAA
690279,FF,38,93.77368421052631,12.331578947368422,-8.510526315789473,6.631578947368421,4.951052631578948,-1.3047368421052632,2395.6315789473683,-0.6909847715307081,-0.7181706380322488,R,0.3584905660377358,2026,Mason Adams,AAA
690279,SI,30,92.55,4.72,-13.020000000000001,6.59,4.912999999999999,-1.3123333333333334,2302.133333333333,-0.688722311080859,-0.7181161497821029,R,0.2830188679245283,2026,Mason Adams,AAA
690279,ST,21,86.20952380952382,-2.497142857142857,12.371428571428572,6.519047619047619,4.931904761904763,-1.368095238095238,2442.0,0.6797184599494775,0.7250915786666682,R,0.19811320754716982,2026,Mason Adams,AAA
690294,CH,111,83.62432432432432,9.732972972972972,-12.072432432432432,6.469369369369369,6.111441441441442,-0.8581081081081081,1537.9818181818182,0.7167251174871058,-0.6919579032731099,L,0.26555023923444976,2026,Shane Murphy,AAA
690294,CU,54,77.88888888888889,-6.5888888888888895,8.804444444444444,6.314814814814815,6.225,-0.7409259259259259,2069.3584905660377,-0.6924361179528135,0.7049203708205272,L,0.1291866028708134,2026,Shane Murphy,AAA
690294,FC,62,86.0,10.474838709677421,3.01741935483871,6.374193548387097,6.196290322580645,-0.8741935483870968,2294.1639344262294,0.2323744575370844,-0.9654118748199069,L,0.14832535885167464,2026,Shane Murphy,AAA
690294,FF,92,89.1945652173913,17.830434782608698,-6.708260869565217,6.358695652173913,6.260434782608696,-0.7991304347826087,2219.188888888889,0.47379026123996,-0.8783092996372072,L,0.22009569377990432,2026,Shane Murphy,AAA
690294,SI,69,89.14202898550725,13.826086956521738,-12.68695652173913,6.368115942028985,6.197536231884058,-0.874927536231884,2075.4927536231885,0.5048086398735541,-0.8601792620258542,L,0.16507177033492823,2026,Shane Murphy,AAA
690294,SL,30,81.73,-0.652,9.336,6.326666666666667,6.139666666666667,-1.0073333333333332,2173.9333333333334,-0.5959042754237299,0.34179634385072594,L,0.07177033492822966,2026,Shane Murphy,AAA
690382,FC,24,88.39166666666667,4.6499999999999995,3.125,6.254166666666666,5.8325,-1.3975,2482.125,0.31699355598088336,-0.8067701053562105,R,0.2376237623762376,2026,Michael Darrell-Hicks,AAA
690382,FF,20,94.33,14.718,-7.368,6.3549999999999995,5.851,-1.282,2373.7,-0.627706194887171,-0.7724262274913797,R,0.19801980198019803,2026,Michael Darrell-Hicks,AAA
690382,SI,27,94.22962962962963,6.693333333333333,-15.19111111111111,6.28888888888889,5.785185185185185,-1.4451851851851854,2321.8888888888887,-0.6714549230490291,-0.7379729097573132,R,0.26732673267326734,2026,Michael Darrell-Hicks,AAA
690382,ST,30,83.20666666666666,-0.02399999999999999,11.895999999999999,6.3100000000000005,5.804,-1.392,2715.7,0.9486314981071158,0.24918444286114486,R,0.297029702970297,2026,Michael Darrell-Hicks,AAA
690440,FC,35,88.61999999999999,7.717714285714286,3.2948571428571425,6.248571428571428,5.123714285714286,-2.2302857142857144,2595.4285714285716,-0.2485932935864841,-0.9387245176547785,R,0.1715686274509804,2026,Bradley Hanner,AAA
690440,FF,90,92.83666666666666,14.262666666666668,-8.144,6.271111111111111,5.186444444444445,-2.1735555555555557,2508.3444444444444,-0.6977960532771195,-0.6801865903436398,R,0.4411764705882353,2026,Bradley Hanner,AAA
690440,SI,34,92.3970588235294,6.921176470588235,-15.25764705882353,6.344117647058823,5.111470588235294,-2.1258823529411766,2424.1470588235293,-0.7408958448946734,-0.6691731506887347,R,0.16666666666666666,2026,Bradley Hanner,AAA
690440,ST,45,79.14,4.053333333333334,19.970666666666666,6.317777777777778,4.8919999999999995,-2.3244444444444445,3043.711111111111,0.9470427176553203,0.29847502023277306,R,0.22058823529411764,2026,Bradley Hanner,AAA
690462,CH,77,83.01428571428572,6.363116883116883,-12.115324675324675,6.187012987012987,5.974415584415585,-1.3519480519480518,2024.974025974026,-0.8512838695592756,-0.4121107362597339,R,0.2972972972972973,2026,Ricky Castro,AAA
690462,CU,19,78.64736842105263,-12.51157894736842,6.783157894736842,6.294444444444444,6.091052631578948,-1.1889473684210525,2529.5555555555557,0.5615689235943997,0.8107055488378111,R,0.07335907335907337,2026,Ricky Castro,AAA
690462,FC,62,88.1032258064516,8.589677419354837,2.6361290322580646,6.185483870967742,6.103225806451612,-1.2403225806451614,2304.1935483870966,-0.2906672039247197,-0.924901497797548,R,0.23938223938223938,2026,Ricky Castro,AAA
690462,FF,101,92.94752475247526,17.462970297029702,-7.6657425742574254,6.103960396039604,6.2122772277227725,-1.0960396039603961,2311.4653465346537,-0.49463118097074116,-0.8496748558802839,R,0.38996138996138996,2026,Ricky Castro,AAA
690829,FF,16,100.58125,13.125,-10.8225,6.79375,5.05875,-1.64125,2232.125,-0.7028849225054749,-0.7090684220922527,R,1.0,2026,Ben Joyce,AAA
690916,CU,17,80.06470588235294,-8.541176470588235,7.630588235294118,6.311764705882353,6.1505882352941175,-2.0035294117647062,2377.1176470588234,0.6950616207084682,0.6983814072043584,R,0.29310344827586204,2026,Richard Fitts,AAA
690916,FF,31,94.86774193548388,17.516129032258064,-2.4735483870967743,6.464516129032258,6.068064516129032,-2.0483870967741935,2421.3870967741937,-0.3211659628224884,-0.9449108630617573,R,0.5344827586206896,2026,Richard Fitts,AAA
690916,SL,10,85.91,2.8920000000000003,2.508,6.470000000000001,6.04,-2.075,2299.2,0.7412465078028476,-0.5890368708734178,R,0.1724137931034483,2026,Richard Fitts,AAA
690925,FF,13,94.52307692307691,18.25846153846154,-3.710769230769231,5.961538461538462,5.957692307692308,-0.8530769230769231,2328.5384615384614,-0.33264674378324843,-0.9413977895515454,R,1.0,2026,Clayton Beeter,AAA
690928,CU,18,78.94444444444444,-10.059999999999999,6.846666666666667,6.222222222222222,6.1194444444444445,-1.6311111111111112,2538.722222222222,0.6879504190731058,0.7147746954531804,R,0.1005586592178771,2026,Hunter Dobbins,AAA
690928,FF,71,94.71408450704224,14.993239436619717,-1.9487323943661974,6.1845070422535215,6.178873239436619,-1.2930985915492959,2346.6363636363635,-0.3216818308608289,-0.9075341084537553,R,0.39664804469273746,2026,Hunter Dobbins,AAA
690928,FS,16,87.8875,5.415,-14.977500000000001,6.35,5.885625,-1.604375,2162.4,-0.7691593264825827,-0.5867801396716648,R,0.0893854748603352,2026,Hunter Dobbins,AAA
690928,SI,24,94.75833333333333,10.87,-13.395000000000001,6.320833333333333,6.048333333333333,-1.2133333333333334,2258.6363636363635,-0.43864628245135556,-0.8033377860357036,R,0.1340782122905028,2026,Hunter Dobbins,AAA
690928,SL,16,87.01875,3.0225,5.6775,6.125,6.043125,-1.575,2631.3333333333335,0.8254256685362521,-0.4569263349324086,R,0.0893854748603352,2026,Hunter Dobbins,AAA
690928,ST,34,81.51470588235294,1.2529411764705882,15.547058823529412,6.188235294117647,5.713823529411765,-1.503235294117647,2669.4444444444443,0.8960553758178762,0.40382026839113017,R,0.18994413407821228,2026,Hunter Dobbins,AAA
690939,CH,24,85.02916666666667,6.465,-11.534999999999998,6.408333333333334,6.0125,-2.8183333333333334,1379.375,-0.7148377063008168,-0.6942489536523085,R,0.13872832369942195,2026,Connor Noland,AAA
690939,CU,23,78.6608695652174,-6.542608695652174,8.947826086956523,6.460869565217391,6.189130434782609,-2.512608695652174,2200.1739130434785,0.6594075163580525,0.7437450169183853,R,0.1329479768786127,2026,Connor Noland,AAA
690939,FF,69,90.65652173913044,12.14608695652174,-0.3617391304347826,6.440579710144927,6.207971014492754,-2.277536231884058,2216.521739130435,-0.39393745912400685,-0.911944158300923,R,0.3988439306358382,2026,Connor Noland,AAA
690939,SI,14,90.29285714285713,7.885714285714286,-10.56,6.428571428571429,6.200714285714286,-1.9035714285714285,2052.0,-0.41427351752941244,-0.900362084396509,R,0.08092485549132948,2026,Connor Noland,AAA
690939,ST,43,81.4906976744186,-1.0604651162790697,15.407441860465116,6.453488372093023,5.889767441860465,-2.755581395348837,2364.7906976744184,0.7991032650303673,0.5935540631699575,R,0.24855491329479767,2026,Connor Noland,AAA
690967,CH,13,79.4923076923077,3.1938461538461542,-16.993846153846157,7.130769230769231,5.29,-1.7738461538461539,1577.6923076923076,-0.9704522283499218,-0.23505011929805492,R,0.3333333333333333,2026,Max Carlson,AAA
690967,SI,16,91.6875,13.057500000000001,-15.0675,7.075,5.525625,-1.80875,2113.75,-0.6800688215322049,-0.7293307437161007,R,0.41025641025641024,2026,Max Carlson,AAA
690967,SL,10,85.7,5.964,3.4560000000000004,7.0,5.488,-1.9420000000000002,1964.1,-0.12006458356797782,-0.8053736449294195,R,0.2564102564102564,2026,Max Carlson,AAA
690978,FF,46,94.81739130434784,12.420000000000002,0.8739130434782609,6.8326086956521745,6.47304347826087,-2.6043478260869564,2336.0,0.43064441576457013,-0.8930567620992245,L,0.34074074074074073,2026,Dax Fulton,AAA
690978,SI,11,94.36363636363636,9.578181818181818,-10.167272727272728,6.872727272727272,6.449090909090909,-2.6563636363636363,2223.909090909091,0.4522508346136584,-0.8876421640251194,L,0.08148148148148149,2026,Dax Fulton,AAA
690978,SL,26,87.4076923076923,3.503076923076923,6.046153846153847,6.676923076923076,6.375384615384615,-2.748076923076923,2378.5,-0.5807096437855028,-0.3996297825903756,L,0.1925925925925926,2026,Dax Fulton,AAA
690978,ST,52,82.22692307692309,-1.3776923076923078,14.183076923076923,6.642307692307692,6.350576923076924,-2.758846153846154,2575.875,-0.8741098183740469,0.4640241415014704,L,0.3851851851851852,2026,Dax Fulton,AAA
691008,CH,15,85.30666666666666,6.032,-16.631999999999998,6.486666666666666,5.698666666666667,-1.5386666666666666,1941.3333333333333,-0.9340455306222307,-0.3498237381264297,R,0.16853932584269662,2026,Max Rajcic,AAA
691008,CU,21,81.81904761904762,-14.777142857142858,7.4799999999999995,6.409523809523809,5.97047619047619,-1.3599999999999999,2840.095238095238,0.47320106301671494,0.8630877551077637,R,0.23595505617977527,2026,Max Rajcic,AAA
691008,FF,29,94.85172413793103,15.562758620689655,-11.544827586206896,6.451724137931034,5.879655172413793,-1.4665517241379311,2246.655172413793,-0.6569979158143774,-0.7521128812857543,R,0.3258426966292135,2026,Max Rajcic,AAA
691008,SI,13,93.6923076923077,11.547692307692309,-14.916923076923078,6.438461538461539,5.876923076923077,-1.393846153846154,2127.0,-0.6931109135149993,-0.7196781948060977,R,0.14606741573033707,2026,Max Rajcic,AAA
691008,ST,11,81.54545454545455,-0.6327272727272727,14.541818181818183,6.381818181818182,5.622727272727273,-1.6081818181818184,2593.4545454545455,0.730838877062278,0.6614831108183942,R,0.12359550561797752,2026,Max Rajcic,AAA
691009,CH,40,86.14500000000001,9.678,-14.541,6.365,6.314,-1.20075,2235.575,-0.8255520243967089,-0.5541177878929899,R,0.17094017094017094,2026,Dylan Ray,AAA
691009,FF,98,93.32959183673469,13.601632653061225,-7.143673469387756,6.4622448979591836,6.3087755102040814,-1.1091836734693878,2125.061224489796,-0.5228009101411499,-0.8497631360138341,R,0.4188034188034188,2026,Dylan Ray,AAA
691009,SL,96,87.10625,3.4462499999999996,1.04125,6.3500000000000005,6.2684375,-1.1937499999999999,1996.34375,-0.4650231182773925,-0.6700834276621039,R,0.41025641025641024,2026,Dylan Ray,AAA
691012,FC,13,88.54615384615384,6.295384615384616,2.9630769230769234,6.515384615384615,5.506153846153846,-2.480769230769231,2370.6923076923076,0.08571122905655143,-0.9661701286652212,R,0.22413793103448276,2026,Alex Santos II,AAA
691012,FF,16,94.24375,15.6975,-6.2325,6.76875,5.42,-2.400625,2285.8125,-0.568648303025616,-0.8216386950104789,R,0.27586206896551724,2026,Alex Santos II,AAA
691012,ST,29,81.13793103448276,3.715862068965517,11.975172413793102,6.631034482758621,5.509655172413793,-2.376896551724138,2569.0,0.9631134398308703,0.21046267894054121,R,0.5,2026,Alex Santos II,AAA
691172,FF,27,96.35185185185185,10.737777777777778,-13.831111111111111,6.388888888888889,5.520370370370371,-1.8444444444444443,1979.888888888889,-0.8193632227528377,-0.5289826615768788,R,0.16981132075471697,2026,Yosver Zulueta,AAA
691172,SI,70,95.99571428571429,4.959428571428572,-17.67942857142857,6.401428571428572,5.431714285714286,-2.025857142857143,2049.214285714286,-0.8470358731446053,-0.4471146923588156,R,0.44025157232704404,2026,Yosver Zulueta,AAA
691172,SL,62,85.47419354838709,-3.4877419354838706,4.88516129032258,6.198387096774193,5.408225806451613,-1.9861290322580645,2475.8225806451615,0.18297111256060494,0.9024381836009757,R,0.389937106918239,2026,Yosver Zulueta,AAA
691251,FF,46,94.63260869565218,15.370434782608696,-9.879130434782608,5.980434782608696,6.5158695652173915,-1.1445652173913043,2079.810810810811,-0.6034399882533676,-0.7953360046176783,R,0.1619718309859155,2026,Andry Lara,AAA
691251,FS,51,88.85490196078432,4.936470588235294,-13.512941176470587,5.91764705882353,6.36078431372549,-1.3933333333333333,1208.5384615384614,-0.7307302320558016,-0.6754222886477487,R,0.1795774647887324,2026,Andry Lara,AAA
691251,SI,84,94.56666666666668,11.217142857142857,-15.511428571428572,5.9714285714285715,6.4401190476190475,-1.243809523809524,2018.3506493506493,-0.6591594450022127,-0.7485954346611893,R,0.29577464788732394,2026,Andry Lara,AAA
691251,SL,103,85.9883495145631,4.698640776699029,2.0819417475728157,5.80873786407767,6.374660194174758,-1.4646601941747572,2114.53125,-0.309629864407818,-0.8535066348271715,R,0.3626760563380282,2026,Andry Lara,AAA
691384,CH,38,86.22894736842105,2.305263157894737,-9.451578947368422,6.163157894736842,5.952894736842105,-1.115,1272.969696969697,-0.763760631817485,-0.6401527396638086,R,0.1111111111111111,2026,Luis Perales,AAA
691384,FC,95,92.95263157894736,11.37221052631579,1.3338947368421052,6.0,6.001368421052631,-1.1474736842105264,2197.2337662337663,-0.19207014178375933,-0.9573677722689478,R,0.2777777777777778,2026,Luis Perales,AAA
691384,FF,132,98.31363636363636,17.014545454545456,-8.192727272727273,5.874242424242424,6.126818181818182,-0.9855303030303031,2179.9661016949153,-0.48357377278949565,-0.8703533757777411,R,0.38596491228070173,2026,Luis Perales,AAA
691384,FS,43,87.57209302325582,2.4502325581395348,-10.473488372093023,6.051162790697674,5.93139534883721,-1.0930232558139534,1284.139534883721,-0.8298601926069185,-0.5543719098478913,R,0.12573099415204678,2026,Luis Perales,AAA
691384,SL,22,86.41363636363636,1.8272727272727274,5.22,6.033333333333333,5.949090909090909,-1.134090909090909,2092.6875,0.3193829332498223,-0.8501111714983118,R,0.06432748538011696,2026,Luis Perales,AAA
691384,ST,12,89.39999999999999,4.33,5.94,5.933333333333334,5.905833333333334,-1.05,2171.0833333333335,0.5227736520305639,-0.8193225097668533,R,0.03508771929824561,2026,Luis Perales,AAA
691414,CH,33,84.37878787878788,7.683636363636364,-13.592727272727274,6.403030303030303,6.124848484848485,-0.9875757575757577,1530.2121212121212,-0.8073913055295219,-0.582761774014555,R,0.12643678160919541,2026,Yorman Gómez,AAA
691414,CU,19,77.20526315789475,-7.692631578947368,-0.36,6.226315789473684,6.378947368421053,-0.9342105263157895,2189.777777777778,0.26608487065919373,0.959003452429966,R,0.07279693486590039,2026,Yorman Gómez,AAA
691414,FC,69,87.2231884057971,3.5495652173913044,2.6121739130434785,6.259420289855072,6.102028985507246,-1.3595652173913044,2325.6567164179105,0.30887088219859243,-0.6437318185643,R,0.26436781609195403,2026,Yorman Gómez,AAA
691414,FF,117,94.08290598290598,16.44,-6.313846153846154,6.21965811965812,6.087606837606837,-1.2263247863247861,2197.774774774775,-0.43364737960037864,-0.8854658865299291,R,0.4482758620689655,2026,Yorman Gómez,AAA
691414,SL,23,84.12608695652175,4.664347826086956,6.808695652173912,6.28695652173913,5.9504347826086965,-1.803478260869565,2356.304347826087,0.635964520768256,-0.07534900310187098,R,0.08812260536398467,2026,Yorman Gómez,AAA
691548,FF,38,96.42894736842106,10.471578947368421,-13.215789473684211,5.9184210526315795,5.651052631578947,-2.8244736842105262,2230.0526315789475,-0.7963923828390187,-0.5393833248102503,R,0.2345679012345679,2026,Rolddy Muñoz,AAA
691548,SI,44,95.75,5.49,-17.40818181818182,5.825,5.686590909090909,-2.5979545454545456,2139.931818181818,-0.8523451590243005,-0.520471215858308,R,0.2716049382716049,2026,Rolddy Muñoz,AAA
691548,SL,80,87.875,-2.706,1.608,5.94125,5.997249999999999,-2.5,2525.4050632911394,0.3755333112067553,0.7594828921140816,R,0.49382716049382713,2026,Rolddy Muñoz,AAA
691576,CH,48,85.24166666666666,7.565,-11.9375,6.197916666666667,5.651041666666667,-1.3814583333333335,1555.1041666666667,-0.8563935831221627,-0.48843500756461417,R,0.2926829268292683,2026,Alejandro Hidalgo,AAA
691576,FC,53,88.59433962264151,6.996226415094339,1.9086792452830188,6.1358490566037736,5.719811320754717,-1.1941509433962263,2192.3396226415093,-0.15438600202029226,-0.9761060962504633,R,0.3231707317073171,2026,Alejandro Hidalgo,AAA
691576,FF,63,95.66031746031747,16.782857142857143,-8.921904761904763,6.076190476190477,5.7253968253968255,-1.2196825396825397,2324.9523809523807,-0.47359625224598484,-0.8783551515318616,R,0.38414634146341464,2026,Alejandro Hidalgo,AAA
691641,CH,24,85.10000000000001,9.94,-13.5,6.254166666666666,5.721666666666667,-1.1954166666666668,1770.75,-0.8298250658026544,-0.5147293119035183,R,0.21052631578947367,2026,Jose Acuna,AAA
691641,FC,12,87.74166666666667,9.76,2.78,6.300000000000001,5.756666666666667,-1.0908333333333333,2271.0,-0.0028705429946388333,-0.9875879408726665,R,0.10526315789473684,2026,Jose Acuna,AAA
691641,FF,20,92.845,16.991999999999997,-6.720000000000001,6.415000000000001,5.8975,-0.826,2234.0,-0.4766752730094728,-0.8745627027700638,R,0.17543859649122806,2026,Jose Acuna,AAA
691641,SI,30,92.18,16.924,-8.712,6.283333333333333,5.8100000000000005,-1.095,2280.4666666666667,-0.5228654780536237,-0.8476623813408858,R,0.2631578947368421,2026,Jose Acuna,AAA
691641,SL,28,81.67857142857143,3.934285714285714,4.675714285714286,6.210714285714286,5.846428571428571,-0.9953571428571429,2374.3928571428573,0.5760202491894354,-0.7131873297065038,R,0.24561403508771928,2026,Jose Acuna,AAA
691721,SI,13,95.56923076923077,11.353846153846153,-15.147692307692306,7.061538461538461,6.026923076923077,-1.7184615384615385,2154.076923076923,-0.7503760557206659,-0.6594018177729143,R,1.0,2026,Jared Kelley,AAA
691725,CH,13,90.1846153846154,7.541538461538462,-11.76923076923077,6.392307692307692,6.462307692307693,-2.1376923076923076,1748.4615384615386,-0.5955743285270475,-0.7816635995129777,R,0.12871287128712872,2026,Andrew Painter,AAA
691725,FF,58,96.91379310344827,15.34344827586207,-1.150344827586207,6.422413793103448,6.6194827586206895,-1.7544827586206897,2310.9827586206898,-0.3120433464920989,-0.946655195126278,R,0.5742574257425742,2026,Andrew Painter,AAA
691725,SL,15,87.52666666666667,2.552,6.712000000000001,6.48,6.456,-1.9366666666666668,2627.4,0.8494584128403274,-0.38302913336828187,R,0.1485148514851485,2026,Andrew Painter,AAA
691725,ST,15,82.21333333333334,0.8719999999999999,15.928,6.346666666666667,6.14,-2.624,2612.6666666666665,0.8790216332289801,0.46457016278025065,R,0.1485148514851485,2026,Andrew Painter,AAA
691739,FF,60,93.39833333333333,14.548,-9.386,6.578333333333333,6.117333333333334,-2.2501666666666664,2318.516666666667,-0.7248505647901784,-0.6862283282780464,R,0.40268456375838924,2026,Will Sanders,AAA
691739,FS,30,83.75666666666666,0.7520000000000003,-7.024,6.568965517241379,6.251666666666667,-2.0753333333333335,1339.8275862068965,-0.6985063475441357,-0.23689063864067308,R,0.20134228187919462,2026,Will Sanders,AAA
691739,SI,16,92.76875,9.825,-15.967500000000001,6.6125,6.124375,-2.13875,2183.5,-0.7062183902127568,-0.7062188599572893,R,0.10738255033557047,2026,Will Sanders,AAA
691739,SL,43,81.32790697674419,-4.14139534883721,5.5451162790697675,6.560465116279071,6.271162790697675,-2.116279069767442,2552.4186046511627,0.6260724060112419,0.6748142367503742,R,0.28859060402684567,2026,Will Sanders,AAA
691769,FF,70,90.42428571428572,11.019428571428572,-1.2342857142857144,6.390000000000001,5.848428571428571,-2.2198571428571428,2408.385714285714,0.34025672391958345,-0.9329195320697458,L,0.7777777777777778,2026,Philip Abner,AAA
691769,SL,20,81.97,3.084,7.037999999999999,6.3950000000000005,5.473000000000001,-2.823,2400.05,-0.9617582606463746,0.1605261738685539,L,0.2222222222222222,2026,Philip Abner,AAA
691893,CH,40,87.08500000000001,2.748,-15.924000000000001,6.540000000000001,5.531750000000001,-0.6407499999999999,1737.775,-0.9014093672087128,-0.4280283766183935,R,0.2631578947368421,2026,Jean Cabrera,AAA
691893,FF,52,93.74807692307692,15.267692307692307,-9.897692307692306,6.640384615384615,5.767307692307692,-0.4609615384615384,2341.173076923077,-0.6892953788973883,-0.719633165591486,R,0.34210526315789475,2026,Jean Cabrera,AAA
691893,SI,26,94.0,9.272307692307693,-17.635384615384616,6.661538461538461,5.723461538461539,-0.446923076923077,2359.846153846154,-0.7296111027347117,-0.679484272618374,R,0.17105263157894737,2026,Jean Cabrera,AAA
691893,ST,34,81.86470588235295,-0.6494117647058824,12.621176470588235,6.452941176470588,5.471764705882353,-0.9302941176470588,2257.470588235294,0.8588184400053045,0.4903429389393552,R,0.2236842105263158,2026,Jean Cabrera,AAA
691938,EP,17,47.14705882352941,19.39764705882353,-2.061176470588235,4.423529411764706,7.268235294117647,-1.0188235294117647,1200.5294117647059,-0.1988213219260171,-0.9740480008721244,R,1.0,2026,Willy Vasquez,AAA
691945,CU,57,82.02456140350877,-12.719999999999999,7.585263157894737,6.378947368421053,5.638070175438597,-1.2536842105263157,2586.035087719298,0.5821383636422491,0.7900742144809313,R,0.5533980582524272,2026,Carter Baumler,AAA
691945,FF,46,94.47391304347826,16.95391304347826,-7.94086956521739,6.467391304347826,5.723260869565217,-1.1986956521739132,2389.4565217391305,-0.4801396550826205,-0.8739499861962644,R,0.44660194174757284,2026,Carter Baumler,AAA
691946,CH,69,87.44927536231884,5.627826086956522,-12.709565217391305,6.446376811594203,5.681304347826087,-2.538840579710145,1577.8115942028985,-0.8630404839468865,-0.5008408840185629,R,0.2005813953488372,2026,George Klassen,AAA
691946,FF,122,96.60491803278688,14.250491803278688,-11.332131147540984,6.188524590163935,5.771475409836065,-2.6131147540983606,2309.9180327868853,-0.6752110904282658,-0.7345418691007688,R,0.3546511627906977,2026,George Klassen,AAA
691946,SI,43,96.96046511627907,12.552558139534883,-12.728372093023257,6.193023255813954,5.616511627906976,-2.865813953488372,2346.4186046511627,-0.7138774770084986,-0.6989541760479976,R,0.125,2026,George Klassen,AAA
691946,SL,110,90.47818181818182,0.48763636363636365,-0.5138181818181818,6.152727272727272,5.717181818181818,-2.718545454545455,2353.8454545454547,-0.32578577995759705,0.7576788391843826,R,0.31976744186046513,2026,George Klassen,AAA
691947,FF,57,94.2122807017544,17.162105263157894,-1.8736842105263158,6.228070175438597,6.5975438596491225,-1.523157894736842,2318.1403508771928,0.2990561522110777,-0.9498194723242238,L,0.5533980582524272,2026,Ronan Kopp,AAA
691947,SL,46,89.1891304347826,3.678260869565217,5.864347826086957,6.1673913043478255,6.573478260869565,-1.6619565217391306,2525.6304347826085,-0.40564475119628446,-0.8745645688606768,L,0.44660194174757284,2026,Ronan Kopp,AAA
691951,CH,95,78.98736842105264,6.538105263157894,-12.598736842105264,5.8168421052631585,5.842736842105264,-1.7351578947368422,1982.3037974683543,0.9695901758101693,-0.07799160986811927,L,0.18962075848303392,2026,Sam Aldegheri,AAA
691951,CU,21,73.82857142857144,-5.5200000000000005,11.434285714285714,5.614285714285715,5.979523809523809,-1.7871428571428571,1957.0,-0.5124755932820786,0.7122486083851716,L,0.041916167664670656,2026,Sam Aldegheri,AAA
691951,FC,96,85.21458333333334,4.9312499999999995,2.1125,5.52,6.081875,-1.7554166666666668,2243.825,-0.027481120700467772,-0.8797653048947387,L,0.19161676646706588,2026,Sam Aldegheri,AAA
691951,FF,258,91.06434108527131,15.466046511627907,-5.338139534883721,5.553875968992249,6.172286821705427,-1.6224418604651163,2167.224215246637,0.5026899775732813,-0.8526551169269098,L,0.5149700598802395,2026,Sam Aldegheri,AAA
691951,SL,31,81.74193548387096,-3.104516129032258,3.3251612903225807,5.529032258064516,6.018709677419356,-1.479032258064516,2191.3214285714284,-0.7821369073459695,0.5471035674525506,L,0.06187624750499002,2026,Sam Aldegheri,AAA
692024,FF,103,97.29029126213592,11.773980582524272,-9.999611650485438,5.500980392156863,5.416601941747572,-1.7614563106796117,2337.2815533980583,-0.7924743833916313,-0.6029192113764948,R,0.569060773480663,2026,Alex Carrillo,AAA
692024,FS,18,90.37222222222222,0.9600000000000001,-13.686666666666666,5.699999999999999,5.2188888888888885,-1.836111111111111,1855.8333333333333,-0.9386526313175154,-0.33958773672477693,R,0.09944751381215469,2026,Alex Carrillo,AAA
692024,SI,13,97.42307692307692,6.018461538461538,-18.96,5.492307692307692,5.55076923076923,-1.6400000000000001,2327.5384615384614,-0.8004748738284987,-0.5898907421962646,R,0.0718232044198895,2026,Alex Carrillo,AAA
692024,SL,47,88.56808510638298,2.0119148936170212,2.451063829787234,5.484444444444445,5.408085106382979,-1.7997872340425534,2514.1063829787236,0.2410703553025897,-0.44169843542164167,R,0.2596685082872928,2026,Alex Carrillo,AAA
692030,CH,29,85.03448275862068,7.117241379310345,-13.56,7.027586206896552,5.538620689655173,-1.7648275862068965,1577.6896551724137,-0.8658098415251343,-0.4863982982696534,R,0.22137404580152673,2026,Jose Corniell,AAA
692030,FC,19,89.1263157894737,6.214736842105263,-2.5957894736842104,6.8842105263157904,5.581052631578948,-1.7752631578947367,2101.3684210526317,-0.4183776066833967,-0.9009147930436117,R,0.1450381679389313,2026,Jose Corniell,AAA
692030,FF,34,93.29117647058824,13.38,-10.852941176470589,6.870588235294117,5.587058823529412,-1.7208823529411763,2051.9411764705883,-0.7475602292117708,-0.6620864490987737,R,0.2595419847328244,2026,Jose Corniell,AAA
692030,SI,20,93.095,7.9799999999999995,-17.934,6.99,5.4435,-1.8344999999999998,1968.6,-0.7994169834320866,-0.5991210005564287,R,0.15267175572519084,2026,Jose Corniell,AAA
692030,SL,13,82.76153846153846,5.916923076923077,4.7907692307692304,6.923076923076923,5.436923076923078,-1.8815384615384616,2236.846153846154,0.70984292993603,-0.10551548497893724,R,0.09923664122137404,2026,Jose Corniell,AAA
692030,ST,16,80.03125,0.855,10.9575,6.94375,5.369375,-1.906875,2392.5,0.8859732000083292,0.4122758375515814,R,0.12213740458015267,2026,Jose Corniell,AAA
692064,CH,39,87.14358974358974,-0.6400000000000001,-11.704615384615385,6.605128205128206,6.006666666666667,-3.288974358974359,1444.3846153846155,-0.9692084603554237,-0.2265464119550727,R,0.26,2026,José Rodríguez,AAA
692064,FF,36,96.6,12.696666666666665,-9.226666666666667,6.511111111111111,6.1738888888888885,-3.165,2129.9166666666665,-0.7295446598154526,-0.6776861332779526,R,0.24,2026,José Rodríguez,AAA
692064,SI,39,95.81025641025641,9.464615384615385,-15.40923076923077,6.448717948717949,6.121282051282051,-3.1923076923076925,2242.0,-0.7370231936914098,-0.6738589865546657,R,0.26,2026,José Rodríguez,AAA
692064,SL,36,86.21388888888889,2.14,1.49,6.580555555555556,6.0075,-3.336388888888889,2120.222222222222,0.1242176735105011,-0.2906982288002957,R,0.24,2026,José Rodríguez,AAA
692179,CH,24,86.97916666666667,9.03,-14.195,5.591666666666666,5.425833333333333,-1.3166666666666667,1938.2083333333333,0.8621163975755959,-0.4864841875231254,L,0.32432432432432434,2026,Thomas Ireland,AAA
692179,SI,23,90.79130434782608,12.292173913043477,-14.911304347826086,5.747826086956521,5.467391304347826,-1.1634782608695653,2216.217391304348,0.8092299617728125,-0.5841828486553491,L,0.3108108108108108,2026,Thomas Ireland,AAA
692179,SL,27,82.5,1.9822222222222223,1.4755555555555557,5.433333333333333,5.3100000000000005,-1.4322222222222223,2374.037037037037,0.06058662245686981,0.2678491339727842,L,0.36486486486486486,2026,Thomas Ireland,AAA
692230,CH,45,86.58222222222221,4.445333333333333,-15.856,6.1755555555555555,5.644666666666667,-1.4337777777777776,1639.5777777777778,-0.9266795211549054,-0.370644972687957,R,0.23809523809523808,2026,Carlos Rodriguez,AAA
692230,CU,11,77.01818181818182,-8.04,9.381818181818183,6.027272727272727,5.987272727272727,-1.139090909090909,2386.2727272727275,0.7077145540775711,0.7032502471720431,R,0.0582010582010582,2026,Carlos Rodriguez,AAA
692230,FC,39,88.6974358974359,9.061538461538461,1.0092307692307692,6.164102564102564,5.879230769230769,-1.2523076923076923,2192.025641025641,-0.24883499720368876,-0.9563540664974284,R,0.20634920634920634,2026,Carlos Rodriguez,AAA
692230,FF,52,92.65192307692307,15.574615384615385,-7.6315384615384625,6.098076923076923,5.840769230769231,-1.4219230769230768,2206.576923076923,-0.584228287913615,-0.8081266874021755,R,0.2751322751322751,2026,Carlos Rodriguez,AAA
692230,SI,22,93.28181818181817,10.843636363636364,-15.981818181818182,6.131818181818182,5.795454545454546,-1.3968181818181817,2143.818181818182,-0.6507347407102698,-0.7557474563875005,R,0.1164021164021164,2026,Carlos Rodriguez,AAA
692230,ST,20,80.64,3.162,12.540000000000001,6.1049999999999995,5.859,-1.217,2358.4,0.9321792830160648,0.32034513967767364,R,0.10582010582010581,2026,Carlos Rodriguez,AAA
692243,SI,90,95.58555555555556,13.124,-13.192,6.905555555555556,5.166,-2.5923333333333334,2261.277777777778,0.7611634007480353,-0.6437623143421316,L,0.6666666666666666,2026,Jaden Woods,AAA
692243,SL,45,84.67777777777778,-0.11200000000000002,1.3173333333333335,6.691111111111112,5.302444444444444,-2.529777777777778,2158.1111111111113,-0.635263785745252,0.6080774545533337,L,0.3333333333333333,2026,Jaden Woods,AAA
692285,FC,30,87.99666666666667,5.756,0.9440000000000001,5.756666666666666,5.954,-1.5543333333333333,2328.3,0.09113826652861194,-0.8681826623265508,R,0.23809523809523808,2026,Luis Guerrero,AAA
692285,FF,41,96.67804878048781,15.921951219512193,-8.964878048780488,5.760975609756097,6.064146341463415,-1.5095121951219512,2183.9756097560976,-0.6091545053127492,-0.7892812654284581,R,0.3253968253968254,2026,Luis Guerrero,AAA
692285,SL,37,86.32972972972972,2.3740540540540542,2.7794594594594595,5.6891891891891895,5.988378378378378,-1.7518918918918918,2351.5945945945946,0.2948218508755886,-0.4649057476574838,R,0.29365079365079366,2026,Luis Guerrero,AAA
692285,ST,18,82.44444444444444,3.6466666666666665,12.7,5.616666666666666,5.942777777777778,-1.8038888888888889,2348.3888888888887,0.8219832026818105,0.4790618640294279,R,0.14285714285714285,2026,Luis Guerrero,AAA
692414,CH,11,86.42727272727274,8.661818181818182,-15.218181818181819,6.781818181818181,5.926363636363636,-2.0336363636363637,1917.4545454545455,-0.8867228555160637,-0.4571249198009863,R,0.13095238095238096,2026,Yoniel Curet,AAA
692414,FC,15,86.92666666666668,5.135999999999999,3.504,6.64,5.963333333333334,-2.244666666666667,2326.8,0.17966240081963744,-0.9334084712645201,R,0.17857142857142858,2026,Yoniel Curet,AAA
692414,FF,58,95.63448275862069,14.46,-9.206896551724139,6.689655172413793,5.858448275862069,-2.1210344827586205,2202.1206896551726,-0.61355257493195,-0.7872545829036613,R,0.6904761904761905,2026,Yoniel Curet,AAA
692416,SL,22,74.67272727272727,12.965454545454547,-4.870909090909091,4.490909090909091,6.039545454545455,-2.5536363636363637,2166.2727272727275,-0.6917507357490323,-0.7153803817565311,R,1.0,2026,Christian Cerda,AAA
692437,FF,60,96.625,14.834,-9.312000000000001,6.483333333333333,5.603833333333333,-2.0185,2351.408163265306,-0.622071211026385,-0.7806182630738789,R,0.5217391304347826,2026,Winston Santos,AAA
692437,SI,20,95.12,10.632,-12.623999999999999,6.49,5.5465,-2.0620000000000003,2223.0833333333335,-0.688565150028829,-0.7191527333673263,R,0.17391304347826086,2026,Winston Santos,AAA
692437,SL,35,85.17428571428572,4.944,1.7657142857142856,6.4228571428571435,5.481142857142857,-2.285428571428571,2355.814814814815,-0.36573200294225006,-0.830478020834792,R,0.30434782608695654,2026,Winston Santos,AAA
692589,FF,16,93.83125,11.7825,-6.3149999999999995,5.675,5.86375,-2.240625,2243.9375,-0.7058263981796142,-0.6997086713222287,R,0.21052631578947367,2026,Victor Juarez,AAA
692589,SI,25,93.296,7.8432,-11.8896,5.684,5.8756,-2.434,2130.48,-0.7138992193535738,-0.6943327374849279,R,0.32894736842105265,2026,Victor Juarez,AAA
692589,SL,35,84.05714285714286,-1.824,2.444571428571429,5.6257142857142854,5.795714285714285,-2.3785714285714286,2419.8571428571427,0.6483992028683403,0.653396961127623,R,0.4605263157894737,2026,Victor Juarez,AAA
692623,FF,39,92.8,13.673846153846153,-7.516923076923078,6.415384615384615,5.173846153846154,-3.243076923076923,2180.7179487179487,0.6568447288324583,-0.6668867944737625,L,0.41935483870967744,2026,Leonard Garcia,AAA
692623,SI,32,92.528125,13.25625,-10.215,6.459375,5.135625,-3.185625,2216.40625,0.7476787464092566,-0.6028185487856196,L,0.34408602150537637,2026,Leonard Garcia,AAA
692623,SL,22,78.63636363636364,-2.4109090909090907,9.092727272727272,6.5,4.827272727272727,-3.3495454545454546,2345.3636363636365,-0.8689978201385469,0.4835566537712889,L,0.23655913978494625,2026,Leonard Garcia,AAA
693308,CH,22,84.10454545454546,3.6654545454545455,-13.87090909090909,7.172727272727273,6.176818181818181,-3.402272727272727,2339.181818181818,-0.9700065103469093,-0.22553952404405422,R,0.16296296296296298,2026,Nick Frasso,AAA
693308,FC,14,89.24285714285715,5.837142857142857,3.6257142857142854,6.878571428571428,6.159999999999999,-3.4642857142857144,2285.9285714285716,-0.1293639573901689,-0.9353448196076428,R,0.1037037037037037,2026,Nick Frasso,AAA
693308,FF,81,96.29629629629629,15.73925925925926,-8.767407407407408,7.0395061728395065,6.469012345679013,-2.994691358024691,2263.395061728395,-0.5068628426673898,-0.8581347215655699,R,0.6,2026,Nick Frasso,AAA
693308,SL,18,84.42777777777778,-6.653333333333332,0.8133333333333334,7.050000000000001,6.275555555555555,-3.125,2301.8888888888887,0.462181199075669,0.8738873410650888,R,0.13333333333333333,2026,Nick Frasso,AAA
693311,CU,11,79.7909090909091,-1.6472727272727274,-1.0690909090909093,5.863636363636363,5.691818181818181,-1.660909090909091,1921.909090909091,-0.24943573795225557,0.8589691021675815,R,0.2682926829268293,2026,Tink Hence,AAA
693311,FF,14,91.16428571428571,15.54857142857143,-6.137142857142857,5.964285714285714,5.832142857142857,-1.3842857142857141,2027.5714285714287,-0.6261140475342518,-0.730815724425943,R,0.34146341463414637,2026,Tink Hence,AAA
693311,SI,16,91.6,11.4825,-14.6775,5.925,5.8275,-1.41,1939.9375,-0.6192938246434355,-0.783832672038265,R,0.3902439024390244,2026,Tink Hence,AAA
693312,CU,38,86.39736842105263,-10.632631578947368,5.845263157894737,6.781578947368421,5.915789473684211,-0.901578947368421,2708.2894736842104,0.5271189914945159,0.8345738614366635,R,0.19289340101522842,2026,Kyle Nicolas,AAA
693312,FF,85,97.9035294117647,17.512941176470587,-7.027764705882353,6.847619047619048,5.983411764705882,-0.9807058823529412,2364.4285714285716,-0.4729495693128386,-0.8718836908188772,R,0.43147208121827413,2026,Kyle Nicolas,AAA
693312,SL,74,91.00405405405405,2.3983783783783785,4.7254054054054055,6.745205479452054,5.925540540540541,-1.0622972972972973,2575.3424657534247,0.425915945341594,-0.6013781558689513,R,0.3756345177664975,2026,Kyle Nicolas,AAA
693313,CU,38,86.22894736842105,-4.746315789473685,10.427368421052632,6.413157894736843,5.848684210526316,-1.9789473684210528,2141.2580645161293,0.44008930011829284,0.8897205412301548,R,0.13523131672597866,2026,Carson Seymour,AAA
693313,FC,48,92.50625000000001,5.8825,-0.3725,6.3687499999999995,6.035208333333333,-1.9047916666666669,2344.0975609756097,-0.6906965234826455,-0.6940751295785024,R,0.1708185053380783,2026,Carson Seymour,AAA
693313,FF,70,95.90285714285714,12.713142857142858,-6.714857142857143,6.390000000000001,6.125857142857143,-1.5895714285714284,2191.5245901639346,-0.7348923871400588,-0.6708984615510136,R,0.2491103202846975,2026,Carson Seymour,AAA
693313,FS,15,90.19333333333334,1.632,-10.496,6.473333333333333,5.968,-2.1286666666666667,1185.0666666666666,-0.9153594824880575,-0.38991875781647994,R,0.05338078291814947,2026,Carson Seymour,AAA
693313,SI,83,94.91807228915663,4.6250602409638555,-14.592289156626506,6.450602409638554,6.027349397590362,-1.871566265060241,2202.054054054054,-0.7757201549925126,-0.6235312446859606,R,0.29537366548042704,2026,Carson Seymour,AAA
693313,SL,27,86.76296296296296,-5.88,1.72,6.385185185185185,5.996296296296297,-2.4137037037037037,2214.4814814814813,0.34988912671329975,0.9231335390392006,R,0.09608540925266904,2026,Carson Seymour,AAA
693483,CH,46,84.79347826086956,1.166086956521739,-11.175652173913045,6.528260869565218,5.728260869565218,-1.7213043478260872,1416.5217391304348,-0.896017620682214,-0.430153234730982,R,0.40707964601769914,2026,Pat Gallagher,AAA
693483,CU,14,80.42142857142858,-12.617142857142857,8.691428571428572,6.564285714285715,5.765714285714286,-1.647142857142857,2611.9285714285716,0.6124499430213678,0.7840181416239345,R,0.12389380530973451,2026,Pat Gallagher,AAA
693483,FF,37,92.21891891891892,14.568648648648647,-6.324324324324325,6.6378378378378375,5.729189189189189,-1.5813513513513513,2297.324324324324,-0.594697792966849,-0.7856230887586706,R,0.3274336283185841,2026,Pat Gallagher,AAA
693483,SI,16,91.29375,9.165,-12.629999999999999,6.59375,5.756875,-1.611875,2199.25,-0.598276780423254,-0.7917209882092641,R,0.1415929203539823,2026,Pat Gallagher,AAA
693713,FF,24,98.55833333333334,12.549999999999999,-10.535,5.654166666666666,5.738333333333333,-1.2433333333333334,2261.375,-0.7871123856490979,-0.585573754386844,R,0.11214953271028037,2026,Emiliano Teodo,AAA
693713,SI,80,99.35499999999999,7.026000000000001,-16.997999999999998,5.6025,5.667624999999999,-1.199875,2243.475,-0.7415562123452383,-0.6541786714417295,R,0.37383177570093457,2026,Emiliano Teodo,AAA
693713,SL,110,90.05090909090909,1.9145454545454546,-0.39272727272727276,5.721100917431193,5.574909090909091,-1.3662727272727273,2526.9266055045873,-0.40653906715901045,0.06341805455717714,R,0.514018691588785,2026,Emiliano Teodo,AAA
693739,FC,90,96.82666666666667,8.121333333333332,-0.6666666666666666,6.858888888888888,5.6770000000000005,-2.756111111111111,2127.2,-0.41586006470829173,-0.8413547285400834,R,0.7377049180327869,2026,Alexander Alberto,AAA
693739,SL,32,86.6375,-0.9675,11.94,6.675,5.58,-3.020625,2402.59375,0.7386699992699853,0.6543948594413154,R,0.26229508196721313,2026,Alexander Alberto,AAA
693781,FF,25,98.416,12.441600000000001,-11.136,5.896,5.6528,-1.0488,2264.4,-0.6615875176549109,-0.7462121058545317,R,0.43103448275862066,2026,Wilian Bormie,AAA
693781,SL,33,88.46666666666667,0.6690909090909092,-1.2545454545454544,5.83030303030303,5.681818181818182,-1.0624242424242425,2326.848484848485,-0.3081520241252758,0.21948768383442868,R,0.5689655172413793,2026,Wilian Bormie,AAA
694206,CU,17,34.95882352941176,18.642352941176473,-1.2917647058823531,3.9,7.525882352941176,-0.8894117647058823,2229.176470588235,-0.02477236201230873,-0.9064513989859235,R,0.5862068965517241,2026,Daniel Guilarte,AAA
694206,SL,12,50.03333333333333,21.32,-3.66,4.166666666666667,7.405,-0.9983333333333334,2280.3333333333335,-0.23795790053800567,-0.961656706567562,R,0.41379310344827586,2026,Daniel Guilarte,AAA
694298,CH,69,85.67391304347827,8.87304347826087,-12.365217391304348,6.052173913043479,5.958840579710145,-2.2568115942028983,1622.855072463768,0.7423883169177233,-0.661089667527645,L,0.19436619718309858,2026,Nick Dombkowski,AAA
694298,FC,17,88.67647058823529,10.785882352941178,-4.094117647058823,6.047058823529412,5.973529411764706,-2.1841176470588235,2111.294117647059,0.36119154515118884,-0.8145756683779657,L,0.04788732394366197,2026,Nick Dombkowski,AAA
694298,FF,167,92.31017964071856,16.238802395209582,-8.804550898203592,6.061077844311376,5.817904191616766,-2.431137724550898,2225.6526946107783,0.6175476931426958,-0.764120826308946,L,0.4704225352112676,2026,Nick Dombkowski,AAA
694298,SI,12,91.375,11.71,-12.469999999999999,6.1000000000000005,5.925,-2.254166666666667,2105.5833333333335,0.5494224331884399,-0.8326765858945331,L,0.03380281690140845,2026,Nick Dombkowski,AAA
694298,SL,90,83.45777777777778,0.8533333333333333,5.957333333333333,6.033333333333333,5.848000000000001,-2.6763333333333335,2344.9333333333334,-0.6177952501591089,0.1971522189926866,L,0.2535211267605634,2026,Nick Dombkowski,AAA
694312,CH,68,83.27058823529411,8.151176470588235,-16.718823529411765,5.773529411764706,5.991764705882353,-2.0339705882352943,2207.985294117647,-0.90248035201556,-0.41403882272531356,R,0.16831683168316833,2026,Logan Workman,AAA
694312,FF,197,93.11573604060914,16.541725888324873,-10.36751269035533,5.9015306122448985,6.047005076142132,-1.9084263959390861,2293.379487179487,-0.5784604606149953,-0.7972683815254934,R,0.4876237623762376,2026,Logan Workman,AAA
694312,SL,139,86.64676258992806,4.576402877697841,4.391654676258993,5.893525179856115,6.021294964028777,-1.9520143884892085,2381.388489208633,0.051536133851511866,-0.8710734184932695,R,0.34405940594059403,2026,Logan Workman,AAA
694331,CH,28,86.30714285714285,8.798571428571428,-15.557142857142859,5.578571428571428,6.919642857142857,-0.8582142857142857,2038.4814814814815,-0.6006753777228633,-0.6447770869873318,R,0.15053763440860216,2026,Tyler Mattison,AAA
694331,FF,112,92.34017857142858,19.128214285714286,-2.1235714285714287,5.475892857142857,7.070357142857143,-0.555625,2571.276785714286,-0.24502843376047384,-0.9660599701511475,R,0.6021505376344086,2026,Tyler Mattison,AAA
694331,SL,46,82.58043478260869,-4.959130434782609,3.362608695652174,5.5249999999999995,6.933260869565218,-0.6741304347826087,2204.0454545454545,0.167911279807215,0.17880165008795554,R,0.24731182795698925,2026,Tyler Mattison,AAA
694335,FC,19,90.98947368421052,4.989473684210526,2.83578947368421,6.405263157894737,5.6889473684210525,-1.5605263157894735,2225.5263157894738,-0.16753137089489326,-0.9123650195500472,R,0.2714285714285714,2026,Matt Svanson,AAA
694335,SI,29,96.0206896551724,7.382068965517242,-15.289655172413791,6.513793103448276,5.622068965517241,-1.516551724137931,2191.9655172413795,-0.692587949092086,-0.7172721634140002,R,0.4142857142857143,2026,Matt Svanson,AAA
694335,ST,22,85.74545454545455,0.39272727272727276,12.07090909090909,6.277272727272727,5.722727272727273,-1.5613636363636365,2210.2272727272725,0.8087058443564327,0.4017216187264726,R,0.3142857142857143,2026,Matt Svanson,AAA
694341,CU,63,75.86190476190477,-12.948571428571428,6.173333333333334,6.587096774193548,6.343968253968254,-2.553015873015873,2169.6190476190477,0.3909643783392843,0.9162104141391306,R,0.12524850894632206,2026,Brendan Beck,AAA
694341,FC,31,88.52580645161291,9.464516129032257,1.4748387096774194,6.435483870967742,6.02741935483871,-2.9654838709677422,2009.3870967741937,-0.3519879397104959,-0.9255691334333863,R,0.061630218687872766,2026,Brendan Beck,AAA
694341,FF,202,91.9391089108911,17.653663366336634,-4.9615841584158416,6.473267326732673,6.312574257425743,-2.5154950495049504,2162.2227722772277,-0.37741999998686904,-0.9230258522785871,R,0.40159045725646125,2026,Brendan Beck,AAA
694341,FS,51,82.01764705882353,5.289411764705882,-5.025882352941176,6.686,6.145294117647059,-2.738235294117647,843.4313725490196,-0.7352509494126024,-0.6674098266560582,R,0.10139165009940358,2026,Brendan Beck,AAA
694341,SI,20,91.745,14.652000000000001,-10.565999999999999,6.510526315789474,6.3045,-2.534,2092.95,-0.3779226400578568,-0.9215797938476313,R,0.039761431411530816,2026,Brendan Beck,AAA
694341,SL,136,82.66691176470589,0.09794117647058824,3.6308823529411764,6.421374045801527,5.956470588235295,-3.0013970588235295,2254.419117647059,0.7443904274241626,0.5162880169832254,R,0.27037773359840955,2026,Brendan Beck,AAA
694346,CU,46,83.1086956521739,-12.85304347826087,8.394782608695653,6.804347826086956,6.148478260869565,-2.4482608695652175,2373.978260869565,0.469929122719822,0.8741546359688961,R,0.12849162011173185,2026,Trey Gibson,AAA
694346,FC,68,90.12794117647059,8.59764705882353,4.4276470588235295,6.857352941176471,5.910735294117647,-2.7433823529411767,2319.8382352941176,-0.13654374423323506,-0.8821335816192293,R,0.18994413407821228,2026,Trey Gibson,AAA
694346,FF,82,94.96707317073171,15.967317073170731,-8.746829268292682,6.939024390243903,6.005243902439024,-2.4632926829268293,2023.5365853658536,-0.5438215857545226,-0.8147040748186699,R,0.22905027932960895,2026,Trey Gibson,AAA
694346,SI,77,93.32467532467533,7.028571428571429,-15.051428571428572,6.887012987012986,5.8127272727272725,-2.9145454545454546,1959.7272727272727,-0.7033624816532956,-0.7047365384301455,R,0.21508379888268156,2026,Trey Gibson,AAA
694346,SL,70,87.85714285714286,-3.858857142857143,1.188,6.781428571428571,6.068142857142857,-2.4495714285714287,2130.2,0.3519359801135728,0.9042845438957574,R,0.19553072625698323,2026,Trey Gibson,AAA
694346,ST,15,83.01333333333334,5.024,13.895999999999999,6.735714285714286,5.818,-2.8406666666666665,2445.0,0.8318428927414707,0.21293664008177574,R,0.04189944134078212,2026,Trey Gibson,AAA
694350,CH,24,88.03750000000001,8.395,-15.465000000000002,6.445833333333333,5.670416666666667,-1.24,2011.0833333333333,-0.8790487709595541,-0.47317014004549,R,0.1256544502617801,2026,Zach Brzykcy,AAA
694350,CU,16,83.23125,-6.8625,1.5825,6.2875,5.760625,-1.25625,2541.875,0.46275051300580256,0.8725684124536862,R,0.08376963350785341,2026,Zach Brzykcy,AAA
694350,FF,63,93.83492063492064,18.822857142857142,-7.432380952380952,6.531746031746032,5.889365079365079,-0.8665079365079366,2245.3492063492063,-0.4210983484170231,-0.9043303825670298,R,0.3298429319371728,2026,Zach Brzykcy,AAA
694350,SL,76,87.55526315789473,-0.030000000000000002,1.5947368421052632,6.330263157894737,5.7225,-1.2522368421052632,2458.5263157894738,0.2592460569267518,0.2196351775550505,R,0.39790575916230364,2026,Zach Brzykcy,AAA
694350,ST,12,84.95833333333333,-1.3699999999999999,7.69,6.216666666666666,5.651666666666667,-1.51,2520.8333333333335,0.405422213525148,0.7084300721985616,R,0.06282722513089005,2026,Zach Brzykcy,AAA
694356,CU,54,82.41666666666667,-1.0066666666666666,17.804444444444446,6.514814814814815,5.127222222222223,-3.046851851851852,2393.925925925926,0.8180522193036865,0.4400959135062625,R,0.27692307692307694,2026,Nick Garcia,AAA
694356,FF,26,94.51153846153846,12.955384615384615,-13.453846153846154,6.757692307692308,5.014230769230769,-3.2430769230769227,2509.5384615384614,-0.8413045594371257,-0.5359961139502911,R,0.13333333333333333,2026,Nick Garcia,AAA
694356,SI,105,94.3695238095238,8.650285714285713,-15.461714285714287,6.7542857142857144,4.998095238095238,-3.1245714285714286,2505.3238095238094,-0.840711780447531,-0.5368682932112425,R,0.5384615384615384,2026,Nick Garcia,AAA
694356,SL,10,86.01,3.2399999999999998,-0.7440000000000003,6.640000000000001,5.156000000000001,-3.011,1990.7,-0.564278637736202,-0.454722690257201,R,0.05128205128205128,2026,Nick Garcia,AAA
694360,FC,34,88.84705882352942,2.908235294117647,4.030588235294117,6.267647058823529,5.620294117647059,-1.8997058823529414,2411.470588235294,0.43820457759008363,-0.7134048593664685,R,0.3469387755102041,2026,Beck Way,AAA
694360,FF,25,96.116,9.7536,-14.8224,6.112,5.5876,-1.9576,2004.24,-0.8626033976405567,-0.5012523533124387,R,0.25510204081632654,2026,Beck Way,AAA
694360,SI,27,95.6148148148148,5.8133333333333335,-16.724444444444444,6.118518518518518,5.564814814814815,-1.9825925925925927,2014.888888888889,-0.8215977372004936,-0.5133359962017366,R,0.2755102040816326,2026,Beck Way,AAA
694360,ST,12,86.55,4.5,13.540000000000001,6.358333333333333,5.588333333333334,-1.9666666666666668,2576.4166666666665,0.9799393510528942,0.17571641654273432,R,0.12244897959183673,2026,Beck Way,AAA
694363,CH,55,84.5109090909091,3.421090909090909,-13.232727272727272,6.514545454545455,5.604363636363637,-1.3361818181818181,1717.581818181818,0.8105153489429984,-0.5721797304048087,L,0.21484375,2026,Jared Shuster,AAA
694363,FC,38,88.95526315789475,9.154736842105264,-1.2694736842105263,6.413157894736842,5.591842105263158,-1.4047368421052633,2282.657894736842,0.6307449018376164,-0.7646164247628594,L,0.1484375,2026,Jared Shuster,AAA
694363,FF,80,93.05,12.5745,-8.755500000000001,6.405063291139241,5.5475,-1.3800000000000001,2050.493670886076,0.7263495397953973,-0.6812719705166241,L,0.3125,2026,Jared Shuster,AAA
694363,SI,24,91.63333333333333,6.84,-14.895000000000001,6.4375,5.516666666666667,-1.45125,1988.6666666666667,0.7360565705123056,-0.6704696684659345,L,0.09375,2026,Jared Shuster,AAA
694363,SL,59,84.02881355932203,0.04474576271186447,2.1945762711864405,6.506779661016949,5.6216949152542375,-1.3627118644067797,2219.0689655172414,-0.32563048319434956,0.2384602635388124,L,0.23046875,2026,Jared Shuster,AAA
694370,CU,10,81.06,-7.632,11.88,5.96,5.846,-2.337,2811.5,0.6181662579853713,0.7797271221126614,R,0.06578947368421052,2026,Levi Wells,AAA
694370,FC,19,90.53684210526316,16.130526315789474,-2.1473684210526316,6.063157894736842,5.806315789473683,-2.2394736842105263,2362.1052631578946,-0.4448112035934476,-0.8862951073185763,R,0.125,2026,Levi Wells,AAA
694370,FF,73,96.07397260273972,17.52986301369863,-10.175342465753424,5.906849315068493,6.04013698630137,-2.035068493150685,2397.890410958904,-0.6003633157917063,-0.7963420710560357,R,0.48026315789473684,2026,Levi Wells,AAA
694370,SI,13,93.86923076923077,11.049230769230768,-16.855384615384615,5.9692307692307685,5.876153846153846,-2.1946153846153846,2235.5833333333335,-0.7364794197786266,-0.6748647580099071,R,0.08552631578947369,2026,Levi Wells,AAA
694370,SL,37,83.04054054054055,1.6735135135135135,10.521081081081082,5.905405405405405,5.788108108108108,-2.2794594594594595,2548.9189189189187,0.7675771078791563,0.3571248228567941,R,0.24342105263157895,2026,Levi Wells,AAA
694381,FF,63,91.87936507936507,13.702857142857143,-6.6361904761904755,7.182539682539683,5.612698412698413,-0.3066666666666667,1868.3650793650793,-0.4844985724994894,-0.8728763484640414,R,0.3727810650887574,2026,Trey McLoughlin,AAA
694381,FS,35,85.2657142857143,3.7302857142857144,-2.982857142857143,7.1085714285714285,5.574571428571429,-0.3585714285714286,852.6285714285714,-0.6998071827892515,-0.3325567483192567,R,0.20710059171597633,2026,Trey McLoughlin,AAA
694381,SL,71,83.89859154929577,4.9470422535211265,3.464788732394366,7.125352112676056,5.559718309859155,-0.40901408450704224,2075.169014084507,0.7857027357093669,-0.48904777964469676,R,0.42011834319526625,2026,Trey McLoughlin,AAA
694393,CH,35,88.3742857142857,9.716571428571427,-12.582857142857142,6.694285714285715,6.4957142857142856,-2.1922857142857146,1771.8,-0.6589049028883122,-0.7496493795324677,R,0.17857142857142858,2026,Jaxon Wiggins,AAA
694393,CU,22,79.26363636363637,-13.587272727272728,6.561818181818182,6.6909090909090905,6.635,-1.914090909090909,2597.6363636363635,0.4595719167565671,0.8845156237653576,R,0.11224489795918367,2026,Jaxon Wiggins,AAA
694393,FC,33,87.97575757575757,5.723636363636364,2.0363636363636366,6.624242424242424,6.6024242424242425,-2.1615151515151516,2125.6969696969695,-0.43801045615212764,-0.810051786858174,R,0.1683673469387755,2026,Jaxon Wiggins,AAA
694393,FF,106,95.64528301886791,17.54830188679245,-8.806415094339624,6.702830188679245,6.61622641509434,-1.9833018867924528,2294.2264150943397,-0.5103504048381095,-0.8486940461025954,R,0.5408163265306123,2026,Jaxon Wiggins,AAA
694397,CH,43,90.49767441860466,3.1813953488372095,-11.67906976744186,6.27906976744186,5.631395348837209,-0.9502325581395349,1890.2790697674418,-0.7219013361184244,-0.6869008808844821,R,0.19545454545454546,2026,Marco Raya,AAA
694397,CU,52,85.625,-7.693846153846153,5.178461538461538,6.361538461538462,5.919423076923077,-0.6051923076923077,2791.519230769231,0.7401705887038299,0.6046910561334639,R,0.23636363636363636,2026,Marco Raya,AAA
694397,FF,67,96.0,15.80417910447761,-3.175522388059701,6.273134328358209,5.972985074626866,-0.5934328358208955,2382.582089552239,-0.3882041931277607,-0.9178052305317824,R,0.30454545454545456,2026,Marco Raya,AAA
694397,ST,58,86.16896551724139,0.5979310344827586,13.113103448275863,6.31551724137931,5.651896551724138,-0.8508620689655173,2910.0172413793102,0.729664987725539,0.3574602131733403,R,0.2636363636363636,2026,Marco Raya,AAA
694494,FF,98,91.84795918367347,16.76326530612245,-9.423673469387754,6.348979591836735,5.752959183673469,-2.170918367346939,2599.683673469388,-0.6435377073101206,-0.7516660213820632,R,0.5157894736842106,2026,Ty Johnson,AAA
694494,SL,92,84.24673913043478,2.359565217391304,3.1695652173913045,6.4021739130434785,5.837391304347825,-2.1125,2516.7391304347825,-0.001563230901180436,-0.6275334056791191,R,0.4842105263157895,2026,Ty Johnson,AAA
694495,CH,10,81.39,7.032000000000001,-3.588,6.57,5.74,-2.261,1205.7,0.06476531944426468,-0.8911522541456985,L,0.24390243902439024,2026,Javen Coleman,AAA
694495,FF,19,91.67894736842106,16.78736842105263,-6.543157894736842,6.442105263157895,5.618947368421053,-2.62,2034.421052631579,0.5706292750566054,-0.8181074509952145,L,0.4634146341463415,2026,Javen Coleman,AAA
694495,SL,12,83.85833333333333,5.88,6.05,6.358333333333333,5.4991666666666665,-2.685,2182.3333333333335,-0.10739387804707652,-0.942939473333264,L,0.2926829268292683,2026,Javen Coleman,AAA
694536,CH,65,86.52,5.994461538461538,-17.350153846153844,6.429230769230769,5.332153846153846,-1.748,2103.0153846153844,-0.9257098737604061,-0.3722798988338357,R,0.20440251572327045,2026,Trent Baker,AAA
694536,FF,174,95.23448275862069,13.569655172413793,-14.446206896551724,6.398850574712644,5.347931034482758,-1.6716666666666666,2309.5057471264367,-0.8122483184677808,-0.5796162266735188,R,0.5471698113207547,2026,Trent Baker,AAA
694536,SL,79,87.66708860759493,3.1032911392405063,-0.3326582278481013,6.360759493670886,5.267974683544304,-1.729367088607595,2249.1645569620255,-0.6887255619020274,0.06466104082854462,R,0.24842767295597484,2026,Trent Baker,AAA
694545,CH,23,79.67826086956521,8.029565217391305,-11.535652173913043,6.7,5.536521739130435,-2.1021739130434782,1399.5217391304348,-0.7472123097801265,-0.6636139595053752,R,0.24468085106382978,2026,Jackson Nezuh,AAA
694545,FF,39,92.92564102564103,15.827692307692306,-6.529230769230769,6.656410256410257,5.673333333333333,-2.0233333333333334,2189.3846153846152,-0.4531356586069107,-0.8893060540115622,R,0.4148936170212766,2026,Jackson Nezuh,AAA
694545,SL,32,85.596875,7.25625,0.66,6.625,5.45875,-2.4196874999999998,2200.5625,0.11850110517302216,-0.962939237124429,R,0.3404255319148936,2026,Jackson Nezuh,AAA
694646,FC,49,91.07959183673469,9.350204081632654,3.982040816326531,6.529166666666666,5.763265306122449,-1.6673469387755102,2537.530612244898,-0.0848742287935006,-0.944850779784306,R,0.35507246376811596,2026,Chayce McDermott,AAA
694646,FF,63,94.94285714285714,17.15809523809524,-5.312380952380953,6.604761904761905,5.83063492063492,-1.4955555555555555,2219.095238095238,-0.40775456491169504,-0.9110216582547608,R,0.45652173913043476,2026,Chayce McDermott,AAA
694646,SL,26,83.9346153846154,-3.6923076923076925,6.936923076923078,6.526923076923077,5.753461538461538,-1.713846153846154,2758.653846153846,0.8230811283977869,0.4838554487250685,R,0.18840579710144928,2026,Chayce McDermott,AAA
694650,FC,25,89.024,5.88,0.7872,5.944,6.3076,-1.6676,1996.2,-0.5981711200394206,-0.6865570772457562,R,0.28735632183908044,2026,Cameron Cotter,AAA
694650,SI,28,92.96428571428571,8.704285714285714,-14.314285714285715,5.882142857142857,6.3149999999999995,-1.67,1868.8214285714287,-0.6337237296436353,-0.6767939495646846,R,0.3218390804597701,2026,Cameron Cotter,AAA
694650,SL,34,85.29411764705883,-4.969411764705883,-0.7835294117647059,6.026470588235294,6.449705882352941,-1.5247058823529414,2068.0,0.44598635606819065,0.8747115129590672,R,0.39080459770114945,2026,Cameron Cotter,AAA
694660,FC,24,84.74583333333334,4.2700000000000005,3.19,5.604166666666667,5.329583333333333,-1.4475,2350.2083333333335,0.21835467335991576,-0.9071044680706658,R,0.7058823529411765,2026,Harrison Cohen,AAA
694660,FF,10,92.22999999999999,17.556,-5.724,5.67,5.554,-1.13,2276.7,-0.5427193465509224,-0.8355654128385543,R,0.29411764705882354,2026,Harrison Cohen,AAA
694674,CH,11,85.87272727272727,-2.1818181818181817,-7.330909090909091,6.118181818181818,3.5036363636363634,-4.2272727272727275,1992.8181818181818,-0.9149485512996841,0.1977002207191795,R,0.16176470588235295,2026,Antonio Menendez,AAA
694674,SI,33,90.35454545454544,-5.5600000000000005,-10.152727272727274,6.260606060606061,3.270606060606061,-4.332424242424242,1986.4545454545455,-0.987467313301742,0.1307975079524742,R,0.4852941176470588,2026,Antonio Menendez,AAA
694674,SL,12,87.76666666666667,3.1799999999999997,-4.74,6.058333333333334,3.484166666666667,-4.204166666666667,2390.9166666666665,-0.9403879549664956,-0.1799345772872779,R,0.17647058823529413,2026,Antonio Menendez,AAA
694674,ST,12,81.34166666666667,3.3000000000000003,10.82,6.258333333333333,3.5475,-4.0424999999999995,2239.0833333333335,0.955231483297747,0.1715323534220419,R,0.17647058823529413,2026,Antonio Menendez,AAA
694677,FC,12,89.54166666666667,9.06,0.63,6.1000000000000005,5.609166666666667,-2.2925,2148.5833333333335,-0.11086499761613915,-0.8034850958101957,R,0.14814814814814814,2026,Collin Baumgartner,AAA
694677,FF,52,93.33653846153847,13.340769230769231,-5.021538461538461,6.0673076923076925,5.6575,-2.2053846153846157,2104.596153846154,-0.5323115617811052,-0.8442962475158868,R,0.6419753086419753,2026,Collin Baumgartner,AAA
694677,SL,17,83.45882352941176,1.0376470588235294,4.87764705882353,6.0058823529411764,5.711176470588235,-2.261764705882353,2333.1176470588234,0.9087463429522185,-0.31042332582823806,R,0.20987654320987653,2026,Collin Baumgartner,AAA
694680,FC,35,87.71428571428571,4.916571428571428,4.412571428571429,6.574285714285714,5.483142857142857,-2.009714285714286,2032.71875,0.09666879765067206,-0.8277312340169586,R,0.2631578947368421,2026,Trevor Martin,AAA
694680,FF,42,94.27857142857142,13.631428571428572,-8.59142857142857,6.6952380952380945,5.461904761904762,-1.9242857142857142,2171.1428571428573,-0.6817046473847233,-0.7152071991185658,R,0.3157894736842105,2026,Trevor Martin,AAA
694680,FS,28,85.98928571428571,-1.9628571428571429,-11.67,6.617857142857143,5.496428571428572,-1.8585714285714285,1089.8461538461538,-0.9907371810143734,-0.0787461821357919,R,0.21052631578947367,2026,Trevor Martin,AAA
694680,SI,28,93.53928571428571,10.662857142857144,-9.78,6.777777777777778,5.327142857142857,-1.975357142857143,2242.785714285714,-0.6626204529362113,-0.6879617885228694,R,0.21052631578947367,2026,Trevor Martin,AAA
694753,CH,33,85.60909090909091,9.690909090909091,-16.956363636363637,6.709090909090909,5.82030303030303,-2.143030303030303,2392.151515151515,-0.8489928195773555,-0.5255185489889714,R,0.275,2026,Khristian Curtis,AAA
694753,CU,15,76.56666666666666,-15.288,7.680000000000001,6.526666666666667,6.093999999999999,-1.9840000000000002,2615.133333333333,0.4172921204046616,0.9033224902624336,R,0.125,2026,Khristian Curtis,AAA
694753,FC,34,91.23529411764706,9.328235294117647,2.354117647058824,6.664705882352941,5.908235294117647,-2.1291176470588233,2537.9117647058824,-0.15779084959191675,-0.9626449190961135,R,0.2833333333333333,2026,Khristian Curtis,AAA
694753,FF,24,94.8125,17.544999999999998,-7.734999999999999,6.720833333333334,5.963333333333334,-2.0683333333333334,2353.9583333333335,-0.4489000967403212,-0.8891453282388908,R,0.2,2026,Khristian Curtis,AAA
694753,SL,14,84.52857142857144,-1.697142857142857,5.425714285714285,6.55,5.985714285714286,-1.9414285714285715,2746.4285714285716,0.7609251424573984,0.2085377842406681,R,0.11666666666666667,2026,Khristian Curtis,AAA
694781,CH,11,85.73636363636363,0.818181818181818,-12.098181818181816,5.881818181818182,5.690909090909091,-2.0518181818181818,1486.4545454545455,-0.947034335992355,-0.30614127627545706,R,0.1506849315068493,2026,Logan Mercado,AAA
694781,FC,20,87.77000000000001,1.518,3.474,5.9,5.7945,-1.9434999999999998,2247.75,0.70325671363008,-0.4857456550213991,R,0.273972602739726,2026,Logan Mercado,AAA
694781,FF,42,93.9,15.365714285714287,-6.162857142857142,6.040476190476191,5.899285714285715,-1.7828571428571427,2356.4761904761904,-0.5267217043292789,-0.8468481034202155,R,0.5753424657534246,2026,Logan Mercado,AAA
694795,FF,62,97.26451612903226,14.399999999999999,-7.424516129032258,6.593548387096774,5.2504838709677415,-3.1530645161290325,2524.0222222222224,-0.7084301246967729,-0.6816227318991709,R,0.4626865671641791,2026,Josh Ekness,AAA
694795,SI,29,97.22413793103448,3.8772413793103446,-13.961379310344828,6.582758620689655,5.092758620689655,-3.320689655172414,2357.25,-0.7376544300681509,-0.6182517794729248,R,0.21641791044776118,2026,Josh Ekness,AAA
694795,ST,43,85.28837209302326,5.455813953488372,12.965581395348837,6.520930232558139,5.107441860465117,-3.397209302325581,2550.7741935483873,0.9703571350339515,0.17219563333776733,R,0.3208955223880597,2026,Josh Ekness,AAA
694805,FC,20,88.37,7.35,2.286,6.29,5.742500000000001,-2.0705,2011.05,0.2677623439714612,-0.8870847859602591,L,0.17094017094017094,2026,Kyle Carr,AAA
694805,FF,48,92.14791666666667,11.527500000000002,-4.8225,6.33125,5.813541666666667,-1.95,1910.0833333333333,0.6138054037790265,-0.7734737023226074,L,0.41025641025641024,2026,Kyle Carr,AAA
694805,SI,16,91.41875,4.4399999999999995,-12.24,6.33125,5.654375,-2.0675,1725.5,0.7277338916010747,-0.678370453949042,L,0.13675213675213677,2026,Kyle Carr,AAA
694805,ST,33,78.01212121212122,-2.305454545454545,11.101818181818182,6.3121212121212125,5.816363636363636,-1.8145454545454545,2201.757575757576,-0.8248782604186653,0.37130341987734,L,0.28205128205128205,2026,Kyle Carr,AAA
694813,CH,29,85.98620689655172,6.889655172413794,-10.237241379310344,6.472413793103448,5.858965517241379,-2.3296551724137933,1731.0,-0.7687002022935778,-0.6263135413729268,R,0.43283582089552236,2026,Gavin Stone,AAA
694813,FC,11,91.71818181818182,15.261818181818182,-2.6727272727272724,6.609090909090909,5.870909090909091,-2.2245454545454546,2241.090909090909,-0.4726779805044962,-0.8725533420675592,R,0.16417910447761194,2026,Gavin Stone,AAA
694813,FF,17,93.43529411764706,14.188235294117648,-7.277647058823529,6.611764705882353,5.82,-2.2405882352941178,2216.9411764705883,-0.5645322905030011,-0.8240861660136595,R,0.2537313432835821,2026,Gavin Stone,AAA
694813,ST,10,86.05,3.3600000000000003,8.376,6.58,5.732,-2.316,2197.1,0.9081981212826928,0.3453907084122278,R,0.14925373134328357,2026,Gavin Stone,AAA
694818,FF,14,92.42142857142858,17.288571428571426,-6.574285714285714,6.4,6.789285714285714,-1.6907142857142856,2364.4285714285716,0.46222721435707037,-0.8852476372695429,L,0.5185185185185185,2026,Hunter Owen,AAA
694818,SL,13,86.93846153846154,4.661538461538462,5.196923076923077,6.238461538461538,6.731538461538462,-2.017692307692308,2521.4615384615386,-0.3991579177873327,-0.8615113460494107,L,0.48148148148148145,2026,Hunter Owen,AAA
694820,FF,44,94.59772727272728,13.02,-5.997272727272727,6.75,5.425909090909091,-3.0622727272727275,2356.659090909091,-0.6300527155042658,-0.7711062927607322,R,0.24043715846994534,2026,Braxton Roxby,AAA
694820,SI,52,92.43846153846154,6.542307692307692,-14.476153846153846,6.790384615384616,5.178846153846154,-3.197307692307692,2209.826923076923,-0.7641849164852685,-0.6336386849124579,R,0.28415300546448086,2026,Braxton Roxby,AAA
694820,SL,29,88.76896551724138,4.1834482758620695,3.2358620689655173,6.741379310344827,5.181034482758621,-3.3058620689655176,2552.0344827586205,0.19486752264107765,-0.858491079336582,R,0.15846994535519127,2026,Braxton Roxby,AAA
694820,ST,58,81.02586206896552,0.8462068965517242,15.548275862068964,6.744827586206896,5.120517241379311,-3.1558620689655172,2709.7413793103447,0.9406963688285082,0.3276595762566431,R,0.31693989071038253,2026,Braxton Roxby,AAA
694851,CH,22,87.35909090909091,-0.8836363636363637,-8.634545454545455,6.4818181818181815,6.202272727272727,-0.7795454545454544,1112.409090909091,-0.9324675471255426,-0.3452943195331175,R,0.3728813559322034,2026,Andrew Hoffmann,AAA
694851,FF,37,93.07837837837837,15.068108108108108,-3.5902702702702705,6.475675675675675,6.2262162162162165,-0.6559459459459459,2352.4594594594596,-0.4038240945749757,-0.9087882251066146,R,0.6271186440677966,2026,Andrew Hoffmann,AAA
694855,CH,13,81.17692307692307,5.852307692307692,-10.670769230769231,6.084615384615384,5.297692307692308,-2.606923076923077,1672.6153846153845,0.9126033571683899,-0.3718009776053532,L,0.2708333333333333,2026,Riley Cooper,AAA
694855,FF,15,90.74666666666667,15.831999999999999,-6.5520000000000005,6.04,5.897333333333333,-2.12,2112.3333333333335,0.665952694525009,-0.744818073751241,L,0.3125,2026,Riley Cooper,AAA
694855,SL,20,82.03999999999999,-0.19199999999999987,6.552,5.93,5.526,-2.4885,2240.65,-0.33709400137472734,-0.05541450526217852,L,0.4166666666666667,2026,Riley Cooper,AAA
694860,CH,24,81.31666666666666,-1.71,-6.09,6.954166666666667,5.232083333333334,-2.0395833333333333,980.875,-0.9860593441680257,0.152496107008845,R,0.0898876404494382,2026,Jake Brooks,AAA
694860,FF,44,91.90227272727272,9.763636363636364,-13.194545454545455,6.993181818181818,5.180681818181818,-2.0793181818181816,2154.340909090909,-0.8728562094239911,-0.48338963483516634,R,0.1647940074906367,2026,Jake Brooks,AAA
694860,SI,70,91.02,3.999428571428571,-14.869714285714288,6.938571428571429,5.229857142857142,-2.1364285714285716,2090.5714285714284,-0.8895024494741196,-0.4520978821580942,R,0.26217228464419473,2026,Jake Brooks,AAA
694860,SL,46,86.73478260869565,6.673043478260869,-2.64,6.976086956521739,5.149347826086957,-2.2256521739130433,2125.6304347826085,-0.6725011143953176,-0.7262338460277684,R,0.17228464419475656,2026,Jake Brooks,AAA
694860,ST,83,80.66867469879519,2.002409638554217,13.666987951807227,6.902409638554216,5.080722891566265,-2.275542168674699,2535.9638554216867,0.9710060388930625,0.17826322447724754,R,0.31086142322097376,2026,Jake Brooks,AAA
694885,CU,44,83.15681818181818,-1.8081818181818183,8.590909090909092,6.340909090909091,5.151363636363636,-2.861590909090909,2142.181818181818,0.7446560120584944,0.2853668458494511,R,0.3076923076923077,2026,Ryan Murphy,AAA
694885,FC,25,87.712,2.9424,1.5312000000000001,6.388,5.066,-2.8904,2201.68,0.5608227407162788,-0.2250753021100207,R,0.17482517482517482,2026,Ryan Murphy,AAA
694885,SI,74,93.2,11.281621621621621,-11.14864864864865,6.4837837837837835,5.1816216216216215,-2.845675675675676,2157.5405405405404,-0.6789315437458336,-0.7016647890873384,R,0.5174825174825175,2026,Ryan Murphy,AAA
694918,CH,28,83.22142857142856,7.097142857142857,-11.635714285714286,6.442857142857143,6.083571428571429,-1.729642857142857,1672.1785714285713,-0.8834579401093887,-0.4532039627483186,R,0.10687022900763359,2026,Blade Tidwell,AAA
694918,FF,100,95.185,16.868399999999998,-7.5312,6.278,6.271699999999999,-1.5862,2163.95,-0.5450740270829424,-0.8351943595606747,R,0.3816793893129771,2026,Blade Tidwell,AAA
694918,SI,38,93.86842105263158,11.861052631578946,-15.470526315789474,6.3052631578947365,6.163684210526315,-1.6757894736842105,2075.8684210526317,-0.6015802806966224,-0.7932266380569395,R,0.1450381679389313,2026,Blade Tidwell,AAA
694918,SL,40,87.60499999999999,0.96,4.032,6.282500000000001,6.21025,-1.748,2467.9,0.5639060697791067,-0.48161031641890817,R,0.15267175572519084,2026,Blade Tidwell,AAA
694918,ST,56,82.22500000000001,4.654285714285714,13.015714285714285,6.25,5.976964285714286,-1.9416071428571429,2853.785714285714,0.9528609774628469,0.24804768711809522,R,0.21374045801526717,2026,Blade Tidwell,AAA
694968,CH,13,87.37692307692308,6.923076923076923,-12.923076923076923,6.199999999999999,5.815384615384615,-2.229230769230769,1468.0,-0.776774233902613,-0.6273045274078686,R,0.1015625,2026,Jack Mahoney,AAA
694968,CU,12,82.44166666666666,-6.45,4.99,6.016666666666667,6.028333333333333,-2.0475,2296.3333333333335,0.6973929571604472,0.7117128897857339,R,0.09375,2026,Jack Mahoney,AAA
694968,FC,21,89.35714285714286,5.188571428571429,1.657142857142857,5.976190476190476,5.924761904761905,-2.230952380952381,2007.3809523809523,-0.29800538564479495,-0.9149255814006276,R,0.1640625,2026,Jack Mahoney,AAA
694968,FF,41,94.56829268292684,13.077073170731706,-5.151219512195122,5.95609756097561,5.9158536585365855,-2.2070731707317073,2170.048780487805,-0.6023029937364986,-0.795043550515666,R,0.3203125,2026,Jack Mahoney,AAA
694968,SI,23,93.68695652173913,7.001739130434783,-11.003478260869565,6.0,5.841304347826087,-2.238260869565217,2028.391304347826,-0.6313339371866362,-0.6408413034866112,R,0.1796875,2026,Jack Mahoney,AAA
694968,ST,18,84.17222222222222,-0.9533333333333334,7.313333333333334,5.9944444444444445,5.901666666666667,-2.1399999999999997,2332.0,0.7551575809151908,0.6332316998218426,R,0.140625,2026,Jack Mahoney,AAA
695001,FF,38,94.83421052631579,6.287368421052632,-9.246315789473684,6.192105263157895,5.574473684210527,-0.74,2067.9473684210525,-0.7649812423601533,-0.629724625870384,R,0.18627450980392157,2026,Alimber Santa,AAA
695001,SI,39,93.66666666666667,4.498461538461538,-13.624615384615385,6.166666666666667,5.440769230769231,-0.884102564102564,1963.974358974359,-0.8232642716558524,-0.5594363713827619,R,0.19117647058823528,2026,Alimber Santa,AAA
695001,SL,61,86.80983606557376,1.481311475409836,3.6,6.11311475409836,5.639016393442623,-0.7049180327868853,2352.3934426229507,0.5484780544427115,-0.5223495248793031,R,0.29901960784313725,2026,Alimber Santa,AAA
695001,ST,66,83.16666666666667,2.132727272727273,14.296363636363637,6.095454545454546,5.448787878787879,-0.9366666666666666,2739.818181818182,0.9419567973555394,0.31110602781014796,R,0.3235294117647059,2026,Alimber Santa,AAA
695033,CH,16,86.68125,3.8925,-10.9275,6.95,6.038125,-2.384375,929.3125,-0.7346404210513081,-0.6661764316795007,R,0.07017543859649122,2026,Juaron Watts-Brown,AAA
695033,CU,24,80.95,-13.020000000000001,4.035,6.9125000000000005,6.222083333333334,-2.1329166666666666,2315.5833333333335,0.2547820090680842,0.9256554693325262,R,0.10526315789473684,2026,Juaron Watts-Brown,AAA
695033,FF,114,93.89035087719299,17.816842105263156,-6.933684210526316,6.974561403508772,6.124210526315789,-2.3392105263157896,2354.261261261261,-0.47100914238098707,-0.8422237947144451,R,0.5,2026,Juaron Watts-Brown,AAA
695033,SL,74,84.92162162162163,1.345945945945946,3.4345945945945946,6.963513513513513,6.060675675675676,-2.3795945945945944,2437.3150684931506,0.3057831907361938,0.6085506912175888,R,0.32456140350877194,2026,Juaron Watts-Brown,AAA
695034,CH,20,87.655,2.346,-16.470000000000002,6.3149999999999995,5.081,-2.2915,1775.8,-0.8884218345446468,-0.44871258467195296,R,0.07142857142857142,2026,Kade Morris,AAA
695034,CU,12,76.97500000000001,-11.37,12.5,6.2,5.444166666666667,-2.0500000000000003,2498.3333333333335,0.7427784956896092,0.6648027597024668,R,0.04285714285714286,2026,Kade Morris,AAA
695034,FF,31,93.98387096774194,13.625806451612902,-13.049032258064516,6.138709677419355,5.361612903225807,-2.1529032258064515,2286.5806451612902,-0.7847626298442306,-0.6138199678415959,R,0.11071428571428571,2026,Kade Morris,AAA
695034,SI,123,93.3959349593496,5.214634146341464,-16.39609756097561,6.17479674796748,5.1621138211382105,-2.3052032520325203,2107.0650406504064,-0.8359025811904701,-0.5427818380381418,R,0.4392857142857143,2026,Kade Morris,AAA
695034,SL,52,87.10769230769232,4.945384615384616,1.4376923076923076,6.171153846153846,5.2275,-2.3213461538461537,2175.423076923077,-0.2406743874788996,-0.8468538319215114,R,0.18571428571428572,2026,Kade Morris,AAA
695034,ST,42,80.62380952380951,-0.4457142857142858,14.531428571428572,6.183333333333333,5.08,-2.407142857142857,2483.0714285714284,0.8431749358784894,0.5053615233829947,R,0.15,2026,Kade Morris,AAA
695049,CH,77,79.45454545454545,10.461818181818181,-11.233246753246753,6.314285714285714,5.913766233766234,-1.6574025974025974,1782.865671641791,-0.6742722383863843,-0.736024135683304,R,0.17420814479638008,2026,Brett Kerry,AAA
695049,FF,222,90.48603603603604,15.32810810810811,-5.694054054054054,6.384684684684685,6.070225225225225,-1.4906306306306307,2122.6117021276596,-0.42165848523304994,-0.9023997845494574,R,0.502262443438914,2026,Brett Kerry,AAA
695049,SL,117,84.83162393162392,0.47384615384615386,0.027692307692307683,6.38974358974359,6.015555555555556,-1.541965811965812,1994.5185185185185,0.3663003591598098,0.4655587565294113,R,0.2647058823529412,2026,Brett Kerry,AAA
695049,ST,26,76.83461538461539,-4.02,10.744615384615384,6.369230769230769,5.903076923076923,-1.831923076923077,2361.76,0.6167345593718414,0.6896942901149246,R,0.058823529411764705,2026,Brett Kerry,AAA
695065,CH,27,85.61111111111111,5.617777777777778,-14.04888888888889,6.37037037037037,5.524814814814814,-1.3603703703703705,1846.4814814814815,-0.8841018744095602,-0.3982314527858381,R,0.20610687022900764,2026,Ryan Costeiu,AAA
695065,CU,17,81.21764705882353,-8.901176470588235,8.047058823529412,6.052941176470589,5.70235294117647,-1.3729411764705883,2612.1176470588234,0.5525293147792704,0.8230374625537225,R,0.1297709923664122,2026,Ryan Costeiu,AAA
695065,FF,62,94.05806451612904,15.621290322580645,-7.21741935483871,6.279032258064516,5.732258064516128,-1.0606451612903227,2070.532258064516,-0.5191659725159683,-0.8525883120488992,R,0.4732824427480916,2026,Ryan Costeiu,AAA
695065,SL,25,87.196,3.3168,5.1024,6.136,5.692,-1.5296,2550.36,0.11549654023522592,-0.7429815177642841,R,0.19083969465648856,2026,Ryan Costeiu,AAA
695066,FF,51,95.3921568627451,17.83764705882353,-1.8541176470588236,6.784313725490196,6.162549019607844,-2.347058823529412,2120.8627450980393,-0.2515284691525194,-0.9664488762592213,R,0.6455696202531646,2026,Ben Grable,AAA
695066,SL,28,85.40714285714286,-0.4628571428571429,6.0,6.639285714285714,6.027142857142857,-2.586785714285714,2280.1428571428573,0.834682716626371,-0.3300270201734001,R,0.35443037974683544,2026,Ben Grable,AAA
695239,CH,12,86.25833333333333,8.36,-8.86,6.233333333333333,6.050833333333333,-2.155,1412.6666666666667,0.5676549793945845,-0.739238001153795,L,0.09836065573770492,2026,Robby Ahlstrom,AAA
695239,FF,42,94.45476190476191,16.685714285714283,-4.848571428571429,6.288095238095239,6.226190476190476,-1.9376190476190476,2203.4761904761904,0.4826286969850728,-0.844882290626517,L,0.3442622950819672,2026,Robby Ahlstrom,AAA
695239,SI,32,94.41875,13.0275,-11.5875,6.240625,6.0965625,-2.1271875,2142.09375,0.4875551263370679,-0.8045350879545415,L,0.26229508196721313,2026,Robby Ahlstrom,AAA
695239,SL,36,84.975,3.006666666666667,4.133333333333334,6.302777777777778,5.952222222222222,-2.499722222222222,2357.8055555555557,-0.6382267302692287,-0.2590059603490696,L,0.29508196721311475,2026,Robby Ahlstrom,AAA
695247,CH,19,87.46842105263158,3.991578947368421,-15.922105263157894,6.521052631578947,5.517894736842106,-2.0721052631578947,2003.421052631579,0.922988356180487,-0.37783059456016166,L,0.09090909090909091,2026,Jagger Haynes,AAA
695247,FF,83,92.70843373493976,9.831325301204819,-9.815421686746987,6.389156626506024,5.541686746987952,-1.9685542168674697,2147.9518072289156,0.7969019923686907,-0.5994495540912623,L,0.39712918660287083,2026,Jagger Haynes,AAA
695247,SI,36,91.625,6.9366666666666665,-13.833333333333334,6.425000000000001,5.555277777777778,-1.9547222222222222,2070.705882352941,0.8063829894599459,-0.5870902100840448,L,0.1722488038277512,2026,Jagger Haynes,AAA
695247,SL,71,83.06901408450703,0.4140845070422535,0.632112676056338,6.404225352112676,5.453943661971831,-1.9250704225352113,1876.3285714285714,-0.20026157543538908,0.39445272526698855,L,0.3397129186602871,2026,Jagger Haynes,AAA
695308,CH,20,81.975,9.168000000000001,-14.592000000000002,6.725,5.639,-0.6115,1755.75,-0.9185825791936224,-0.3880595449888799,R,0.2898550724637681,2026,Paulshawn Pasqualotto,AAA
695308,FF,33,95.45151515151515,15.14909090909091,-7.050909090909091,6.690909090909091,5.716363636363636,-0.47484848484848485,2152.4545454545455,-0.5488096916309222,-0.8325948534573192,R,0.4782608695652174,2026,Paulshawn Pasqualotto,AAA
695308,FS,16,84.625,-2.5425,-5.2125,6.68125,5.68125,-0.433125,922.6875,-0.5921807351103164,0.15276887877804693,R,0.2318840579710145,2026,Paulshawn Pasqualotto,AAA
695366,CH,11,86.43636363636364,1.8436363636363637,-15.82909090909091,7.618181818181818,5.410909090909091,-1.5854545454545457,1934.090909090909,-0.9829055718176961,-0.17813907776043766,R,0.10784313725490197,2026,Holt Jones,AAA
695366,FC,12,88.14166666666667,3.34,6.77,7.4750000000000005,5.394166666666667,-1.8433333333333335,2582.4166666666665,0.5159212187686016,-0.7542807456290176,R,0.11764705882352941,2026,Holt Jones,AAA
695366,FF,38,95.56315789473685,15.056842105263158,-9.413684210526315,7.594736842105264,5.417631578947368,-1.733421052631579,2213.0,-0.6653624795755525,-0.7451305756256658,R,0.37254901960784315,2026,Holt Jones,AAA
695366,SI,29,95.31724137931033,13.588965517241379,-11.652413793103449,7.586206896551724,5.402758620689656,-1.743103448275862,2221.551724137931,-0.7023931936549985,-0.7049094249679624,R,0.28431372549019607,2026,Holt Jones,AAA
695366,SL,12,81.35833333333333,4.989999999999999,14.72,7.3999999999999995,5.1525,-1.9516666666666669,2696.5833333333335,0.9210896539565948,0.17861897754810252,R,0.11764705882352941,2026,Holt Jones,AAA
695378,CH,11,87.01818181818182,1.9745454545454544,-18.12,6.409090909090909,4.999090909090909,-2.2236363636363636,2083.2,-0.9924819967406222,-0.08507369443081561,R,0.05945945945945946,2026,Jack Sinclair,AAA
695378,FF,47,96.43191489361702,10.120851063829788,-15.061276595744681,6.397872340425532,5.2287234042553195,-2.1444680851063826,2099.688888888889,-0.8959257966026428,-0.43997106473167086,R,0.25405405405405407,2026,Jack Sinclair,AAA
695378,SI,27,95.28148148148148,3.582222222222222,-18.426666666666666,6.403846153846154,5.1611111111111105,-2.3525925925925923,2000.9565217391305,-0.9113249288010311,-0.40822643711858303,R,0.14594594594594595,2026,Jack Sinclair,AAA
695378,SL,34,88.49705882352941,6.328235294117647,2.152941176470588,6.2176470588235295,5.2441176470588236,-2.1814705882352943,2499.733333333333,-0.29619549202319223,-0.8715502408913406,R,0.1837837837837838,2026,Jack Sinclair,AAA
695378,ST,66,82.51515151515152,5.405454545454545,13.574545454545454,6.231818181818182,5.215606060606061,-2.6290909090909094,2457.4137931034484,0.9570641028863255,0.2577459620538825,R,0.3567567567567568,2026,Jack Sinclair,AAA
695380,FF,14,98.11428571428571,11.245714285714286,-4.2,6.685714285714285,5.727142857142858,-0.9800000000000001,2146.1428571428573,-0.5308607898030033,-0.8424767989444477,R,0.4117647058823529,2026,Alex Hoppe,AAA
695380,SL,20,89.53999999999999,-0.8400000000000001,4.0920000000000005,6.705,5.7299999999999995,-0.9585000000000001,2331.45,0.933882660012682,-0.24864155322246867,R,0.5882352941176471,2026,Alex Hoppe,AAA
695402,FF,74,95.87972972972973,15.421621621621622,-8.555675675675676,6.717567567567568,6.32945945945946,-1.411891891891892,2073.837837837838,-0.5778895569050183,-0.809148397079676,R,0.8222222222222222,2026,Najer Victor,AAA
695402,SL,16,82.38125,2.0775,4.4025,6.64375,6.36625,-1.204375,2320.125,0.9280022244085026,0.007499546230063679,R,0.17777777777777778,2026,Najer Victor,AAA
695421,FF,16,92.90625,14.8875,-3.405,6.31875,5.85625,-0.520625,2171.75,-0.40629872287811397,-0.9096545235742313,R,0.5333333333333333,2026,Ryan Slater,AAA
695421,SL,14,86.00714285714285,0.6514285714285714,6.094285714285715,6.335714285714286,5.802142857142857,-0.6721428571428572,2401.5,0.7976867831134344,-0.5461086469149278,R,0.4666666666666667,2026,Ryan Slater,AAA
695445,CH,11,84.91818181818182,-4.778181818181818,-14.05090909090909,6.090909090909091,4.232727272727273,-2.7809090909090908,1590.2727272727273,-0.9970817703710803,0.007991804036455169,R,0.05641025641025641,2026,Chase Lee,AAA
695445,FF,39,89.58205128205128,6.470769230769231,-7.775384615384616,5.938461538461539,3.999487179487179,-2.8266666666666667,2397.4102564102564,-0.9879602697851408,0.07252938367708593,R,0.2,2026,Chase Lee,AAA
695445,SI,70,89.34285714285714,-2.1205714285714286,-9.634285714285713,5.901428571428572,3.9967142857142854,-2.816857142857143,2334.8571428571427,-0.9790420023700582,0.0401166957539289,R,0.358974358974359,2026,Chase Lee,AAA
695445,ST,75,80.11066666666667,6.096,16.9024,5.782666666666667,3.9448000000000003,-2.8642666666666665,2924.6,0.9089191542330535,0.015400654805527424,R,0.38461538461538464,2026,Chase Lee,AAA
695467,CU,15,66.72,4.84,-10.136,5.133333333333334,4.122,-2.6606666666666663,1594.7333333333333,-0.9853311680615747,-0.1197091517026863,R,1.0,2026,Juan Montero,AAA
695534,CH,49,88.19795918367346,0.3281632653061224,-15.516734693877552,6.40204081632653,5.315102040816327,-1.8906122448979592,1759.7755102040817,-0.940103547515497,-0.2435567270212321,R,0.196,2026,Chase Petty,AAA
695534,FF,15,96.02666666666667,13.704,-12.984,6.173333333333333,5.5040000000000004,-1.9893333333333334,2211.0,-0.7872600149903616,-0.6135732753239722,R,0.06,2026,Chase Petty,AAA
695534,SI,77,95.61168831168831,9.857142857142858,-16.354285714285712,6.202597402597403,5.501428571428572,-1.9312987012987013,2063.220779220779,-0.7831057673108732,-0.5428870714592944,R,0.308,2026,Chase Petty,AAA
695534,SL,71,88.97183098591549,3.1943661971830988,0.9194366197183099,6.385915492957746,5.600704225352112,-1.8432394366197185,2138.056338028169,0.08116929572432463,-0.7693870880980985,R,0.284,2026,Chase Petty,AAA
695534,ST,38,83.4342105263158,3.7421052631578946,10.177894736842106,6.3236842105263165,5.421052631578948,-1.8536842105263158,2232.1052631578946,0.8995832179244557,0.05055653117017486,R,0.152,2026,Chase Petty,AAA
695556,CU,20,76.89500000000001,-10.686,9.924,6.529999999999999,6.179,-1.022,2062.15,0.5676356061815315,0.8120835059226257,R,0.2247191011235955,2026,Shane Panzini,AAA
695556,FF,69,92.23478260869565,18.47304347826087,-4.012173913043478,6.455072463768116,6.282608695652174,-1.0091304347826087,2074.985507246377,-0.23458972548229073,-0.9404213630027819,R,0.7752808988764045,2026,Shane Panzini,AAA
695558,CU,16,85.4625,-7.8225,6.765000000000001,6.4875,6.53625,-1.675625,2168.9375,-0.07849157366242064,0.9762890166440281,L,0.20253164556962025,2026,Jonathan Santucci,AAA
695558,FF,30,94.22,16.188,-1.5159999999999998,6.493333333333334,6.534666666666666,-1.8243333333333331,2292.2,0.4306737123632176,-0.8976492632963476,L,0.379746835443038,2026,Jonathan Santucci,AAA
695558,SL,33,87.6909090909091,2.08,1.0254545454545456,6.515151515151516,6.374848484848485,-2.0248484848484845,2456.3333333333335,0.09810862601099112,0.014370421724079777,L,0.4177215189873418,2026,Jonathan Santucci,AAA
695611,CH,11,87.53636363636363,8.607272727272727,-8.629090909090909,6.445454545454546,5.326363636363637,-1.8536363636363637,1450.3636363636363,0.5845440762781446,-0.5893598126319167,L,0.07913669064748201,2026,Gage Jump,AAA
695611,CU,17,81.37647058823529,-11.668235294117647,8.527058823529412,6.370588235294117,5.508823529411765,-1.6211764705882352,2604.8823529411766,-0.6046224405301118,0.6550361839054029,L,0.1223021582733813,2026,Gage Jump,AAA
695611,FF,77,95.8961038961039,14.833246753246755,-8.15844155844156,6.437662337662338,5.472467532467532,-1.5822077922077922,2291.9220779220777,0.5742456237701701,-0.8169363621212313,L,0.5539568345323741,2026,Gage Jump,AAA
695611,SL,21,85.94761904761906,0.96,4.354285714285714,6.333333333333333,5.473333333333334,-1.6804761904761905,2200.190476190476,-0.6409014150774416,-0.5915673776263114,L,0.1510791366906475,2026,Gage Jump,AAA
695611,ST,13,83.5,2.870769230769231,11.483076923076924,6.369230769230769,5.421538461538462,-1.8392307692307692,2458.0,-0.9065951562002954,0.2686382708577002,L,0.09352517985611511,2026,Gage Jump,AAA
695684,CH,62,88.51129032258065,5.49483870967742,-13.621935483870969,6.387096774193548,5.707096774193548,-2.7646774193548387,1505.016129032258,-0.903318874435478,-0.4221944388507204,R,0.1631578947368421,2026,Elmer Rodríguez,AAA
695684,CU,64,78.45625,-10.513125,11.508750000000001,6.278125,6.04640625,-2.43984375,2332.828125,0.7153026260888767,0.6923274254454719,R,0.16842105263157894,2026,Elmer Rodríguez,AAA
695684,FC,22,89.30909090909091,6.070909090909091,-0.06000000000000001,6.336363636363637,5.817272727272727,-2.7531818181818184,1846.0454545454545,-0.4266285790734448,-0.8836466542405077,R,0.05789473684210526,2026,Elmer Rodríguez,AAA
695684,FF,68,95.13088235294117,12.547058823529412,-10.261764705882353,6.323529411764706,5.902794117647058,-2.6432352941176473,1933.0441176470588,-0.768423896064608,-0.6340293630801286,R,0.17894736842105263,2026,Elmer Rodríguez,AAA
695684,SI,105,94.93714285714286,7.7782857142857145,-16.132571428571428,6.312380952380952,5.793904761904762,-2.7214285714285715,1940.4,-0.7903245657741838,-0.6094802793478342,R,0.27631578947368424,2026,Elmer Rodríguez,AAA
695684,ST,59,80.51694915254237,-4.191864406779661,13.858983050847456,6.286440677966102,5.833559322033898,-2.599830508474576,2381.864406779661,0.7857398731866778,0.6064008070343087,R,0.15526315789473685,2026,Elmer Rodríguez,AAA
695721,CH,29,87.32758620689656,-4.754482758620689,-13.66344827586207,6.593103448275862,5.1096551724137935,-1.906551724137931,1407.5862068965516,-0.9931084694431679,-0.10376926236425969,R,0.22137404580152673,2026,Gage Ziehl,AAA
695721,CU,10,82.41,-7.212000000000001,12.767999999999999,6.540000000000001,5.225,-1.85,2866.3,0.8474956554894947,0.5171450874011441,R,0.07633587786259542,2026,Gage Ziehl,AAA
695721,FC,26,90.13461538461539,8.935384615384615,2.376923076923077,6.546153846153846,5.221153846153846,-1.8884615384615384,2445.269230769231,-0.19583340509511535,-0.9563830418125036,R,0.1984732824427481,2026,Gage Ziehl,AAA
695721,FF,14,93.42142857142858,13.182857142857143,-9.0,6.585714285714286,5.131428571428572,-1.9121428571428571,2297.5,-0.6460715253706139,-0.7564179164449685,R,0.10687022900763359,2026,Gage Ziehl,AAA
695721,SI,36,92.38333333333334,5.050000000000001,-14.536666666666669,6.552777777777778,5.111944444444444,-1.7822222222222222,2251.3611111111113,-0.6741719230508438,-0.7321571168625609,R,0.2748091603053435,2026,Gage Ziehl,AAA
695721,ST,16,83.66875,5.13,14.865,6.49375,4.96625,-2.0625,2858.9375,0.9318418245907725,0.3450701389940533,R,0.12213740458015267,2026,Gage Ziehl,AAA
695766,CH,49,81.03469387755102,5.238367346938776,-17.282448979591837,6.610204081632652,5.66469387755102,-1.755918367346939,2170.714285714286,0.9600999479749533,-0.26788246678021344,L,0.1814814814814815,2026,Mason Molina,AAA
695766,CU,30,77.5,-14.004,6.404,6.316666666666666,6.057333333333333,-1.4443333333333332,2410.1666666666665,-0.4720131968358233,0.8765604921506259,L,0.1111111111111111,2026,Mason Molina,AAA
695766,FF,133,92.20902255639098,17.816842105263156,-7.731428571428571,6.580451127819549,5.940526315789474,-1.3525563909774434,2214.3984962406016,0.49309995389081995,-0.8603873352664023,L,0.4925925925925926,2026,Mason Molina,AAA
695766,SL,36,82.39722222222223,1.9566666666666666,5.596666666666668,6.291666666666667,6.026388888888889,-1.5302777777777778,2524.722222222222,-0.6454391312573731,-0.38735622169174555,L,0.13333333333333333,2026,Mason Molina,AAA
695766,ST,22,79.73181818181818,-2.1545454545454543,15.316363636363635,6.277272727272727,5.8945454545454545,-1.741818181818182,2705.5,-0.8149442678633029,0.5686393558989132,L,0.08148148148148149,2026,Mason Molina,AAA
695776,CH,36,84.94166666666666,0.7799999999999999,-10.496666666666666,6.172222222222222,5.4511111111111115,-2.376666666666667,1604.25,-0.9029876080235889,-0.3808292990406044,R,0.06557377049180328,2026,Josh Stephan,AAA
695776,CU,68,81.88529411764705,-9.494117647058824,8.138823529411766,6.217910447761194,5.679411764705883,-2.1055882352941175,2492.0298507462685,0.744417553451186,0.6553282091068783,R,0.12386156648451731,2026,Josh Stephan,AAA
695776,FC,107,88.82616822429907,7.841495327102804,0.26467289719626164,6.200943396226415,5.551121495327103,-2.2074766355140185,2235.5377358490564,-0.4490803768290279,-0.8269968879747976,R,0.19489981785063754,2026,Josh Stephan,AAA
695776,FF,88,91.94659090909092,13.265454545454544,-6.357272727272728,6.265909090909091,5.628295454545455,-2.1407954545454544,2160.1022727272725,-0.6697482155700959,-0.7366300138441609,R,0.16029143897996356,2026,Josh Stephan,AAA
695776,SI,127,91.67874015748032,6.484724409448819,-14.689133858267716,6.273015873015873,5.584645669291339,-2.106220472440945,1958.3968253968253,-0.685726082431398,-0.7064626057321552,R,0.23132969034608378,2026,Josh Stephan,AAA
695776,SL,123,82.52439024390245,3.629268292682927,11.726829268292684,6.213008130081302,5.422845528455285,-2.337317073170732,2430.357723577236,0.8911874312549365,0.2921143737895623,R,0.22404371584699453,2026,Josh Stephan,AAA
696062,FF,22,98.73181818181818,15.758181818181818,-7.84909090909091,6.609090909090909,5.969090909090909,-1.1313636363636363,2327.590909090909,-0.5774482560154677,-0.8122979451054537,R,0.6111111111111112,2026,Wilber Dotel,AAA
696062,SL,14,87.42857142857143,0.66,4.825714285714286,6.535714285714286,6.0164285714285715,-1.14,2240.214285714286,0.8016134187778051,-0.5251780303137178,R,0.3888888888888889,2026,Wilber Dotel,AAA
696070,CH,23,87.8695652173913,4.6695652173913045,-7.335652173913044,6.639130434782608,6.1726086956521735,-1.5508695652173914,1266.8695652173913,0.5130604489117212,-0.8477746109712411,L,0.21904761904761905,2026,Kendry Rojas,AAA
696070,FF,33,96.17575757575759,15.901818181818182,-4.578181818181818,6.521212121212121,6.214545454545454,-1.7163636363636363,2102.4242424242425,0.46716888410375,-0.877335903116447,L,0.3142857142857143,2026,Kendry Rojas,AAA
696070,SI,25,94.90799999999999,10.3968,-14.3424,6.572,5.966799999999999,-1.8688,1926.64,0.5866200641020484,-0.8074410796659826,L,0.23809523809523808,2026,Kendry Rojas,AAA
696070,SL,24,88.39999999999999,6.359999999999999,3.845,6.6125,6.06125,-1.8283333333333334,2319.1666666666665,-0.04194850817667978,-0.9670462727695798,L,0.22857142857142856,2026,Kendry Rojas,AAA
696131,CH,11,86.55454545454546,2.52,-13.625454545454545,6.427272727272728,5.0209090909090905,-2.3936363636363636,1298.4545454545455,-0.953472849813163,-0.278506745725817,R,0.048458149779735685,2026,Mason Black,AAA
696131,CU,33,80.76363636363635,-5.3090909090909095,3.058181818181818,6.418181818181819,5.178787878787879,-2.295757575757576,2484.121212121212,0.673595051608962,0.7208921703941928,R,0.14537444933920704,2026,Mason Black,AAA
696131,FC,15,90.52,7.656000000000001,-3.352,6.4399999999999995,5.232,-2.1839999999999997,2092.5333333333333,-0.7376347643220342,-0.6667244605161817,R,0.06607929515418502,2026,Mason Black,AAA
696131,FF,60,93.43666666666667,13.066,-12.132,6.573333333333333,5.2603333333333335,-2.2565,2090.366666666667,-0.7369167845779985,-0.6729086807323335,R,0.2643171806167401,2026,Mason Black,AAA
696131,SI,49,93.57142857142857,8.351020408163265,-15.568163265306124,6.542857142857144,5.14326530612245,-2.559795918367347,2044.469387755102,-0.7747371034185367,-0.6282789697682821,R,0.21585903083700442,2026,Mason Black,AAA
696131,SL,34,85.74117647058823,1.4505882352941177,1.0623529411764705,6.435294117647059,5.213823529411765,-2.550588235294118,2320.764705882353,-0.02565567397737586,0.3005876866273574,R,0.14977973568281938,2026,Mason Black,AAA
696131,ST,25,82.4,-3.8928,12.1632,6.444,5.0644,-2.7239999999999998,2541.4,0.7286335395017044,0.6574733819803336,R,0.11013215859030837,2026,Mason Black,AAA
696136,CH,71,81.5169014084507,3.91774647887324,-13.732394366197184,6.23943661971831,5.914929577464789,-2.749718309859155,1474.9154929577464,0.8422061301496794,-0.5043979856113212,L,0.26591760299625467,2026,Jordan Wicks,AAA
696136,CU,21,79.86190476190475,-7.554285714285713,3.0800000000000005,6.257142857142857,6.136666666666667,-2.6347619047619046,2621.1428571428573,-0.6606247316212583,0.6935729432012335,L,0.07865168539325842,2026,Jordan Wicks,AAA
696136,FF,74,93.02027027027027,15.497837837837837,-4.050810810810811,6.235135135135135,6.027432432432432,-2.446891891891892,2263.8783783783783,0.4689061530621311,-0.8771971784525693,L,0.27715355805243447,2026,Jordan Wicks,AAA
696136,SI,55,91.50727272727272,8.456727272727273,-14.00290909090909,6.24,5.9061818181818175,-2.939090909090909,2139.7090909090907,0.6379439230176406,-0.7652614913459137,L,0.20599250936329588,2026,Jordan Wicks,AAA
696136,SL,36,84.89166666666667,1.7333333333333334,4.306666666666667,6.275,6.121666666666666,-2.5702777777777777,2445.972222222222,-0.5654053011006615,-0.3307514899829907,L,0.1348314606741573,2026,Jordan Wicks,AAA
696136,ST,10,81.28999999999999,-1.572,13.98,6.13,5.943,-3.13,2594.7,-0.857174940093587,0.48697294275414277,L,0.03745318352059925,2026,Jordan Wicks,AAA
696140,EP,57,53.82280701754386,16.597894736842107,-6.894736842105263,4.394736842105263,6.786842105263158,-1.1833333333333333,1220.1754385964912,-0.38229440933324516,-0.7327505792454097,R,1.0,2026,Ethan Murray,AAA
696146,FC,29,88.79310344827586,6.049655172413793,2.8758620689655174,6.73103448275862,5.220689655172414,-3.1313793103448275,2475.862068965517,0.015892757569851604,-0.920509879295804,L,0.18012422360248448,2026,Hagen Smith,AAA
696146,FF,85,95.18941176470588,14.068235294117647,-10.490823529411765,6.661176470588236,5.071764705882353,-3.006823529411765,2420.7176470588233,0.7468245002993599,-0.657043595429917,L,0.5279503105590062,2026,Hagen Smith,AAA
696146,SL,47,84.84893617021277,-2.0808510638297872,5.1114893617021275,6.6127659574468085,5.2106382978723405,-2.906808510638298,2433.7659574468084,-0.9738828046564383,0.049970215144634705,L,0.2919254658385093,2026,Hagen Smith,AAA
696147,CH,10,91.22999999999999,-0.7200000000000001,-12.540000000000001,6.16,5.096,-1.72,1941.5,-0.9538188488460715,-0.2880177473695795,R,0.3225806451612903,2026,Sam Bachman,AAA
696147,SI,10,97.96000000000001,6.4799999999999995,-13.512,6.09,5.418,-1.439,2344.8,-0.7676866091454322,-0.6373994115670193,R,0.3225806451612903,2026,Sam Bachman,AAA
696147,SL,11,87.04545454545455,-2.1054545454545455,1.4945454545454546,6.136363636363637,5.4818181818181815,-1.489090909090909,2665.6363636363635,0.6139563672977272,0.7668228512965093,R,0.3548387096774194,2026,Sam Bachman,AAA
696519,FF,66,94.38030303030304,15.947272727272727,-5.692727272727273,6.587878787878788,6.067121212121212,-1.2995454545454546,2223.8333333333335,0.4998471453644316,-0.8614649591472181,L,0.7021276595744681,2026,Samy Natera Jr.,AAA
696519,SL,28,84.875,5.558571428571429,7.688571428571429,6.421428571428572,6.080357142857143,-1.3128571428571427,2441.0,-0.5701203739042003,-0.7165383554957389,L,0.2978723404255319,2026,Samy Natera Jr.,AAA
696522,CH,14,88.85714285714286,4.74,-17.81142857142857,5.957142857142857,5.260714285714286,-1.3685714285714285,2279.214285714286,-0.8606600021249066,-0.50255762366094,R,0.13333333333333333,2026,Hayden Juenger,AAA
696522,FC,15,91.59333333333332,10.608,-0.712,5.8999999999999995,5.438,-1.2673333333333334,2322.133333333333,-0.40490834834271267,-0.9088277503637522,R,0.14285714285714285,2026,Hayden Juenger,AAA
696522,FF,57,94.61052631578947,15.395789473684209,-10.917894736842106,5.983928571428572,5.479122807017544,-1.0626315789473684,2312.5263157894738,-0.6539209816149567,-0.7532152199831958,R,0.5428571428571428,2026,Hayden Juenger,AAA
696522,SL,19,87.64736842105263,5.469473684210526,4.28842105263158,5.878947368421053,5.435263157894736,-1.2026315789473685,2314.315789473684,0.17846127425159447,-0.9379754932135542,R,0.18095238095238095,2026,Hayden Juenger,AAA
697811,FF,55,96.56363636363636,15.08509090909091,-5.164363636363637,6.732727272727273,6.346727272727272,-0.591090909090909,2188.4,-0.3771776917685517,-0.9234000453410706,R,0.39285714285714285,2026,Dylan Ross,AAA
697811,FS,49,88.24285714285713,5.544489795918367,-4.422857142857143,6.818367346938776,6.229795918367347,-0.7444897959183673,505.6326530612245,-0.7984744006871441,-0.47871684961227556,R,0.35,2026,Dylan Ross,AAA
697811,SL,36,87.62222222222222,0.6133333333333334,3.6599999999999997,6.685714285714286,6.226111111111111,-0.8341666666666667,2101.1666666666665,0.5987642917170723,-0.48146746359146725,R,0.2571428571428571,2026,Dylan Ross,AAA
697812,CH,19,86.7578947368421,2.35578947368421,-16.698947368421056,6.578947368421052,5.52421052631579,-2.245789473684211,2019.3157894736842,0.8811184432757394,-0.4490662424497645,L,0.060126582278481014,2026,Joe Rock,AAA
697812,FF,142,92.94929577464788,13.063098591549297,-11.02056338028169,6.654225352112676,5.550985915492958,-2.15830985915493,2284.3028169014083,0.8036669676942477,-0.5902470599376278,L,0.44936708860759494,2026,Joe Rock,AAA
697812,SI,39,92.76666666666667,5.695384615384616,-16.93846153846154,6.666666666666667,5.5976923076923075,-2.1441025641025644,2328.5128205128203,0.7830017711946418,-0.615681591429952,L,0.12341772151898735,2026,Joe Rock,AAA
697812,SL,116,84.17241379310344,-2.223103448275862,4.433793103448276,6.607758620689655,5.500431034482758,-2.261206896551724,2516.793103448276,-0.8846345744760152,0.34328536681603594,L,0.3670886075949367,2026,Joe Rock,AAA
698968,CU,10,80.45,-7.5840000000000005,3.192,5.89,6.104,-1.338,2583.2,0.5283707084536357,0.8390559011133856,R,0.2222222222222222,2026,Samir Chires,AAA
698968,FF,23,92.74782608695651,14.92695652173913,-5.666086956521739,5.956521739130435,6.0947826086956525,-1.393913043478261,2195.304347826087,-0.4726945943114805,-0.8746413310638274,R,0.5111111111111111,2026,Samir Chires,AAA
698968,SL,12,83.68333333333334,-1.7699999999999998,5.8999999999999995,5.9750000000000005,5.974166666666666,-1.4841666666666666,2496.9166666666665,0.7501913110213595,0.5881960769477746,R,0.26666666666666666,2026,Samir Chires,AAA
699008,CH,76,86.15789473684211,1.14,-10.736842105263158,6.255263157894737,5.802368421052631,-1.7498684210526316,1372.4736842105262,-0.881436637170657,-0.4642535556136059,R,0.1958762886597938,2026,Antwone Kelly,AAA
699008,FF,160,97.24187500000001,14.9325,-7.474500000000001,6.178125,6.0000625,-1.5870625,2187.9748427672957,-0.5610200740644433,-0.8220354993624578,R,0.41237113402061853,2026,Antwone Kelly,AAA
699008,SI,43,95.43720930232558,7.746976744186046,-13.373023255813953,6.148837209302325,5.823023255813953,-1.9202325581395348,2017.2790697674418,-0.5983009199577423,-0.798700571661089,R,0.11082474226804123,2026,Antwone Kelly,AAA
699008,SL,65,88.51846153846154,3.0166153846153847,4.192615384615384,6.0892307692307694,5.756769230769231,-1.844,2052.7846153846153,0.3247129825180949,-0.8045726574281472,R,0.16752577319587628,2026,Antwone Kelly,AAA
699008,ST,44,85.92045454545455,4.033636363636364,7.328181818181818,6.115909090909091,5.697272727272727,-2.0472727272727274,2388.340909090909,0.9624815801981467,0.16144035090105935,R,0.1134020618556701,2026,Antwone Kelly,AAA
699044,CU,28,80.52499999999999,-6.857142857142857,1.6714285714285715,6.6000000000000005,5.812857142857142,-1.7621428571428572,2067.0,0.6024111308052238,0.7898263952585696,R,0.13526570048309178,2026,Miguel Ullola,AAA
699044,FC,29,88.4551724137931,10.746206896551724,0.9186206896551724,6.689655172413793,5.622758620689655,-1.916206896551724,2296.5882352941176,0.1379698342739055,-0.9661352592780055,R,0.14009661835748793,2026,Miguel Ullola,AAA
699044,FF,101,93.30990099009901,17.811089108910892,-4.536237623762377,6.878000000000001,5.681287128712871,-1.6616831683168318,2442.469696969697,-0.33212242339155174,-0.9403525921120721,R,0.48792270531400966,2026,Miguel Ullola,AAA
699044,SL,49,83.11632653061224,4.116734693877551,5.299591836734694,6.7306122448979595,5.567959183673469,-1.8312244897959185,2206.0,0.8669301153728962,0.09999187367598401,R,0.23671497584541062,2026,Miguel Ullola,AAA
699071,CH,64,87.346875,2.799375,-10.94625,6.134375,5.78890625,-3.174375,1417.453125,-0.9680731721470063,-0.23125694455832743,R,0.141280353200883,2026,Christian Romero,AAA
699071,CU,34,75.55588235294118,-10.376470588235295,11.74235294117647,6.135294117647058,5.920588235294118,-3.130294117647059,2483.0882352941176,0.7533890227642894,0.647642095915563,R,0.07505518763796909,2026,Christian Romero,AAA
699071,FC,50,88.12,7.903200000000001,1.2168,5.976,5.8372,-3.5648,2309.9,-0.37609162399444956,-0.8491960078707936,R,0.11037527593818984,2026,Christian Romero,AAA
699071,FF,140,94.71928571428572,12.647142857142857,-13.816285714285714,6.052142857142857,5.842285714285714,-3.281071428571429,2438.3214285714284,-0.805942674490084,-0.5859978130034589,R,0.3090507726269316,2026,Christian Romero,AAA
699071,SI,96,94.22604166666667,8.227500000000001,-15.4825,6.075,5.845833333333334,-3.289895833333333,2398.0729166666665,-0.823177371077452,-0.5537592070435816,R,0.2119205298013245,2026,Christian Romero,AAA
699071,SL,69,80.30289855072463,-1.8956521739130436,12.013913043478261,6.023188405797101,5.73391304347826,-3.5230434782608695,2597.4927536231885,0.8231769083527233,0.5429532541570411,R,0.152317880794702,2026,Christian Romero,AAA
699151,CH,28,84.375,5.048571428571428,-10.41,6.571428571428571,5.756428571428572,-3.345714285714286,1844.357142857143,-0.8188259270313275,-0.5672245325673023,R,0.45901639344262296,2026,Jedixson Paez,AAA
699151,CU,11,79.42727272727274,-8.98909090909091,13.592727272727272,6.590909090909091,5.740909090909091,-3.391818181818182,2765.3636363636365,0.6516466789865631,0.7545138458761933,R,0.18032786885245902,2026,Jedixson Paez,AAA
699151,SI,22,91.60454545454546,7.587272727272728,-15.152727272727274,6.659090909090909,5.787272727272727,-3.2345454545454544,2309.818181818182,-0.7283668677880489,-0.6835373170824673,R,0.36065573770491804,2026,Jedixson Paez,AAA
699314,CU,15,76.6,-9.824000000000002,9.936,6.206666666666666,5.697333333333333,-1.0033333333333332,2766.8333333333335,0.6968731102398776,0.703134327135999,R,0.17647058823529413,2026,David Davalillo,AAA
699314,FC,15,87.38666666666667,6.5360000000000005,1.5599999999999998,6.206666666666666,5.637333333333333,-1.0353333333333332,2041.3333333333333,-0.5913938942325009,-0.7877323880516619,R,0.17647058823529413,2026,David Davalillo,AAA
699314,FF,23,91.65652173913043,9.558260869565217,-10.664347826086956,6.295238095238095,5.64,-1.115217391304348,2092.714285714286,-0.75231821452999,-0.5581840763272791,R,0.27058823529411763,2026,David Davalillo,AAA
699314,FS,16,78.7,-0.6225,-1.6649999999999998,6.275,5.584375,-1.30125,1430.0,-0.43922214635450874,-0.20627851689132823,R,0.18823529411764706,2026,David Davalillo,AAA
699314,ST,16,78.875,-3.2025,14.865,6.3375,5.354375,-1.4725,2555.4,0.8196485592198202,0.5559221473121592,R,0.18823529411764706,2026,David Davalillo,AAA
699325,CH,13,81.24615384615385,-0.6461538461538462,-13.144615384615385,5.992307692307692,5.283076923076924,-3.8469230769230767,1711.0833333333333,0.9968046936572104,-0.0029135952912926672,L,0.325,2026,Oscar Rayo,AAA
699325,FF,27,90.07407407407408,9.248888888888889,-13.4,6.151851851851852,5.369259259259259,-3.685925925925926,2025.2692307692307,0.9320236969721718,-0.3599232238505764,L,0.675,2026,Oscar Rayo,AAA
699489,SL,11,84.43636363636364,2.0290909090909093,0.9054545454545455,6.245454545454546,6.108181818181818,-1.9354545454545453,2370.181818181818,0.6610188858257241,-0.5180543715539965,R,1.0,2026,Brandon Johnson,AAA
699613,CH,60,77.565,9.094,-9.629999999999999,6.488333333333333,5.3741666666666665,-2.7523333333333335,1525.433962264151,0.7880757699368803,-0.4383767938728652,L,0.22058823529411764,2026,Houston Harding,AAA
699613,CU,17,79.11764705882354,-6.607058823529412,2.816470588235294,6.388235294117647,5.734705882352941,-2.5311764705882354,1957.5882352941176,-0.3132922105108937,0.9014160947158525,L,0.0625,2026,Houston Harding,AAA
699613,FF,151,91.7774834437086,14.226754966887416,-9.23841059602649,6.650331125827815,5.709536423841059,-2.4840397350993375,2223.715277777778,0.5429618928970843,-0.6400638074235871,L,0.5551470588235294,2026,Houston Harding,AAA
699613,SL,44,86.4659090909091,6.346363636363637,-0.18545454545454546,6.506818181818182,5.601590909090909,-2.695227272727273,2235.7380952380954,0.5741897402583384,-0.6086674220980063,L,0.16176470588235295,2026,Houston Harding,AAA
699823,FF,46,96.30434782608695,18.01304347826087,-8.882608695652175,6.702222222222223,5.830869565217392,-1.275,2400.1521739130435,-0.466962309211124,-0.8814727046270968,R,0.6666666666666666,2026,Tyler Davis,AAA
699823,SL,23,88.57826086956521,2.5878260869565217,5.092173913043479,6.695454545454546,5.731304347826087,-1.5604347826086957,2502.8260869565215,0.7214286119601394,-0.5622528802493139,R,0.3333333333333333,2026,Tyler Davis,AAA
700072,CH,17,89.20588235294117,1.8211764705882354,-15.261176470588236,6.011764705882353,5.022352941176471,-1.2988235294117647,1774.5294117647059,-0.9714592702195892,-0.21898278330638882,R,0.13076923076923078,2026,Yaqui Rivera,AAA
700072,FF,35,95.2342857142857,13.00457142857143,-9.534857142857144,6.04,5.246571428571428,-1.36,2272.885714285714,-0.7805565944144758,-0.6167021117312054,R,0.2692307692307692,2026,Yaqui Rivera,AAA
700072,SI,27,93.94074074074075,2.16,-16.573333333333334,5.996296296296297,5.03888888888889,-1.328888888888889,1916.5555555555557,-0.8996346026935866,-0.4294883641505737,R,0.2076923076923077,2026,Yaqui Rivera,AAA
700072,SL,51,80.48235294117647,4.2447058823529416,15.68235294117647,6.0549019607843135,4.947450980392157,-1.5376470588235294,2447.450980392157,0.9496597783294335,0.27960292694073463,R,0.3923076923076923,2026,Yaqui Rivera,AAA
700183,FC,85,94.45176470588235,16.51905882352941,-0.8343529411764706,6.942857142857143,6.682,0.060470588235294116,2254.0823529411764,-0.057631071050972496,-0.9938826850784688,R,0.4857142857142857,2026,Blake Holub,AAA
700183,SI,20,94.83500000000001,15.581999999999999,-8.436,6.905263157894736,6.7065,-0.0315,2293.0,-0.10903297937741277,-0.945671175858361,R,0.11428571428571428,2026,Blake Holub,AAA
700183,SL,70,85.13428571428571,-2.609142857142857,2.933142857142857,6.991304347826087,6.593285714285714,-0.19342857142857142,2365.0142857142855,0.8289127566983018,0.22545941609161035,R,0.4,2026,Blake Holub,AAA
700187,FF,86,96.03023255813955,13.833488372093024,-13.784651162790698,6.180232558139535,5.852093023255813,-1.8106976744186047,2368.4883720930234,-0.7848415496732277,-0.6162630606942273,R,0.44559585492227977,2026,Troy Taylor,AAA
700187,SL,86,85.74651162790697,-3.809302325581396,2.316279069767442,6.037209302325582,5.782906976744186,-1.833953488372093,2520.139534883721,0.5879809285295458,0.7915021386997335,R,0.44559585492227977,2026,Troy Taylor,AAA
700187,ST,21,83.71428571428571,-6.388571428571429,14.582857142857144,5.957142857142857,5.5547619047619055,-1.9428571428571426,2901.3333333333335,0.6703791044061174,0.6063943715156084,R,0.10880829015544041,2026,Troy Taylor,AAA
700249,CH,35,85.05142857142857,7.868571428571428,-13.978285714285715,6.251428571428572,5.989714285714285,-1.1937142857142857,1606.3428571428572,0.7178539939346782,-0.6889027692692525,L,0.12962962962962962,2026,Cade Povich,AAA
700249,CU,45,76.34888888888888,-15.381333333333332,9.632,6.093333333333333,6.094222222222222,-1.1422222222222222,2476.2,-0.5186028204682056,0.8518839394601037,L,0.16666666666666666,2026,Cade Povich,AAA
700249,FF,108,91.42314814814816,18.214444444444446,-5.293333333333334,6.208333333333333,6.1295370370370375,-1.0950925925925925,2418.0185185185187,0.5068765834161679,-0.8422397389246159,L,0.4,2026,Cade Povich,AAA
700249,SI,19,90.43157894736842,12.593684210526316,-13.945263157894736,6.221052631578948,6.1021052631578945,-1.1226315789473684,2236.684210526316,0.5077549788948008,-0.8591907403838001,L,0.07037037037037037,2026,Cade Povich,AAA
700249,SL,50,85.866,6.072,5.9712,6.164,6.095599999999999,-1.1874,2437.84,-0.11215902281245783,-0.8409194660369859,L,0.18518518518518517,2026,Cade Povich,AAA
700249,ST,13,82.67692307692307,1.1815384615384614,7.984615384615385,6.161538461538461,6.06076923076923,-0.97,2264.923076923077,-0.8574736787253917,0.3936119298884955,L,0.04814814814814815,2026,Cade Povich,AAA
700270,FF,51,97.38039215686274,15.348235294117647,-10.976470588235292,5.82156862745098,5.968235294117647,-1.1666666666666667,2273.2549019607845,-0.6033210176100324,-0.7937895096915202,R,0.4146341463414634,2026,Yilber Díaz,AAA
700270,SL,72,87.1875,4.926666666666667,-0.6166666666666667,5.593055555555555,5.819027777777778,-1.4430555555555555,2487.5555555555557,-0.7723823669923955,-0.35174090573017386,R,0.5853658536585366,2026,Yilber Díaz,AAA
700327,FF,53,96.39999999999999,15.015849056603773,-9.350943396226416,6.220754716981132,5.753018867924529,-1.5462264150943397,2306.056603773585,0.585935369250346,-0.8064660346615029,L,0.6022727272727273,2026,Welinton Herrera,AAA
700327,SL,35,87.04285714285714,0.4834285714285715,-0.4971428571428572,6.034285714285714,5.526,-1.9608571428571426,2227.7714285714287,0.15428598697326512,0.4174877038213615,L,0.3977272727272727,2026,Welinton Herrera,AAA
700413,CH,33,86.47878787878788,0.5599999999999999,-18.130909090909093,6.1030303030303035,5.098787878787879,-1.7136363636363636,1737.7272727272727,-0.9934241034925664,-0.10226591772715977,R,0.15639810426540285,2026,Tyler Uberstine,AAA
700413,FC,46,88.41956521739131,8.183478260869565,0.5191304347826087,6.119565217391305,5.138913043478261,-1.7399999999999998,2418.9347826086955,-0.5071746510945917,-0.8276351641430075,R,0.21800947867298578,2026,Tyler Uberstine,AAA
700413,FF,79,94.00379746835443,15.73974683544304,-12.221772151898733,6.2126582278481015,5.254936708860759,-1.540379746835443,2414.746835443038,-0.7467661366917848,-0.6616662053397683,R,0.3744075829383886,2026,Tyler Uberstine,AAA
700413,SI,24,92.77499999999999,8.23,-17.955000000000002,6.2124999999999995,5.098333333333334,-1.6425,2204.5416666666665,-0.7968169668016042,-0.578949269188832,R,0.11374407582938388,2026,Tyler Uberstine,AAA
700413,ST,29,81.66551724137932,3.6206896551724137,14.13103448275862,6.017241379310345,5.061034482758621,-1.7410344827586208,2585.862068965517,0.9331229234686397,0.3020535601683586,R,0.13744075829383887,2026,Tyler Uberstine,AAA
700669,FF,11,95.95454545454545,13.003636363636362,-5.65090909090909,6.1909090909090905,6.118181818181818,-1.6209090909090909,1995.0,-0.5315337344328244,-0.8446574374958182,R,1.0,2026,Gordon Graceffo,AAA
700786,CH,19,85.39999999999999,3.694736842105263,-16.63578947368421,6.163157894736842,5.384736842105263,-2.210526315789474,1706.3684210526317,-0.9975813365791847,-0.05136261267003765,R,0.1357142857142857,2026,Ben Sears,AAA
700786,FC,12,89.14999999999999,6.830000000000001,-1.6900000000000002,6.05,5.733333333333333,-2.065,2277.4166666666665,-0.5281367341358068,-0.8155917535808871,R,0.08571428571428572,2026,Ben Sears,AAA
700786,FF,43,93.93953488372094,10.763720930232557,-14.319069767441862,6.167441860465116,5.833488372093023,-1.8848837209302325,2223.3023255813955,-0.8637030366214588,-0.5000661488115833,R,0.30714285714285716,2026,Ben Sears,AAA
700786,SI,29,92.77586206896552,4.646896551724137,-17.826206896551724,6.048275862068966,5.617241379310345,-2.1841379310344826,2121.137931034483,-0.9313020145966956,-0.35879965312806306,R,0.20714285714285716,2026,Ben Sears,AAA
700786,ST,37,80.65405405405404,3.2854054054054056,11.724324324324325,5.97027027027027,5.4218918918918915,-2.311891891891892,2345.675675675676,0.9699727881183424,0.1876209800398036,R,0.2642857142857143,2026,Ben Sears,AAA
700800,CU,31,82.80645161290323,-3.8903225806451616,8.969032258064518,5.6433333333333335,5.676774193548387,-2.780967741935484,2541.0,0.5628313420597922,0.8188307568927918,R,0.3924050632911392,2026,Darien Smith,AAA
700800,FF,20,93.31,10.572,-8.862,5.65,5.977,-2.4925,2226.1,-0.770135377198595,-0.6337093567941808,R,0.25316455696202533,2026,Darien Smith,AAA
700800,SI,28,90.69642857142857,3.5614285714285714,-13.144285714285715,5.6499999999999995,5.805714285714286,-2.654285714285714,2068.5714285714284,-0.8447928577575083,-0.47930567251469364,R,0.35443037974683544,2026,Darien Smith,AAA
700842,CH,24,85.93333333333334,5.66,-9.81,6.333333333333333,6.4750000000000005,-1.8779166666666667,1292.25,0.6637579264439387,-0.733652548219176,L,0.16901408450704225,2026,Eduardo Rivera,AAA
700842,FF,70,93.88428571428571,16.02342857142857,-1.5685714285714285,6.397142857142858,6.435714285714286,-1.6232857142857142,2274.5285714285715,0.4334745167594381,-0.8930096920337984,L,0.49295774647887325,2026,Eduardo Rivera,AAA
700842,SL,48,86.03750000000001,2.725,4.3950000000000005,6.395833333333333,6.338541666666667,-2.0997916666666665,2344.3541666666665,-0.12149059555676232,-0.8536087128740185,L,0.3380281690140845,2026,Eduardo Rivera,AAA
701121,FC,11,85.54545454545455,3.098181818181818,4.254545454545454,6.663636363636363,4.912727272727273,-2.4881818181818183,2397.7272727272725,0.6850076219850547,-0.41933332796453215,R,0.0859375,2026,Logan VanWey,AAA
701121,FF,80,93.41125,11.879999999999999,-7.5344999999999995,6.623749999999999,5.111625,-2.43425,2333.775,-0.7081658794317626,-0.697625053305777,R,0.625,2026,Logan VanWey,AAA
701121,ST,37,83.0054054054054,6.885405405405405,11.97081081081081,6.57027027027027,4.861621621621621,-2.502972972972973,2434.675675675676,0.9904347451967612,0.07550215515072312,R,0.2890625,2026,Logan VanWey,AAA
701240,FC,19,86.06842105263158,4.054736842105264,-0.9347368421052631,6.494736842105263,4.152105263157895,-2.761052631578947,2097.8947368421054,-0.6298288907821138,-0.5638365838492257,R,0.09844559585492228,2026,Ethan Routzahn,AAA
701240,SI,129,90.52635658914728,-1.0772093023255815,-12.551627906976744,6.431782945736434,4.398837209302326,-2.545813953488372,1985.9302325581396,-0.9454121239493902,-0.2792011294922279,R,0.6683937823834197,2026,Ethan Routzahn,AAA
701240,ST,45,75.44888888888889,0.3066666666666667,13.655999999999999,6.56,4.095555555555555,-2.701111111111111,2159.8888888888887,0.9648158695234881,0.22666219719949696,R,0.23316062176165803,2026,Ethan Routzahn,AAA
701288,CH,12,86.79166666666667,2.29,-18.9,7.125,5.406666666666666,-2.5141666666666667,1887.3333333333333,-0.9439342392423353,-0.3202576703499784,R,0.17142857142857143,2026,Jacob Webb,AAA
701288,FF,30,93.14666666666668,15.68,-9.524,7.013333333333334,5.689666666666667,-2.2560000000000002,2265.0333333333333,-0.6218665345702042,-0.7789301480132008,R,0.42857142857142855,2026,Jacob Webb,AAA
701288,SL,12,84.02499999999999,1.7,5.760000000000001,7.0,5.510000000000001,-2.4725,2164.5,0.7143480801965584,-0.6231180877159271,R,0.17142857142857143,2026,Jacob Webb,AAA
701288,ST,16,77.7,2.4825,15.9975,6.95625,5.419375,-2.5125,1977.625,0.9524125666518501,0.28771558930838975,R,0.22857142857142856,2026,Jacob Webb,AAA
701314,CH,12,84.43333333333334,4.19,-8.540000000000001,6.2250000000000005,5.13,-2.1591666666666667,1990.3333333333333,-0.7722726616948453,-0.5560458943825302,R,0.17647058823529413,2026,Nick Hull,AAA
701314,FF,12,90.64999999999999,14.97,-8.99,6.291666666666667,5.239166666666667,-2.0241666666666664,2545.5833333333335,-0.7085385170809516,-0.700298898551661,R,0.17647058823529413,2026,Nick Hull,AAA
701314,SL,44,83.32045454545454,3.294545454545455,7.524545454545454,6.225,5.206136363636364,-2.124090909090909,2901.4545454545455,0.35128193071464237,-0.3241705147056392,R,0.6470588235294118,2026,Nick Hull,AAA
701328,CH,22,86.69090909090909,7.756363636363637,-14.72181818181818,7.122727272727272,5.289545454545455,-2.1631818181818185,1851.090909090909,0.7615022580366605,-0.6238938396624151,L,0.056265984654731455,2026,Jackson Ferris,AAA
701328,CU,62,75.45967741935483,-12.278709677419354,9.685161290322581,6.91774193548387,5.365322580645161,-2.0270967741935486,2571.516129032258,-0.6248479275008586,0.7737587551220626,L,0.1585677749360614,2026,Jackson Ferris,AAA
701328,FF,100,93.821,13.0704,-7.1975999999999996,6.962000000000001,5.337000000000001,-2.2229,2090.47,0.6467501600087531,-0.7547942756012169,L,0.2557544757033248,2026,Jackson Ferris,AAA
701328,SI,96,93.828125,8.88,-14.5625,6.933333333333334,5.29375,-2.295104166666667,2163.7291666666665,0.6773362667353985,-0.7065840667565183,L,0.24552429667519182,2026,Jackson Ferris,AAA
701328,SL,111,87.3882882882883,3.108108108108108,3.477837837837838,6.925225225225225,5.268108108108108,-2.2972972972972974,2280.900900900901,-0.4403915388126636,-0.631900065783085,L,0.28388746803069054,2026,Jackson Ferris,AAA
701388,CH,38,87.47894736842105,7.572631578947369,-14.718947368421054,6.328947368421052,5.29421052631579,-1.513421052631579,1661.1052631578948,-0.7339502974506482,-0.545734159213408,R,0.11692307692307692,2026,Jurrangelo Cijntje,AAA
701388,FF,151,96.1456953642384,15.44503311258278,-9.008741721854305,6.321854304635762,5.478543046357616,-1.3103973509933775,2252.026490066225,-0.5759688474437282,-0.8133311048115355,R,0.4646153846153846,2026,Jurrangelo Cijntje,AAA
701388,SI,21,93.74761904761905,10.971428571428572,-14.645714285714286,6.3047619047619055,5.330952380952381,-1.4619047619047618,2149.6666666666665,-0.6217866306790883,-0.7747744143988669,R,0.06461538461538462,2026,Jurrangelo Cijntje,AAA
701388,SL,115,85.25304347826088,4.00904347826087,7.013217391304348,6.348695652173913,5.480521739130435,-1.306695652173913,2311.7130434782607,0.7620937548796941,-0.3090805656199255,R,0.35384615384615387,2026,Jurrangelo Cijntje,AAA
701404,FC,19,86.67894736842106,6.410526315789474,1.56,5.510526315789474,6.950526315789474,-0.6178947368421053,2055.157894736842,-0.301329192694975,-0.9474481917247424,R,0.3584905660377358,2026,Fisher Jameson,AAA
701404,FF,24,92.90833333333335,10.82,-6.815,5.691666666666666,6.747083333333333,-0.98875,1968.5833333333333,-0.41838145825706846,-0.9040590501815527,R,0.4528301886792453,2026,Fisher Jameson,AAA
701404,SI,10,93.12,8.532,-10.284,5.84,6.609999999999999,-1.266,1914.6,-0.5359813065620153,-0.8414076361739783,R,0.18867924528301888,2026,Fisher Jameson,AAA
701411,CU,29,76.42068965517241,-6.798620689655173,13.49793103448276,6.496551724137931,5.696206896551724,-2.4089655172413793,2529.206896551724,0.8494910997919358,0.5114212551256289,R,0.20422535211267606,2026,Jack Cebert,AAA
701411,FC,32,87.921875,7.08,3.8175,6.609375,5.6053125,-2.3915625,2248.1875,0.0018126538537338952,-0.9731383098584278,R,0.22535211267605634,2026,Jack Cebert,AAA
701411,FF,36,92.83888888888889,14.773333333333333,-6.596666666666667,6.730555555555556,5.647222222222222,-2.2844444444444445,2256.4166666666665,-0.6489816442061537,-0.7576304971327819,R,0.2535211267605634,2026,Jack Cebert,AAA
701411,SI,23,92.02608695652174,8.864347826086956,-13.888695652173913,6.769565217391304,5.546086956521739,-2.362608695652174,2241.7391304347825,-0.6673760726650463,-0.7423288488482244,R,0.1619718309859155,2026,Jack Cebert,AAA
701411,SL,22,79.58181818181818,5.798181818181818,14.612727272727273,6.640909090909091,5.572272727272727,-2.4136363636363636,2395.818181818182,0.9697019323226896,0.21418552217750578,R,0.15492957746478872,2026,Jack Cebert,AAA
701474,CH,38,87.12105263157895,-1.5347368421052632,-12.631578947368421,7.060526315789474,4.875263157894737,-2.2321052631578944,1558.6842105263158,-0.9386630210207112,-0.33050603247650817,R,0.152,2026,Duncan Davitt,AAA
701474,CU,29,81.53448275862068,-7.779310344827586,10.357241379310345,7.003448275862069,5.020344827586207,-2.087586206896552,2693.896551724138,0.8645454484841492,0.48081525154225296,R,0.116,2026,Duncan Davitt,AAA
701474,FF,98,92.75306122448978,14.375510204081632,-7.152244897959183,7.012244897959184,5.048265306122449,-2.1790816326530615,2344.5510204081634,-0.6612360463006226,-0.7462845711010944,R,0.392,2026,Duncan Davitt,AAA
701474,SL,40,86.705,3.7590000000000003,4.359,7.032500000000001,4.94625,-2.22825,2544.2,0.44664968859728243,-0.6938792930426114,R,0.16,2026,Duncan Davitt,AAA
701474,ST,45,81.06888888888889,1.4853333333333334,17.458666666666666,7.051111111111111,4.815555555555555,-2.1926666666666668,2677.488888888889,0.8635766422471675,0.47509036646804453,R,0.18,2026,Duncan Davitt,AAA
701519,FF,12,93.75833333333333,16.81,-6.609999999999999,5.991666666666667,6.148333333333333,-1.3775000000000002,2405.0833333333335,-0.5434115157077491,-0.8341319354429788,R,1.0,2026,Travis Adams,AAA
701533,CH,20,84.94500000000001,8.178,-14.291999999999998,6.279999999999999,5.6625,-1.8295000000000001,1749.45,-0.7727040515114757,-0.6313867955644153,R,0.18518518518518517,2026,Hunter Stanley,AAA
701533,FC,14,86.27142857142857,4.817142857142857,4.757142857142857,6.1499999999999995,5.698571428571428,-1.852142857142857,2229.785714285714,0.09841298853721928,-0.8251826054272094,R,0.12962962962962962,2026,Hunter Stanley,AAA
701533,FF,57,94.13508771929824,16.113684210526316,-4.67157894736842,6.180701754385965,5.657543859649123,-1.7657894736842106,2179.6666666666665,-0.47326377847327106,-0.8747976617249709,R,0.5277777777777778,2026,Hunter Stanley,AAA
701533,SL,17,80.91176470588235,-1.5458823529411765,4.672941176470588,6.164705882352941,5.759411764705882,-1.6652941176470588,2132.764705882353,0.4128501708015886,0.2511759536829,R,0.1574074074074074,2026,Hunter Stanley,AAA
701552,CH,23,87.29130434782608,8.52,-15.448695652173912,5.665217391304348,6.268260869565217,-1.4195652173913043,1921.0434782608695,-0.7537180659377134,-0.6552023190499808,R,0.13450292397660818,2026,Andre Granillo,AAA
701552,CU,24,84.39999999999999,2.235,4.375,5.6499999999999995,6.396666666666667,-1.26,2378.0416666666665,0.7573752484716566,-0.3581349715090439,R,0.14035087719298245,2026,Andre Granillo,AAA
701552,FF,43,94.65116279069767,15.546976744186047,-4.721860465116279,5.8,6.625348837209302,-0.9683720930232558,2260.3953488372094,-0.4254452004805395,-0.9010348190185093,R,0.25146198830409355,2026,Andre Granillo,AAA
701552,SI,25,93.288,11.361600000000001,-14.5248,5.747999999999999,6.441599999999999,-1.2928,2225.0,-0.5135790476862598,-0.844629452508753,R,0.14619883040935672,2026,Andre Granillo,AAA
701552,SL,56,82.15714285714286,2.0228571428571427,2.3957142857142855,5.701785714285714,6.394821428571428,-1.2662499999999999,2359.625,0.8197934121276763,0.14695277731696374,R,0.32748538011695905,2026,Andre Granillo,AAA
701568,FF,171,95.60233918128655,14.697543859649125,-6.956491228070175,5.556140350877193,5.879707602339181,-1.9970175438596491,2263.1052631578946,-0.5380391910032227,-0.8281546586332046,R,0.6785714285714286,2026,Justin Meis,AAA
701568,SL,81,85.99135802469137,-4.337777777777778,4.383703703703704,5.495061728395062,5.859753086419753,-2.0646913580246915,2744.6666666666665,0.8504769811994357,0.36901858973509627,R,0.32142857142857145,2026,Justin Meis,AAA
701617,CH,11,86.10909090909091,1.5163636363636364,-11.836363636363636,6.154545454545455,5.242727272727273,-1.5199999999999998,1680.3636363636363,-0.9920277849459856,-0.112240498589403,R,0.06875,2026,Ian Koenig,AAA
701617,CU,18,76.47222222222223,-7.2666666666666675,12.3,5.9944444444444445,5.499444444444444,-1.3777777777777778,2299.3333333333335,0.7905940858261792,0.5633928268138896,R,0.1125,2026,Ian Koenig,AAA
701617,FC,10,88.41,8.436,0.28800000000000003,6.04,5.262,-1.6260000000000001,2248.7,-0.6564753328105597,-0.7309458228080912,R,0.0625,2026,Ian Koenig,AAA
701617,SI,95,94.30526315789474,8.018526315789474,-12.77178947368421,6.098947368421053,5.267368421052631,-1.442421052631579,2071.2105263157896,-0.8645250057931642,-0.4974283820442159,R,0.59375,2026,Ian Koenig,AAA
701617,SL,26,83.26538461538462,1.02,4.836923076923077,6.0346153846153845,5.196153846153846,-1.535,2224.5,0.8262465495207572,-0.40963233897533136,R,0.1625,2026,Ian Koenig,AAA
701643,CH,12,87.10000000000001,0.81,-14.9,5.925,4.994166666666667,-3.52,1753.0,-0.9593148725642459,-0.12214461177709,R,0.10084033613445378,2026,Grant Hartwig,AAA
701643,FC,13,90.4923076923077,6.572307692307692,0.11076923076923073,6.061538461538461,5.050000000000001,-3.4484615384615385,2171.3846153846152,-0.5682119896013217,-0.7685960713214537,R,0.1092436974789916,2026,Grant Hartwig,AAA
701643,SI,52,93.37307692307692,4.580769230769231,-17.409230769230767,6.0903846153846155,5.162884615384616,-2.995,2115.096153846154,-0.8480710519888128,-0.477519298727656,R,0.4369747899159664,2026,Grant Hartwig,AAA
701643,ST,42,80.41190476190476,3.185714285714286,15.082857142857144,5.992857142857143,4.949523809523809,-3.013095238095238,2476.309523809524,0.9453531668466587,0.30843634299630035,R,0.35294117647058826,2026,Grant Hartwig,AAA
701656,CH,34,82.82058823529412,5.272941176470589,-19.46470588235294,6.185294117647059,5.158823529411765,-1.4970588235294118,2588.705882352941,-0.9579547390054488,-0.2773880522530909,R,0.2111801242236025,2026,Logan Henderson,AAA
701656,FC,36,88.04722222222222,12.96,0.45333333333333325,6.166666666666667,5.135833333333333,-1.5175,2340.722222222222,-0.3230811092954973,-0.9320550517122516,R,0.2236024844720497,2026,Logan Henderson,AAA
701656,FF,81,93.52345679012345,17.496296296296297,-10.90962962962963,6.204938271604939,5.185432098765432,-1.4004938271604939,2348.6543209876545,-0.5795844285707045,-0.8119786231801153,R,0.5031055900621118,2026,Logan Henderson,AAA
701656,ST,10,81.98,-4.272,12.792,6.1,5.1259999999999994,-1.501,2355.6,0.6050617702649843,0.776765741803217,R,0.062111801242236024,2026,Logan Henderson,AAA
701717,CH,22,84.03181818181818,8.781818181818181,-10.014545454545454,6.6,5.802272727272728,-0.9027272727272727,1468.25,0.623529094779245,-0.7783304017709929,L,0.0990990990990991,2026,Dalton Pence,AAA
701717,CU,39,77.61282051282052,-0.3353846153846155,2.4523076923076923,6.4974358974358974,5.861282051282052,-0.9476923076923077,2042.7027027027027,-0.7988213292836439,0.13885096504338595,L,0.17567567567567569,2026,Dalton Pence,AAA
701717,FF,73,91.63424657534247,15.738082191780823,-7.633972602739726,6.573972602739726,5.872328767123288,-0.9035616438356163,2187.0,0.5298712331501003,-0.8448262090601328,L,0.32882882882882886,2026,Dalton Pence,AAA
701717,SI,17,90.76470588235294,11.435294117647059,-12.571764705882353,6.641176470588236,5.655882352941177,-1.418235294117647,2158.266666666667,0.6174198656095057,-0.7670152866580856,L,0.07657657657657657,2026,Dalton Pence,AAA
701717,SL,71,84.85352112676057,8.364507042253521,3.4309859154929576,6.533802816901408,5.816197183098591,-1.0801408450704224,2188.45,0.26983084415040953,-0.9506760235697814,L,0.31981981981981983,2026,Dalton Pence,AAA
701719,FC,22,88.64090909090909,8.503636363636364,-0.04363636363636363,6.9772727272727275,5.749090909090909,-1.580909090909091,2387.6363636363635,-0.08515225667959657,-0.8838499256800564,L,0.22448979591836735,2026,Tyler Samaniego,AAA
701719,FF,23,93.8695652173913,16.10086956521739,-4.03304347826087,6.982608695652174,5.8621739130434785,-1.413478260869565,2262.1304347826085,0.5680965115612604,-0.8153510465425093,L,0.23469387755102042,2026,Tyler Samaniego,AAA
701719,SI,31,94.03870967741935,8.22967741935484,-15.23225806451613,6.858064516129032,5.743870967741936,-1.5961290322580644,2298.0,0.6030426499176633,-0.7149639924428487,L,0.3163265306122449,2026,Tyler Samaniego,AAA
701719,ST,22,82.88636363636364,4.609090909090909,10.5,7.0181818181818185,5.610454545454545,-1.6522727272727273,2398.2727272727275,-0.9046198023691884,0.3690144702169347,L,0.22448979591836735,2026,Tyler Samaniego,AAA
701780,CU,14,79.5,-16.97142857142857,12.522857142857143,6.628571428571428,6.001428571428571,-1.2307142857142856,2775.4285714285716,0.5273168490301815,0.8462522533692903,R,0.08860759493670886,2026,Tanner McDougal,AAA
701780,FF,97,97.96494845360826,15.343917525773195,-11.804536082474227,6.506185567010309,6.042164948453609,-1.1362886597938144,2415.1237113402062,-0.6756086333880973,-0.7337111664376722,R,0.6139240506329114,2026,Tanner McDougal,AAA
701780,SL,47,85.31702127659575,-2.116595744680851,5.818723404255319,6.5212765957446805,5.824468085106383,-1.3368085106382979,2470.340425531915,0.6310321474546121,0.7409011609185822,R,0.2974683544303797,2026,Tanner McDougal,AAA
701856,FF,22,93.31363636363636,17.023636363636363,-6.070909090909091,5.986363636363635,7.037727272727273,-1.5431818181818182,1997.7727272727273,-0.4665983141726191,-0.8826181970897964,R,0.24719101123595505,2026,Patrick Halligan,AAA
701856,FS,25,78.972,2.3904,-9.5664,6.06,7.0748,-1.4424000000000001,732.08,-0.9209773357005987,-0.3826247688183058,R,0.2808988764044944,2026,Patrick Halligan,AAA
701856,SL,42,86.27380952380952,6.52,3.8514285714285714,5.935714285714286,6.98452380952381,-1.591904761904762,2236.4285714285716,-0.09131591832917672,-0.9858124074056185,R,0.47191011235955055,2026,Patrick Halligan,AAA
702021,CH,20,80.125,9.978,-10.656,5.9399999999999995,6.007,-1.103,1488.5,0.4334809494708157,-0.8949650211877804,L,0.16260162601626016,2026,Will Dion,AAA
702021,CU,31,81.43548387096774,-8.47741935483871,-1.9200000000000002,5.95483870967742,6.115161290322581,-1.1796774193548387,2379.2580645161293,-0.23227398754108214,0.9518980734285607,L,0.25203252032520324,2026,Will Dion,AAA
702021,FC,16,88.05,12.24,3.2475,6.08125,5.9725,-1.7606249999999999,2414.25,0.15419248061797303,-0.9826316552751855,L,0.13008130081300814,2026,Will Dion,AAA
702021,FF,56,91.01071428571429,19.544999999999998,-2.138571428571429,6.076785714285714,6.005178571428572,-1.3825,2312.339285714286,0.21455806319537105,-0.9750151748011556,L,0.45528455284552843,2026,Will Dion,AAA
702045,CH,37,85.07567567567568,3.788108108108108,-7.209729729729729,6.737837837837838,5.831621621621622,-1.5543243243243243,1795.162162162162,-0.6220553220987728,-0.763901406484743,R,0.14453125,2026,Rorik Maltrud,AAA
702045,FC,16,86.76875,7.155,2.1300000000000003,6.775,5.9193750000000005,-1.434375,2054.625,-0.13184508924575744,-0.930735472068896,R,0.0625,2026,Rorik Maltrud,AAA
702045,FF,86,92.26046511627906,15.767441860465116,-2.451627906976744,6.817441860465116,5.826511627906976,-1.4234883720930234,2452.4186046511627,-0.4578601966804514,-0.8819117933882922,R,0.3359375,2026,Rorik Maltrud,AAA
702045,SI,58,91.54655172413793,8.966896551724139,-12.368275862068966,6.782456140350877,5.851551724137931,-1.436034482758621,2274.7894736842104,-0.5258864608856739,-0.8200660990908532,R,0.2265625,2026,Rorik Maltrud,AAA
702045,SL,35,86.46285714285713,7.176,4.018285714285715,6.805714285714285,5.878857142857143,-1.409714285714286,2322.885714285714,0.17405753584566064,-0.5367659834538033,R,0.13671875,2026,Rorik Maltrud,AAA
702045,ST,24,82.8875,1.1500000000000001,11.57,6.7,5.7775,-1.5966666666666667,2447.5416666666665,0.8516182502235563,0.4787623189730048,R,0.09375,2026,Rorik Maltrud,AAA
702047,CH,12,87.61666666666667,5.96,-13.12,6.758333333333333,5.605833333333333,-1.5775,1557.6666666666667,-0.7733626072498567,-0.6243954412851015,R,0.08888888888888889,2026,Alex Cook,AAA
702047,FF,76,95.3921052631579,17.341578947368422,-5.196315789473684,6.648684210526316,5.837236842105263,-1.3825,2294.8026315789475,-0.359355387234814,-0.9191767232597632,R,0.562962962962963,2026,Alex Cook,AAA
702047,SL,47,86.65106382978723,6.579574468085107,4.21531914893617,6.597872340425533,5.732340425531915,-1.5929787234042554,2281.8936170212764,0.24229735858763113,-0.9182646774731238,R,0.34814814814814815,2026,Alex Cook,AAA
702056,FF,20,93.315,18.06,-4.854,6.125,7.025499999999999,-0.375,2207.8,-0.3044619955007595,-0.9511518070061283,R,1.0,2026,Trey Yesavage,AAA
702065,CH,103,81.18932038834951,-2.243883495145631,-12.32504854368932,5.828155339805825,5.443009708737864,-4.093106796116505,1556.126213592233,0.9702655768180779,-0.027854091304689434,L,0.22838137472283815,2026,Aaron Rozek,AAA
702065,CU,42,76.41428571428571,-4.434285714285714,8.125714285714285,5.7214285714285715,5.371190476190476,-4.261190476190476,2310.5,-0.651242506288628,0.30082877801939645,L,0.09312638580931264,2026,Aaron Rozek,AAA
702065,FC,62,84.06451612903226,9.758709677419354,-2.295483870967742,5.906451612903226,5.29516129032258,-4.424677419354839,2320.5806451612902,0.739151224783474,-0.6371817541380065,L,0.13747228381374724,2026,Aaron Rozek,AAA
702065,FF,33,86.52424242424243,9.799999999999999,-7.1054545454545455,5.96060606060606,5.302424242424242,-4.3,2260.3939393939395,0.8592154124325297,-0.49326818785513765,L,0.07317073170731707,2026,Aaron Rozek,AAA
702065,SI,127,85.99921259842519,1.51748031496063,-14.221417322834645,5.897637795275591,5.311023622047244,-4.267874015748031,2100.9370078740158,0.8856667199008752,-0.4090996142918374,L,0.28159645232815966,2026,Aaron Rozek,AAA
702065,SL,84,76.32142857142857,3.5357142857142856,14.355714285714287,5.7785714285714285,5.215119047619048,-4.4471428571428575,2565.8690476190477,-0.9621945102821405,0.2169243649479038,L,0.18625277161862527,2026,Aaron Rozek,AAA
702103,FF,117,93.75128205128205,18.233846153846155,-4.636923076923077,6.401709401709402,5.800854700854702,-1.2754700854700853,2436.017094017094,-0.3928273972062281,-0.9053306105728669,R,0.5246636771300448,2026,Zach Franklin,AAA
702103,FS,39,86.07435897435897,3.6307692307692307,-7.492307692307692,6.51025641025641,5.697692307692308,-1.2374358974358974,1058.948717948718,-0.8757232096888401,-0.45931609930740525,R,0.17488789237668162,2026,Zach Franklin,AAA
702103,SL,67,83.1358208955224,3.8328358208955224,11.955223880597014,6.292537313432836,5.594328358208955,-1.505820895522388,2561.716417910448,0.8963658456778099,0.20654868293968243,R,0.3004484304932735,2026,Zach Franklin,AAA
702129,FC,18,87.79444444444444,5.373333333333333,6.006666666666667,6.227777777777778,6.059444444444445,-0.14222222222222222,2427.722222222222,0.4375358938836364,-0.8374941249629111,R,0.3673469387755102,2026,Alex Pham,AAA
702129,FF,31,93.31935483870969,19.548387096774192,-1.56,6.264516129032257,6.110322580645161,0.052258064516129035,2256.6774193548385,-0.10051264842250078,-0.9939316993507472,R,0.6326530612244898,2026,Alex Pham,AAA
702130,CU,13,81.04615384615384,-9.295384615384616,8.806153846153846,6.453846153846154,4.917692307692308,-3.7930769230769235,2460.076923076923,0.7834203100730718,0.6091797503571686,R,0.08441558441558442,2026,Danny Watson,AAA
702130,FF,16,90.325,11.07,-6.6075,6.075,4.961875,-3.698125,2098.625,-0.7214934953416571,-0.6847155820846957,R,0.1038961038961039,2026,Danny Watson,AAA
702130,SI,80,90.365,10.584,-4.806,6.24,4.877750000000001,-3.6556249999999997,2199.5125,-0.6535453692667766,-0.7182992751265391,R,0.5194805194805194,2026,Danny Watson,AAA
702130,SL,45,84.80222222222223,5.034666666666666,5.176,6.304444444444444,4.685555555555555,-3.8419999999999996,2620.0666666666666,0.24119112273447715,-0.49286776340349153,R,0.2922077922077922,2026,Danny Watson,AAA
702153,FF,14,93.0,15.334285714285715,-13.517142857142858,6.5928571428571425,6.106428571428571,-1.0607142857142857,2368.714285714286,0.7826035699625349,-0.6177440474497488,L,1.0,2026,Brian Fitzpatrick,AAA
702193,FF,18,95.92777777777778,17.986666666666665,-3.0733333333333333,6.061111111111111,6.650555555555555,-1.1372222222222221,2033.388888888889,-0.22375699931705306,-0.9734911576491716,R,0.5806451612903226,2026,Andrew Morris,AAA
702193,SI,13,95.33846153846154,15.812307692307693,-10.043076923076923,6.130769230769231,6.586153846153847,-1.426923076923077,2031.8461538461538,-0.4038950143039407,-0.9137593168240641,R,0.41935483870967744,2026,Andrew Morris,AAA
702273,CH,16,89.3875,3.4575,-16.8825,6.35625,5.70375,-1.96375,1953.0625,0.7999168024585739,-0.37708373192888694,L,0.10884353741496598,2026,Noah Schultz,AAA
702273,FC,31,90.64516129032258,9.758709677419354,1.5483870967741935,6.180645161290323,5.913870967741936,-2.062258064516129,2629.7096774193546,0.19058988758201245,-0.9349491178449056,L,0.2108843537414966,2026,Noah Schultz,AAA
702273,FF,32,96.196875,10.331249999999999,-11.5575,6.159375,5.7275,-2.080625,2419.46875,0.8205634668593206,-0.5685833101710668,L,0.21768707482993196,2026,Noah Schultz,AAA
702273,SI,42,95.86666666666667,7.4085714285714275,-17.777142857142856,6.130952380952381,5.695476190476191,-2.095952380952381,2401.3809523809523,0.8242165263245276,-0.5619214393955234,L,0.2857142857142857,2026,Noah Schultz,AAA
702273,ST,26,82.7576923076923,-0.3138461538461538,13.523076923076925,6.223076923076923,5.698076923076924,-2.3611538461538464,2801.346153846154,-0.9348635950033929,0.3306790919874463,L,0.17687074829931973,2026,Noah Schultz,AAA
702275,CH,64,87.225,-0.27,-14.43,6.223809523809524,5.545,-2.1434375,1609.983870967742,-0.9073085754018975,-0.35498223575262894,R,0.16886543535620052,2026,JR Ritchie,AAA
702275,CU,60,82.68833333333333,-11.136,12.628000000000002,6.194827586206896,5.493833333333333,-2.219333333333333,2607.655172413793,0.7600486106880783,0.6467617865456299,R,0.158311345646438,2026,JR Ritchie,AAA
702275,FC,35,88.86285714285714,6.912000000000001,1.542857142857143,6.2558823529411764,5.4,-2.3174285714285716,2515.470588235294,0.061769656559339005,-0.7534361523492152,R,0.09234828496042216,2026,JR Ritchie,AAA
702275,FF,109,94.72385321100917,14.078532110091743,-9.350091743119266,6.396330275229358,5.454495412844036,-2.168256880733945,2370.0,-0.7286411405162867,-0.6796214533520526,R,0.287598944591029,2026,JR Ritchie,AAA
702275,SI,81,94.1716049382716,5.988148148148148,-15.856296296296295,6.351851851851852,5.455925925925926,-2.1623456790123456,2305.1481481481483,-0.7402907772763082,-0.6593786062994537,R,0.21372031662269128,2026,JR Ritchie,AAA
702275,SL,30,86.20333333333333,0.2760000000000001,3.7199999999999998,6.233333333333333,5.415333333333334,-2.305333333333333,2546.233333333333,0.8065185168953242,-0.04762918044994555,R,0.079155672823219,2026,JR Ritchie,AAA
702281,CH,10,88.64,6.168,-11.124,6.25,5.558,-2.94,,,,L,0.15873015873015872,2026,Robby Snelling,AAA
702281,CU,17,81.81764705882354,-7.856470588235294,10.475294117647058,6.111764705882353,5.515294117647059,-2.962941176470588,,,,L,0.2698412698412698,2026,Robby Snelling,AAA
702281,FF,36,93.5,17.799999999999997,-3.4833333333333334,6.266666666666667,5.733055555555556,-2.7625,,,,L,0.5714285714285714,2026,Robby Snelling,AAA
702297,CU,13,69.67692307692307,-9.858461538461539,2.6030769230769235,6.576923076923077,6.734615384615385,0.22846153846153844,2196.923076923077,-0.2346682615939515,0.9689561454715754,L,0.23214285714285715,2026,Carson Skipper,AAA
702297,FF,30,87.08999999999999,17.4,-1.432,6.53,6.908333333333333,0.26466666666666666,2023.3333333333333,0.13007369089692158,-0.9879671486547017,L,0.5357142857142857,2026,Carson Skipper,AAA
702297,SL,13,79.4923076923077,-0.27692307692307705,4.818461538461539,6.453846153846154,6.806153846153847,0.03923076923076923,2250.3846153846152,-0.8685982382062871,-0.34201509487756215,L,0.23214285714285715,2026,Carson Skipper,AAA
702300,FC,23,92.19565217391305,10.820869565217391,2.11304347826087,6.98695652173913,5.877826086956522,-1.5482608695652174,2366.478260869565,0.03091589586335872,-0.9962025009966919,R,1.0,2026,Johnathan Lavallee,AAA
702303,CU,14,84.02142857142857,-12.582857142857142,2.8114285714285714,5.542857142857143,6.326428571428571,-2.3607142857142853,2525.0,-0.5227315895117819,0.8505912882413735,L,0.35,2026,Riley Martin,AAA
702303,FF,26,94.22307692307693,17.376923076923077,-4.712307692307692,5.757692307692308,6.261153846153846,-2.2442307692307693,2375.230769230769,0.43842495782391894,-0.8973158436792782,L,0.65,2026,Riley Martin,AAA
702318,FF,22,94.00454545454545,17.78181818181818,-5.427272727272728,6.513636363636365,5.482727272727273,-1.5236363636363637,2364.818181818182,-0.4234743039583742,-0.9044128207850001,R,1.0,2026,Chris Campos,AAA
702352,CH,20,86.81,2.1,-8.328,6.445,5.929,-2.48,1734.7058823529412,-0.8134761866383846,-0.5719641085353029,R,0.07722007722007722,2026,Spencer Bivens,AAA
702352,FC,59,88.72372881355932,5.882033898305085,2.5342372881355932,6.530508474576272,6.085593220338983,-2.162372881355932,2055.462962962963,-0.10739241350516132,-0.9653673141455837,R,0.2277992277992278,2026,Spencer Bivens,AAA
702352,FF,31,94.20967741935483,11.341935483870968,-5.949677419354838,6.487096774193549,6.1409677419354844,-2.1738709677419354,1909.3333333333333,-0.7072850855948738,-0.7000586258450163,R,0.11969111969111969,2026,Spencer Bivens,AAA
702352,SI,87,94.32643678160919,4.764137931034483,-14.29241379310345,6.516091954022988,6.020919540229886,-2.3033333333333332,1928.344827586207,-0.7221871045157495,-0.6830352148102782,R,0.3359073359073359,2026,Spencer Bivens,AAA
702352,ST,62,80.94677419354838,3.9967741935483874,13.75741935483871,6.47741935483871,5.848064516129032,-2.4353225806451615,2302.233333333333,0.9478235679650228,0.2965922403016476,R,0.23938223938223938,2026,Spencer Bivens,AAA
702462,CU,13,77.56153846153846,-12.018461538461537,11.473846153846154,5.438461538461539,6.131538461538461,-2.649230769230769,2839.923076923077,0.6256086366335791,0.7633906513729016,R,1.0,2026,Nic Swanson,AAA
702465,FC,20,86.35,3.582,4.182,6.755,6.405499999999999,-1.147,2122.05,0.0956261752363205,-0.6786547427585162,R,0.24691358024691357,2026,Ryan Long,AAA
702465,FF,51,95.56078431372549,20.23294117647059,-5.814117647058823,6.705882352941177,6.423921568627451,-1.0641176470588236,2516.8627450980393,-0.41725189795328205,-0.9061632813700699,R,0.6296296296296297,2026,Ryan Long,AAA
702465,FS,10,84.41,0.828,-4.308,7.029999999999999,6.262,-1.061,851.7,-0.9332054089368935,-0.2808303541273394,R,0.12345679012345678,2026,Ryan Long,AAA
702474,CH,19,86.79473684210525,1.6989473684210528,-13.976842105263158,6.247368421052632,5.464210526315789,-1.3747368421052633,1518.4736842105262,-0.9067877865914636,-0.41878282439144937,R,0.2753623188405797,2026,Mike Paredes,AAA
702474,CU,11,78.55454545454546,0.6545454545454547,19.701818181818183,6.409090909090909,5.265454545454546,-1.5145454545454546,2481.818181818182,0.9402867739559302,0.3337938625927297,R,0.15942028985507245,2026,Mike Paredes,AAA
702474,FF,28,93.27142857142857,14.305714285714286,-5.777142857142857,6.3,5.7299999999999995,-1.1196428571428572,1958.25,-0.5104049908101641,-0.8565805257976427,R,0.4057971014492754,2026,Mike Paredes,AAA
702474,SL,11,79.89999999999999,3.4690909090909092,19.418181818181818,6.390909090909091,5.267272727272727,-1.4936363636363637,2583.090909090909,0.9617247431614616,0.2643544419059232,R,0.15942028985507245,2026,Mike Paredes,AAA
702566,CH,30,85.65666666666667,3.7479999999999998,-11.8,6.14,5.391333333333334,-1.9543333333333333,1489.8,-0.7142799357695911,-0.6595271039883989,R,0.18867924528301888,2026,Owen Murphy,AAA
702566,CU,24,79.59583333333333,-11.219999999999999,5.614999999999999,6.1000000000000005,5.603750000000001,-1.7595833333333335,2683.4583333333335,0.529261008582135,0.8375866287714385,R,0.1509433962264151,2026,Owen Murphy,AAA
702566,FF,57,92.8561403508772,18.926315789473684,-7.68,6.157894736842105,5.622280701754386,-1.7028070175438597,2484.280701754386,-0.48298710189988653,-0.8705775133899247,R,0.3584905660377358,2026,Owen Murphy,AAA
702566,SL,48,87.94375000000001,8.1625,3.185,6.052083333333333,5.594374999999999,-1.7627083333333333,2527.2916666666665,-0.06002480456606101,-0.9052240332483897,R,0.3018867924528302,2026,Owen Murphy,AAA
702650,CH,20,86.405,0.06600000000000003,-9.834,5.805,5.865,-2.191,1060.5,-0.9734192323561978,-0.16616249569731048,R,0.11494252873563218,2026,Michael Forret,AAA
702650,FC,26,88.84615384615384,8.192307692307692,0.27692307692307694,5.869230769230769,6.023846153846154,-2.141153846153846,2379.3076923076924,-0.5233072948490226,-0.7508750642248979,R,0.14942528735632185,2026,Michael Forret,AAA
702650,FF,54,93.97777777777777,16.72,-8.195555555555556,6.035185185185185,6.068888888888889,-2.0037037037037035,2353.703703703704,-0.5844910320227187,-0.7994632365779787,R,0.3103448275862069,2026,Michael Forret,AAA
702650,SI,27,93.15185185185184,9.044444444444444,-15.586666666666666,5.937037037037038,5.987777777777778,-2.048888888888889,2197.4444444444443,-0.6798581339968653,-0.7299060166852234,R,0.15517241379310345,2026,Michael Forret,AAA
702650,SL,47,82.35531914893616,-1.1540425531914893,13.302127659574468,5.836170212765958,5.95659574468085,-2.115744680851064,2576.8936170212764,0.6675094384667261,0.7344090054414848,R,0.27011494252873564,2026,Michael Forret,AAA
702674,CH,31,84.69677419354838,2.670967741935484,-9.696774193548388,6.658064516129032,6.1003225806451615,-1.661935483870968,1236.2903225806451,-0.9134096745998485,-0.372874152957797,R,0.06418219461697723,2026,Caden Dana,AAA
702674,CU,65,80.79230769230769,-13.271999999999998,8.130461538461539,6.563076923076923,6.2455384615384615,-1.5961538461538463,2603.0,0.4654257638783529,0.8799971409861516,R,0.13457556935817805,2026,Caden Dana,AAA
702674,FF,275,95.68727272727273,13.79389090909091,-9.6,6.741090909090909,6.228509090909091,-1.4924363636363638,2181.2914979757084,-0.5497636002698778,-0.8073848319185873,R,0.5693581780538303,2026,Caden Dana,AAA
702674,SL,112,85.17589285714287,-1.712142857142857,3.9760714285714287,6.598214285714286,5.9316071428571435,-1.967857142857143,2195.5670103092784,0.8392123043658681,0.10506340264964818,R,0.2318840579710145,2026,Caden Dana,AAA
702752,CH,18,86.57222222222222,-2.8400000000000003,-11.84,6.094444444444445,4.95888888888889,-3.3966666666666665,1839.5,-0.9847923359832021,-0.1424861876193503,R,0.13138686131386862,2026,Jonathan Pintaro,AAA
702752,FC,58,90.46206896551725,7.377931034482759,3.7262068965517243,6.2396551724137925,5.110172413793103,-3.350344827586207,2695.051724137931,-0.10659036455439816,-0.905781273965684,R,0.4233576642335766,2026,Jonathan Pintaro,AAA
702752,FF,40,95.1575,14.450999999999999,-8.661,6.3975,5.093999999999999,-3.3485,2401.575,-0.7671319757528258,-0.6278735098771492,R,0.291970802919708,2026,Jonathan Pintaro,AAA
702752,SI,21,94.17619047619048,0.09142857142857148,-14.565714285714286,6.285714285714286,5.0095238095238095,-3.4061904761904764,2199.904761904762,-0.8629647805833633,-0.4964188584683502,R,0.15328467153284672,2026,Jonathan Pintaro,AAA
702885,CH,19,85.00526315789473,2.1347368421052635,-7.698947368421052,5.794736842105263,5.845263157894737,-2.150526315789474,1073.8947368421052,0.945321902353892,-0.30327344591035643,L,0.12179487179487179,2026,Cesar Perdomo,AAA
702885,FF,87,92.77011494252874,15.33655172413793,-7.2827586206896555,5.752873563218391,5.950689655172414,-2.0294252873563217,2189.8505747126437,0.6159417074466504,-0.7851017982245305,L,0.5576923076923077,2026,Cesar Perdomo,AAA
702885,SL,50,84.35,0.5976,2.688,5.752000000000001,5.666,-2.3778,2438.16,-0.3261507341515085,0.4459524007508381,L,0.32051282051282054,2026,Cesar Perdomo,AAA
702903,CH,11,84.89999999999999,4.385454545454546,-16.581818181818182,6.336363636363637,5.323636363636364,-2.2154545454545453,2037.0,-0.9549630272118281,-0.29193321632673636,R,0.16923076923076924,2026,Saul Garcia,AAA
702903,FF,54,94.22592592592592,13.479999999999999,-14.08,6.237037037037037,5.308333333333333,-2.127407407407407,2323.6481481481483,-0.806408121273702,-0.5886583947337432,R,0.8307692307692308,2026,Saul Garcia,AAA
703596,CH,17,86.69411764705882,-1.291764705882353,-5.343529411764706,6.2176470588235295,5.805882352941176,-2.7241176470588235,920.5882352941177,-0.9927146737907805,-0.09305609068798455,R,0.07264957264957266,2026,Karson Milbrandt,AAA
703596,FF,92,94.3141304347826,16.518260869565218,-9.534782608695652,6.078260869565218,5.908478260869566,-2.581086956521739,2237.608695652174,-0.6009659192127818,-0.7778953448390291,R,0.39316239316239315,2026,Karson Milbrandt,AAA
703596,SL,65,87.71846153846154,3.4560000000000004,0.2824615384615385,6.138461538461539,5.904461538461539,-2.550923076923077,2493.3846153846152,-0.5002131121146037,-0.43393977430063196,R,0.2777777777777778,2026,Karson Milbrandt,AAA
703596,ST,60,84.575,-4.242,10.533999999999999,6.156666666666666,5.8525,-2.6513333333333335,2598.516666666667,0.3321231431850081,0.9129977557972102,R,0.2564102564102564,2026,Karson Milbrandt,AAA
703615,CU,10,87.08,0.34800000000000003,0.192,6.355555555555556,6.264,-1.904,2231.222222222222,-0.8218844508092119,0.33767836966577786,R,0.2631578947368421,2026,Jose Cabrera,AAA
703615,FC,15,89.80666666666666,6.4159999999999995,0.6799999999999999,6.386666666666667,5.930666666666666,-2.246,2351.6,-0.6709442876150132,-0.736477759495446,R,0.39473684210526316,2026,Jose Cabrera,AAA
703615,FF,13,93.35384615384615,11.52,-7.615384615384615,6.438461538461539,6.0600000000000005,-2.0753846153846154,2302.3846153846152,-0.7211292405657161,-0.6888639838527644,R,0.34210526315789475,2026,Jose Cabrera,AAA
703725,CH,61,81.87868852459017,-3.6904918032786886,-13.380983606557377,6.631147540983607,5.182622950819672,-1.6731147540983606,1608.864406779661,-0.9624212899509759,0.2588229103059358,R,0.46923076923076923,2026,Luis Gastelum,AAA
703725,FF,45,93.91111111111111,15.242666666666667,-12.082666666666666,6.66,5.51,-1.556888888888889,2499.809523809524,-0.7296937246566134,-0.6810317081596742,R,0.34615384615384615,2026,Luis Gastelum,AAA
703725,ST,24,84.59583333333333,-1.805,13.505,6.5375000000000005,5.432916666666666,-1.6245833333333335,2280.5454545454545,0.7805062069683019,0.6110871241880212,R,0.18461538461538463,2026,Luis Gastelum,AAA
800018,CH,48,81.925,9.3075,-17.0425,6.1187499999999995,5.798541666666666,-2.634375,2156.0416666666665,-0.8884601788277003,-0.45266191608092554,R,0.22966507177033493,2026,Chen Zhong-Ao Zhuang,AAA
800018,CU,20,75.325,-11.766,8.91,5.9799999999999995,5.9465,-2.6445,2652.75,0.5794267432351952,0.8108340848555299,R,0.09569377990430622,2026,Chen Zhong-Ao Zhuang,AAA
800018,FF,115,90.66173913043478,16.22713043478261,-10.784347826086957,6.085217391304347,6.064347826086956,-2.4695652173913043,2365.060869565217,-0.6016541926946348,-0.7961207896897802,R,0.5502392344497608,2026,Chen Zhong-Ao Zhuang,AAA
800018,SL,26,81.79230769230769,1.9523076923076923,2.1599999999999997,6.123076923076923,5.881538461538461,-2.6153846153846154,2504.576923076923,-0.03751565220842813,-0.4332426672142016,R,0.12440191387559808,2026,Chen Zhong-Ao Zhuang,AAA
800067,CH,15,81.70666666666666,3.464,-16.32,6.233333333333333,5.755333333333334,-1.082,2161.5,-0.977299277003751,-0.17984072421185562,R,0.2542372881355932,2026,Jose Fleury,AAA
800067,FF,19,90.42631578947368,13.642105263157895,-7.5473684210526315,6.626315789473685,5.971578947368421,-0.5405263157894736,2111.722222222222,-0.5539309213570102,-0.8299468985634445,R,0.3220338983050847,2026,Jose Fleury,AAA
800067,SL,13,84.56153846153846,5.381538461538461,5.363076923076923,6.4,5.846923076923077,-1.0361538461538462,2248.3333333333335,0.007085748128914669,-0.8225120290647792,R,0.22033898305084745,2026,Jose Fleury,AAA
800067,ST,12,77.83333333333333,0.7699999999999999,12.649999999999999,6.3500000000000005,5.781666666666666,-1.2474999999999998,2424.6,0.8396207219291549,0.47364713524420077,R,0.2033898305084746,2026,Jose Fleury,AAA
800550,FF,37,93.56756756756756,12.398918918918918,-5.61081081081081,6.61081081081081,6.504054054054055,-2.7035135135135135,2023.3513513513512,0.6103175970009185,-0.7556309624920325,L,0.2534246575342466,2026,Miguel Cienfuegos,AAA
800550,SI,45,93.04444444444445,11.114666666666666,-11.693333333333335,6.551111111111111,6.549555555555556,-2.6966666666666663,1997.3333333333333,0.528060881057304,-0.8258549656542398,L,0.3082191780821918,2026,Miguel Cienfuegos,AAA
800550,SL,64,85.0546875,1.505625,2.78625,6.490625,6.47828125,-2.83,1949.34375,-0.3611302429905625,0.3089652420206099,L,0.4383561643835616,2026,Miguel Cienfuegos,AAA
800600,CH,42,85.09047619047618,7.168571428571428,-16.222857142857144,6.7285714285714295,5.425714285714285,-2.2695238095238093,1801.642857142857,0.8950062501014057,-0.4398030902697532,L,0.17427385892116182,2026,Jackson Kent,AAA
800600,CU,26,79.9346153846154,-14.081538461538461,6.553846153846154,6.6923076923076925,5.928461538461538,-1.6973076923076924,2441.4615384615386,-0.3612283407733449,0.9230588007810747,L,0.1078838174273859,2026,Jackson Kent,AAA
800600,FF,113,93.49115044247787,16.375221238938053,-6.187964601769911,6.850892857142857,5.648318584070797,-2.0467256637168143,2134.1428571428573,0.46451470681109625,-0.8819237751499542,L,0.46887966804979253,2026,Jackson Kent,AAA
800600,SL,60,86.76666666666667,3.11,1.104,6.8100000000000005,5.6226666666666665,-2.0748333333333333,2319.45,-0.5888935262770072,-0.3193836948905187,L,0.24896265560165975,2026,Jackson Kent,AAA
801128,FC,22,86.53636363636363,4.385454545454546,3.889090909090909,5.75,6.181363636363637,-1.6795454545454547,2391.0454545454545,0.288167829212842,-0.8785265134491648,R,0.39285714285714285,2026,Robert Cranz,AAA
801128,FF,24,95.325,19.584999999999997,-4.46,5.566666666666666,6.328749999999999,-1.3458333333333332,2443.9583333333335,-0.29203234110486687,-0.9551485857132546,R,0.42857142857142855,2026,Robert Cranz,AAA
801128,SL,10,82.26,0.012000000000000056,10.739999999999998,5.58,6.109,-1.7309999999999999,2726.3,0.7609914211963686,0.19862738473406827,R,0.17857142857142858,2026,Robert Cranz,AAA
801139,FC,20,89.69,10.062000000000001,2.982,7.2299999999999995,5.638,-2.6335,2313.0,0.3809779691380565,-0.9136964496414519,L,0.3333333333333333,2026,Payton Tolle,AAA
801139,FF,19,96.34210526315789,16.705263157894734,-10.32,7.394736842105263,5.644210526315789,-2.5889473684210524,2283.4210526315787,0.6533691638827909,-0.7558487749269753,L,0.31666666666666665,2026,Payton Tolle,AAA
801139,SI,21,94.97142857142858,10.497142857142856,-17.531428571428574,7.333333333333333,5.638571428571429,-2.6128571428571425,2258.5238095238096,0.6770495979004912,-0.7333723581233416,L,0.35,2026,Payton Tolle,AAA
801179,CH,92,80.09782608695652,4.331739130434783,-13.819565217391306,6.081521739130435,5.827065217391305,-1.0106521739130436,2072.728260869565,0.9734682486366535,-0.19570989560762342,L,0.1851106639839034,2026,Yu-Min Lin,AAA
801179,CU,45,78.03555555555555,-13.173333333333332,11.978666666666665,6.111111111111111,5.684666666666667,-1.4864444444444445,3210.6,-0.6030503519509909,0.7768213229051693,L,0.09054325955734406,2026,Yu-Min Lin,AAA
801179,FF,109,90.91926605504588,10.142752293577981,-11.524403669724771,6.091588785046729,5.832844036697248,-0.9609174311926605,2084.1869158878503,0.7511224369779702,-0.6312812029634141,L,0.2193158953722334,2026,Yu-Min Lin,AAA
801179,SI,156,90.24294871794872,5.686923076923077,-14.375384615384615,5.9929487179487175,5.726346153846154,-1.2411538461538463,2001.4871794871794,0.852842594473,-0.5125663419322319,L,0.31388329979879276,2026,Yu-Min Lin,AAA
801179,ST,95,80.65789473684211,-6.159157894736842,11.68421052631579,6.0755319148936175,5.56021052631579,-1.320315789473684,3063.946808510638,-0.7360091077678825,0.6186051309141866,L,0.19114688128772636,2026,Yu-Min Lin,AAA
801333,CH,25,83.992,4.7856,-4.0127999999999995,6.156000000000001,6.255199999999999,-1.1316,1144.92,-0.8281260478560101,-0.5552121366363606,R,0.28735632183908044,2026,Johnathan Harmon,AAA
801333,CU,17,85.18823529411765,-0.7411764705882353,3.7341176470588238,5.9941176470588236,6.314705882352941,-1.408235294117647,2216.823529411765,0.5231942544845333,0.12249991155254797,R,0.19540229885057472,2026,Johnathan Harmon,AAA
801333,FF,27,92.95185185185184,13.893333333333333,-6.035555555555556,5.874074074074074,6.398148148148148,-1.0218518518518518,1974.2592592592594,-0.7056976758196185,-0.7047001486595071,R,0.3103448275862069,2026,Johnathan Harmon,AAA
801333,SI,18,91.70555555555556,5.6866666666666665,-13.546666666666667,5.9222222222222225,6.24,-1.27,1939.1666666666667,-0.7530830669739146,-0.5371894052659499,R,0.20689655172413793,2026,Johnathan Harmon,AAA
801367,SI,14,93.80714285714285,6.737142857142857,-13.997142857142858,6.064285714285715,5.799285714285714,-2.3942857142857146,2234.8571428571427,-0.7426270322418854,-0.6669603797347736,R,0.5,2026,Matt Jachec,AAA
801367,ST,14,81.52857142857144,-5.871428571428572,17.862857142857145,6.035714285714286,5.7092857142857145,-2.516428571428571,2648.3571428571427,0.716750510106856,0.6790068267580188,R,0.5,2026,Matt Jachec,AAA
801432,FF,83,95.95301204819278,14.621204819277107,-9.97012048192771,6.571084337349397,5.39,-1.218433734939759,2092.8313253012047,-0.6215269731218456,-0.7815456650447947,R,0.6335877862595419,2026,Eric Reyzelman,AAA
801432,ST,48,83.57916666666667,-2.8800000000000003,17.48,6.429166666666667,4.884791666666667,-1.6206250000000002,2811.7083333333335,0.8619997812160181,0.44822583282943856,R,0.366412213740458,2026,Eric Reyzelman,AAA
801434,FC,32,90.19375,10.3425,1.71375,7.464516129032258,5.53125,-2.426875,2283.9,-0.3929392521086015,-0.8973544507701615,R,0.17679558011049723,2026,Paul Gervase,AAA
801434,FF,98,93.31938775510203,15.364897959183674,-5.865306122448979,7.568367346938776,5.636938775510203,-2.251938775510204,2237.6428571428573,-0.5238265205005719,-0.8420074852404872,R,0.5414364640883977,2026,Paul Gervase,AAA
801434,SL,51,84.38627450980391,-2.644705882352941,4.597647058823529,7.578431372549019,5.53921568627451,-2.3129411764705883,2399.627450980392,0.8201139663823116,0.1329005616677877,R,0.281767955801105,2026,Paul Gervase,AAA
801517,CU,21,79.8047619047619,-7.1085714285714285,10.462857142857143,6.809523809523809,5.2976190476190474,-3.2028571428571433,2818.0476190476193,-0.7892354928668746,0.6070705098711568,L,0.1076923076923077,2026,Spencer Giesting,AAA
801517,FC,29,88.7448275862069,5.793103448275862,0.15724137931034485,6.7,4.966206896551724,-3.521034482758621,2638.9655172413795,0.3387282822352805,-0.4860479391648245,L,0.14871794871794872,2026,Spencer Giesting,AAA
801517,FF,52,91.65,11.637692307692307,-4.543846153846154,6.988461538461538,5.240384615384615,-3.308846153846154,2433.153846153846,0.7065034271799704,-0.6562865289666207,L,0.26666666666666666,2026,Spencer Giesting,AAA
801517,SI,45,90.71111111111111,7.597333333333333,-8.714666666666666,6.818181818181818,5.086222222222222,-3.427333333333333,2394.0227272727275,0.6753584755612608,-0.6114231677456758,L,0.23076923076923078,2026,Spencer Giesting,AAA
801517,ST,48,81.79166666666667,1.155,15.54,6.78125,4.9331249999999995,-3.548541666666667,2911.0625,-0.8563449141743354,0.28024651261060146,L,0.24615384615384617,2026,Spencer Giesting,AAA
801555,CH,12,82.25,8.22,-9.8,6.616666666666667,5.488333333333333,-0.6749999999999999,1411.0833333333333,0.5634489637075729,-0.8249425283756745,L,0.2,2026,Izaak Martinez,AAA
801555,FF,34,90.26176470588236,18.271764705882354,-2.791764705882353,6.611764705882353,5.625882352941177,-0.34794117647058825,2193.1470588235293,0.2545399625349967,-0.9658300171401426,L,0.5666666666666667,2026,Izaak Martinez,AAA
801555,SL,14,79.94285714285715,-0.5228571428571429,3.5914285714285716,6.3428571428571425,5.55,-0.8099999999999999,2182.285714285714,-0.778329106140558,-0.014223294779350986,L,0.23333333333333334,2026,Izaak Martinez,AAA
801594,CH,77,79.96233766233766,6.959999999999999,-10.263896103896105,6.106493506493506,6.461428571428571,-0.48246753246753243,1456.6363636363637,-0.8177258287805733,-0.48527435002965696,R,0.20533333333333334,2026,Ryan Gallagher,AAA
801594,CU,41,80.3390243902439,-5.282926829268293,-3.6175609756097558,5.987804878048781,6.398536585365853,-0.5385365853658537,2370.0,-0.016128039026166,0.6989676713143533,R,0.10933333333333334,2026,Ryan Gallagher,AAA
801594,FC,76,85.71447368421053,7.822105263157895,-2.9763157894736842,6.060526315789474,6.307763157894737,-0.6378947368421052,2268.6973684210525,-0.5344329986646256,-0.6786280613304381,R,0.20266666666666666,2026,Ryan Gallagher,AAA
801594,FF,181,92.7314917127072,18.05635359116022,-9.018563535911602,6.21878453038674,6.370773480662983,-0.4812707182320442,2318.276243093923,-0.4600446071995573,-0.8830709154248504,R,0.4826666666666667,2026,Ryan Gallagher,AAA
801639,FC,121,84.56942148760331,2.2175206611570246,5.298842975206611,6.159504132231405,5.575371900826446,-2.4671074380165288,2452.818181818182,0.22100410081211472,-0.061616031220854225,R,0.6648351648351648,2026,Trystan Vrieling,AAA
801639,FF,61,91.68360655737705,13.984918032786886,-1.4695081967213115,6.219672131147541,5.580655737704919,-2.478360655737705,2409.901639344262,-0.4972885417731646,-0.8616415515302667,R,0.33516483516483514,2026,Trystan Vrieling,AAA
801643,FF,95,94.35157894736842,17.341894736842104,-3.919578947368421,6.951578947368421,5.9241052631578945,0.0828421052631579,2110.6315789473683,-0.3092434991503575,-0.9422424844910888,R,0.6291390728476821,2026,Owen Wild,AAA
801643,SL,56,85.55892857142858,3.5442857142857145,3.402857142857143,6.730357142857143,5.908928571428571,-0.11821428571428572,2158.75,0.06985692046508339,-0.8916410511467053,R,0.3708609271523179,2026,Owen Wild,AAA
801725,SI,11,95.56363636363636,8.236363636363636,-17.672727272727272,5.736363636363636,6.3518181818181825,-1.8445454545454545,2339.090909090909,0.8175800401682634,-0.5743978217147419,L,1.0,2026,Luis De León,AAA
801739,CH,30,89.54333333333334,6.66,-14.116000000000001,5.963333333333334,6.27,-2.1816666666666666,1997.0666666666666,-0.7322720535917099,-0.6733160289778308,R,0.10909090909090909,2026,Carlos Lagrange,AAA
801739,FF,98,98.15612244897959,16.239183673469388,-9.176326530612245,5.96734693877551,6.380714285714286,-1.9188775510204084,2369.795918367347,-0.6029909528970565,-0.7945672566389406,R,0.3563636363636364,2026,Carlos Lagrange,AAA
801739,SI,28,97.28928571428571,11.815714285714284,-13.572857142857144,5.892857142857143,6.304642857142857,-2.0360714285714283,2217.214285714286,-0.632001411218661,-0.7715690695149185,R,0.10181818181818182,2026,Carlos Lagrange,AAA
801739,SL,63,88.83492063492064,6.878095238095238,3.96952380952381,5.925396825396826,6.454920634920636,-2.001746031746032,2323.1746031746034,-0.09758781711483629,-0.9169223440788099,R,0.2290909090909091,2026,Carlos Lagrange,AAA
801739,ST,56,83.25,4.480714285714286,11.796428571428573,5.880357142857143,6.290357142857142,-2.2335714285714285,2454.0535714285716,0.8334753549539335,0.02807022004332436,R,0.20363636363636364,2026,Carlos Lagrange,AAA
802126,CH,47,86.25106382978724,8.34127659574468,-9.745531914893617,6.278723404255319,5.647659574468085,-2.099787234042553,1891.468085106383,0.6852513097868823,-0.7234840323718625,L,0.15210355987055016,2026,Joe Whitman,AAA
802126,FF,112,91.67321428571428,11.166428571428572,-6.876428571428571,6.300900900900901,5.720267857142857,-2.032410714285714,1987.482142857143,0.681755517229899,-0.7283241241689611,L,0.36245954692556637,2026,Joe Whitman,AAA
802126,SI,40,91.9025,8.873999999999999,-10.845,6.3175,5.61925,-2.038,1973.45,0.6532988499346296,-0.6887237933720808,L,0.12944983818770225,2026,Joe Whitman,AAA
802126,SL,110,81.5990909090909,-0.21054545454545454,4.159636363636364,6.122018348623853,5.535454545454545,-2.3973636363636364,2317.072727272727,-0.8805520644811627,-0.11392837315535842,L,0.3559870550161812,2026,Joe Whitman,AAA
802355,SL,22,37.809090909090905,23.547272727272727,-0.6218181818181819,4.004545454545454,7.278636363636363,-1.5240909090909092,962.5,-0.6150432640141091,-0.7859215460841795,R,1.0,2026,Tanner Schobel,AAA
802357,CU,67,82.51641791044777,-5.804776119402986,10.090746268656718,5.66865671641791,5.6937313432835825,-2.137462686567164,2638.208955223881,0.5276297157459414,0.8384846261400837,R,0.3284313725490196,2026,Drue Hackenberg,AAA
802357,FC,55,90.01636363636364,4.014545454545455,-0.3665454545454545,5.7709090909090905,5.554363636363637,-2.200727272727273,2371.981818181818,-0.6048476872196481,-0.6405759206184205,R,0.2696078431372549,2026,Drue Hackenberg,AAA
802357,FF,49,93.54897959183673,7.831836734693877,-4.550204081632653,5.812244897959184,5.62,-2.1920408163265304,2270.816326530612,-0.7691206785856972,-0.6222891084879902,R,0.24019607843137256,2026,Drue Hackenberg,AAA
802357,SI,33,93.33030303030303,2.570909090909091,-12.694545454545455,5.809375,5.482121212121212,-2.3151515151515154,2243.375,-0.8439370235343336,-0.5241014494706041,R,0.16176470588235295,2026,Drue Hackenberg,AAA
802363,FC,17,88.45882352941176,5.8870588235294115,2.929411764705882,6.279999999999999,5.367647058823529,-1.4329411764705882,2370.9375,-0.22780687532405158,-0.9112036865787475,R,0.5483870967741935,2026,Jordan Geber,AAA
802363,FF,14,94.67857142857143,15.84,-10.508571428571429,6.49,5.441428571428572,-1.249285714285714,2298.846153846154,-0.6723183074249804,-0.7386671610827127,R,0.45161290322580644,2026,Jordan Geber,AAA
802408,CH,19,86.73684210526316,6.486315789473684,-14.88,6.394736842105263,5.177368421052631,-3.3126315789473684,1860.578947368421,0.914962759601922,-0.39440768980622,L,0.052924791086350974,2026,Brycen Mautz,AAA
802408,CU,92,77.88695652173914,-8.435217391304347,7.742608695652175,6.228260869565218,5.487065217391304,-3.0443478260869563,2286.8695652173915,-0.6642032208560792,0.7409721725185243,L,0.2562674094707521,2026,Brycen Mautz,AAA
802408,FF,143,92.18461538461538,12.33986013986014,-10.884755244755244,6.25034965034965,5.410699300699301,-3.163706293706294,2150.4545454545455,0.8275882937435852,-0.5572010818058912,L,0.3983286908077994,2026,Brycen Mautz,AAA
802408,SI,37,92.04324324324324,4.58918918918919,-16.890810810810812,6.264864864864865,5.2308108108108105,-3.203243243243243,2230.7567567567567,0.8753153014148056,-0.48087320579249493,L,0.10306406685236769,2026,Brycen Mautz,AAA
802408,SL,68,83.96911764705882,1.9888235294117649,0.7394117647058823,6.335294117647059,5.249852941176471,-3.151029411764706,2323.8823529411766,0.2374870190973521,0.34353234481975076,L,0.1894150417827298,2026,Brycen Mautz,AAA
802416,CU,11,79.47272727272728,-7.865454545454545,12.567272727272728,6.736363636363635,5.465454545454545,-2.19,2594.2727272727275,0.7465523087469372,0.6594785875340595,R,0.08029197080291971,2026,Ashton Izzi,AAA
802416,FC,24,89.37916666666666,4.755,2.13,6.658333333333334,5.683333333333334,-2.142916666666667,2402.5833333333335,-0.20514855359471262,-0.9327522484958354,R,0.17518248175182483,2026,Ashton Izzi,AAA
802416,FF,42,94.4095238095238,11.428571428571429,-4.502857142857143,6.754761904761905,5.786190476190477,-1.870714285714286,2288.1666666666665,-0.6117830908636268,-0.7862699043807659,R,0.30656934306569344,2026,Ashton Izzi,AAA
802416,SI,35,94.39142857142856,7.011428571428572,-12.617142857142857,6.640000000000001,5.549428571428571,-2.0894285714285714,2243.9142857142856,-0.7382764361509119,-0.6640820975679274,R,0.25547445255474455,2026,Ashton Izzi,AAA
802416,SL,25,83.28399999999999,1.9296,13.430399999999999,6.632000000000001,5.4024,-2.2884,2680.24,0.9143324877573425,0.3174315277866301,R,0.18248175182481752,2026,Ashton Izzi,AAA
802419,CU,52,79.15961538461539,-8.639999999999999,13.691538461538462,6.244230769230769,5.480192307692308,-1.361346153846154,2540.596153846154,0.7781008285405521,0.6203797182062876,R,0.12776412776412777,2026,Thomas Harrington,AAA
802419,FC,80,87.0125,7.6245,3.4665,6.3825,5.476875,-1.4526249999999998,2376.5875,-0.020548866750512894,-0.9032081580758218,R,0.19656019656019655,2026,Thomas Harrington,AAA
802419,FF,127,92.40551181102362,15.30236220472441,-11.73732283464567,6.435433070866141,5.485826771653544,-1.453464566929134,2284.314960629921,-0.6831629670526975,-0.7277805274760112,R,0.31203931203931207,2026,Thomas Harrington,AAA
802419,FS,48,85.24374999999999,3.1275,-8.387500000000001,6.429166666666667,5.465208333333333,-1.3322916666666667,1184.9583333333333,-0.8078216287897462,-0.5847120309422204,R,0.11793611793611794,2026,Thomas Harrington,AAA
802419,SI,43,92.03720930232558,9.817674418604652,-15.61953488372093,6.455813953488373,5.416279069767442,-1.4648837209302326,2201.1162790697676,-0.6903183569118568,-0.7194888584309068,R,0.10565110565110565,2026,Thomas Harrington,AAA
802419,ST,57,81.31929824561404,6.181052631578948,12.879999999999999,6.356140350877193,5.4012280701754385,-1.4652631578947368,2531.7368421052633,0.9628136350026991,-0.013213774717433594,R,0.14004914004914004,2026,Thomas Harrington,AAA
802609,CH,23,80.78260869565217,2.311304347826087,-15.53217391304348,5.8,5.762608695652173,-1.9421739130434783,1590.3478260869565,0.992118213846294,-0.08384004122797424,L,0.13450292397660818,2026,John Michael Bertrand,AAA
802609,FC,28,83.825,3.282857142857143,3.1542857142857144,6.107142857142857,6.310714285714285,-1.7771428571428571,2091.3928571428573,-0.3071261058689864,-0.7853327612037792,L,0.16374269005847952,2026,John Michael Bertrand,AAA
802609,FF,38,89.63947368421053,9.489473684210527,-6.549473684210526,6.118421052631579,6.156315789473684,-1.708157894736842,1831.6052631578948,0.6066733413885069,-0.7855091435053231,L,0.2222222222222222,2026,John Michael Bertrand,AAA
802609,SI,43,89.06511627906977,6.125581395348837,-14.746046511627908,5.969767441860465,5.868372093023256,-1.7983720930232558,1650.6976744186047,0.7987855383114937,-0.5874105544707923,L,0.25146198830409355,2026,John Michael Bertrand,AAA
802609,SL,39,78.57692307692308,-0.6123076923076923,9.329230769230769,6.02051282051282,6.265641025641025,-1.7061538461538464,2175.5384615384614,-0.7220769973683656,0.4467552905867264,L,0.22807017543859648,2026,John Michael Bertrand,AAA
802686,FC,26,85.72307692307693,5.229230769230769,1.6292307692307693,6.903846153846154,4.589615384615384,-2.7800000000000002,2196.8076923076924,0.01599783468292917,-0.630839785084153,L,0.12037037037037036,2026,Hayden Harris,AAA
802686,FF,154,90.7383116883117,12.915584415584416,-10.827272727272728,6.987012987012987,4.531818181818181,-2.7264285714285714,2149.2987012987014,0.7850395946059017,-0.6097720341752401,L,0.7129629629629629,2026,Hayden Harris,AAA
802686,ST,36,81.15277777777777,3.3833333333333333,7.856666666666666,6.800000000000001,4.434166666666666,-2.8644444444444446,2258.1944444444443,-0.8853827779795417,-0.028979528092615916,L,0.16666666666666666,2026,Hayden Harris,AAA
802981,CH,12,81.24166666666666,-2.17,-7.78,6.016666666666667,4.975833333333333,-2.6366666666666667,970.1666666666666,0.9939599002332132,0.02470026769549294,L,0.3157894736842105,2026,Mason Olson,AAA
802981,SI,26,88.4346153846154,0.1061538461538461,-13.001538461538463,5.730769230769231,5.186923076923078,-2.2334615384615386,2093.3076923076924,0.8944567580169026,-0.4280154519595225,L,0.6842105263157895,2026,Mason Olson,AAA
803035,FF,43,92.51162790697674,13.805581395348836,-6.971162790697674,6.8860465116279075,5.56860465116279,-1.906511627906977,2122.5581395348836,-0.5366840862889309,-0.8413910860732375,R,0.6323529411764706,2026,Riley Gowens,AAA
803035,SL,25,84.78,3.4704,4.5648,6.916,5.493200000000001,-2.0132,2498.24,0.732195344093354,-0.6176742323130636,R,0.36764705882352944,2026,Riley Gowens,AAA
803276,FC,10,90.66,3.312,2.544,6.529999999999999,5.68,-2.043,2460.8,0.08744915369219049,-0.7450063633719852,R,0.43478260869565216,2026,Ruddy Gomez,AAA
803276,SL,13,85.42307692307692,-1.6892307692307693,7.726153846153846,6.546153846153846,5.825384615384616,-1.9907692307692306,2541.923076923077,0.5711834225078551,0.8033667342018507,R,0.5652173913043478,2026,Ruddy Gomez,AAA
803349,FF,43,92.83023255813953,16.568372093023253,-9.694883720930232,5.972093023255814,6.013023255813954,-1.647674418604651,2455.5581395348836,0.6009695826037308,-0.7974909930069305,L,0.5733333333333334,2026,Herick Hernandez,AAA
803349,SL,32,84.309375,3.57,3.59625,5.91875,5.9209375,-1.9046875,2816.71875,-0.21423448650419272,-0.6404564810545128,L,0.4266666666666667,2026,Herick Hernandez,AAA
803409,FF,10,90.67,12.576,-10.992,6.21,4.711,-1.231,2111.1,0.6973895485219487,-0.7121765988625444,L,1.0,2026,Jordan Morales,AAA
803833,FF,43,95.57441860465116,14.305116279069768,-8.288372093023257,7.104651162790698,6.5167441860465125,-1.4144186046511629,2341.813953488372,-0.6143894168544078,-0.7849859313745302,R,0.3006993006993007,2026,Garrett Baumann,AAA
803833,FS,36,85.43333333333334,1.2566666666666668,-3.826666666666666,7.069444444444445,6.300000000000001,-1.6222222222222222,1563.9166666666667,-0.5192211295308923,-0.5392338182776327,R,0.2517482517482518,2026,Garrett Baumann,AAA
803833,SI,46,95.1891304347826,9.92086956521739,-14.444347826086958,7.208695652173914,6.519347826086956,-1.4193478260869563,2193.2608695652175,-0.6629071474650867,-0.7469982918580446,R,0.32167832167832167,2026,Garrett Baumann,AAA
803833,SL,18,88.38333333333334,9.153333333333332,0.8866666666666667,7.227777777777778,6.422777777777778,-1.5877777777777777,2441.1666666666665,-0.04974661846099471,-0.9613111783802789,R,0.1258741258741259,2026,Garrett Baumann,AAA
804249,CH,110,84.73272727272727,0.24436363636363637,-16.56327272727273,6.03090909090909,4.825818181818182,-2.0086363636363633,1747.0,0.986174568572207,-0.12451229532884896,L,0.2777777777777778,2026,Tate Kuehner,AAA
804249,CU,29,78.7103448275862,-4.171034482758621,11.77655172413793,5.879310344827586,5.037931034482758,-1.8593103448275863,2526.896551724138,-0.8846609297421801,0.44594409883108255,L,0.07323232323232323,2026,Tate Kuehner,AAA
804249,FC,64,81.159375,3.343125,9.9525,5.9,4.7934375,-2.09484375,2353.09375,-0.9053860288487802,0.08257112582238914,L,0.16161616161616163,2026,Tate Kuehner,AAA
804249,FF,48,94.46041666666667,12.780000000000001,-10.7575,6.014583333333333,5.1075,-1.9297916666666666,2260.9583333333335,0.8301069121588139,-0.5506744687514611,L,0.12121212121212122,2026,Tate Kuehner,AAA
804249,SI,145,93.4248275862069,4.180137931034483,-16.914206896551725,6.0375,4.990620689655172,-1.828,2128.034722222222,0.8584954214473921,-0.4920660757066177,L,0.3661616161616162,2026,Tate Kuehner,AAA
804267,FF,12,90.875,17.24,-6.8,5.983333333333333,6.521666666666667,-2.0541666666666667,2183.5,0.4125543382287029,-0.9094554015872813,L,1.0,2026,Zac Thornton,AAA
804556,CH,21,87.96190476190476,2.8114285714285714,-12.034285714285714,6.357142857142857,5.562857142857142,-2.150952380952381,1625.4285714285713,-0.8345792445158468,-0.5157891018871695,R,0.1810344827586207,2026,Braden Nett,AAA
804556,CU,18,79.31111111111112,-7.7666666666666675,14.360000000000001,6.266666666666667,5.605555555555556,-2.2105555555555556,2893.1666666666665,0.685087414042095,0.702747391882854,R,0.15517241379310345,2026,Braden Nett,AAA
804556,FC,11,86.01818181818182,4.614545454545454,8.76,6.263636363636365,5.441818181818181,-2.3127272727272725,2687.909090909091,0.24476625305031285,-0.30599461919367316,R,0.09482758620689655,2026,Braden Nett,AAA
804556,FF,66,93.69848484848485,14.974545454545453,-7.629090909090909,6.36969696969697,5.659545454545454,-1.9904545454545455,2381.1060606060605,-0.5844113790479982,-0.8075287992619845,R,0.5689655172413793,2026,Braden Nett,AAA
804577,SI,36,92.35555555555555,1.1066666666666665,-14.536666666666669,6.227777777777778,4.948611111111111,-2.272777777777778,2216.342857142857,0.871691622878036,-0.48257685029781183,L,0.43902439024390244,2026,Reid VanScoter,AAA
804577,SL,46,81.71739130434783,-3.6469565217391304,15.540000000000001,6.058695652173912,4.895,-2.405869565217391,2572.733333333333,-0.791697829500433,0.6034511980237025,L,0.5609756097560976,2026,Reid VanScoter,AAA
804619,CH,61,85.74262295081968,2.740327868852459,-13.382950819672132,6.771186440677966,6.053770491803278,-1.3521311475409836,1554.3898305084747,-0.8242679559729155,-0.555694157568827,R,0.17579250720461095,2026,John Klein,AAA
804619,CU,50,80.168,-11.6352,11.488800000000001,6.685416666666666,6.127999999999999,-1.284,2451.8958333333335,0.5782389731951599,0.8120563068598242,R,0.1440922190201729,2026,John Klein,AAA
804619,FC,24,86.29166666666667,5.185,3.11,6.754166666666666,6.057083333333334,-1.3504166666666666,2165.5,-0.001625199829302292,-0.7653232274183516,R,0.069164265129683,2026,John Klein,AAA
804619,FF,168,94.18392857142857,16.757142857142856,-10.57,6.845180722891566,6.221071428571429,-1.1389880952380953,2379.8012048192772,-0.6336521044812619,-0.7705154173861245,R,0.484149855907781,2026,John Klein,AAA
804619,ST,44,82.13636363636364,3.005454545454546,7.963636363636363,6.695348837209302,6.035454545454545,-1.4054545454545455,2290.767441860465,0.635449077360596,0.1557515594866842,R,0.12680115273775217,2026,John Klein,AAA
804636,CH,110,86.11181818181818,8.190545454545456,-14.209090909090909,6.675454545454545,5.8122727272727275,-2.852909090909091,1684.3363636363636,-0.7990811670424994,-0.5811105323995246,R,0.2576112412177986,2026,Jonah Tong,AAA
804636,CU,50,79.71600000000001,-12.2688,7.039199999999999,6.532,5.776,-3.1566,2690.44,0.49043085374582673,0.8625986376288631,R,0.117096018735363,2026,Jonah Tong,AAA
804636,FC,53,90.12075471698112,12.092830188679244,2.6286792452830188,6.532075471698113,5.797924528301887,-3.144716981132076,2163.9622641509436,-0.11451711668727914,-0.9504200375140348,R,0.12412177985948478,2026,Jonah Tong,AAA
804636,FF,214,94.86915887850468,18.670093457943924,-6.360560747663552,6.653271028037383,5.8940654205607474,-2.8405607476635515,2262.1355140186915,-0.38746161355589553,-0.9169866993980575,R,0.5011709601873536,2026,Jonah Tong,AAA
804926,CH,51,88.01960784313725,4.131764705882353,-9.569411764705883,6.827450980392157,5.738235294117646,-1.560392156862745,1533.0392156862745,-0.672435736115194,-0.731755779719688,R,0.10408163265306122,2026,Austin Peterson,AAA
804926,CU,45,79.67555555555556,-5.485333333333333,11.824000000000002,6.768888888888889,5.847777777777777,-1.557111111111111,2188.866666666667,0.8091095443630275,0.5547536900491037,R,0.09183673469387756,2026,Austin Peterson,AAA
804926,FC,87,87.73333333333333,5.176551724137931,1.6551724137931034,6.750574712643678,5.576781609195402,-1.7840229885057473,2301.597701149425,-0.1240332403117483,-0.944745063529288,R,0.17755102040816326,2026,Austin Peterson,AAA
804926,FF,105,92.5352380952381,15.694857142857144,-6.787428571428571,6.775238095238095,5.703523809523809,-1.5347619047619048,2288.504761904762,-0.6011185861861935,-0.7947792036777586,R,0.21428571428571427,2026,Austin Peterson,AAA
804926,SI,107,93.03738317757009,9.438504672897196,-15.209719626168225,6.808411214953271,5.650841121495327,-1.5602803738317756,2177.4205607476633,-0.6386750403564936,-0.7634723409470299,R,0.21836734693877552,2026,Austin Peterson,AAA
804926,ST,95,81.26315789473684,2.023578947368421,12.450947368421051,6.691578947368422,5.513263157894737,-1.8647368421052632,2298.1263157894737,0.9347898199579502,0.29262376504502025,R,0.19387755102040816,2026,Austin Peterson,AAA
805214,CH,33,82.39090909090909,-0.4436363636363637,-17.221818181818183,6.46060606060606,4.515151515151516,-2.242121212121212,1870.5151515151515,-0.9934882025665052,0.08958899826378525,R,0.2558139534883721,2026,Isaac Lyon,AAA
805214,FC,41,89.91707317073171,7.223414634146342,-1.3873170731707316,6.636585365853659,4.6780487804878055,-2.3029268292682925,2340.243902439024,-0.830984321250803,-0.5255874585520104,R,0.3178294573643411,2026,Isaac Lyon,AAA
805214,SI,28,92.125,0.5528571428571428,-17.224285714285713,6.639285714285714,4.7025,-2.205357142857143,2078.1785714285716,-0.9489636811041121,-0.3096533305203958,R,0.21705426356589147,2026,Isaac Lyon,AAA
805214,SL,27,83.06666666666668,3.342222222222222,13.902222222222223,6.666666666666667,4.49925925925926,-2.4,2122.3703703703704,0.9419286885726846,0.31762635292843444,R,0.20930232558139536,2026,Isaac Lyon,AAA
805272,FC,10,90.24,6.228,1.9919999999999998,5.7,5.795,-1.5050000000000001,2358.8,0.08829417705839704,-0.8141785640101145,R,0.2564102564102564,2026,Luke Young,AAA
805272,FF,29,97.0206896551724,16.90344827586207,-6.637241379310344,5.568965517241379,5.8662068965517244,-1.24,2234.551724137931,-0.5619609186664735,-0.8224126680904921,R,0.7435897435897436,2026,Luke Young,AAA
805291,FC,21,90.1952380952381,4.554285714285714,2.977142857142857,6.247619047619047,5.498095238095238,-1.3095238095238095,2354.7619047619046,-0.19551823205776186,-0.8954468208902727,R,0.39622641509433965,2026,Vince Reilly,AAA
805291,FF,11,95.11818181818181,11.858181818181817,-2.367272727272727,6.245454545454546,5.54,-1.279090909090909,2265.2727272727275,-0.6247345574580345,-0.7708981808924347,R,0.20754716981132076,2026,Vince Reilly,AAA
805291,SI,21,95.1047619047619,7.708571428571428,-13.234285714285715,6.3047619047619055,5.574761904761905,-1.2409523809523808,2133.2380952380954,-0.5753002183310778,-0.8143983351108736,R,0.39622641509433965,2026,Vince Reilly,AAA
805299,FC,20,92.5,5.202,1.65,5.39,5.531000000000001,-1.9949999999999999,2317.05,0.44605135059571355,-0.8515466844192598,L,0.23809523809523808,2026,Brandyn Garcia,AAA
805299,SI,45,95.43777777777777,2.7013333333333334,-12.842666666666666,5.442222222222222,5.489333333333334,-1.9631111111111113,2220.8048780487807,0.8069476440571738,-0.451976247066698,L,0.5357142857142857,2026,Brandyn Garcia,AAA
805299,ST,19,84.91052631578947,-0.7326315789473685,14.128421052631579,5.405263157894737,5.458421052631579,-2.0389473684210526,2689.0555555555557,-0.8880733843699151,0.451469632200109,L,0.2261904761904762,2026,Brandyn Garcia,AAA
805315,FC,10,87.16,1.392,2.3280000000000003,5.43,5.76,-1.844,2596.6,0.21310679183743275,-0.4314838497978478,R,1.0,2026,Michael Walsh,AAA
805321,FF,74,94.26486486486488,14.829729729729731,-5.492432432432432,5.641891891891892,5.622432432432433,-2.2997297297297297,2350.2162162162163,-0.5613116616870393,-0.8004434778994736,R,0.4,2026,Trevor Kuncl,AAA
805321,SL,101,87.35544554455446,1.1239603960396038,5.157623762376237,5.618811881188119,5.782277227722772,-2.227128712871287,2529.980198019802,0.8059891580543598,-0.34846522714555234,R,0.5459459459459459,2026,Trevor Kuncl,AAA
805321,ST,10,85.65,4.536,12.924000000000001,5.63,5.765,-2.378,2516.9,0.8573485413009083,0.08850950110338247,R,0.05405405405405406,2026,Trevor Kuncl,AAA
805326,CH,12,87.575,5.04,-15.18,6.175,5.875,-2.2516666666666665,2207.0833333333335,0.7496573800568188,-0.6573329690832735,L,0.12371134020618557,2026,Tyler Schweitzer,AAA
805326,FF,45,93.60666666666667,15.666666666666666,-5.645333333333333,6.146666666666667,5.859999999999999,-2.024,2377.6,0.4165156939895197,-0.9050190313677056,L,0.4639175257731959,2026,Tyler Schweitzer,AAA
805326,SL,27,87.26666666666667,5.071111111111112,4.342222222222222,6.21111111111111,5.844814814814815,-2.201851851851852,2381.1481481481483,-0.19976024667411357,-0.8548992620195234,L,0.27835051546391754,2026,Tyler Schweitzer,AAA
805326,ST,13,81.92307692307692,-2.8246153846153845,10.56,6.315384615384615,5.731538461538462,-2.193076923076923,2617.0,-0.7660730185122276,0.6211008058111415,L,0.13402061855670103,2026,Tyler Schweitzer,AAA
805345,CU,36,78.87222222222222,-15.993333333333332,3.6666666666666665,6.588888888888889,6.161666666666666,-0.42944444444444446,2617.1944444444443,0.2069199381002701,0.9757269923707259,R,0.17391304347826086,2026,Trent Harris,AAA
805345,FC,56,93.5,13.178571428571429,1.8942857142857144,6.6499999999999995,6.1101785714285715,-0.4642857142857143,2276.464285714286,-0.12177678902952019,-0.9867603631750675,R,0.27053140096618356,2026,Trent Harris,AAA
805345,SI,46,92.72391304347826,11.981739130434782,-9.6,6.6499999999999995,6.005000000000001,-0.681304347826087,2195.3478260869565,-0.21317470459751037,-0.9546036879926022,R,0.2222222222222222,2026,Trent Harris,AAA
805345,SL,16,88.11875,1.0950000000000002,4.11,6.54,6.081875,-0.755,2468.133333333333,0.780309059002097,-0.4787945107691026,R,0.07729468599033816,2026,Trent Harris,AAA
805345,ST,53,83.83396226415094,-3.0158490566037734,14.45433962264151,6.6113207547169806,6.069999999999999,-0.6490566037735849,2611.9622641509436,0.8119904090560799,0.5703763875121867,R,0.2560386473429952,2026,Trent Harris,AAA
805363,SI,48,93.72291666666666,13.8675,-14.445,6.34375,5.190416666666667,-1.7177083333333334,2350.75,-0.814197148336239,-0.5435130261343488,R,0.6233766233766234,2026,Chris Clark,AAA
805363,SL,29,84.12068965517241,-0.26482758620689656,6.16551724137931,6.293103448275862,5.212413793103448,-1.8193103448275862,2520.0689655172414,0.5640670775741884,-0.1347608409847701,R,0.37662337662337664,2026,Chris Clark,AAA
805427,FF,16,94.00625,11.895,-11.3025,7.28125,4.83,-2.87,2178.875,0.8670388518669506,-0.4955424398299751,L,0.2222222222222222,2026,Drew Sommers,AAA
805427,SI,37,93.55405405405405,4.5502702702702695,-16.15135135135135,7.313513513513514,4.828378378378378,-2.848648648648649,2056.5675675675675,0.8396463557671947,-0.5338027724077323,L,0.5138888888888888,2026,Drew Sommers,AAA
805427,SL,19,81.51578947368421,-2.785263157894737,9.73263157894737,7.21578947368421,4.992105263157894,-2.836315789473684,2218.9473684210525,-0.8404956003688772,0.5166141963795745,L,0.2638888888888889,2026,Drew Sommers,AAA
805673,CH,15,86.46666666666667,3.3920000000000003,-15.232000000000001,6.246666666666667,5.8453333333333335,-1.9933333333333332,1467.8,-0.8780519010652675,-0.4642286080322297,R,0.1056338028169014,2026,Zebby Matthews,AAA
805673,FC,21,91.00952380952381,10.611428571428572,0.9428571428571428,6.29047619047619,5.989047619047619,-1.950952380952381,2452.0476190476193,-0.2734901563009831,-0.9468882188577493,R,0.14788732394366197,2026,Zebby Matthews,AAA
805673,FF,45,95.74222222222221,16.125333333333334,-9.24,6.42,5.953333333333333,-1.8493333333333333,2247.0666666666666,-0.5728252716062454,-0.8154535485269475,R,0.31690140845070425,2026,Zebby Matthews,AAA
805673,SI,19,96.19473684210527,11.021052631578948,-15.915789473684208,6.415789473684211,5.826315789473685,-2.0189473684210526,2214.5263157894738,-0.6596009071938491,-0.747557310065654,R,0.13380281690140844,2026,Zebby Matthews,AAA
805673,SL,42,87.5047619047619,1.6028571428571428,4.325714285714286,6.216666666666667,5.981190476190476,-1.976904761904762,2409.214285714286,0.7019355429014422,-0.5396251635308967,R,0.29577464788732394,2026,Zebby Matthews,AAA
805723,CH,30,87.00666666666666,2.972,-13.924,6.55,5.605,-1.607,1375.8666666666666,-0.9182816532138783,-0.3257404195862125,R,0.15,2026,Jared Lyons,AAA
805723,CU,36,82.63888888888889,-14.520000000000001,2.99,6.733333333333333,5.809722222222223,-1.161111111111111,2151.1666666666665,0.32927240467227864,0.9414090230386785,R,0.18,2026,Jared Lyons,AAA
805723,FC,19,87.99473684210527,8.292631578947368,4.528421052631579,6.705263157894737,5.793157894736842,-1.191578947368421,2423.2105263157896,0.1702247898897838,-0.9487936215705014,R,0.095,2026,Jared Lyons,AAA
805723,FF,86,91.3453488372093,16.490232558139535,-3.646046511627907,6.7,5.81406976744186,-1.1830232558139535,2343.0,-0.3400934507997004,-0.9290321472123358,R,0.43,2026,Jared Lyons,AAA
805723,SL,29,86.04137931034482,6.794482758620689,3.7199999999999998,6.662068965517241,5.756206896551724,-1.1382758620689655,2425.0344827586205,0.24947750867615048,-0.8703367046853487,R,0.145,2026,Jared Lyons,AAA
805871,CH,45,87.65555555555555,2.626666666666667,-12.741333333333333,5.928888888888889,5.876666666666666,-1.8437777777777777,1979.5777777777778,-0.7717521928344475,-0.6249714298101413,R,0.2647058823529412,2026,Joel Hurtado,AAA
805871,FF,35,94.24000000000001,10.913142857142859,-5.0125714285714285,5.851428571428571,5.907714285714286,-1.8148571428571427,2288.1428571428573,-0.6419533748770707,-0.7613202360175566,R,0.20588235294117646,2026,Joel Hurtado,AAA
805871,SI,35,94.06,5.914285714285715,-12.339428571428572,5.854285714285714,5.867999999999999,-1.7894285714285716,2180.285714285714,-0.6423932066407917,-0.7569773196681752,R,0.20588235294117646,2026,Joel Hurtado,AAA
805871,SL,55,84.46545454545455,-0.4690909090909091,4.232727272727273,5.9399999999999995,5.86290909090909,-1.765090909090909,2299.327272727273,0.8332606054980524,0.07235057238211308,R,0.3235294117647059,2026,Joel Hurtado,AAA
805892,CH,15,82.26666666666667,3.104,-12.975999999999999,5.946666666666667,5.732,-0.46266666666666667,1350.0666666666666,-0.8879354052409638,-0.4524681921425446,R,0.2830188679245283,2026,Nick Altermatt,AAA
805892,FC,12,88.89166666666667,8.51,2.8499999999999996,5.8500000000000005,5.759166666666666,-0.3575,2102.0,-0.17757399795500428,-0.9609754601335561,R,0.22641509433962265,2026,Nick Altermatt,AAA
805892,FF,26,93.60384615384615,16.444615384615386,-7.638461538461538,5.85,5.822692307692307,-0.26076923076923075,2226.076923076923,-0.514349132863751,-0.8560512614582536,R,0.49056603773584906,2026,Nick Altermatt,AAA
805990,CU,44,80.80227272727274,-5.102727272727273,15.706363636363637,6.654545454545455,5.821363636363636,-1.9854545454545454,2770.4772727272725,0.7899435732589797,0.5867552020689656,R,0.34375,2026,Grant Kipp,AAA
805990,FF,39,91.83589743589744,10.233846153846153,-5.009230769230769,6.656410256410257,5.883589743589744,-1.9546153846153846,2450.153846153846,-0.4815255574360512,-0.7939517785958364,R,0.3046875,2026,Grant Kipp,AAA
805990,SI,16,90.26875,6.2025,-14.3325,6.6125,5.796875,-1.9875,2155.5,-0.7507622916402693,-0.6415292424178219,R,0.125,2026,Grant Kipp,AAA
805990,SL,29,87.76206896551724,3.939310344827586,1.3448275862068966,6.641379310344828,5.8903448275862065,-1.979655172413793,2538.0689655172414,0.2730541815072495,-0.8473633404858378,R,0.2265625,2026,Grant Kipp,AAA
806188,CU,19,77.77894736842104,-14.608421052631579,15.132631578947368,5.915789473684211,5.86578947368421,-1.7984210526315791,3153.6666666666665,-0.6239113782256207,0.7797198127185347,L,0.6129032258064516,2026,Cade Gibson,AAA
806188,SL,12,85.94166666666666,6.25,3.09,5.991666666666667,5.6308333333333325,-2.0141666666666667,2768.6666666666665,0.4156389459036922,-0.897970235307794,L,0.3870967741935484,2026,Cade Gibson,AAA
806258,FF,44,95.60227272727273,16.62272727272727,-7.876363636363636,6.5659090909090905,5.757954545454545,-2.259318181818182,2353.4772727272725,0.5866525229248201,-0.802528332065068,L,0.5238095238095238,2026,Thomas White,AAA
806258,SL,15,85.57333333333332,-3.7760000000000002,2.4560000000000004,6.38,5.586666666666667,-2.498666666666667,2716.133333333333,-0.41066984285695074,0.8242816212380395,L,0.17857142857142858,2026,Thomas White,AAA
806258,ST,25,83.016,-7.416,14.1648,6.252000000000001,5.532,-2.6327999999999996,2655.88,-0.6103631055533488,0.7846275811280523,L,0.2976190476190476,2026,Thomas White,AAA
806333,CH,100,78.74,9.3132,-17.4024,5.553,5.1952,-2.1865,2077.95,0.9055254975167868,-0.4100718491600606,L,0.4098360655737705,2026,Michael Sansone,AAA
806333,CU,15,70.81333333333333,-10.232000000000001,10.416,5.546666666666667,5.346666666666667,-2.084,2263.0,-0.7039222817116465,0.7055722235797571,L,0.06147540983606557,2026,Michael Sansone,AAA
806333,FC,76,83.98815789473684,11.68578947368421,1.3989473684210527,5.473684210526316,5.363289473684211,-2.039078947368421,2171.0263157894738,0.3679502356673188,-0.8787267097049196,L,0.3114754098360656,2026,Michael Sansone,AAA
806333,FF,53,87.56792452830189,16.66867924528302,-9.532075471698112,5.528301886792453,5.379811320754717,-1.931698113207547,2081.7735849056603,0.6183100975073503,-0.7680053407741069,L,0.21721311475409835,2026,Michael Sansone,AAA
806413,FC,20,88.015,6.36,3.1260000000000003,6.654999999999999,6.4445,-0.34199999999999997,2068.35,-0.16349961052183887,-0.9673516503618655,R,0.37735849056603776,2026,Daniel Guerra,AAA
806413,FF,33,96.89090909090909,18.12,-4.28,6.9393939393939394,6.4396969696969695,-0.12303030303030302,2280.2727272727275,-0.3764786279435986,-0.9223593055677692,R,0.6226415094339622,2026,Daniel Guerra,AAA
806960,CH,25,89.256,7.852799999999999,-16.2384,6.064,5.49,-1.8292,2101.6,-0.7323536746114888,-0.6753085247133913,R,0.12254901960784313,2026,Luis Morales,AAA
806960,FF,69,97.05652173913043,14.652173913043478,-10.824347826086957,5.9855072463768115,5.601739130434782,-1.6815942028985507,2456.3623188405795,-0.5222777591499339,-0.8277270016499323,R,0.3382352941176471,2026,Luis Morales,AAA
806960,SI,28,97.89999999999999,10.834285714285715,-13.907142857142857,6.010714285714286,5.590357142857143,-1.5017857142857143,2498.035714285714,-0.5201530233802459,-0.8474854137709936,R,0.13725490196078433,2026,Luis Morales,AAA
806960,SL,42,83.73095238095237,3.52,11.131428571428572,5.859523809523809,5.64,-1.7685714285714287,2886.9761904761904,0.9197396640112669,0.2710415664864767,R,0.20588235294117646,2026,Luis Morales,AAA
806960,ST,40,82.00750000000001,-1.839,19.143,5.89,5.688750000000001,-1.69075,3002.675,0.7742134317870611,0.4206394125952836,R,0.19607843137254902,2026,Luis Morales,AAA
807716,CH,24,86.30416666666667,-0.7149999999999999,-13.43,6.041666666666667,5.863333333333333,-1.1129166666666668,1527.75,-0.9127386503945935,-0.4023627960238872,R,0.1875,2026,Ty Langenberg,AAA
807716,FC,29,88.7344827586207,6.980689655172414,2.5986206896551725,5.986206896551724,6.02896551724138,-0.8734482758620691,2432.9310344827586,-0.0371452578774663,-0.8631080351460994,R,0.2265625,2026,Ty Langenberg,AAA
807716,FF,28,92.56428571428572,12.54857142857143,-2.498571428571428,6.089285714285714,6.028571428571429,-0.7796428571428571,2117.285714285714,-0.4349375125871295,-0.8324470753400612,R,0.21875,2026,Ty Langenberg,AAA
807716,SI,10,91.55,6.108,-13.548000000000002,6.109999999999999,5.925,-0.9630000000000001,2059.9,-0.5416635909301426,-0.8373185335367916,R,0.078125,2026,Ty Langenberg,AAA
807716,SL,37,80.32432432432432,-7.157837837837839,13.56,5.991891891891892,5.96054054054054,-0.9651351351351352,2614.864864864865,0.6987145527347665,0.6809036154421603,R,0.2890625,2026,Ty Langenberg,AAA
807743,CH,17,78.88235294117646,10.821176470588236,-11.957647058823529,7.488235294117647,5.748235294117647,-3.0411764705882356,1607.1764705882354,0.7858095705638674,-0.6152373704517354,L,0.4722222222222222,2026,Sean Sullivan,AAA
807743,FF,19,89.73684210526316,13.661052631578947,-9.865263157894736,7.442105263157895,5.618421052631579,-3.3889473684210527,2257.842105263158,0.6995012915269532,-0.712447254887122,L,0.5277777777777778,2026,Sean Sullivan,AAA
808052,SL,16,86.075,1.8375000000000001,1.5450000000000002,5.85625,6.21375,-1.213125,2653.3125,-0.1663309460430557,0.03693110735400626,R,1.0,2026,Johan Moreno,AAA
808970,CU,20,79.80499999999999,-12.947999999999999,10.002,6.178947368421052,5.3065,-1.4905000000000002,2471.05,0.6563851276518478,0.7511098161232983,R,0.21052631578947367,2026,Woo-Suk Go,AAA
808970,FF,49,93.29795918367347,15.347755102040816,-6.066122448979592,6.226530612244899,5.227142857142857,-1.5418367346938775,2112.1632653061224,-0.589254253613612,-0.8037672945913161,R,0.5157894736842106,2026,Woo-Suk Go,AAA
808970,FS,10,88.52000000000001,2.448,-9.828,6.3,5.203,-1.532,1120.0,-0.7114937848395252,-0.6966144683503799,R,0.10526315789473684,2026,Woo-Suk Go,AAA
808970,SL,16,88.84375,4.335,1.7550000000000001,6.0875,5.395625,-1.338125,2253.1875,-0.1410072782136654,-0.8361666790197696,R,0.16842105263157894,2026,Woo-Suk Go,AAA
809137,FF,11,92.55454545454546,16.88727272727273,-6.043636363636364,6.4,6.5609090909090915,-2.3372727272727274,2266.818181818182,-0.5672280406542263,-0.8211307136376577,R,1.0,2026,Brian Hendry,AAA
809343,CH,12,86.05833333333334,5.390000000000001,-16.63,6.883333333333333,5.048333333333333,-2.015,2020.9166666666667,-0.8753255180866678,-0.4786222555011344,R,0.047058823529411764,2026,Bryce Mayer,AAA
809343,CU,44,79.6659090909091,-5.664545454545455,12.842727272727274,6.6477272727272725,5.263863636363637,-2.0527272727272727,2615.0227272727275,0.8564285158172553,0.46130369235732455,R,0.17254901960784313,2026,Bryce Mayer,AAA
809343,FC,38,86.88684210526316,7.847368421052631,3.533684210526316,6.747368421052631,5.1186842105263155,-2.2005263157894737,2593.7894736842104,-0.040833103522177366,-0.9845505965769478,R,0.14901960784313725,2026,Bryce Mayer,AAA
809343,FF,103,92.92815533980583,16.92116504854369,-7.619417475728155,6.910679611650485,5.220388349514564,-1.8925242718446602,2467.3883495145633,-0.5437733793103383,-0.8338350253590154,R,0.403921568627451,2026,Bryce Mayer,AAA
809343,SL,58,80.43793103448276,4.280689655172414,13.59103448275862,6.718965517241379,5.095,-2.2136206896551722,2645.362068965517,0.9490943605331743,0.2054083793779978,R,0.22745098039215686,2026,Bryce Mayer,AAA
809733,CH,61,85.18524590163935,1.2609836065573772,-15.440655737704917,6.405084745762712,5.231147540983607,-3.0942622950819674,1659.4262295081967,0.9540981040433497,-0.29288475998535957,L,0.16137566137566137,2026,Connor Wietgrefe,AAA
809733,FC,43,88.12093023255814,7.445581395348836,-1.21953488372093,6.330952380952381,5.353720930232559,-3.066744186046512,2385.860465116279,0.44888283935691015,-0.8397756801187485,L,0.11375661375661375,2026,Connor Wietgrefe,AAA
809733,FF,113,91.33716814159293,14.530619469026549,-8.739823008849557,6.3118181818181816,5.3570796460176995,-2.992212389380531,2466.070796460177,0.7315505766784736,-0.6748243839462947,L,0.29894179894179895,2026,Connor Wietgrefe,AAA
809733,SI,68,90.42941176470588,6.435882352941176,-14.555294117647058,6.337313432835821,5.36264705882353,-2.9973529411764703,2298.279411764706,0.699552141640954,-0.7103209116889352,L,0.17989417989417988,2026,Connor Wietgrefe,AAA
809733,SL,93,81.87956989247311,0.672258064516129,7.263225806451613,6.318181818181818,5.410537634408602,-3.0367741935483874,2570.8709677419356,-0.8952190525616054,-0.1179110446931505,L,0.24603174603174602,2026,Connor Wietgrefe,AAA
809784,FC,29,92.0,7.982068965517242,1.0013793103448276,6.082758620689655,5.366551724137931,-1.539655172413793,2661.5172413793102,-0.4326789956892393,-0.8843949609245051,R,0.48333333333333334,2026,Garrett Stratton,AAA
809784,SI,12,93.60833333333333,9.62,-4.99,6.158333333333334,5.340833333333333,-1.485,2652.0,-0.5498763135972294,-0.8198932165118659,R,0.2,2026,Garrett Stratton,AAA
809784,SL,19,86.79473684210525,-2.6399999999999997,3.5305263157894737,6.1000000000000005,5.564736842105264,-1.3063157894736843,2666.5789473684213,0.817601654570093,0.5362045687777112,R,0.31666666666666665,2026,Garrett Stratton,AAA
810897,FC,26,89.15384615384616,6.161538461538462,2.3400000000000003,5.665384615384616,5.788076923076924,-2.0203846153846152,2449.346153846154,-0.06083518810988715,-0.9638258414717022,R,0.3170731707317073,2026,Charlie Beilenson,AAA
810897,FS,15,87.36666666666666,-1.8,-6.944,5.6866666666666665,5.792666666666666,-1.918,1029.1333333333334,-0.9646928932922954,-0.20471177052575934,R,0.18292682926829268,2026,Charlie Beilenson,AAA
810897,SI,29,92.44827586206897,7.0344827586206895,-14.097931034482759,5.741379310344827,5.715172413793104,-2.015862068965517,2078.4137931034484,-0.5667691114803317,-0.8070257954817445,R,0.35365853658536583,2026,Charlie Beilenson,AAA
810897,ST,12,81.99166666666666,-2.25,14.62,5.716666666666666,5.620833333333334,-2.1333333333333333,2728.25,0.8398704181256934,0.5025383137957373,R,0.14634146341463414,2026,Charlie Beilenson,AAA
811139,FF,16,95.7375,12.495,-7.095,5.55,4.9675,-2.86125,2442.8125,0.6782688397913192,-0.6546856305557199,L,0.43243243243243246,2026,Sandro Santana,AAA
811139,SL,21,85.32857142857144,2.445714285714286,8.445714285714287,5.728571428571429,5.154285714285714,-2.736666666666667,2587.714285714286,-0.8181045684568952,-0.056452998888784946,L,0.5675675675675675,2026,Sandro Santana,AAA
811307,CH,76,84.27368421052631,4.657894736842105,-12.107368421052632,6.228378378378378,6.613421052631579,-1.8051315789473683,1360.0135135135135,-0.7640462545629692,-0.6349084958440476,R,0.1655773420479303,2026,Jack Wenninger,AAA
811307,FF,130,93.29384615384616,16.907076923076925,-8.826461538461539,6.160629921259843,6.528923076923077,-1.9529999999999998,2208.9212598425197,-0.5802765848703493,-0.7980932273054264,R,0.28322440087145967,2026,Jack Wenninger,AAA
811307,SI,82,93.14756097560976,10.066829268292683,-14.659024390243902,6.2215189873417724,6.381219512195122,-2.122926829268293,2058.9620253164558,-0.6907560675283999,-0.7193860501047465,R,0.1786492374727669,2026,Jack Wenninger,AAA
811307,SL,122,84.47950819672131,0.5744262295081968,0.1701639344262295,6.125,6.398524590163935,-2.1011475409836065,2330.4416666666666,-0.37548517695868255,0.3520683918470237,R,0.2657952069716776,2026,Jack Wenninger,AAA
811307,ST,49,82.59387755102041,-10.119183673469388,8.987755102040817,6.117021276595745,6.566326530612245,-1.9544897959183674,2222.3829787234044,0.3205604124226024,0.9363361915357957,R,0.10675381263616558,2026,Jack Wenninger,AAA
811315,CH,32,91.053125,3.5700000000000003,-14.7075,6.5625,5.2396875,-1.9459374999999999,1545.8709677419354,-0.8803192299126357,-0.4686986528646138,R,0.0906515580736544,2026,Brody Hopkins,AAA
811315,CU,64,85.446875,-11.146875,6.924375,6.478125,5.413125,-1.81390625,2752.590163934426,0.5699588341073183,0.8076463832215401,R,0.1813031161473088,2026,Brody Hopkins,AAA
811315,FC,70,91.94142857142856,6.354857142857143,2.753142857142857,6.55,5.285428571428572,-2.067857142857143,2512.359375,-0.2399154990701789,-0.9212169230735803,R,0.19830028328611898,2026,Brody Hopkins,AAA
811315,FF,187,97.56203208556148,16.71850267379679,-7.660106951871658,6.635294117647058,5.342032085561497,-1.9024064171122994,2514.4777777777776,-0.5842495274546285,-0.8035743938198479,R,0.5297450424929179,2026,Brody Hopkins,AAA
812521,CH,15,85.19333333333334,3.288,-10.912,6.5600000000000005,5.6146666666666665,-1.6533333333333333,1017.4666666666667,-0.9709005585207066,-0.21276114102398977,R,0.5172413793103449,2026,Joe Glassey,AAA
812521,SI,14,93.30714285714285,14.742857142857144,-13.748571428571429,6.621428571428572,5.607857142857143,-1.537857142857143,2185.9285714285716,-0.7748548155595152,-0.6290574205285917,R,0.4827586206896552,2026,Joe Glassey,AAA
813268,FF,38,91.09473684210526,16.534736842105264,-8.908421052631578,6.471052631578948,5.599736842105263,-1.3021052631578947,2069.8684210526317,-0.5361080230729861,-0.8423676541133363,R,0.6666666666666666,2026,Jake Curtis,AAA
813268,SL,19,83.16315789473684,4.28842105263158,1.9263157894736842,6.447368421052632,5.470526315789473,-1.4742105263157894,2046.8947368421052,0.3486796121367825,-0.7550627476758794,R,0.3333333333333333,2026,Jake Curtis,AAA
813349,FF,11,93.01818181818182,16.134545454545453,-10.298181818181819,6.7272727272727275,5.660909090909091,-2.79,2341.5454545454545,0.6617270906127267,-0.7491403835761253,L,1.0,2026,Connelly Early,AAA
813766,CU,22,80.31818181818181,-7.816363636363636,6.54,6.409090909090909,5.523181818181818,-2.7545454545454544,2205.090909090909,0.7978098598752482,0.5150255934743458,R,0.1732283464566929,2026,Skylar Hales,AAA
813766,FF,64,93.3734375,11.338125,-0.661875,6.503125,5.53359375,-2.845625,2133.0625,-0.4616795171710359,-0.8769637444550172,R,0.5039370078740157,2026,Skylar Hales,AAA
813766,SI,11,91.73636363636363,7.636363636363637,-13.047272727272729,6.409090909090909,5.23,-3.0209090909090905,2128.2727272727275,-0.6247484770789682,-0.7547399848360082,R,0.08661417322834646,2026,Skylar Hales,AAA
813766,SL,30,84.28666666666666,-0.204,5.484,6.41,5.211666666666667,-3.1356666666666664,2326.366666666667,0.7175827241104106,-0.25526331197277047,R,0.23622047244094488,2026,Skylar Hales,AAA
813865,CU,14,81.54285714285713,-14.348571428571429,11.648571428571428,6.085714285714286,5.6778571428571425,-1.3414285714285714,2721.6,0.6163095395186511,0.647355425450445,R,0.27450980392156865,2026,Hudson Leach,AAA
813865,FF,23,96.31739130434784,13.382608695652175,-7.419130434782608,6.113043478260869,5.6295652173913036,-1.4873913043478262,2344.4444444444443,-0.5094993343423648,-0.8413377200199826,R,0.45098039215686275,2026,Hudson Leach,AAA
813865,SL,14,87.60714285714286,0.8999999999999998,4.731428571428571,6.078571428571428,5.478571428571429,-1.6835714285714285,2442.9166666666665,0.6753655183348588,-0.14685741549653472,R,0.27450980392156865,2026,Hudson Leach,AAA
813882,FC,12,87.60833333333333,3.31,0.05999999999999991,6.241666666666667,6.301666666666667,-1.6900000000000002,2100.5,-0.3018986251454909,-0.6392254784821104,R,0.07692307692307693,2026,Brady Choban,AAA
813882,SI,120,93.18916666666668,3.024,-11.491000000000001,6.243333333333334,6.325083333333334,-1.7265000000000001,1832.9833333333333,-0.728692714418411,-0.679225233821423,R,0.7692307692307693,2026,Brady Choban,AAA
813882,SL,24,83.4375,-0.07499999999999997,5.364999999999999,6.195833333333333,6.260416666666667,-1.7279166666666665,2222.5,0.7015458226586532,0.3276395829863517,R,0.15384615384615385,2026,Brady Choban,AAA
814005,CU,11,80.2,-9.938181818181818,6.196363636363636,6.7272727272727275,5.891818181818182,-1.5127272727272727,2547.7272727272725,0.7461634931025404,0.6590875561704519,R,0.1864406779661017,2026,Jake Bloss,AAA
814005,FF,23,94.3608695652174,16.87304347826087,-5.525217391304348,6.730434782608696,5.827826086956521,-1.6678260869565218,2408.0434782608695,-0.47595208614849166,-0.8773658886063559,R,0.3898305084745763,2026,Jake Bloss,AAA
814005,SI,12,94.10000000000001,15.409999999999998,-8.32,6.758333333333333,5.8125,-1.8233333333333333,2335.75,-0.5243015448039667,-0.847177801455422,R,0.2033898305084746,2026,Jake Bloss,AAA
814005,SL,13,85.4923076923077,0.7938461538461539,6.1753846153846155,6.7846153846153845,5.791538461538461,-1.7976923076923077,2515.153846153846,0.7785279520441493,-0.4655401153136768,R,0.22033898305084745,2026,Jake Bloss,AAA
814217,CU,22,79.35454545454546,-15.534545454545453,3.436363636363636,5.6045454545454545,6.495454545454546,-0.3509090909090909,2820.181818181818,0.3357080509714791,0.9344206948494297,R,0.18487394957983194,2026,Sam Gardner,AAA
814217,FC,34,86.37058823529412,4.602352941176471,4.291764705882353,5.752941176470588,6.378529411764706,-0.5529411764705883,2311.4411764705883,-0.0042829000589026415,-0.9465117531645726,R,0.2857142857142857,2026,Sam Gardner,AAA
814217,FF,63,93.5952380952381,18.82095238095238,-2.2723809523809524,5.9190476190476184,6.3776190476190475,-0.3061904761904762,2349.126984126984,-0.2755071490523123,-0.9575165969930252,R,0.5294117647058824,2026,Sam Gardner,AAA
814280,CH,13,86.88461538461539,0.3784615384615385,-8.566153846153846,6.5307692307692315,5.508461538461538,-1.9846153846153847,1351.3846153846155,-0.9091886858249291,-0.4091858417810667,R,0.14606741573033707,2026,Landon Tomkins,AAA
814280,FC,23,89.57391304347826,4.737391304347826,2.2852173913043474,6.5086956521739125,5.5660869565217395,-2.066086956521739,2301.3478260869565,-0.001433925063392054,-0.8759455766778793,R,0.25842696629213485,2026,Landon Tomkins,AAA
814280,SI,38,93.37894736842105,1.076842105263158,-7.818947368421052,6.536842105263158,5.511842105263158,-2.008421052631579,2058.184210526316,-0.7424003012262994,-0.6629352674126764,R,0.42696629213483145,2026,Landon Tomkins,AAA
814280,SL,15,83.94,3.584,9.672,6.526666666666667,5.568666666666667,-2.118,2567.6,0.9104812512185607,0.2317056436496152,R,0.16853932584269662,2026,Landon Tomkins,AAA
814305,FC,50,91.58,8.16,3.8975999999999997,7.06,6.138999999999999,-0.8744,2277.66,0.18310376335509837,-0.9615375039600464,R,0.2857142857142857,2026,Yunior Tur,AAA
814305,FF,78,95.72435897435898,15.381538461538462,0.28615384615384615,7.042307692307692,6.282051282051282,-0.5825641025641025,2075.871794871795,-0.1758037206099463,-0.9815013399274832,R,0.44571428571428573,2026,Yunior Tur,AAA
814305,FS,47,86.84042553191489,5.64,-7.108085106382978,7.12127659574468,6.089148936170213,-0.8263829787234044,697.2127659574468,-0.8745901073995825,-0.45788366295089294,R,0.26857142857142857,2026,Yunior Tur,AAA
814351,CH,38,84.83947368421053,4.96421052631579,-15.738947368421053,6.757894736842106,5.300789473684211,-2.8489473684210527,1845.1842105263158,-0.925624932928747,-0.2996831480064424,R,0.10644257703081232,2026,Lucas Braun,AAA
814351,CU,39,79.0,-8.91076923076923,11.403076923076924,6.705128205128205,5.573333333333333,-2.643076923076923,2265.4102564102564,0.7406711360464749,0.6472526761226292,R,0.1092436974789916,2026,Lucas Braun,AAA
814351,FC,70,88.25571428571428,6.701142857142857,2.412,6.782857142857143,5.440428571428571,-2.803142857142857,2247.9285714285716,-0.1414955039139443,-0.9168201890788964,R,0.19607843137254902,2026,Lucas Braun,AAA
814351,FF,57,92.69824561403509,14.410526315789474,-7.711578947368421,6.726315789473684,5.34,-2.8505263157894736,2231.9473684210525,-0.6781193892507726,-0.7294363819224823,R,0.15966386554621848,2026,Lucas Braun,AAA
814351,SI,81,91.59012345679012,9.183703703703703,-14.638518518518518,6.72625,5.294320987654321,-2.8982716049382713,2084.6202531645567,-0.6789685088243365,-0.673593725372412,R,0.226890756302521,2026,Lucas Braun,AAA
814351,SL,72,83.34166666666667,1.275,6.09,6.823611111111111,5.465416666666666,-2.806388888888889,2366.847222222222,0.9258711456554146,0.08349024087750857,R,0.20168067226890757,2026,Lucas Braun,AAA
814392,CH,47,80.76808510638298,2.5940425531914895,-7.406808510638298,6.895744680851064,5.97595744680851,-1.2329787234042553,745.2340425531914,0.9454766414760226,-0.31621401044621505,L,0.31125827814569534,2026,Xavier Rivas,AAA
814392,FF,52,90.59038461538461,17.543076923076924,-4.878461538461538,6.855769230769231,5.995,-1.2338461538461538,2165.8076923076924,0.450940932418787,-0.8901533710033344,L,0.3443708609271523,2026,Xavier Rivas,AAA
814392,SL,52,79.35961538461538,-0.08538461538461539,5.095384615384615,6.875,5.961730769230769,-1.3138461538461539,1976.173076923077,-0.72107093677949,0.6452920023797155,L,0.3443708609271523,2026,Xavier Rivas,AAA
814489,CU,19,81.51052631578948,-10.458947368421052,14.31157894736842,6.589473684210526,5.3968421052631586,-1.9126315789473687,2927.5789473684213,0.8513109533457207,0.44824279080802504,R,0.19387755102040816,2026,Brett Wichrowski,AAA
814489,FF,28,95.94642857142857,12.642857142857142,-5.897142857142858,6.735714285714286,5.296428571428572,-1.8939285714285714,2537.464285714286,-0.6743016735178679,-0.7171654047721308,R,0.2857142857142857,2026,Brett Wichrowski,AAA
814489,SI,34,95.37058823529412,4.03764705882353,-14.459999999999999,6.658823529411765,5.227058823529411,-2.1155882352941173,2468.8823529411766,-0.772770261874235,-0.6277612101222723,R,0.3469387755102041,2026,Brett Wichrowski,AAA
814489,SL,17,83.38235294117646,2.7952941176470585,12.621176470588235,6.635294117647058,5.04764705882353,-2.027058823529412,2598.176470588235,0.9172082089690957,0.3632434773778694,R,0.17346938775510204,2026,Brett Wichrowski,AAA
814490,CH,19,88.91578947368421,2.3810526315789473,-14.557894736842107,6.415789473684211,5.331052631578948,-3.3084210526315787,1601.3684210526317,-0.9162566801761783,-0.3968850631399191,R,0.09223300970873786,2026,Ethan Pecko,AAA
814490,CU,30,81.64666666666668,-12.916,6.691999999999999,6.38,5.534666666666666,-3.295666666666667,2662.1,0.5914625996665422,0.7542776750133512,R,0.14563106796116504,2026,Ethan Pecko,AAA
814490,FC,36,90.5611111111111,7.236666666666666,1.6033333333333333,6.411111111111111,5.451944444444445,-3.3333333333333335,2300.3055555555557,-0.2902669808004849,-0.9298797261839231,R,0.17475728155339806,2026,Ethan Pecko,AAA
814490,FF,59,94.61186440677967,12.862372881355933,-7.468474576271186,6.391525423728814,5.485254237288135,-3.3435593220338986,2260.0677966101694,-0.5992441996148263,-0.7948345140024149,R,0.28640776699029125,2026,Ethan Pecko,AAA
814490,SI,25,94.124,6.9072000000000005,-14.4672,6.364,5.4048,-3.2727999999999997,2259.36,-0.6185338077212775,-0.781390873544936,R,0.12135922330097088,2026,Ethan Pecko,AAA
814490,ST,37,83.39729729729729,2.3578378378378377,11.082162162162163,6.394594594594595,5.362972972972973,-3.363783783783784,2418.945945945946,0.8838723998977077,0.41264705028210485,R,0.1796116504854369,2026,Ethan Pecko,AAA
814783,FC,42,94.47619047619048,8.582857142857144,-2.5,6.6,5.6519047619047615,-2.306904761904762,2206.3809523809523,-0.61316849441866,-0.7774801379072455,R,0.42857142857142855,2026,Casey Anderson,AAA
814783,SI,18,96.67777777777778,6.62,-13.626666666666667,6.566666666666666,5.738333333333333,-2.1722222222222225,2134.4444444444443,-0.7138960087598496,-0.6961206171072899,R,0.1836734693877551,2026,Casey Anderson,AAA
814783,SL,38,85.99473684210527,2.0494736842105263,9.871578947368421,6.473684210526316,5.562368421052632,-2.407631578947368,2362.684210526316,0.8907570345241378,-0.0673445953390454,R,0.3877551020408163,2026,Casey Anderson,AAA
814803,CU,12,76.75833333333334,-9.38,9.680000000000001,6.3,5.725833333333333,-2.475,2379.8333333333335,0.5893758849159302,0.8062621995590269,R,0.3076923076923077,2026,Logan Martin,AAA
814803,FF,27,93.17407407407407,15.12888888888889,-8.08,6.262962962962963,5.961481481481481,-2.26962962962963,2126.846153846154,-0.5536569714953665,-0.8303573083320084,R,0.6923076923076923,2026,Logan Martin,AAA
814804,CU,15,77.37333333333332,-7.912000000000001,7.688000000000001,6.573333333333333,5.497333333333333,-1.3739999999999999,2432.4666666666667,0.7996198881050547,0.5735665202637,R,0.03722084367245657,2026,Grant Rogers,AAA
814804,FC,87,85.21494252873563,4.31448275862069,2.077241379310345,6.417241379310345,5.442298850574713,-1.1297701149425288,2312.0114942528735,-0.3949975825909904,-0.6431808504810175,R,0.21588089330024815,2026,Grant Rogers,AAA
814804,FF,25,93.256,10.8528,-10.219199999999999,6.416,5.509600000000001,-0.8288,2129.52,-0.8629312646840614,-0.4982278349134264,R,0.062034739454094295,2026,Grant Rogers,AAA
814804,FS,38,85.54473684210525,0.9031578947368422,-13.09578947368421,6.6078947368421055,5.258421052631578,-1.2705263157894737,1462.2368421052631,-0.9360666376824378,-0.32905110946795335,R,0.09429280397022333,2026,Grant Rogers,AAA
814804,SI,174,91.76551724137931,3.913793103448276,-16.720000000000002,6.439655172413793,5.490977011494253,-0.9375287356321839,2013.557471264368,-0.879581459595082,-0.4482888638749252,R,0.4317617866004963,2026,Grant Rogers,AAA
814804,SL,64,80.85625,1.880625,10.102500000000001,6.4828125,5.355,-1.38734375,2480.953125,0.8020163313993807,0.5684046286282722,R,0.1588089330024814,2026,Grant Rogers,AAA
815073,CH,17,82.95294117647059,4.877647058823529,-12.557647058823528,6.541176470588235,5.842352941176471,-1.9464705882352944,1401.7058823529412,-0.838452738657387,-0.5432809326973735,R,0.3090909090909091,2026,Ethan Bosacker,AAA
815073,FC,20,88.08,11.34,0.44399999999999995,6.615,5.932,-1.924,2237.4,-0.25696769522603374,-0.9124150605244269,R,0.36363636363636365,2026,Ethan Bosacker,AAA
815073,FF,18,91.14444444444445,14.986666666666666,-7.260000000000001,6.5777777777777775,6.0438888888888895,-1.7555555555555555,2149.222222222222,-0.5729226443929561,-0.8182471474414643,R,0.32727272727272727,2026,Ethan Bosacker,AAA
815081,FF,30,95.11999999999999,13.575999999999999,-10.216000000000001,6.29,5.4976666666666665,-1.976,2350.5,0.7226741814063111,-0.6873871013595946,L,0.6666666666666666,2026,Mark Manfredi,AAA
815081,SL,15,85.18666666666667,3.824,3.768,6.2,5.414666666666666,-2.122,2315.6,-0.05408573829713837,-0.7833795044267903,L,0.3333333333333333,2026,Mark Manfredi,AAA
815083,CH,17,78.58823529411765,-1.468235294117647,-13.044705882352941,6.547058823529412,6.078235294117647,-0.9317647058823529,1604.1176470588234,0.996511148094978,0.026645370068712787,L,0.21794871794871795,2026,Mitch Farris,AAA
815083,FF,43,91.74418604651163,15.214883720930233,-8.076279069767443,6.627906976744186,6.182558139534884,-0.7827906976744186,2092.0232558139537,0.5952096783679699,-0.8019906144897709,L,0.5512820512820513,2026,Mitch Farris,AAA
815083,SL,18,81.43333333333334,-4.693333333333333,2.5600000000000005,6.511111111111111,6.142222222222222,-0.9116666666666666,2394.222222222222,-0.7558852536323882,0.6360792094914419,L,0.23076923076923078,2026,Mitch Farris,AAA
815084,CH,20,88.08500000000001,4.314,-12.744,6.425,5.441,-1.871,1389.45,-0.7964197316876553,-0.5969132263775345,R,0.17543859649122806,2026,Ben Simon,AAA
815084,FF,44,96.50681818181819,16.344545454545454,-11.263636363636364,6.409090909090909,5.845,-1.5409090909090908,2438.2045454545455,-0.5563064940190862,-0.8262689087099081,R,0.38596491228070173,2026,Ben Simon,AAA
815084,SL,50,87.27,2.148,3.9336,6.327999999999999,5.542999999999999,-1.9362000000000001,2388.94,0.2777077635968181,-0.3599809652937114,R,0.43859649122807015,2026,Ben Simon,AAA
815148,CU,27,77.3851851851852,-16.448888888888888,4.573333333333333,5.95925925925926,6.796296296296297,-1.6185185185185187,2590.5555555555557,0.2690582998767645,0.9595558942373943,R,0.0743801652892562,2026,Nestor German,AAA
815148,FC,88,88.91477272727273,10.174090909090909,3.0013636363636365,6.006818181818182,6.644659090909091,-1.9635227272727271,2571.9772727272725,-0.15022736812466417,-0.959658478805204,R,0.24242424242424243,2026,Nestor German,AAA
815148,FF,148,93.23108108108109,18.89918918918919,-3.6429729729729727,6.019594594594595,6.740135135135135,-1.6729054054054053,2425.925675675676,-0.3438183063925623,-0.9348968716563043,R,0.40771349862258954,2026,Nestor German,AAA
815148,FS,55,82.63454545454545,5.775272727272727,-7.930909090909091,6.178181818181819,6.534,-1.9525454545454546,990.5090909090909,-0.6709099269775057,-0.713439247516799,R,0.15151515151515152,2026,Nestor German,AAA
815148,SL,45,80.99333333333333,-2.8880000000000003,7.213333333333334,6.051111111111111,6.570444444444445,-1.9208888888888889,2500.088888888889,0.6017324654604975,0.7316930766637791,R,0.12396694214876033,2026,Nestor German,AAA
815179,CH,31,86.44516129032259,1.7109677419354838,-15.468387096774192,5.941935483870967,5.474193548387096,-1.772258064516129,1377.258064516129,-0.9624154914157329,-0.23133302417436838,R,0.2605042016806723,2026,Christian Herberholz,AAA
815179,FC,21,86.86190476190475,6.491428571428571,2.3142857142857145,5.780952380952381,5.583333333333333,-1.8676190476190475,2025.952380952381,-0.5556536279266335,-0.8136245248014883,R,0.17647058823529413,2026,Christian Herberholz,AAA
815179,FF,19,92.10000000000001,14.046315789473685,-13.63578947368421,5.9526315789473685,5.631052631578948,-1.4605263157894737,2071.157894736842,-0.750601308228632,-0.6573424088290446,R,0.15966386554621848,2026,Christian Herberholz,AAA
815179,SI,31,92.05483870967741,13.083870967741936,-14.043870967741936,5.935483870967742,5.658387096774193,-1.6961290322580644,2034.4516129032259,-0.7528479359707295,-0.634571610634741,R,0.2605042016806723,2026,Christian Herberholz,AAA
815179,SL,17,85.3529411764706,4.96235294117647,3.36,5.7823529411764705,5.514705882352941,-1.7782352941176471,2002.4705882352941,-0.4233744731777434,-0.6192410220746959,R,0.14285714285714285,2026,Christian Herberholz,AAA
815454,FF,38,93.15789473684211,15.36,-7.582105263157895,7.063157894736841,5.863157894736842,-2.7689473684210526,2085.342105263158,-0.5645303071096797,-0.8230072369248355,R,0.37254901960784315,2026,Chris Kean,AAA
815454,FS,16,89.5875,4.3500000000000005,-11.790000000000001,7.025,5.885,-2.616875,1205.5,-0.6688732951464117,-0.7351479527923491,R,0.1568627450980392,2026,Chris Kean,AAA
815454,SL,10,88.17999999999999,8.219999999999999,2.664,6.99,5.757,-3.026,2117.8,-0.3329751000874267,-0.9295206661872791,R,0.09803921568627451,2026,Chris Kean,AAA
815454,ST,38,77.27631578947368,1.171578947368421,15.401052631578947,7.1078947368421055,5.698947368421052,-3.04,2417.2368421052633,0.8722189000847343,0.46222245068805173,R,0.37254901960784315,2026,Chris Kean,AAA
815590,FF,54,93.31481481481481,11.662222222222223,-8.98,6.296296296296297,4.685555555555556,-3.521851851851852,2320.8518518518517,-0.8431363507579365,-0.5324965701087458,R,0.627906976744186,2026,Ryan Lobus,AAA
815590,ST,32,81.140625,3.75,16.0875,6.20625,4.36625,-3.716875,2630.09375,0.9661421926201577,0.2453436966241305,R,0.37209302325581395,2026,Ryan Lobus,AAA
820862,FF,14,96.45714285714287,15.042857142857143,-7.602857142857142,6.300000000000001,6.134285714285714,-1.989285714285714,2255.230769230769,-0.5489767006804699,-0.8282821744547763,R,0.4117647058823529,2026,José Fermin,AAA
820862,SL,20,89.065,0.966,0.01800000000000005,6.075,6.236,-2.1585,2522.8,0.17128204095728727,-0.1788707148114836,R,0.5882352941176471,2026,José Fermin,AAA
822038,FF,88,96.06477272727274,18.3,-3.2536363636363634,6.034090909090909,6.325,-2.02,2512.3863636363635,-0.3322126203239977,-0.9378806617337638,R,0.6470588235294118,2026,Ryan Lambert,AAA
822038,SL,48,86.35625,-0.3474999999999999,5.5625,5.910416666666666,6.176041666666666,-2.4254166666666666,2588.7083333333335,0.7152042545811685,-0.12761892646525536,R,0.35294117647058826,2026,Ryan Lambert,AAA
822067,CH,23,79.1,0.271304347826087,-18.47478260869565,5.421739130434783,4.753913043478261,-0.9543478260869565,2263.3478260869565,-0.9965282490484332,0.06587892945831876,R,0.5897435897435898,2026,A.J. Causey,AAA
822067,SI,16,89.84375,0.675,-16.485,5.65625,4.938125,-1.09625,2306.5,-0.983640601236697,-0.17232331541865614,R,0.41025641025641024,2026,A.J. Causey,AAA
822412,CU,11,76.71818181818182,-4.483636363636363,9.447272727272727,6.709090909090909,5.166363636363636,-3.419090909090909,2225.2727272727275,0.7975656987633599,0.47468013132071807,R,0.07236842105263158,2026,Brett Sears,AAA
822412,FF,69,90.92173913043479,14.264347826086956,-10.043478260869565,6.857971014492754,5.052753623188406,-3.577826086956522,2386.942028985507,-0.7426715018034558,-0.6649452422911483,R,0.45394736842105265,2026,Brett Sears,AAA
822412,SI,20,89.35499999999999,6.876,-16.247999999999998,6.82,5.072,-3.5475000000000003,2312.95,-0.7992812785373481,-0.5958026099902657,R,0.13157894736842105,2026,Brett Sears,AAA
822412,SL,52,81.74038461538461,2.9192307692307695,5.023846153846154,6.81923076923077,5.052307692307693,-3.575,2375.923076923077,0.6641271866677507,-0.5840574447474668,R,0.34210526315789475,2026,Brett Sears,AAA
822483,FF,19,91.10000000000001,16.743157894736843,-4.427368421052631,6.594736842105263,5.95,-1.761578947368421,2068.4210526315787,-0.48539421762136625,-0.8718775459890197,R,0.6551724137931034,2026,Sean Matson,AAA
822483,SL,10,80.03,12.108,-5.76,6.57,5.942,-1.72,1600.4,-0.6179292606322344,-0.5880793561504319,R,0.3448275862068966,2026,Sean Matson,AAA
824028,CU,12,37.208333333333336,18.87,-6.800000000000001,3.9916666666666667,7.218333333333334,-0.3408333333333333,976.0833333333334,-0.46754919119372995,-0.8824036073845187,R,0.48,2026,Gage Miller,AAA
824028,SL,13,42.63076923076923,22.015384615384615,-7.836923076923076,4.138461538461538,7.100769230769231,-0.4407692307692308,1124.923076923077,-0.46884073424930406,-0.8817446364089878,R,0.52,2026,Gage Miller,AAA
824620,CH,35,88.46285714285713,-1.302857142857143,-9.86057142857143,6.408571428571429,4.83,-1.5322857142857143,1481.0,-0.9400818203343176,-0.29115074487661835,R,0.10703363914373089,2026,Tyson Hardin,AAA
824620,CU,14,83.57142857142857,-0.03428571428571427,7.1485714285714295,6.435714285714285,4.911428571428571,-1.5628571428571427,2133.4285714285716,0.25195362135763855,0.13406812827486525,R,0.04281345565749235,2026,Tyson Hardin,AAA
824620,FC,82,89.00487804878048,4.785365853658536,0.49463414634146347,6.35609756097561,4.934146341463415,-1.6347560975609758,2486.0853658536585,-0.1412912893828391,-0.7772702676427589,R,0.25076452599388377,2026,Tyson Hardin,AAA
824620,FF,94,93.70744680851064,13.432340425531915,-9.094468085106383,6.296808510638297,5.0470212765957445,-1.6005319148936168,2435.627659574468,-0.7141200560998197,-0.6960494021238955,R,0.2874617737003058,2026,Tyson Hardin,AAA
824620,SI,59,93.28983050847458,7.065762711864407,-15.44135593220339,6.362711864406779,4.891525423728814,-1.5891525423728814,2312.4406779661017,-0.7558256285907436,-0.6508064619258266,R,0.18042813455657492,2026,Tyson Hardin,AAA
824620,ST,43,81.67441860465117,0.6083720930232558,12.507906976744186,6.339534883720931,4.989767441860465,-1.5158139534883723,2436.5813953488373,0.8981863835899361,0.41838447922437405,R,0.13149847094801223,2026,Tyson Hardin,AAA
825576,CH,13,84.9923076923077,6.526153846153846,-11.206153846153846,6.123076923076923,5.30076923076923,-2.2123076923076925,1172.2307692307693,-0.9869486267907306,-0.14681264877263003,R,0.06701030927835051,2026,Brandt Thompson,AAA
825576,CU,27,81.9,-8.066666666666666,6.702222222222223,6.133333333333333,5.458148148148148,-2.0207407407407407,2196.3703703703704,0.5572864016459922,0.82497928928272,R,0.13917525773195877,2026,Brandt Thompson,AAA
825576,FC,49,88.10816326530613,7.817142857142858,2.8922448979591837,6.085714285714285,5.3277551020408165,-2.2328571428571427,2228.204081632653,-0.20028650607575418,-0.9493814798139746,R,0.25257731958762886,2026,Brandt Thompson,AAA
825576,FF,57,91.73859649122808,14.8,-4.943157894736842,6.154385964912281,5.416491228070176,-2.052456140350877,2102.8070175438597,-0.5822096108423208,-0.8101942488244096,R,0.29381443298969073,2026,Brandt Thompson,AAA
825576,SI,29,91.79310344827586,7.953103448275862,-14.664827586206895,6.144827586206896,5.323448275862069,-2.133103448275862,2002.8275862068965,-0.7217067972902945,-0.6894047358150356,R,0.14948453608247422,2026,Brandt Thompson,AAA
825576,SL,19,82.30526315789473,-1.3010526315789472,13.629473684210526,6.105263157894737,5.279999999999999,-2.23,2534.315789473684,0.7493600865978962,0.6468314634618048,R,0.0979381443298969,2026,Brandt Thompson,AAA
827292,CH,30,86.95666666666666,2.08,-11.776,6.663333333333333,5.040333333333334,-1.4876666666666667,1048.2758620689656,-0.9752295198887648,-0.1836767638499688,R,0.10309278350515463,2026,John Holobetz,AAA
827292,CU,38,81.02894736842104,-2.0147368421052634,5.267368421052631,6.560526315789474,5.226842105263158,-1.4047368421052633,2205.684210526316,0.957949090480279,0.19900103200449074,R,0.13058419243986255,2026,John Holobetz,AAA
827292,FC,36,86.58611111111111,6.8133333333333335,3.2766666666666664,6.6,5.120277777777778,-1.6669444444444443,2122.1111111111113,-0.17609944859702514,-0.9112823744913155,R,0.12371134020618557,2026,John Holobetz,AAA
827292,FF,155,94.97483870967743,15.47458064516129,-12.839225806451612,6.696129032258065,5.171548387096775,-1.5769032258064515,2388.883870967742,-0.7159210529177523,-0.6942165164377647,R,0.5326460481099656,2026,John Holobetz,AAA
827292,ST,32,82.775,7.2975,12.487499999999999,6.609375,5.164375,-1.7953125,2213.25,0.9180151191522653,-0.10130868998456963,R,0.10996563573883161,2026,John Holobetz,AAA
828353,CH,23,76.28260869565217,17.186086956521738,-3.36,6.28695652173913,6.328695652173913,-0.838695652173913,1448.0,-0.3937795645932001,-0.9160481253652669,R,0.5609756097560976,2026,Nate Garkow,AAA
828353,FF,18,87.33888888888889,20.42,-3.8533333333333335,6.15,6.382222222222222,-0.8233333333333334,2064.277777777778,-0.17241879716639413,-0.9834191676773943,R,0.43902439024390244,2026,Nate Garkow,AAA
829272,CH,10,79.11,7.0200000000000005,-15.095999999999998,5.9399999999999995,5.609,-1.403,1603.3,0.8876302426353607,-0.39490217942809835,L,0.2631578947368421,2026,Shinnosuke Ogasawara,AAA
829272,FF,15,89.56666666666666,16.856,-9.336,6.013333333333334,5.567333333333334,-1.3840000000000001,2333.5333333333333,0.6944563568818829,-0.6913185704782084,L,0.39473684210526316,2026,Shinnosuke Ogasawara,AAA
829272,SL,13,82.19999999999999,4.061538461538461,0.7938461538461539,5.946153846153846,5.564615384615385,-1.5923076923076922,2292.769230769231,0.2981238237661473,-0.13783891532230225,L,0.34210526315789475,2026,Shinnosuke Ogasawara,AAA
829338,FF,17,95.02352941176471,14.88,-12.31764705882353,6.258823529411765,5.705294117647059,-1.8152941176470587,2561.294117647059,-0.7440999299028347,-0.6658353305598009,R,1.0,2026,Dariel Fregio,AAA
829517,CH,17,84.2764705882353,7.221176470588236,-13.884705882352941,6.429411764705883,5.708235294117648,-1.2582352941176471,1782.0,-0.7100124472324515,-0.6998601334445238,R,0.23943661971830985,2026,Jake Dykhoff,AAA
829517,FF,29,90.47241379310344,14.259310344827586,-7.473103448275862,6.341379310344828,6.004827586206896,-0.9117241379310346,1991.4137931034484,-0.5129680340377899,-0.8477842174595522,R,0.4084507042253521,2026,Jake Dykhoff,AAA
829517,SL,25,82.656,7.7664,8.1312,6.172000000000001,5.892,-1.1828,2524.56,0.9486817674513436,-0.09006920555408778,R,0.352112676056338,2026,Jake Dykhoff,AAA
829524,FF,27,92.74814814814815,14.382222222222222,-5.395555555555556,6.451851851851852,5.26074074074074,-1.9388888888888889,2197.037037037037,0.5761639848534538,-0.8149798000146904,L,1.0,2026,Chase Jessee,AAA
835483,CH,21,85.32380952380952,7.497142857142857,-13.645714285714286,6.561904761904763,5.6657142857142855,-1.4195238095238096,1547.3809523809523,-0.6999655200832998,-0.7116853030612988,R,0.06501547987616099,2026,Brandon McPherson,AAA
835483,CU,29,79.03103448275863,-4.526896551724138,7.464827586206896,6.375862068965517,5.853793103448275,-1.2482758620689656,2332.896551724138,0.859451393475497,0.3632591411922937,R,0.08978328173374613,2026,Brandon McPherson,AAA
835483,FC,64,88.5609375,6.525,4.8975,6.284375,5.90109375,-1.30078125,2274.796875,0.18075469254557625,-0.9574774671164115,R,0.19814241486068113,2026,Brandon McPherson,AAA
835483,FF,122,95.02049180327869,14.940000000000001,-7.204918032786885,6.255737704918033,5.931475409836065,-1.2339344262295082,2082.4918032786886,-0.44353344367500547,-0.8920776023966892,R,0.37770897832817335,2026,Brandon McPherson,AAA
835483,SI,21,93.57142857142857,12.69142857142857,-12.708571428571428,6.3619047619047615,5.8533333333333335,-1.16,2034.142857142857,-0.5127944674171074,-0.847848306617198,R,0.06501547987616099,2026,Brandon McPherson,AAA
835483,SL,66,81.61969696969696,2.790909090909091,10.158181818181818,6.331818181818181,5.754242424242425,-1.4022727272727273,2462.560606060606,0.92566073301566,0.16780627780631865,R,0.2043343653250774,2026,Brandon McPherson,AAA
